request_num,total time
1,117.30017924308777
2,108.08630394935608
3,66.24758458137512
4,65.97867822647095
5,51.34406590461731
6,34.51635813713074
7,34.19542145729065
8,34.36336088180542
9,34.3440842628479
10,34.382243394851685
11,34.44091725349426
12,34.29956889152527
13,34.392290353775024
14,34.317081451416016
15,34.455347537994385
16,34.34654521942139
17,34.340901136398315
18,34.35283017158508
19,34.36560559272766
20,34.358622789382935
