request_idx,time
1,18.948387
2,45.416605
3,60.665058
4,90.827038
5,113.772744
6,130.708037
7,147.543439
8,164.579034
9,181.31391
10,216.384237
11,232.916074
12,249.548517
13,266.581367
14,283.615694
15,300.76137
16,326.614696
17,342.247034
18,358.480143
19,374.613359
20,391.247063
21,407.780754
22,424.714902
23,441.949581
24,458.282265
25,474.514879
26,491.147468
27,508.983546
28,526.317685
29,543.55243
30,561.488807
