request_idx,time
1,3.107209
2,1.903993
3,0.40078
4,2.105291
5,0.902182
6,0.401072
7,0.501222
8,0.601396
9,0.000311
10,0.000313
11,0.00031
12,0.000306
13,0.000289
14,0.000304
15,0.000314
16,0.000322
17,0.000291
18,0.00031
19,0.0003
20,0.000324
21,0.000299
22,0.000303
23,0.0003
24,0.00026
25,0.000301
26,0.0003
27,0.000291
28,0.000288
29,0.000294
30,0.000312
