[2026-06-02 06:34:31.116441] #Entity   SMACT        SMOCC        DRAMA        SMCLK        SMMAX        DVCCTR                      TAPCV                       
[2026-06-02 06:34:31.116510] ID                                                                                                                                 
[2026-06-02 06:34:31.267853] GPU 0     0.000        0.000        0.000        615          2100         1                           607288734274816             
[2026-06-02 06:34:31.326264] GPU 0     0.000        0.000        0.000        615          2100         1                           607288785131648             
[2026-06-02 06:34:31.378833] GPU 0     0.000        0.000        0.000        615          2100         1                           607288835918112             
[2026-06-02 06:34:31.431052] GPU 0     0.000        0.000        0.000        615          2100         1                           607288886840032             
[2026-06-02 06:34:31.483733] GPU 0     0.000        0.000        0.000        675          2100         1                           607288937905504             
[2026-06-02 06:34:31.536561] GPU 0     0.000        0.000        0.000        675          2100         1                           607288988504896             
[2026-06-02 06:34:31.589419] GPU 0     0.000        0.000        0.000        675          2100         1                           607289039085376             
[2026-06-02 06:34:31.642292] GPU 0     0.000        0.000        0.000        675          2100         1                           607289089676064             
[2026-06-02 06:34:31.695168] GPU 0     0.000        0.000        0.000        675          2100         1                           607289190869504             
[2026-06-02 06:34:31.747730] GPU 0     0.000        0.000        0.000        675          2100         1                           607289241473888             
[2026-06-02 06:34:31.800282] GPU 0     0.000        0.000        0.000        675          2100         1                           607289292066720             
[2026-06-02 06:34:31.852952] GPU 0     0.000        0.000        0.000        675          2100         1                           607289342624448             
[2026-06-02 06:34:31.905647] GPU 0     0.000        0.000        0.000        675          2100         1                           607289393248032             
[2026-06-02 06:34:31.958379] GPU 0     0.000        0.000        0.000        675          2100         1                           607289443904256             
[2026-06-02 06:34:32.010895] GPU 0     0.000        0.000        0.000        675          2100         1                           607289494630048             
[2026-06-02 06:34:32.061051] #Entity   SMACT        SMOCC        DRAMA        SMCLK        SMMAX        DVCCTR                      TAPCV                       
[2026-06-02 06:34:32.061199] ID                                                                                                                                 
[2026-06-02 06:34:32.063489] GPU 0     0.000        0.000        0.000        675          2100         1                           607289545327872             
[2026-06-02 06:34:32.116296] GPU 0     0.000        0.000        0.000        675          2100         1                           607289596064224             
[2026-06-02 06:34:32.169298] GPU 0     0.000        0.000        0.000        675          2100         1                           607289646761600             
[2026-06-02 06:34:32.222395] GPU 0     0.000        0.000        0.000        675          2100         1                           607289697714784             
[2026-06-02 06:34:32.274934] GPU 0     0.000        0.000        0.000        675          2100         1                           607289748372640             
[2026-06-02 06:34:32.327511] GPU 0     0.000        0.000        0.000        675          2100         1                           607289799054592             
[2026-06-02 06:34:32.379962] GPU 0     0.000        0.000        0.000        675          2100         1                           607289850425120             
[2026-06-02 06:34:32.432227] GPU 0     0.000        0.000        0.000        675          2100         1                           607289901157440             
[2026-06-02 06:34:32.484542] GPU 0     0.000        0.000        0.000        675          2100         1                           607289961545024             
[2026-06-02 06:34:32.536971] GPU 0     0.000        0.000        0.000        675          2100         1                           607290012132672             
[2026-06-02 06:34:32.590620] GPU 0     0.000        0.000        0.000        675          2100         1                           607290062749216             
[2026-06-02 06:34:32.643655] GPU 0     0.000        0.000        0.000        675          2100         1                           607290114578368             
[2026-06-02 06:34:32.697079] GPU 0     0.000        0.000        0.000        705          2100         1                           607290167634592             
[2026-06-02 06:34:32.749252] GPU 0     0.000        0.000        0.000        705          2100         1                           607290218324192             
[2026-06-02 06:34:32.799439] #Entity   SMACT        SMOCC        DRAMA        SMCLK        SMMAX        DVCCTR                      TAPCV                       
[2026-06-02 06:34:32.799579] ID                                                                                                                                 
[2026-06-02 06:34:32.802340] GPU 0     0.000        0.000        0.000        705          2100         1                           607290268928064             
[2026-06-02 06:34:32.854820] GPU 0     0.000        0.000        0.000        705          2100         1                           607290328509312             
[2026-06-02 06:34:32.907873] GPU 0     0.000        0.000        0.000        795          2100         1                           607290379109312             
[2026-06-02 06:34:32.960293] GPU 0     0.000        0.000        0.000        795          2100         1                           607290429673408             
[2026-06-02 06:34:33.013091] GPU 0     0.000        0.000        0.000        795          2100         1                           607290481386144             
[2026-06-02 06:34:33.065439] GPU 0     0.000        0.000        0.000        795          2100         1                           607290531941728             
[2026-06-02 06:34:33.121287] GPU 0     0.000        0.000        0.000        795          2100         1                           607290582457888             
[2026-06-02 06:34:33.176734] GPU 0     0.000        0.000        0.000        795          2100         1                           607290632996224             
[2026-06-02 06:34:33.229150] GPU 0     0.000        0.000        0.000        795          2100         1                           607290685794112             
[2026-06-02 06:34:33.281540] GPU 0     0.000        0.000        0.000        795          2100         1                           607290736539776             
[2026-06-02 06:34:33.333761] GPU 0     0.000        0.000        0.000        795          2100         1                           607290787093216             
[2026-06-02 06:34:33.385831] GPU 0     0.000        0.000        0.000        795          2100         1                           607290838143104             
[2026-06-02 06:34:33.437952] GPU 0     0.000        0.000        0.000        795          2100         1                           607290888662784             
[2026-06-02 06:34:33.490317] GPU 0     0.000        0.000        0.000        795          2100         1                           607290939328768             
[2026-06-02 06:34:33.540514] #Entity   SMACT        SMOCC        DRAMA        SMCLK        SMMAX        DVCCTR                      TAPCV                       
[2026-06-02 06:34:33.540647] ID                                                                                                                                 
[2026-06-02 06:34:33.542569] GPU 0     0.000        0.000        0.000        795          2100         1                           607290989884608             
[2026-06-02 06:34:33.595030] GPU 0     0.000        0.000        0.000        795          2100         1                           607291041748576             
[2026-06-02 06:34:33.647382] GPU 0     0.000        0.000        0.000        795          2100         1                           607291142913024             
[2026-06-02 06:34:33.699712] GPU 0     0.000        0.000        0.000        795          2100         1                           607291195391104             
[2026-06-02 06:34:33.751987] GPU 0     0.000        0.000        0.000        795          2100         1                           607291245968192             
[2026-06-02 06:34:33.804015] GPU 0     0.000        0.000        0.000        795          2100         1                           607291296474528             
[2026-06-02 06:34:33.856215] GPU 0     0.000        0.000        0.000        795          2100         1                           607291347038912             
[2026-06-02 06:34:33.908344] GPU 0     0.000        0.000        0.000        795          2100         1                           607291399064000             
[2026-06-02 06:34:33.960653] GPU 0     0.000        0.000        0.000        795          2100         1                           607291449676320             
[2026-06-02 06:34:34.012907] GPU 0     0.000        0.000        0.000        795          2100         1                           607291500208320             
[2026-06-02 06:34:34.065106] GPU 0     0.000        0.000        0.000        795          2100         1                           607291551461120             
[2026-06-02 06:34:34.117538] GPU 0     0.000        0.000        0.000        795          2100         1                           607291602000096             
[2026-06-02 06:34:34.170678] GPU 0     0.000        0.000        0.000        795          2100         1                           607291652487072             
[2026-06-02 06:34:34.223107] GPU 0     0.000        0.000        0.000        795          2100         1                           607291702997472             
[2026-06-02 06:34:34.273167] #Entity   SMACT        SMOCC        DRAMA        SMCLK        SMMAX        DVCCTR                      TAPCV                       
[2026-06-02 06:34:34.273297] ID                                                                                                                                 
[2026-06-02 06:34:34.275313] GPU 0     0.000        0.000        0.000        855          2100         1                           607291754488096             
[2026-06-02 06:34:34.327598] GPU 0     0.000        0.000        0.000        855          2100         1                           607291805069760             
[2026-06-02 06:34:34.380129] GPU 0     0.000        0.000        0.000        855          2100         1                           607291855609536             
[2026-06-02 06:34:34.432575] GPU 0     0.000        0.000        0.000        855          2100         1                           607291906256224             
[2026-06-02 06:34:34.484989] GPU 0     0.000        0.000        0.000        855          2100         1                           607291956755296             
[2026-06-02 06:34:34.537401] GPU 0     0.000        0.000        0.000        855          2100         1                           607292007255424             
[2026-06-02 06:34:34.589524] GPU 0     0.000        0.000        0.000        855          2100         1                           607292057759712             
[2026-06-02 06:34:34.641839] GPU 0     0.000        0.000        0.000        855          2100         1                           607292108310688             
[2026-06-02 06:34:34.694406] GPU 0     0.000        0.000        0.000        855          2100         1                           607292158886880             
[2026-06-02 06:34:34.746732] GPU 0     0.000        0.000        0.000        855          2100         1                           607292210317888             
[2026-06-02 06:34:34.799063] GPU 0     0.000        0.000        0.000        855          2100         1                           607292261786784             
[2026-06-02 06:34:34.856273] GPU 0     0.000        0.000        0.000        855          2100         1                           607292312420800             
[2026-06-02 06:34:34.908551] GPU 0     0.000        0.000        0.000        855          2100         1                           607292362984064             
[2026-06-02 06:34:34.960571] GPU 0     0.000        0.000        0.000        855          2100         1                           607292413502240             
[2026-06-02 06:34:35.010676] #Entity   SMACT        SMOCC        DRAMA        SMCLK        SMMAX        DVCCTR                      TAPCV                       
[2026-06-02 06:34:35.010816] ID                                                                                                                                 
[2026-06-02 06:34:35.013116] GPU 0     0.000        0.000        0.000        855          2100         1                           607292478029088             
[2026-06-02 06:34:35.065564] GPU 0     0.000        0.000        0.000        855          2100         1                           607292528731136             
[2026-06-02 06:34:35.117934] GPU 0     0.000        0.000        0.000        855          2100         1                           607292579444640             
[2026-06-02 06:34:35.170108] GPU 0     0.000        0.000        0.000        855          2100         1                           607292630762240             
[2026-06-02 06:34:35.222979] GPU 0     0.000        0.000        0.000        855          2100         1                           607292681253984             
[2026-06-02 06:34:35.275860] GPU 0     0.000        0.000        0.000        855          2100         1                           607292731739456             
[2026-06-02 06:34:35.328520] GPU 0     0.000        0.000        0.000        855          2100         1                           607292782306432             
[2026-06-02 06:34:35.381291] GPU 0     0.000        0.000        0.000        855          2100         1                           607292832830944             
[2026-06-02 06:34:35.434208] GPU 0     0.000        0.000        0.000        855          2100         1                           607292883373792             
[2026-06-02 06:34:35.486849] GPU 0     0.000        0.000        0.000        855          2100         1                           607292933919360             
[2026-06-02 06:34:35.539122] GPU 0     0.000        0.000        0.000        855          2100         1                           607292986370784             
[2026-06-02 06:34:35.591464] GPU 0     0.000        0.000        0.000        855          2100         1                           607293087703488             
[2026-06-02 06:34:35.644236] GPU 0     0.000        0.000        0.000        855          2100         1                           607293138196864             
[2026-06-02 06:34:35.697022] GPU 0     0.000        0.000        0.000        855          2100         1                           607293138196864             
[2026-06-02 06:34:35.747192] #Entity   SMACT        SMOCC        DRAMA        SMCLK        SMMAX        DVCCTR                      TAPCV                       
[2026-06-02 06:34:35.747335] ID                                                                                                                                 
[2026-06-02 06:34:35.750051] GPU 0     0.000        0.000        0.000        855          2100         1                           607293198935200             
[2026-06-02 06:34:35.802756] GPU 0     0.000        0.000        0.000        855          2100         1                           607293249548224             
[2026-06-02 06:34:35.855557] GPU 0     0.000        0.000        0.000        855          2100         1                           607293351540704             
[2026-06-02 06:34:35.908263] GPU 0     0.000        0.000        0.000        855          2100         1                           607293402168544             
[2026-06-02 06:34:35.961214] GPU 0     0.000        0.000        0.000        855          2100         1                           607293452712256             
[2026-06-02 06:34:36.014135] GPU 0     0.000        0.000        0.000        855          2100         1                           607293503258112             
[2026-06-02 06:34:36.066888] GPU 0     0.000        0.000        0.000        855          2100         1                           607293553754080             
[2026-06-02 06:34:36.119579] GPU 0     0.000        0.000        0.000        945          2100         1                           607293604420960             
[2026-06-02 06:34:36.172388] GPU 0     0.000        0.000        0.000        945          2100         1                           607293654949088             
[2026-06-02 06:34:36.225169] GPU 0     0.000        0.000        0.000        945          2100         1                           607293705787168             
[2026-06-02 06:34:36.278838] GPU 0     0.000        0.000        0.000        945          2100         1                           607293756304736             
[2026-06-02 06:34:36.331679] GPU 0     0.000        0.000        0.000        945          2100         1                           607293806831264             
[2026-06-02 06:34:36.388360] GPU 0     0.000        0.000        0.000        945          2100         1                           607293857335936             
[2026-06-02 06:34:36.440267] GPU 0     0.000        0.000        0.000        945          2100         1                           607293907800960             
[2026-06-02 06:34:36.490388] #Entity   SMACT        SMOCC        DRAMA        SMCLK        SMMAX        DVCCTR                      TAPCV                       
[2026-06-02 06:34:36.490449] ID                                                                                                                                 
[2026-06-02 06:34:36.492622] GPU 0     0.000        0.000        0.000        945          2100         1                           607293958301312             
[2026-06-02 06:34:36.545375] GPU 0     0.000        0.000        0.000        945          2100         1                           607294008824160             
[2026-06-02 06:34:36.598308] GPU 0     0.000        0.000        0.000        945          2100         1                           607294059334368             
[2026-06-02 06:34:36.650893] GPU 0     0.000        0.000        0.000        945          2100         1                           607294109853568             
[2026-06-02 06:34:36.703789] GPU 0     0.000        0.000        0.000        945          2100         1                           607294160372512             
[2026-06-02 06:34:36.756607] GPU 0     0.000        0.000        0.000        945          2100         1                           607294210934912             
[2026-06-02 06:34:36.809326] GPU 0     0.000        0.000        0.000        945          2100         1                           607294274373984             
[2026-06-02 06:34:36.862138] GPU 0     0.000        0.000        0.000        945          2100         1                           607294324978656             
[2026-06-02 06:34:36.915092] GPU 0     0.000        0.000        0.000        945          2100         1                           607294375666496             
[2026-06-02 06:34:36.967815] GPU 0     0.000        0.000        0.000        945          2100         1                           607294426901984             
[2026-06-02 06:34:37.020721] GPU 0     0.000        0.000        0.000        945          2100         1                           607294477507840             
[2026-06-02 06:34:37.073538] GPU 0     0.000        0.000        0.000        945          2100         1                           607294528035456             
[2026-06-02 06:34:37.131982] GPU 0     0.000        0.000        0.000        945          2100         1                           607294578571456             
[2026-06-02 06:34:37.184872] GPU 0     0.000        0.000        0.000        945          2100         1                           607294679612512             
[2026-06-02 06:34:37.235050] #Entity   SMACT        SMOCC        DRAMA        SMCLK        SMMAX        DVCCTR                      TAPCV                       
[2026-06-02 06:34:37.235185] ID                                                                                                                                 
[2026-06-02 06:34:37.237728] GPU 0     0.000        0.000        0.000        945          2100         1                           607294730261312             
[2026-06-02 06:34:37.290459] GPU 0     0.000        0.000        0.000        945          2100         1                           607294781071776             
[2026-06-02 06:34:37.343473] GPU 0     0.000        0.000        0.000        945          2100         1                           607294831560064             
[2026-06-02 06:34:37.396292] GPU 0     0.000        0.000        0.000        945          2100         1                           607294882024288             
[2026-06-02 06:34:37.449013] GPU 0     0.000        0.000        0.000        945          2100         1                           607294932531200             
[2026-06-02 06:34:37.501852] GPU 0     0.000        0.000        0.000        945          2100         1                           607294991912032             
[2026-06-02 06:34:37.554672] GPU 0     0.000        0.000        0.000        945          2100         1                           607295042485792             
[2026-06-02 06:34:37.607386] GPU 0     0.000        0.000        0.000        945          2100         1                           607295093203200             
[2026-06-02 06:34:37.660201] GPU 0     0.000        0.000        0.000        945          2100         1                           607295144387168             
[2026-06-02 06:34:37.712935] GPU 0     0.000        0.000        0.000        945          2100         1                           607295194825696             
[2026-06-02 06:34:37.765800] GPU 0     0.000        0.000        0.000        945          2100         1                           607295245380736             
[2026-06-02 06:34:37.818616] GPU 0     0.000        0.000        0.000        945          2100         1                           607295295869952             
[2026-06-02 06:34:37.871550] GPU 0     0.000        0.000        0.000        945          2100         1                           607295346364416             
[2026-06-02 06:34:37.924159] GPU 0     0.000        0.000        0.000        915          2100         1                           607295396879104             
[2026-06-02 06:34:37.974297] #Entity   SMACT        SMOCC        DRAMA        SMCLK        SMMAX        DVCCTR                      TAPCV                       
[2026-06-02 06:34:37.974441] ID                                                                                                                                 
[2026-06-02 06:34:37.976910] GPU 0     0.000        0.000        0.000        915          2100         1                           607295447378880             
[2026-06-02 06:34:38.029548] GPU 0     0.000        0.000        0.000        915          2100         1                           607295501575136             
[2026-06-02 06:34:38.082918] GPU 0     0.000        0.000        0.000        915          2100         1                           607295552150976             
[2026-06-02 06:34:38.135674] GPU 0     0.000        0.000        0.000        885          2100         1                           607295602747200             
[2026-06-02 06:34:38.188589] GPU 0     0.000        0.000        0.000        885          2100         1                           607295653272960             
[2026-06-02 06:34:38.241265] GPU 0     0.000        0.000        0.000        885          2100         1                           607295717055104             
[2026-06-02 06:34:38.294176] GPU 0     0.000        0.000        0.000        885          2100         1                           607295767681408             
[2026-06-02 06:34:38.346874] GPU 0     0.000        0.000        0.000        885          2100         1                           607295818253952             
[2026-06-02 06:34:38.399819] GPU 0     0.000        0.000        0.000        885          2100         1                           607295869339488             
[2026-06-02 06:34:38.452509] GPU 0     0.000        0.000        0.000        885          2100         1                           607295919836448             
[2026-06-02 06:34:38.504943] GPU 0     0.000        0.000        0.000        885          2100         1                           607295970318144             
[2026-06-02 06:34:38.556949] GPU 0     0.000        0.000        0.000        855          2100         1                           607296020848544             
[2026-06-02 06:34:38.609752] GPU 0     0.000        0.000        0.000        855          2100         1                           607296071345504             
[2026-06-02 06:34:38.662416] GPU 0     0.000        0.000        0.000        855          2100         1                           607296121900608             
[2026-06-02 06:34:38.712589] #Entity   SMACT        SMOCC        DRAMA        SMCLK        SMMAX        DVCCTR                      TAPCV                       
[2026-06-02 06:34:38.712710] ID                                                                                                                                 
[2026-06-02 06:34:38.715110] GPU 0     0.000        0.000        0.000        855          2100         1                           607296172409152             
[2026-06-02 06:34:38.767815] GPU 0     0.000        0.000        0.000        855          2100         1                           607296224861120             
[2026-06-02 06:34:38.820661] GPU 0     0.000        0.000        0.000        855          2100         1                           607296275514752             
[2026-06-02 06:34:38.873239] GPU 0     0.000        0.000        0.000        855          2100         1                           607296326108480             
[2026-06-02 06:34:38.926217] GPU 0     0.000        0.000        0.000        855          2100         1                           607296376633248             
[2026-06-02 06:34:38.979035] GPU 0     0.000        0.000        0.000        855          2100         1                           607296427537120             
[2026-06-02 06:34:39.032034] GPU 0     0.000        0.000        0.000        855          2100         1                           607296478212960             
[2026-06-02 06:34:39.085036] GPU 0     0.000        0.000        0.000        855          2100         1                           607296579243680             
[2026-06-02 06:34:39.137339] GPU 0     0.000        0.000        0.000        855          2100         1                           607296579243680             
[2026-06-02 06:34:39.190057] GPU 0     0.000        0.000        0.000        855          2100         1                           607296642102560             
[2026-06-02 06:34:39.243065] GPU 0     0.000        0.000        0.000        855          2100         1                           607296692784096             
[2026-06-02 06:34:39.295828] GPU 0     0.000        0.000        0.000        855          2100         1                           607296743424288             
[2026-06-02 06:34:39.348697] GPU 0     0.000        0.000        0.000        855          2100         1                           607296794990048             
[2026-06-02 06:34:39.401275] GPU 0     0.000        0.000        0.000        825          2100         1                           607296896079744             
[2026-06-02 06:34:39.451454] #Entity   SMACT        SMOCC        DRAMA        SMCLK        SMMAX        DVCCTR                      TAPCV                       
[2026-06-02 06:34:39.451593] ID                                                                                                                                 
[2026-06-02 06:34:39.458390] GPU 0     0.000        0.000        0.000        825          2100         1                           607296946704544             
[2026-06-02 06:34:39.512590] GPU 0     0.000        0.000        0.000        825          2100         1                           607296998775328             
[2026-06-02 06:34:39.565388] GPU 0     0.000        0.000        0.000        825          2100         1                           607297049419776             
[2026-06-02 06:34:39.618093] GPU 0     0.000        0.000        0.000        825          2100         1                           607297099930368             
[2026-06-02 06:34:39.670949] GPU 0     0.000        0.000        0.000        825          2100         1                           607297150589728             
[2026-06-02 06:34:39.723519] GPU 0     0.000        0.000        0.000        825          2100         1                           607297201125408             
[2026-06-02 06:34:39.776083] GPU 0     0.000        0.000        0.000        825          2100         1                           607297251838592             
[2026-06-02 06:34:39.829096] GPU 0     0.000        0.000        0.000        825          2100         1                           607297302338144             
[2026-06-02 06:34:39.882190] GPU 0     0.000        0.000        0.000        825          2100         1                           607297352996192             
[2026-06-02 06:34:39.935152] GPU 0     0.000        0.000        0.000        825          2100         1                           607297421114336             
[2026-06-02 06:34:39.988724] GPU 0     0.000        0.000        0.000        825          2100         1                           607297471814880             
[2026-06-02 06:34:40.042285] GPU 0     0.000        0.000        0.000        825          2100         1                           607297522991552             
[2026-06-02 06:34:40.095749] GPU 0     0.000        0.000        0.000        825          2100         1                           607297573644448             
[2026-06-02 06:34:40.149512] GPU 0     0.000        0.000        0.000        825          2100         1                           607297624152128             
[2026-06-02 06:34:40.199601] #Entity   SMACT        SMOCC        DRAMA        SMCLK        SMMAX        DVCCTR                      TAPCV                       
[2026-06-02 06:34:40.199755] ID                                                                                                                                 
[2026-06-02 06:34:40.203308] GPU 0     0.000        0.000        0.000        825          2100         1                           607297674674880             
[2026-06-02 06:34:40.256871] GPU 0     0.000        0.000        0.000        825          2100         1                           607297725235584             
[2026-06-02 06:34:40.310450] GPU 0     0.000        0.000        0.000        825          2100         1                           607297775878912             
[2026-06-02 06:34:40.364157] GPU 0     0.000        0.000        0.000        855          2100         1                           607297826516800             
[2026-06-02 06:34:40.417474] GPU 0     0.000        0.000        0.000        855          2100         1                           607297877336064             
[2026-06-02 06:34:40.470868] GPU 0     0.000        0.000        0.000        855          2100         1                           607297928938624             
[2026-06-02 06:34:40.524579] GPU 0     0.000        0.000        0.000        855          2100         1                           607297979569792             
[2026-06-02 06:34:40.578406] GPU 0     0.000        0.000        0.000        855          2100         1                           607298030108448             
[2026-06-02 06:34:40.631610] GPU 0     0.000        0.000        0.000        855          2100         1                           607298080754432             
[2026-06-02 06:34:40.685224] GPU 0     0.000        0.000        0.000        855          2100         1                           607298131308704             
[2026-06-02 06:34:40.738951] GPU 0     0.000        0.000        0.000        855          2100         1                           607298232573216             
[2026-06-02 06:34:40.792376] GPU 0     0.000        0.000        0.000        855          2100         1                           607298284118912             
[2026-06-02 06:34:40.846027] GPU 0     0.000        0.000        0.000        855          2100         1                           607298334757664             
[2026-06-02 06:34:40.899972] GPU 0     0.000        0.000        0.000        855          2100         1                           607298385259424             
[2026-06-02 06:34:40.950167] #Entity   SMACT        SMOCC        DRAMA        SMCLK        SMMAX        DVCCTR                      TAPCV                       
[2026-06-02 06:34:40.950327] ID                                                                                                                                 
[2026-06-02 06:34:40.953593] GPU 0     0.000        0.000        0.000        855          2100         1                           607298435798624             
[2026-06-02 06:34:41.006946] GPU 0     0.000        0.000        0.000        855          2100         1                           607298500742304             
[2026-06-02 06:34:41.059843] GPU 0     0.000        0.000        0.000        855          2100         1                           607298551339872             
[2026-06-02 06:34:41.112810] GPU 0     0.000        0.000        0.000        855          2100         1                           607298601914304             
[2026-06-02 06:34:41.165925] GPU 0     0.000        0.000        0.000        855          2100         1                           607298653351200             
[2026-06-02 06:34:41.219429] GPU 0     0.000        0.000        0.000        855          2100         1                           607298703906752             
[2026-06-02 06:34:41.273050] GPU 0     0.000        0.000        0.000        855          2100         1                           607298754436256             
[2026-06-02 06:34:41.326674] GPU 0     0.000        0.000        0.000        855          2100         1                           607298804994336             
[2026-06-02 06:34:41.380383] GPU 0     0.000        0.000        0.000        855          2100         1                           607298855541152             
[2026-06-02 06:34:41.433943] GPU 0     0.000        0.000        0.000        855          2100         1                           607298906037472             
[2026-06-02 06:34:41.487508] GPU 0     0.000        0.000        0.000        855          2100         1                           607298956690752             
[2026-06-02 06:34:41.541139] GPU 0     0.000        0.000        0.000        855          2100         1                           607299008018880             
[2026-06-02 06:34:41.594731] GPU 0     0.000        0.000        0.000        855          2100         1                           607299058534016             
[2026-06-02 06:34:41.648487] GPU 0     0.000        0.000        0.000        855          2100         1                           607299109173344             
[2026-06-02 06:34:41.698655] #Entity   SMACT        SMOCC        DRAMA        SMCLK        SMMAX        DVCCTR                      TAPCV                       
[2026-06-02 06:34:41.698782] ID                                                                                                                                 
[2026-06-02 06:34:41.701795] GPU 0     0.000        0.000        0.000        855          2100         1                           607299159729632             
[2026-06-02 06:34:41.755446] GPU 0     0.000        0.000        0.000        855          2100         1                           607299210400320             
[2026-06-02 06:34:41.809069] GPU 0     0.000        0.000        0.000        945          2100         1                           607299260998016             
[2026-06-02 06:34:41.862640] GPU 0     0.000        0.000        0.000        945          2100         1                           607299311709728             
[2026-06-02 06:34:41.916222] GPU 0     0.000        0.000        0.000        945          2100         1                           607299362190624             
[2026-06-02 06:34:41.969065] GPU 0     0.000        0.000        0.000        945          2100         1                           607299463291040             
[2026-06-02 06:34:42.022725] GPU 0     0.000        0.000        0.000        945          2100         1                           607299513995264             
[2026-06-02 06:34:42.076430] GPU 0     0.000        0.000        0.000        945          2100         1                           607299564456736             
[2026-06-02 06:34:42.130111] GPU 0     0.000        0.000        0.000        945          2100         1                           607299614973696             
[2026-06-02 06:34:42.183248] GPU 0     0.000        0.000        0.000        945          2100         1                           607299665432608             
[2026-06-02 06:34:42.236223] GPU 0     0.000        0.000        0.000        945          2100         1                           607299731035040             
[2026-06-02 06:34:42.289228] GPU 0     0.000        0.000        0.000        945          2100         1                           607299781663424             
[2026-06-02 06:34:42.342220] GPU 0     0.000        0.000        0.000        945          2100         1                           607299832181952             
[2026-06-02 06:34:42.395330] GPU 0     0.000        0.000        0.000        945          2100         1                           607299883323968             
[2026-06-02 06:34:42.445385] #Entity   SMACT        SMOCC        DRAMA        SMCLK        SMMAX        DVCCTR                      TAPCV                       
[2026-06-02 06:34:42.445539] ID                                                                                                                                 
[2026-06-02 06:34:42.448695] GPU 0     0.000        0.000        0.000        945          2100         1                           607299933818112             
[2026-06-02 06:34:42.502545] GPU 0     0.000        0.000        0.000        945          2100         1                           607299984326432             
[2026-06-02 06:34:42.556285] GPU 0     0.000        0.000        0.000        945          2100         1                           607300034860096             
[2026-06-02 06:34:42.609814] GPU 0     0.000        0.000        0.000        945          2100         1                           607300085342464             
[2026-06-02 06:34:42.663004] GPU 0     0.000        0.000        0.000        945          2100         1                           607300136259680             
[2026-06-02 06:34:42.716645] GPU 0     0.000        0.000        0.000        945          2100         1                           607300186725216             
[2026-06-02 06:34:42.770235] GPU 0     0.000        0.000        0.000        945          2100         1                           607300255138176             
[2026-06-02 06:34:42.823868] GPU 0     0.000        0.000        0.000        945          2100         1                           607300305732320             
[2026-06-02 06:34:42.877454] GPU 0     0.000        0.000        0.000        945          2100         1                           607300356218912             
[2026-06-02 06:34:42.930805] GPU 0     0.000        0.000        0.000        945          2100         1                           607300407930784             
[2026-06-02 06:34:42.984307] GPU 0     0.000        0.000        0.000        945          2100         1                           607300458423968             
[2026-06-02 06:34:43.037903] GPU 0     0.000        0.000        0.000        945          2100         1                           607300509014432             
[2026-06-02 06:34:43.091514] GPU 0     0.000        0.000        0.000        945          2100         1                           607300559575680             
[2026-06-02 06:34:43.145256] GPU 0     0.000        0.000        0.000        945          2100         1                           607300610103424             
[2026-06-02 06:34:43.195383] #Entity   SMACT        SMOCC        DRAMA        SMCLK        SMMAX        DVCCTR                      TAPCV                       
[2026-06-02 06:34:43.195543] ID                                                                                                                                 
[2026-06-02 06:34:43.198997] GPU 0     0.000        0.000        0.000        945          2100         1                           607300660603680             
[2026-06-02 06:34:43.252823] GPU 0     0.000        0.000        0.000        945          2100         1                           607300711091456             
[2026-06-02 06:34:43.306682] GPU 0     0.000        0.000        0.000        945          2100         1                           607300761546496             
[2026-06-02 06:34:43.360577] GPU 0     0.000        0.000        0.000        945          2100         1                           607300812161344             
[2026-06-02 06:34:43.414257] GPU 0     0.000        0.000        0.000        945          2100         1                           607300862703264             
[2026-06-02 06:34:43.467470] GPU 0     0.000        0.000        0.000        945          2100         1                           607300913276480             
[2026-06-02 06:34:43.521098] GPU 0     0.000        0.000        0.000        945          2100         1                           607300972857056             
[2026-06-02 06:34:43.574803] GPU 0     0.000        0.000        0.000        945          2100         1                           607301023496864             
[2026-06-02 06:34:43.628152] GPU 0     0.000        0.000        0.000        885          2100         1                           607301074149248             
[2026-06-02 06:34:43.681939] GPU 0     0.000        0.000        0.000        885          2100         1                           607301176362400             
[2026-06-02 06:34:43.735768] GPU 0     0.000        0.000        0.000        885          2100         1                           607301227632192             
[2026-06-02 06:34:43.789478] GPU 0     0.000        0.000        0.000        885          2100         1                           607301278179616             
[2026-06-02 06:34:43.843343] GPU 0     0.000        0.000        0.000        885          2100         1                           607301328789472             
[2026-06-02 06:34:43.896838] GPU 0     0.000        0.000        0.000        885          2100         1                           607301379318272             
[2026-06-02 06:34:43.946989] #Entity   SMACT        SMOCC        DRAMA        SMCLK        SMMAX        DVCCTR                      TAPCV                       
[2026-06-02 06:34:43.947160] ID                                                                                                                                 
[2026-06-02 06:34:43.950757] GPU 0     0.000        0.000        0.000        885          2100         1                           607301429933664             
[2026-06-02 06:34:44.004447] GPU 0     0.000        0.000        0.000        885          2100         1                           607301481364800             
[2026-06-02 06:34:44.057399] GPU 0     0.000        0.000        0.000        855          2100         1                           607301531961280             
[2026-06-02 06:34:44.110726] GPU 0     0.000        0.000        0.000        855          2100         1                           607301582462080             
[2026-06-02 06:34:44.164366] GPU 0     0.000        0.000        0.000        855          2100         1                           607301632940768             
[2026-06-02 06:34:44.218145] GPU 0     0.000        0.000        0.000        855          2100         1                           607301699433344             
[2026-06-02 06:34:44.271466] GPU 0     0.000        0.000        0.000        855          2100         1                           607301750082752             
[2026-06-02 06:34:44.325230] GPU 0     0.000        0.000        0.000        855          2100         1                           607301800739072             
[2026-06-02 06:34:44.378915] GPU 0     0.000        0.000        0.000        855          2100         1                           607301852551168             
[2026-06-02 06:34:44.432150] GPU 0     0.000        0.000        0.000        855          2100         1                           607301903160384             
[2026-06-02 06:34:44.485475] GPU 0     0.000        0.000        0.000        855          2100         1                           607301953653408             
[2026-06-02 06:34:44.538600] GPU 0     0.000        0.000        0.000        855          2100         1                           607302004240672             
[2026-06-02 06:34:44.591480] GPU 0     0.000        0.000        0.000        915          2100         1                           607302054896000             
[2026-06-02 06:34:44.644686] GPU 0     0.000        0.000        0.000        915          2100         1                           607302105430912             
[2026-06-02 06:34:44.694871] #Entity   SMACT        SMOCC        DRAMA        SMCLK        SMMAX        DVCCTR                      TAPCV                       
[2026-06-02 06:34:44.695015] ID                                                                                                                                 
[2026-06-02 06:34:44.697980] GPU 0     0.000        0.000        0.000        915          2100         1                           607302155956096             
[2026-06-02 06:34:44.751228] GPU 0     0.000        0.000        0.000        915          2100         1                           607302206642688             
[2026-06-02 06:34:44.804584] GPU 0     0.000        0.000        0.000        915          2100         1                           607302257232224             
[2026-06-02 06:34:44.857999] GPU 0     0.000        0.000        0.000        915          2100         1                           607302307719648             
[2026-06-02 06:34:44.911555] GPU 0     0.000        0.000        0.000        915          2100         1                           607302358283808             
[2026-06-02 06:34:44.965143] GPU 0     0.000        0.000        0.000        915          2100         1                           607302459564992             
[2026-06-02 06:34:45.018730] GPU 0     0.000        0.000        0.000        915          2100         1                           607302510176800             
[2026-06-02 06:34:45.072382] GPU 0     0.000        0.000        0.000        915          2100         1                           607302562239072             
[2026-06-02 06:34:45.126084] GPU 0     0.000        0.000        0.000        915          2100         1                           607302612732224             
[2026-06-02 06:34:45.179317] GPU 0     0.000        0.000        0.000        915          2100         1                           607302663258368             
[2026-06-02 06:34:45.232015] GPU 0     0.000        0.000        0.000        915          2100         1                           607302713785920             
[2026-06-02 06:34:45.285631] GPU 0     0.000        0.000        0.000        915          2100         1                           607302764342976             
[2026-06-02 06:34:45.339188] GPU 0     0.000        0.000        0.000        915          2100         1                           607302814921472             
[2026-06-02 06:34:45.392461] GPU 0     0.000        0.000        0.000        915          2100         1                           607302865448032             
[2026-06-02 06:34:45.442589] #Entity   SMACT        SMOCC        DRAMA        SMCLK        SMMAX        DVCCTR                      TAPCV                       
[2026-06-02 06:34:45.442754] ID                                                                                                                                 
[2026-06-02 06:34:45.445236] GPU 0     0.000        0.000        0.000        915          2100         1                           607302931661120             
[2026-06-02 06:34:45.498176] GPU 0     0.000        0.000        0.000        915          2100         1                           607302982240832             
[2026-06-02 06:34:45.551088] GPU 0     0.000        0.000        0.000        915          2100         1                           607303032779520             
[2026-06-02 06:34:45.603864] GPU 0     0.000        0.000        0.000        915          2100         1                           607303084146752             
[2026-06-02 06:34:45.656698] GPU 0     0.000        0.000        0.000        915          2100         1                           607303134628128             
[2026-06-02 06:34:45.709182] GPU 0     0.000        0.000        0.000        915          2100         1                           607303185282016             
[2026-06-02 06:34:45.761683] GPU 0     0.000        0.000        0.000        915          2100         1                           607303235774144             
[2026-06-02 06:34:45.814202] GPU 0     0.000        0.000        0.000        915          2100         1                           607303286540736             
[2026-06-02 06:34:45.866679] GPU 0     0.000        0.000        0.000        915          2100         1                           607303337048960             
[2026-06-02 06:34:45.919496] GPU 0     0.000        0.000        0.000        915          2100         1                           607303387883744             
[2026-06-02 06:34:45.973466] GPU 0     0.000        0.000        0.000        915          2100         1                           607303438546304             
[2026-06-02 06:34:46.026354] GPU 0     0.000        0.000        0.000        915          2100         1                           607303489244640             
[2026-06-02 06:34:46.078250] GPU 0     0.000        0.000        0.000        915          2100         1                           607303539756608             
[2026-06-02 06:34:46.130648] GPU 0     0.000        0.000        0.000        915          2100         1                           607303590244608             
[2026-06-02 06:34:46.180790] #Entity   SMACT        SMOCC        DRAMA        SMCLK        SMMAX        DVCCTR                      TAPCV                       
[2026-06-02 06:34:46.181996] ID                                                                                                                                 
[2026-06-02 06:34:46.183251] GPU 0     0.000        0.000        0.000        915          2100         1                           607303647968352             
[2026-06-02 06:34:46.236389] GPU 0     0.000        0.000        0.000        915          2100         1                           607303698608096             
[2026-06-02 06:34:46.289418] GPU 0     0.000        0.000        0.000        915          2100         1                           607303749286304             
[2026-06-02 06:34:46.342143] GPU 0     0.000        0.000        0.000        915          2100         1                           607303800645760             
[2026-06-02 06:34:46.395029] GPU 0     0.000        0.000        0.000        915          2100         1                           607303851360768             
[2026-06-02 06:34:46.447963] GPU 0     0.000        0.000        0.000        855          2100         1                           607303901978848             
[2026-06-02 06:34:46.500887] GPU 0     0.000        0.000        0.000        855          2100         1                           607303952593024             
[2026-06-02 06:34:46.553614] GPU 0     0.000        0.000        0.000        855          2100         1                           607304004058304             
[2026-06-02 06:34:46.606539] GPU 0     0.000        0.000        0.000        855          2100         1                           607304054617600             
[2026-06-02 06:34:46.659489] GPU 0     0.000        0.000        0.000        855          2100         1                           607304105225632             
[2026-06-02 06:34:46.712389] GPU 0     0.000        0.000        0.000        855          2100         1                           607304207034528             
[2026-06-02 06:34:46.765362] GPU 0     0.000        0.000        0.000        855          2100         1                           607304257569952             
[2026-06-02 06:34:46.818437] GPU 0     0.000        0.000        0.000        855          2100         1                           607304308113216             
[2026-06-02 06:34:46.871301] GPU 0     0.000        0.000        0.000        855          2100         1                           607304360054208             
[2026-06-02 06:34:46.921399] #Entity   SMACT        SMOCC        DRAMA        SMCLK        SMMAX        DVCCTR                      TAPCV                       
[2026-06-02 06:34:46.921546] ID                                                                                                                                 
[2026-06-02 06:34:46.924175] GPU 0     0.000        0.000        0.000        855          2100         1                           607304410570688             
[2026-06-02 06:34:46.977124] GPU 0     0.000        0.000        0.000        855          2100         1                           607304461176864             
[2026-06-02 06:34:47.030015] GPU 0     0.000        0.000        0.000        855          2100         1                           607304512241600             
[2026-06-02 06:34:47.082767] GPU 0     0.000        0.000        0.000        855          2100         1                           607304562845152             
[2026-06-02 06:34:47.135479] GPU 0     0.000        0.000        0.000        855          2100         1                           607304613457696             
[2026-06-02 06:34:47.188407] GPU 0     0.000        0.000        0.000        855          2100         1                           607304663980032             
[2026-06-02 06:34:47.241329] GPU 0     0.000        0.000        0.000        855          2100         1                           607304727453792             
[2026-06-02 06:34:47.294312] GPU 0     0.000        0.000        0.000        855          2100         1                           607304778055744             
[2026-06-02 06:34:47.347294] GPU 0     0.000        0.000        0.000        855          2100         1                           607304829131520             
[2026-06-02 06:34:47.400134] GPU 0     0.000        0.000        0.000        825          2100         1                           607304881214624             
[2026-06-02 06:34:47.452402] GPU 0     0.000        0.000        0.000        825          2100         1                           607304931794720             
[2026-06-02 06:34:47.505310] GPU 0     0.000        0.000        0.000        825          2100         1                           607304982440736             
[2026-06-02 06:34:47.557891] GPU 0     0.000        0.000        0.000        825          2100         1                           607305033007360             
[2026-06-02 06:34:47.610340] GPU 0     0.000        0.000        0.000        915          2100         1                           607305083757184             
[2026-06-02 06:34:47.660531] #Entity   SMACT        SMOCC        DRAMA        SMCLK        SMMAX        DVCCTR                      TAPCV                       
[2026-06-02 06:34:47.660673] ID                                                                                                                                 
[2026-06-02 06:34:47.663232] GPU 0     0.000        0.000        0.000        915          2100         1                           607305134432000             
[2026-06-02 06:34:47.716215] GPU 0     0.000        0.000        0.000        915          2100         1                           607305185039744             
[2026-06-02 06:34:47.768853] GPU 0     0.000        0.000        0.000        915          2100         1                           607305236771040             
[2026-06-02 06:34:47.821617] GPU 0     0.000        0.000        0.000        915          2100         1                           607305287406272             
[2026-06-02 06:34:47.874558] GPU 0     0.000        0.000        0.000        915          2100         1                           607305337932320             
[2026-06-02 06:34:47.927395] GPU 0     0.000        0.000        0.000        915          2100         1                           607305388531488             
[2026-06-02 06:34:47.980331] GPU 0     0.000        0.000        0.000        915          2100         1                           607305439033056             
[2026-06-02 06:34:48.033278] GPU 0     0.000        0.000        0.000        915          2100         1                           607305489604512             
[2026-06-02 06:34:48.091750] GPU 0     0.000        0.000        0.000        915          2100         1                           607305540146016             
[2026-06-02 06:34:48.145658] GPU 0     0.000        0.000        0.000        915          2100         1                           607305607728160             
[2026-06-02 06:34:48.199392] GPU 0     0.000        0.000        0.000        915          2100         1                           607305664251136             
[2026-06-02 06:34:48.253044] GPU 0     0.000        0.000        0.000        915          2100         1                           607305715905760             
[2026-06-02 06:34:48.306921] GPU 0     0.000        0.000        0.000        915          2100         1                           607305767372256             
[2026-06-02 06:34:48.360812] GPU 0     0.000        0.000        0.000        915          2100         0                           607305818054592             
[2026-06-02 06:34:48.410997] #Entity   SMACT        SMOCC        DRAMA        SMCLK        SMMAX        DVCCTR                      TAPCV                       
[2026-06-02 06:34:48.411151] ID                                                                                                                                 
[2026-06-02 06:34:48.414388] GPU 0     0.000        0.000        0.000        1440         2100         0                           607305825378624             
[2026-06-02 06:34:48.467582] GPU 0     0.000        0.000        0.000        1440         2100         0                           607305825378624             
[2026-06-02 06:34:48.521424] GPU 0     0.000        0.000        0.000        1440         2100         0                           607305825378624             
[2026-06-02 06:34:48.574934] GPU 0     0.000        0.000        0.000        1440         2100         0                           607305825378624             
[2026-06-02 06:34:48.628344] GPU 0     0.000        0.000        0.001        1800         2100         0                           607305825378624             
[2026-06-02 06:34:48.681608] GPU 0     0.000        0.000        0.000        1800         2100         0                           607305825378624             
[2026-06-02 06:34:48.735070] GPU 0     0.000        0.000        0.000        1800         2100         0                           607305825378624             
[2026-06-02 06:34:48.788572] GPU 0     0.000        0.000        0.000        1800         2100         0                           607305825378624             
[2026-06-02 06:34:48.841683] GPU 0     0.000        0.000        0.000        1800         2100         0                           607305825378624             
[2026-06-02 06:34:48.895145] GPU 0     0.000        0.000        0.000        1800         2100         0                           607305825378624             
[2026-06-02 06:34:48.948344] GPU 0     0.000        0.000        0.000        1800         2100         0                           607305825378624             
[2026-06-02 06:34:49.001496] GPU 0     0.000        0.000        0.000        1800         2100         0                           607305825378624             
[2026-06-02 06:34:49.054403] GPU 0     0.000        0.000        0.000        1800         2100         0                           607305825378624             
[2026-06-02 06:34:49.107085] GPU 0     0.000        0.000        0.000        1800         2100         0                           607305825378624             
[2026-06-02 06:34:49.157224] #Entity   SMACT        SMOCC        DRAMA        SMCLK        SMMAX        DVCCTR                      TAPCV                       
[2026-06-02 06:34:49.157400] ID                                                                                                                                 
[2026-06-02 06:34:49.159839] GPU 0     0.000        0.000        0.000        1800         2100         0                           607305825378624             
[2026-06-02 06:34:49.213131] GPU 0     0.000        0.000        0.000        1800         2100         0                           607305825378624             
[2026-06-02 06:34:49.266190] GPU 0     0.000        0.000        0.000        1800         2100         0                           607305825378624             
[2026-06-02 06:34:49.319231] GPU 0     0.000        0.000        0.000        1800         2100         0                           607305825378624             
[2026-06-02 06:34:49.372182] GPU 0     0.000        0.000        0.000        1800         2100         0                           607305825378624             
[2026-06-02 06:34:49.425117] GPU 0     0.000        0.000        0.000        1800         2100         0                           607305825378624             
[2026-06-02 06:34:49.478042] GPU 0     0.000        0.000        0.000        1800         2100         0                           607305825378624             
[2026-06-02 06:34:49.530982] GPU 0     0.000        0.000        0.000        1800         2100         0                           607305825378624             
[2026-06-02 06:34:49.584136] GPU 0     0.000        0.000        0.000        1800         2100         0                           607305825378624             
[2026-06-02 06:34:49.637043] GPU 0     0.000        0.000        0.000        1800         2100         0                           607305825378624             
[2026-06-02 06:34:49.689866] GPU 0     0.000        0.000        0.000        1800         2100         0                           607305825378624             
[2026-06-02 06:34:49.742794] GPU 0     0.000        0.000        0.000        1800         2100         0                           607305825378624             
[2026-06-02 06:34:49.795836] GPU 0     0.000        0.000        0.000        1800         2100         0                           607305825378624             
[2026-06-02 06:34:49.848737] GPU 0     0.000        0.000        0.000        1800         2100         0                           607305825378624             
[2026-06-02 06:34:49.898823] #Entity   SMACT        SMOCC        DRAMA        SMCLK        SMMAX        DVCCTR                      TAPCV                       
[2026-06-02 06:34:49.898970] ID                                                                                                                                 
[2026-06-02 06:34:49.901545] GPU 0     0.000        0.000        0.000        1800         2100         0                           607305825378624             
[2026-06-02 06:34:49.954487] GPU 0     0.000        0.000        0.000        1800         2100         0                           607305825378624             
[2026-06-02 06:34:50.007467] GPU 0     0.000        0.000        0.000        1800         2100         0                           607305825378624             
[2026-06-02 06:34:50.060270] GPU 0     0.000        0.000        0.000        1800         2100         0                           607305825378624             
[2026-06-02 06:34:50.113280] GPU 0     0.000        0.000        0.000        1800         2100         0                           607305825378624             
[2026-06-02 06:34:50.166440] GPU 0     0.000        0.000        0.000        1800         2100         0                           607305825378624             
[2026-06-02 06:34:50.219120] GPU 0     0.000        0.000        0.000        1800         2100         0                           607305825378624             
[2026-06-02 06:34:50.271821] GPU 0     0.000        0.000        0.000        1800         2100         0                           607305825378624             
[2026-06-02 06:34:50.324481] GPU 0     0.000        0.000        0.000        1800         2100         0                           607305825378624             
[2026-06-02 06:34:50.377456] GPU 0     0.000        0.000        0.000        1800         2100         0                           607305825378624             
[2026-06-02 06:34:50.430273] GPU 0     0.000        0.000        0.000        1440         2100         0                           607305825378624             
[2026-06-02 06:34:50.483120] GPU 0     0.000        0.000        0.000        1440         2100         0                           607305825378624             
[2026-06-02 06:34:50.536085] GPU 0     0.000        0.000        0.000        1440         2100         0                           607305825378624             
[2026-06-02 06:34:50.589192] GPU 0     0.000        0.000        0.000        1440         2100         0                           607305825378624             
[2026-06-02 06:34:50.639336] #Entity   SMACT        SMOCC        DRAMA        SMCLK        SMMAX        DVCCTR                      TAPCV                       
[2026-06-02 06:34:50.639497] ID                                                                                                                                 
[2026-06-02 06:34:50.642321] GPU 0     0.000        0.000        0.000        1440         2100         0                           607305825378624             
[2026-06-02 06:34:50.695383] GPU 0     0.000        0.000        0.000        1440         2100         0                           607305825378624             
[2026-06-02 06:34:50.748374] GPU 0     0.000        0.000        0.000        1440         2100         0                           607305825378624             
[2026-06-02 06:34:50.801421] GPU 0     0.000        0.000        0.000        1440         2100         0                           607305825378624             
[2026-06-02 06:34:50.854446] GPU 0     0.000        0.000        0.000        1440         2100         0                           607305825378624             
[2026-06-02 06:34:50.907243] GPU 0     0.000        0.000        0.000        1440         2100         0                           607305825378624             
[2026-06-02 06:34:50.960026] GPU 0     0.000        0.000        0.000        1440         2100         0                           607305825378624             
[2026-06-02 06:34:51.012907] GPU 0     0.000        0.000        0.000        1440         2100         0                           607305825378624             
[2026-06-02 06:34:51.065965] GPU 0     0.000        0.000        0.000        1440         2100         0                           607305825378624             
[2026-06-02 06:34:51.119111] GPU 0     0.000        0.000        0.000        1440         2100         0                           607305825378624             
[2026-06-02 06:34:51.171998] GPU 0     0.000        0.000        0.000        1440         2100         0                           607305825378624             
[2026-06-02 06:34:51.224935] GPU 0     0.000        0.000        0.000        1440         2100         0                           607305825378624             
[2026-06-02 06:34:51.277642] GPU 0     0.000        0.000        0.000        1440         2100         0                           607305825378624             
[2026-06-02 06:34:51.330601] GPU 0     0.000        0.000        0.000        1440         2100         0                           607305825378624             
[2026-06-02 06:34:51.380725] #Entity   SMACT        SMOCC        DRAMA        SMCLK        SMMAX        DVCCTR                      TAPCV                       
[2026-06-02 06:34:51.380874] ID                                                                                                                                 
[2026-06-02 06:34:51.383515] GPU 0     0.000        0.000        0.000        1440         2100         0                           607305825378624             
[2026-06-02 06:34:51.436334] GPU 0     0.000        0.000        0.000        1440         2100         0                           607305825378624             
[2026-06-02 06:34:51.489255] GPU 0     0.000        0.000        0.000        1440         2100         0                           607305825378624             
[2026-06-02 06:34:51.542498] GPU 0     0.000        0.000        0.000        1440         2100         0                           607305825378624             
[2026-06-02 06:34:51.595541] GPU 0     0.000        0.000        0.000        1440         2100         0                           607305825378624             
[2026-06-02 06:34:51.648369] GPU 0     0.000        0.000        0.000        1440         2100         0                           607305825378624             
[2026-06-02 06:34:51.701182] GPU 0     0.000        0.000        0.000        1440         2100         0                           607305825378624             
[2026-06-02 06:34:51.754013] GPU 0     0.000        0.000        0.000        1440         2100         0                           607305825378624             
[2026-06-02 06:34:51.806883] GPU 0     0.000        0.000        0.000        1440         2100         0                           607305825378624             
[2026-06-02 06:34:51.859707] GPU 0     0.000        0.000        0.000        1440         2100         0                           607305825378624             
[2026-06-02 06:34:51.912443] GPU 0     0.000        0.000        0.000        1440         2100         0                           607305825378624             
[2026-06-02 06:34:51.965331] GPU 0     0.000        0.000        0.000        1440         2100         0                           607305825378624             
[2026-06-02 06:34:52.018530] GPU 0     0.000        0.000        0.000        1440         2100         0                           607305825378624             
[2026-06-02 06:34:52.071760] GPU 0     0.000        0.000        0.000        1440         2100         0                           607305825378624             
[2026-06-02 06:34:52.121900] #Entity   SMACT        SMOCC        DRAMA        SMCLK        SMMAX        DVCCTR                      TAPCV                       
[2026-06-02 06:34:52.122037] ID                                                                                                                                 
[2026-06-02 06:34:52.124759] GPU 0     0.000        0.000        0.000        1440         2100         0                           607305825378624             
[2026-06-02 06:34:52.177624] GPU 0     0.000        0.000        0.000        1440         2100         0                           607305825378624             
[2026-06-02 06:34:52.230689] GPU 0     0.000        0.000        0.000        1440         2100         0                           607305825378624             
[2026-06-02 06:34:52.284065] GPU 0     0.000        0.000        0.000        1440         2100         0                           607305825378624             
[2026-06-02 06:34:52.337278] GPU 0     0.000        0.000        0.000        1440         2100         0                           607305825378624             
[2026-06-02 06:34:52.390559] GPU 0     0.000        0.000        0.000        1440         2100         0                           607305825378624             
[2026-06-02 06:34:52.443588] GPU 0     0.000        0.000        0.000        1440         2100         0                           607305825378624             
[2026-06-02 06:34:52.496735] GPU 0     0.000        0.000        0.000        1440         2100         0                           607305825378624             
[2026-06-02 06:34:52.549319] GPU 0     0.000        0.000        0.000        1440         2100         0                           607305825378624             
[2026-06-02 06:34:52.602248] GPU 0     0.000        0.000        0.000        1440         2100         0                           607305825378624             
[2026-06-02 06:34:52.655274] GPU 0     0.000        0.000        0.000        1440         2100         0                           607305825378624             
[2026-06-02 06:34:52.708311] GPU 0     0.000        0.000        0.000        1440         2100         0                           607305825378624             
[2026-06-02 06:34:52.761496] GPU 0     0.000        0.000        0.000        1440         2100         0                           607305825378624             
[2026-06-02 06:34:52.814397] GPU 0     0.004        0.004        0.007        1440         2100         0                           607305825378624             
[2026-06-02 06:34:52.864590] #Entity   SMACT        SMOCC        DRAMA        SMCLK        SMMAX        DVCCTR                      TAPCV                       
[2026-06-02 06:34:52.864754] ID                                                                                                                                 
[2026-06-02 06:34:52.867738] GPU 0     0.005        0.005        0.008        1440         2100         0                           607305825378624             
[2026-06-02 06:34:52.920866] GPU 0     0.007        0.006        0.010        1440         2100         0                           607305825378624             
[2026-06-02 06:34:52.973747] GPU 0     0.007        0.006        0.010        1440         2100         0                           607305825378624             
[2026-06-02 06:34:53.026610] GPU 0     0.008        0.007        0.012        1440         2100         0                           607305825378624             
[2026-06-02 06:34:53.079678] GPU 0     0.006        0.006        0.010        1440         2100         0                           607305825378624             
[2026-06-02 06:34:53.132584] GPU 0     0.005        0.004        0.007        1440         2100         0                           607305825378624             
[2026-06-02 06:34:53.185232] GPU 0     0.006        0.005        0.010        1440         2100         0                           607305825378624             
[2026-06-02 06:34:53.238013] GPU 0     0.004        0.004        0.007        1440         2100         0                           607305825378624             
[2026-06-02 06:34:53.290895] GPU 0     0.005        0.004        0.008        1440         2100         0                           607305825378624             
[2026-06-02 06:34:53.343826] GPU 0     0.003        0.003        0.005        1440         2100         0                           607305825378624             
[2026-06-02 06:34:53.396714] GPU 0     0.005        0.004        0.008        1440         2100         0                           607305825378624             
[2026-06-02 06:34:53.449540] GPU 0     0.005        0.005        0.008        1440         2100         0                           607305825378624             
[2026-06-02 06:34:53.502517] GPU 0     0.005        0.005        0.008        1440         2100         0                           607305825378624             
[2026-06-02 06:34:53.555476] GPU 0     0.002        0.002        0.004        1440         2100         0                           607305825378624             
[2026-06-02 06:34:53.605609] #Entity   SMACT        SMOCC        DRAMA        SMCLK        SMMAX        DVCCTR                      TAPCV                       
[2026-06-02 06:34:53.605748] ID                                                                                                                                 
[2026-06-02 06:34:53.608318] GPU 0     0.001        0.001        0.004        1440         2100         0                           607305825378624             
[2026-06-02 06:34:53.661159] GPU 0     0.008        0.008        0.008        1440         2100         0                           607305825378624             
[2026-06-02 06:34:53.713595] GPU 0     0.000        0.000        0.000        1440         2100         0                           607305825378624             
[2026-06-02 06:34:53.766641] GPU 0     0.000        0.000        0.000        1440         2100         0                           607305825378624             
[2026-06-02 06:34:53.818912] GPU 0     0.000        0.000        0.000        1440         2100         0                           607305825378624             
[2026-06-02 06:34:53.870815] GPU 0     0.000        0.000        0.000        1440         2100         0                           607305825378624             
[2026-06-02 06:34:53.922909] GPU 0     0.000        0.000        0.000        1440         2100         0                           607305825378624             
[2026-06-02 06:34:53.975723] GPU 0     0.000        0.000        0.000        1440         2100         0                           607305825378624             
[2026-06-02 06:34:54.028688] GPU 0     0.000        0.000        0.000        1440         2100         0                           607305825378624             
[2026-06-02 06:34:54.081379] GPU 0     0.000        0.000        0.000        1440         2100         0                           607305825378624             
[2026-06-02 06:34:54.134186] GPU 0     0.000        0.000        0.000        1440         2100         0                           607305825378624             
[2026-06-02 06:34:54.187104] GPU 0     0.000        0.000        0.000        1440         2100         0                           607305825378624             
[2026-06-02 06:34:54.239959] GPU 0     0.000        0.000        0.000        1440         2100         0                           607305825378624             
[2026-06-02 06:34:54.292872] GPU 0     0.000        0.000        0.000        1440         2100         0                           607305825378624             
[2026-06-02 06:34:54.343057] #Entity   SMACT        SMOCC        DRAMA        SMCLK        SMMAX        DVCCTR                      TAPCV                       
[2026-06-02 06:34:54.343221] ID                                                                                                                                 
[2026-06-02 06:34:54.345684] GPU 0     0.000        0.000        0.000        1440         2100         0                           607305825378624             
[2026-06-02 06:34:54.398636] GPU 0     0.000        0.000        0.000        1440         2100         0                           607305825378624             
[2026-06-02 06:34:54.451362] GPU 0     0.000        0.000        0.000        1440         2100         0                           607305825378624             
[2026-06-02 06:34:54.504149] GPU 0     0.000        0.000        0.000        1440         2100         0                           607305825378624             
[2026-06-02 06:34:54.556808] GPU 0     0.000        0.000        0.000        1440         2100         0                           607305825378624             
[2026-06-02 06:34:54.609687] GPU 0     0.000        0.000        0.000        1440         2100         0                           607305825378624             
[2026-06-02 06:34:54.662473] GPU 0     0.000        0.000        0.000        1440         2100         0                           607305825378624             
[2026-06-02 06:34:54.715363] GPU 0     0.000        0.000        0.000        1440         2100         0                           607305825378624             
[2026-06-02 06:34:54.768181] GPU 0     0.000        0.000        0.000        1440         2100         0                           607305825378624             
[2026-06-02 06:34:54.821138] GPU 0     0.000        0.000        0.000        1440         2100         0                           607305825378624             
[2026-06-02 06:34:54.873933] GPU 0     0.000        0.000        0.000        1440         2100         0                           607305825378624             
[2026-06-02 06:34:54.926567] GPU 0     0.000        0.000        0.000        1440         2100         0                           607305825378624             
[2026-06-02 06:34:54.979445] GPU 0     0.000        0.000        0.000        1440         2100         0                           607305825378624             
[2026-06-02 06:34:55.032316] GPU 0     0.000        0.000        0.000        1440         2100         0                           607305825378624             
[2026-06-02 06:34:55.082487] #Entity   SMACT        SMOCC        DRAMA        SMCLK        SMMAX        DVCCTR                      TAPCV                       
[2026-06-02 06:34:55.082606] ID                                                                                                                                 
[2026-06-02 06:34:55.084866] GPU 0     0.000        0.000        0.000        1440         2100         0                           607305825378624             
[2026-06-02 06:34:55.137419] GPU 0     0.000        0.000        0.000        1440         2100         0                           607305825378624             
[2026-06-02 06:34:55.190349] GPU 0     0.000        0.000        0.000        1440         2100         0                           607305825378624             
[2026-06-02 06:34:55.243141] GPU 0     0.000        0.000        0.000        1440         2100         0                           607305825378624             
[2026-06-02 06:34:55.296053] GPU 0     0.000        0.000        0.000        1440         2100         0                           607305825378624             
[2026-06-02 06:34:55.348683] GPU 0     0.000        0.000        0.000        1440         2100         0                           607305825378624             
[2026-06-02 06:34:55.401534] GPU 0     0.000        0.000        0.000        1440         2100         0                           607305825378624             
[2026-06-02 06:34:55.454425] GPU 0     0.000        0.000        0.000        1440         2100         0                           607305825378624             
[2026-06-02 06:34:55.507495] GPU 0     0.000        0.000        0.000        1440         2100         0                           607305825378624             
[2026-06-02 06:34:55.560257] GPU 0     0.000        0.000        0.000        1440         2100         0                           607305825378624             
[2026-06-02 06:34:55.612921] GPU 0     0.000        0.000        0.000        1440         2100         0                           607305825378624             
[2026-06-02 06:34:55.666128] GPU 0     0.000        0.000        0.000        1440         2100         0                           607305825378624             
[2026-06-02 06:34:55.719070] GPU 0     0.000        0.000        0.000        1440         2100         0                           607305825378624             
[2026-06-02 06:34:55.771666] GPU 0     0.000        0.000        0.000        1440         2100         0                           607305825378624             
[2026-06-02 06:34:55.821807] #Entity   SMACT        SMOCC        DRAMA        SMCLK        SMMAX        DVCCTR                      TAPCV                       
[2026-06-02 06:34:55.821950] ID                                                                                                                                 
[2026-06-02 06:34:55.824490] GPU 0     0.000        0.000        0.000        1440         2100         0                           607305825378624             
[2026-06-02 06:34:55.877397] GPU 0     0.000        0.000        0.000        1440         2100         0                           607305825378624             
[2026-06-02 06:34:55.930341] GPU 0     0.000        0.000        0.000        1440         2100         0                           607305825378624             
[2026-06-02 06:34:55.983227] GPU 0     0.000        0.000        0.000        1440         2100         0                           607305825378624             
[2026-06-02 06:34:56.036044] GPU 0     0.000        0.000        0.000        1440         2100         0                           607305825378624             
[2026-06-02 06:34:56.089325] GPU 0     0.000        0.000        0.000        1440         2100         0                           607305825378624             
[2026-06-02 06:34:56.142046] GPU 0     0.000        0.000        0.000        1440         2100         0                           607305825378624             
[2026-06-02 06:34:56.194863] GPU 0     0.000        0.000        0.000        1440         2100         0                           607305825378624             
[2026-06-02 06:34:56.247637] GPU 0     0.003        0.002        0.001        1440         2100         0                           607305825378624             
[2026-06-02 06:34:56.300377] GPU 0     0.436        0.297        0.125        1440         2100         0                           607305825378624             
[2026-06-02 06:34:56.353274] GPU 0     0.916        0.618        0.265        1440         2100         0                           607305825378624             
[2026-06-02 06:34:56.406095] GPU 0     0.427        0.289        0.133        1440         2100         0                           607305825378624             
[2026-06-02 06:34:56.459036] GPU 0     0.279        0.180        0.091        1440         2100         0                           607305825378624             
[2026-06-02 06:34:56.511895] GPU 0     0.922        0.625        0.334        1950         2100         0                           607305825378624             
[2026-06-02 06:34:56.561981] #Entity   SMACT        SMOCC        DRAMA        SMCLK        SMMAX        DVCCTR                      TAPCV                       
[2026-06-02 06:34:56.562134] ID                                                                                                                                 
[2026-06-02 06:34:56.564464] GPU 0     0.500        0.338        0.196        1980         2100         4                           607305825378624             
[2026-06-02 06:34:56.617297] GPU 0     0.074        0.021        0.048        1995         2100         0                           607305825378624             
[2026-06-02 06:34:56.670015] GPU 0     0.074        0.021        0.048        1995         2100         0                           607305825378624             
[2026-06-02 06:34:56.722550] GPU 0     0.074        0.021        0.048        1995         2100         0                           607305825378624             
[2026-06-02 06:34:56.775132] GPU 0     0.515        0.134        0.337        1995         2100         0                           607305825378624             
[2026-06-02 06:34:56.827913] GPU 0     0.529        0.149        0.348        1995         2100         0                           607305825378624             
[2026-06-02 06:34:56.880767] GPU 0     0.541        0.161        0.359        1995         2100         0                           607305825378624             
[2026-06-02 06:34:56.933302] GPU 0     0.549        0.175        0.368        1995         2100         0                           607305825378624             
[2026-06-02 06:34:56.986182] GPU 0     0.540        0.178        0.374        1995         2100         0                           607305825378624             
[2026-06-02 06:34:57.039062] GPU 0     0.345        0.133        0.248        1995         2100         0                           607305825378624             
[2026-06-02 06:34:57.091852] GPU 0     0.560        0.217        0.413        1995         2100         0                           607305825378624             
[2026-06-02 06:34:57.144533] GPU 0     0.564        0.215        0.412        1995         2100         0                           607305825378624             
[2026-06-02 06:34:57.197411] GPU 0     0.564        0.219        0.410        1995         2100         0                           607305825378624             
[2026-06-02 06:34:57.250329] GPU 0     0.568        0.222        0.412        1995         2100         0                           607305825378624             
[2026-06-02 06:34:57.300469] #Entity   SMACT        SMOCC        DRAMA        SMCLK        SMMAX        DVCCTR                      TAPCV                       
[2026-06-02 06:34:57.300617] ID                                                                                                                                 
[2026-06-02 06:34:57.303259] GPU 0     0.572        0.227        0.415        1995         2100         0                           607305825378624             
[2026-06-02 06:34:57.356138] GPU 0     0.575        0.231        0.418        1995         2100         0                           607305825378624             
[2026-06-02 06:34:57.409129] GPU 0     0.579        0.237        0.422        1995         2100         0                           607305825378624             
[2026-06-02 06:34:57.461697] GPU 0     0.439        0.180        0.327        1995         2100         0                           607305825378624             
[2026-06-02 06:34:57.514542] GPU 0     0.565        0.215        0.414        1995         2100         0                           607305825378624             
[2026-06-02 06:34:57.567264] GPU 0     0.575        0.219        0.419        1995         2100         0                           607305825378624             
[2026-06-02 06:34:57.620095] GPU 0     0.580        0.225        0.421        1995         2100         0                           607305825378624             
[2026-06-02 06:34:57.672835] GPU 0     0.582        0.229        0.423        1995         2100         0                           607305825378624             
[2026-06-02 06:34:57.725418] GPU 0     0.581        0.231        0.422        1995         2100         0                           607305825378624             
[2026-06-02 06:34:57.778236] GPU 0     0.586        0.237        0.427        1995         2100         0                           607305825378624             
[2026-06-02 06:34:57.831184] GPU 0     0.450        0.186        0.332        1995         2100         0                           607305825378624             
[2026-06-02 06:34:57.884089] GPU 0     0.363        0.153        0.277        1995         2100         0                           607305825378624             
[2026-06-02 06:34:57.936976] GPU 0     0.357        0.135        0.274        1995         2100         0                           607305825378624             
[2026-06-02 06:34:57.989820] GPU 0     0.478        0.278        0.247        1950         2100         4                           607305825378624             
[2026-06-02 06:34:58.040002] #Entity   SMACT        SMOCC        DRAMA        SMCLK        SMMAX        DVCCTR                      TAPCV                       
[2026-06-02 06:34:58.040150] ID                                                                                                                                 
[2026-06-02 06:34:58.042700] GPU 0     0.921        0.621        0.335        1935         2100         4                           607305825378624             
[2026-06-02 06:34:58.095749] GPU 0     0.451        0.267        0.200        1935         2100         4                           607305825378624             
[2026-06-02 06:34:58.148730] GPU 0     0.451        0.267        0.200        1935         2100         4                           607305825378624             
[2026-06-02 06:34:58.201172] GPU 0     0.031        0.009        0.020        1995         2100         0                           607305825378624             
[2026-06-02 06:34:58.254336] GPU 0     0.011        0.003        0.007        1995         2100         0                           607305825378624             
[2026-06-02 06:34:58.307869] GPU 0     0.000        0.000        0.000        1995         2100         0                           607305825378624             
[2026-06-02 06:34:58.361456] GPU 0     0.000        0.000        0.000        1995         2100         0                           607305825378624             
[2026-06-02 06:34:58.415263] GPU 0     0.000        0.000        0.000        1995         2100         0                           607305825378624             
[2026-06-02 06:34:58.468674] GPU 0     0.000        0.000        0.000        1995         2100         0                           607305825378624             
[2026-06-02 06:34:58.522261] GPU 0     0.000        0.000        0.000        1995         2100         0                           607305825378624             
[2026-06-02 06:34:58.575947] GPU 0     0.000        0.000        0.000        1995         2100         0                           607305825378624             
[2026-06-02 06:34:58.629750] GPU 0     0.000        0.000        0.000        1995         2100         0                           607305825378624             
[2026-06-02 06:34:58.683730] GPU 0     0.000        0.000        0.000        1995         2100         0                           607305825378624             
[2026-06-02 06:34:58.737420] GPU 0     0.000        0.000        0.000        1995         2100         0                           607305825378624             
[2026-06-02 06:34:58.787568] #Entity   SMACT        SMOCC        DRAMA        SMCLK        SMMAX        DVCCTR                      TAPCV                       
[2026-06-02 06:34:58.787739] ID                                                                                                                                 
[2026-06-02 06:34:58.791168] GPU 0     0.000        0.000        0.000        1995         2100         0                           607305825378624             
[2026-06-02 06:34:58.845206] GPU 0     0.000        0.000        0.000        1995         2100         0                           607305825378624             
[2026-06-02 06:34:58.899069] GPU 0     0.000        0.000        0.000        1995         2100         0                           607305825378624             
[2026-06-02 06:34:58.952787] GPU 0     0.000        0.000        0.000        1995         2100         0                           607305825378624             
[2026-06-02 06:34:59.006042] GPU 0     0.000        0.000        0.000        1995         2100         0                           607305825378624             
[2026-06-02 06:34:59.059084] GPU 0     0.000        0.000        0.000        1995         2100         0                           607305825378624             
[2026-06-02 06:34:59.112150] GPU 0     0.000        0.000        0.000        1995         2100         0                           607305825378624             
[2026-06-02 06:34:59.165114] GPU 0     0.000        0.000        0.000        1995         2100         0                           607305825378624             
[2026-06-02 06:34:59.217883] GPU 0     0.000        0.000        0.000        1995         2100         0                           607305825378624             
[2026-06-02 06:34:59.270809] GPU 0     0.662        0.448        0.243        1950         2100         4                           607305825378624             
[2026-06-02 06:34:59.323724] GPU 0     0.921        0.620        0.333        1950         2100         4                           607305825378624             
[2026-06-02 06:34:59.376677] GPU 0     0.920        0.622        0.333        1950         2100         4                           607305825378624             
[2026-06-02 06:34:59.429391] GPU 0     0.300        0.124        0.173        1935         2100         4                           607305825378624             
[2026-06-02 06:34:59.482314] GPU 0     0.870        0.586        0.320        1995         2100         0                           607305825378624             
[2026-06-02 06:34:59.532440] #Entity   SMACT        SMOCC        DRAMA        SMCLK        SMMAX        DVCCTR                      TAPCV                       
[2026-06-02 06:34:59.532571] ID                                                                                                                                 
[2026-06-02 06:34:59.535091] GPU 0     0.810        0.538        0.306        1935         2100         4                           607305825378624             
[2026-06-02 06:34:59.587876] GPU 0     0.170        0.045        0.110        1980         2100         4                           607305825378624             
[2026-06-02 06:34:59.641053] GPU 0     0.000        0.000        0.000        1995         2100         0                           607305825378624             
[2026-06-02 06:34:59.694730] GPU 0     0.000        0.000        0.000        1995         2100         0                           607305825378624             
[2026-06-02 06:34:59.748477] GPU 0     0.000        0.000        0.000        1995         2100         0                           607305825378624             
[2026-06-02 06:34:59.802392] GPU 0     0.000        0.000        0.000        1995         2100         0                           607305825378624             
[2026-06-02 06:34:59.856246] GPU 0     0.000        0.000        0.000        1995         2100         0                           607305825378624             
[2026-06-02 06:34:59.910160] GPU 0     0.000        0.000        0.000        1995         2100         0                           607305825378624             
[2026-06-02 06:34:59.963866] GPU 0     0.000        0.000        0.000        1995         2100         0                           607305825378624             
[2026-06-02 06:35:00.017474] GPU 0     0.000        0.000        0.000        1995         2100         0                           607305825378624             
[2026-06-02 06:35:00.071030] GPU 0     0.000        0.000        0.000        1995         2100         0                           607305825378624             
[2026-06-02 06:35:00.124161] GPU 0     0.000        0.000        0.000        1995         2100         0                           607305825378624             
[2026-06-02 06:35:00.177304] GPU 0     0.000        0.000        0.000        1995         2100         0                           607305825378624             
[2026-06-02 06:35:00.230407] GPU 0     0.000        0.000        0.000        1995         2100         0                           607305825378624             
[2026-06-02 06:35:00.280489] #Entity   SMACT        SMOCC        DRAMA        SMCLK        SMMAX        DVCCTR                      TAPCV                       
[2026-06-02 06:35:00.280637] ID                                                                                                                                 
[2026-06-02 06:35:00.283568] GPU 0     0.000        0.000        0.000        1995         2100         0                           607305825378624             
[2026-06-02 06:35:00.336752] GPU 0     0.000        0.000        0.000        1995         2100         0                           607305825378624             
[2026-06-02 06:35:00.389946] GPU 0     0.000        0.000        0.000        1995         2100         0                           607305825378624             
[2026-06-02 06:35:00.443040] GPU 0     0.000        0.000        0.000        1995         2100         0                           607305825378624             
[2026-06-02 06:35:00.496157] GPU 0     0.000        0.000        0.000        1995         2100         0                           607305825378624             
[2026-06-02 06:35:00.549276] GPU 0     0.000        0.000        0.000        1995         2100         0                           607305825378624             
[2026-06-02 06:35:00.602299] GPU 0     0.000        0.000        0.000        1995         2100         0                           607305825378624             
[2026-06-02 06:35:00.655417] GPU 0     0.000        0.000        0.000        1995         2100         0                           607305825378624             
[2026-06-02 06:35:00.708368] GPU 0     0.000        0.000        0.000        1995         2100         0                           607305825378624             
[2026-06-02 06:35:00.761265] GPU 0     0.000        0.000        0.000        1995         2100         0                           607305825378624             
[2026-06-02 06:35:00.814360] GPU 0     0.000        0.000        0.000        1995         2100         0                           607305825378624             
[2026-06-02 06:35:00.867390] GPU 0     0.000        0.000        0.000        1995         2100         0                           607305825378624             
[2026-06-02 06:35:00.920258] GPU 0     0.000        0.000        0.000        1995         2100         0                           607305825378624             
[2026-06-02 06:35:00.973382] GPU 0     0.000        0.000        0.000        1995         2100         0                           607305825378624             
[2026-06-02 06:35:01.023477] #Entity   SMACT        SMOCC        DRAMA        SMCLK        SMMAX        DVCCTR                      TAPCV                       
[2026-06-02 06:35:01.023622] ID                                                                                                                                 
[2026-06-02 06:35:01.026374] GPU 0     0.000        0.000        0.000        1995         2100         0                           607305825378624             
[2026-06-02 06:35:01.079578] GPU 0     0.000        0.000        0.000        1995         2100         0                           607305825378624             
[2026-06-02 06:35:01.132698] GPU 0     0.000        0.000        0.000        1995         2100         0                           607305825378624             
[2026-06-02 06:35:01.185803] GPU 0     0.000        0.000        0.000        1995         2100         0                           607305825378624             
[2026-06-02 06:35:01.238267] GPU 0     0.209        0.140        0.077        1995         2100         0                           607305825378624             
[2026-06-02 06:35:01.290886] GPU 0     0.921        0.620        0.338        1965         2100         4                           607305825378624             
[2026-06-02 06:35:01.343232] GPU 0     0.547        0.363        0.204        1755         2100         0                           607305825378624             
[2026-06-02 06:35:01.395645] GPU 0     0.910        0.616        0.305        1755         2100         0                           607305825378624             
[2026-06-02 06:35:01.448246] GPU 0     0.856        0.580        0.287        1755         2100         0                           607305825378624             
[2026-06-02 06:35:01.500594] GPU 0     0.142        0.038        0.096        1755         2100         0                           607305825378624             
[2026-06-02 06:35:01.553009] GPU 0     0.458        0.254        0.204        1995         2100         0                           607305825378624             
[2026-06-02 06:35:01.605103] GPU 0     0.922        0.624        0.335        1965         2100         4                           607305825378624             
[2026-06-02 06:35:01.657501] GPU 0     0.475        0.271        0.218        1950         2100         4                           607305825378624             
[2026-06-02 06:35:01.710045] GPU 0     0.144        0.039        0.092        1995         2100         4                           607305825378624             
[2026-06-02 06:35:01.760183] #Entity   SMACT        SMOCC        DRAMA        SMCLK        SMMAX        DVCCTR                      TAPCV                       
[2026-06-02 06:35:01.760323] ID                                                                                                                                 
[2026-06-02 06:35:01.762711] GPU 0     0.000        0.000        0.000        1995         2100         0                           607305825378624             
[2026-06-02 06:35:01.815870] GPU 0     0.000        0.000        0.000        1995         2100         0                           607305825378624             
[2026-06-02 06:35:01.868850] GPU 0     0.000        0.000        0.000        1995         2100         0                           607305825378624             
[2026-06-02 06:35:01.921820] GPU 0     0.000        0.000        0.000        1995         2100         0                           607305825378624             
[2026-06-02 06:35:01.974892] GPU 0     0.000        0.000        0.000        1995         2100         0                           607305825378624             
[2026-06-02 06:35:02.027816] GPU 0     0.000        0.000        0.000        1995         2100         0                           607305825378624             
[2026-06-02 06:35:02.080894] GPU 0     0.000        0.000        0.000        1995         2100         0                           607305825378624             
[2026-06-02 06:35:02.133826] GPU 0     0.000        0.000        0.000        1995         2100         0                           607305825378624             
[2026-06-02 06:35:02.186823] GPU 0     0.000        0.000        0.000        1995         2100         0                           607305825378624             
[2026-06-02 06:35:02.239833] GPU 0     0.000        0.000        0.000        1995         2100         0                           607305825378624             
[2026-06-02 06:35:02.292638] GPU 0     0.000        0.000        0.000        1995         2100         0                           607305825378624             
[2026-06-02 06:35:02.345451] GPU 0     0.000        0.000        0.000        1995         2100         0                           607305825378624             
[2026-06-02 06:35:02.398604] GPU 0     0.000        0.000        0.000        1995         2100         0                           607305825378624             
[2026-06-02 06:35:02.451644] GPU 0     0.000        0.000        0.000        1995         2100         0                           607305825378624             
[2026-06-02 06:35:02.501701] #Entity   SMACT        SMOCC        DRAMA        SMCLK        SMMAX        DVCCTR                      TAPCV                       
[2026-06-02 06:35:02.501859] ID                                                                                                                                 
[2026-06-02 06:35:02.504428] GPU 0     0.000        0.000        0.000        1995         2100         0                           607305825378624             
[2026-06-02 06:35:02.557464] GPU 0     0.000        0.000        0.000        1995         2100         0                           607305825378624             
[2026-06-02 06:35:02.610601] GPU 0     0.000        0.000        0.000        1995         2100         0                           607305825378624             
[2026-06-02 06:35:02.663535] GPU 0     0.000        0.000        0.000        1995         2100         0                           607305825378624             
[2026-06-02 06:35:02.716433] GPU 0     0.000        0.000        0.000        1995         2100         0                           607305825378624             
[2026-06-02 06:35:02.769620] GPU 0     0.000        0.000        0.000        1995         2100         0                           607305825378624             
[2026-06-02 06:35:02.822354] GPU 0     0.000        0.000        0.000        1995         2100         0                           607305825378624             
[2026-06-02 06:35:02.875380] GPU 0     0.000        0.000        0.000        1995         2100         0                           607305825378624             
[2026-06-02 06:35:02.928210] GPU 0     0.000        0.000        0.000        1995         2100         0                           607305825378624             
[2026-06-02 06:35:02.981905] GPU 0     0.000        0.000        0.000        1995         2100         0                           607305825378624             
[2026-06-02 06:35:03.035620] GPU 0     0.000        0.000        0.000        1995         2100         0                           607305825378624             
[2026-06-02 06:35:03.089275] GPU 0     0.000        0.000        0.000        1995         2100         0                           607305825378624             
[2026-06-02 06:35:03.142688] GPU 0     0.000        0.000        0.000        1995         2100         0                           607305825378624             
[2026-06-02 06:35:03.197425] GPU 0     0.000        0.000        0.000        1995         2100         0                           607305825378624             
[2026-06-02 06:35:03.247437] #Entity   SMACT        SMOCC        DRAMA        SMCLK        SMMAX        DVCCTR                      TAPCV                       
[2026-06-02 06:35:03.247525] ID                                                                                                                                 
[2026-06-02 06:35:03.249893] GPU 0     0.000        0.000        0.000        1995         2100         0                           607305825378624             
[2026-06-02 06:35:03.302517] GPU 0     0.755        0.512        0.275        1950         2100         4                           607305825378624             
[2026-06-02 06:35:03.355465] GPU 0     0.882        0.593        0.322        1980         2100         4                           607305825378624             
[2026-06-02 06:35:03.408392] GPU 0     0.921        0.619        0.334        1950         2100         4                           607305825378624             
[2026-06-02 06:35:03.460869] GPU 0     0.357        0.112        0.227        1980         2100         4                           607305825378624             
[2026-06-02 06:35:03.513916] GPU 0     0.127        0.036        0.082        1995         2100         0                           607305825378624             
[2026-06-02 06:35:03.567275] GPU 0     0.000        0.000        0.000        1995         2100         0                           607305825378624             
[2026-06-02 06:35:03.620879] GPU 0     0.000        0.000        0.000        1995         2100         0                           607305825378624             
[2026-06-02 06:35:03.674388] GPU 0     0.000        0.000        0.000        1995         2100         0                           607305825378624             
[2026-06-02 06:35:03.728077] GPU 0     0.000        0.000        0.000        1995         2100         0                           607305825378624             
[2026-06-02 06:35:03.781469] GPU 0     0.000        0.000        0.000        1995         2100         0                           607305825378624             
[2026-06-02 06:35:03.834991] GPU 0     0.000        0.000        0.000        1995         2100         0                           607305825378624             
[2026-06-02 06:35:03.888466] GPU 0     0.000        0.000        0.000        1995         2100         0                           607305825378624             
[2026-06-02 06:35:03.942311] GPU 0     0.000        0.000        0.000        1995         2100         0                           607305825378624             
[2026-06-02 06:35:03.992441] #Entity   SMACT        SMOCC        DRAMA        SMCLK        SMMAX        DVCCTR                      TAPCV                       
[2026-06-02 06:35:03.992594] ID                                                                                                                                 
[2026-06-02 06:35:03.995706] GPU 0     0.000        0.000        0.000        1995         2100         0                           607305825378624             
[2026-06-02 06:35:04.049021] GPU 0     0.000        0.000        0.000        1995         2100         0                           607305825378624             
[2026-06-02 06:35:04.102387] GPU 0     0.000        0.000        0.000        1995         2100         0                           607305825378624             
[2026-06-02 06:35:04.155989] GPU 0     0.000        0.000        0.000        1995         2100         0                           607305825378624             
[2026-06-02 06:35:04.209147] GPU 0     0.000        0.000        0.000        1995         2100         0                           607305825378624             
[2026-06-02 06:35:04.262549] GPU 0     0.000        0.000        0.000        1995         2100         0                           607305825378624             
[2026-06-02 06:35:04.316138] GPU 0     0.000        0.000        0.000        1995         2100         0                           607305825378624             
[2026-06-02 06:35:04.370094] GPU 0     0.000        0.000        0.000        1995         2100         0                           607305825378624             
[2026-06-02 06:35:04.423837] GPU 0     0.000        0.000        0.000        1995         2100         0                           607305825378624             
[2026-06-02 06:35:04.477504] GPU 0     0.000        0.000        0.000        1995         2100         0                           607305825378624             
[2026-06-02 06:35:04.531037] GPU 0     0.000        0.000        0.000        1995         2100         0                           607305825378624             
[2026-06-02 06:35:04.584769] GPU 0     0.000        0.000        0.000        1995         2100         0                           607305825378624             
[2026-06-02 06:35:04.638351] GPU 0     0.000        0.000        0.000        1995         2100         0                           607305825378624             
[2026-06-02 06:35:04.691878] GPU 0     0.000        0.000        0.000        1995         2100         0                           607305825378624             
[2026-06-02 06:35:04.742040] #Entity   SMACT        SMOCC        DRAMA        SMCLK        SMMAX        DVCCTR                      TAPCV                       
[2026-06-02 06:35:04.742201] ID                                                                                                                                 
[2026-06-02 06:35:04.745458] GPU 0     0.000        0.000        0.000        1995         2100         0                           607305825378624             
[2026-06-02 06:35:04.799173] GPU 0     0.000        0.000        0.000        1995         2100         0                           607305825378624             
[2026-06-02 06:35:04.852918] GPU 0     0.000        0.000        0.000        1995         2100         0                           607305825378624             
[2026-06-02 06:35:04.906555] GPU 0     0.000        0.000        0.000        1995         2100         0                           607305825378624             
[2026-06-02 06:35:04.959775] GPU 0     0.000        0.000        0.000        1995         2100         0                           607305825378624             
[2026-06-02 06:35:05.013020] GPU 0     0.000        0.000        0.000        1995         2100         0                           607305825378624             
[2026-06-02 06:35:05.065805] GPU 0     0.000        0.000        0.000        1995         2100         0                           607305825378624             
[2026-06-02 06:35:05.119742] GPU 0     0.000        0.000        0.000        1995         2100         0                           607305825378624             
[2026-06-02 06:35:05.173270] GPU 0     0.000        0.000        0.000        1995         2100         0                           607305825378624             
[2026-06-02 06:35:05.228426] GPU 0     0.000        0.000        0.000        1995         2100         0                           607305825378624             
[2026-06-02 06:35:05.281965] GPU 0     0.753        0.509        0.274        1995         2100         0                           607305825378624             
[2026-06-02 06:35:05.334320] GPU 0     0.912        0.613        0.325        1935         2100         4                           607305825378624             
[2026-06-02 06:35:05.387334] GPU 0     0.283        0.186        0.115        1815         2100         0                           607305825378624             
[2026-06-02 06:35:05.439912] GPU 0     0.919        0.620        0.318        1815         2100         0                           607305825378624             
[2026-06-02 06:35:05.490002] #Entity   SMACT        SMOCC        DRAMA        SMCLK        SMMAX        DVCCTR                      TAPCV                       
[2026-06-02 06:35:05.490148] ID                                                                                                                                 
[2026-06-02 06:35:05.492378] GPU 0     0.620        0.402        0.236        1815         2100         0                           607305825378624             
[2026-06-02 06:35:05.545112] GPU 0     0.395        0.100        0.253        1995         2100         4                           607305825378624             
[2026-06-02 06:35:05.597976] GPU 0     0.480        0.299        0.194        1995         2100         0                           607305825378624             
[2026-06-02 06:35:05.650673] GPU 0     0.922        0.624        0.334        1935         2100         4                           607305825378624             
[2026-06-02 06:35:05.703501] GPU 0     0.361        0.225        0.154        1995         2100         4                           607305825378624             
[2026-06-02 06:35:05.756575] GPU 0     0.163        0.044        0.105        1995         2100         0                           607305825378624             
[2026-06-02 06:35:05.809680] GPU 0     0.000        0.000        0.000        1995         2100         0                           607305825378624             
[2026-06-02 06:35:05.863440] GPU 0     0.000        0.000        0.000        1995         2100         0                           607305825378624             
[2026-06-02 06:35:05.916877] GPU 0     0.000        0.000        0.000        1995         2100         0                           607305825378624             
[2026-06-02 06:35:05.970661] GPU 0     0.000        0.000        0.000        1995         2100         0                           607305825378624             
[2026-06-02 06:35:06.024373] GPU 0     0.000        0.000        0.000        1995         2100         0                           607305825378624             
[2026-06-02 06:35:06.077970] GPU 0     0.000        0.000        0.000        1995         2100         0                           607305825378624             
[2026-06-02 06:35:06.131649] GPU 0     0.000        0.000        0.000        1995         2100         0                           607305825378624             
[2026-06-02 06:35:06.185021] GPU 0     0.000        0.000        0.000        1995         2100         0                           607305825378624             
[2026-06-02 06:35:06.235199] #Entity   SMACT        SMOCC        DRAMA        SMCLK        SMMAX        DVCCTR                      TAPCV                       
[2026-06-02 06:35:06.235362] ID                                                                                                                                 
[2026-06-02 06:35:06.238481] GPU 0     0.000        0.000        0.000        1995         2100         0                           607305825378624             
[2026-06-02 06:35:06.292402] GPU 0     0.000        0.000        0.000        1995         2100         0                           607305825378624             
[2026-06-02 06:35:06.345911] GPU 0     0.000        0.000        0.000        1995         2100         0                           607305825378624             
[2026-06-02 06:35:06.399901] GPU 0     0.000        0.000        0.000        1995         2100         0                           607305825378624             
[2026-06-02 06:35:06.453413] GPU 0     0.000        0.000        0.000        1995         2100         0                           607305825378624             
[2026-06-02 06:35:06.507005] GPU 0     0.000        0.000        0.000        1995         2100         0                           607305825378624             
[2026-06-02 06:35:06.560573] GPU 0     0.000        0.000        0.000        1995         2100         0                           607305825378624             
[2026-06-02 06:35:06.613999] GPU 0     0.000        0.000        0.000        1995         2100         0                           607305825378624             
[2026-06-02 06:35:06.667169] GPU 0     0.000        0.000        0.000        1995         2100         0                           607305825378624             
[2026-06-02 06:35:06.720812] GPU 0     0.000        0.000        0.000        1995         2100         0                           607305825378624             
[2026-06-02 06:35:06.774553] GPU 0     0.000        0.000        0.000        1995         2100         0                           607305825378624             
[2026-06-02 06:35:06.828200] GPU 0     0.000        0.000        0.000        1995         2100         0                           607305825378624             
[2026-06-02 06:35:06.882068] GPU 0     0.000        0.000        0.000        1995         2100         0                           607305825378624             
[2026-06-02 06:35:06.935505] GPU 0     0.000        0.000        0.000        1995         2100         0                           607305825378624             
[2026-06-02 06:35:06.985639] #Entity   SMACT        SMOCC        DRAMA        SMCLK        SMMAX        DVCCTR                      TAPCV                       
[2026-06-02 06:35:06.985793] ID                                                                                                                                 
[2026-06-02 06:35:06.989014] GPU 0     0.000        0.000        0.000        1995         2100         0                           607305825378624             
[2026-06-02 06:35:07.042634] GPU 0     0.000        0.000        0.000        1995         2100         0                           607305825378624             
[2026-06-02 06:35:07.096232] GPU 0     0.000        0.000        0.000        1995         2100         0                           607305825378624             
[2026-06-02 06:35:07.149792] GPU 0     0.000        0.000        0.000        1995         2100         0                           607305825378624             
[2026-06-02 06:35:07.203296] GPU 0     0.000        0.000        0.000        1995         2100         0                           607305825378624             
[2026-06-02 06:35:07.258039] GPU 0     0.524        0.351        0.194        1995         2100         0                           607305825378624             
[2026-06-02 06:35:07.311750] GPU 0     0.922        0.625        0.334        1995         2100         4                           607305825378624             
[2026-06-02 06:35:07.364430] GPU 0     0.922        0.625        0.334        1995         2100         4                           607305825378624             
[2026-06-02 06:35:07.417193] GPU 0     0.120        0.080        0.045        1995         2100         4                           607305825378624             
[2026-06-02 06:35:07.470159] GPU 0     0.543        0.360        0.214        1965         2100         0                           607305825378624             
[2026-06-02 06:35:07.522702] GPU 0     0.920        0.617        0.334        1950         2100         4                           607305825378624             
[2026-06-02 06:35:07.575356] GPU 0     0.413        0.170        0.234        1995         2100         4                           607305825378624             
[2026-06-02 06:35:07.628180] GPU 0     0.350        0.093        0.225        1995         2100         0                           607305825378624             
[2026-06-02 06:35:07.681093] GPU 0     0.000        0.000        0.000        1995         2100         0                           607305825378624             
[2026-06-02 06:35:07.731217] #Entity   SMACT        SMOCC        DRAMA        SMCLK        SMMAX        DVCCTR                      TAPCV                       
[2026-06-02 06:35:07.731368] ID                                                                                                                                 
[2026-06-02 06:35:07.734683] GPU 0     0.000        0.000        0.000        1995         2100         0                           607305825378624             
[2026-06-02 06:35:07.788386] GPU 0     0.000        0.000        0.000        1995         2100         0                           607305825378624             
[2026-06-02 06:35:07.842068] GPU 0     0.000        0.000        0.000        1995         2100         0                           607305825378624             
[2026-06-02 06:35:07.895625] GPU 0     0.000        0.000        0.000        1995         2100         0                           607305825378624             
[2026-06-02 06:35:07.949033] GPU 0     0.000        0.000        0.000        1995         2100         0                           607305825378624             
[2026-06-02 06:35:08.002408] GPU 0     0.000        0.000        0.000        1995         2100         0                           607305825378624             
[2026-06-02 06:35:08.055827] GPU 0     0.000        0.000        0.000        1995         2100         0                           607305825378624             
[2026-06-02 06:35:08.108942] GPU 0     0.000        0.000        0.000        1995         2100         0                           607305825378624             
[2026-06-02 06:35:08.162378] GPU 0     0.000        0.000        0.000        1995         2100         0                           607305825378624             
[2026-06-02 06:35:08.223940] GPU 0     0.000        0.000        0.000        1995         2100         0                           607305825378624             
[2026-06-02 06:35:08.279464] GPU 0     0.000        0.000        0.000        1995         2100         0                           607305825378624             
[2026-06-02 06:35:08.332932] GPU 0     0.000        0.000        0.000        1995         2100         0                           607305825378624             
[2026-06-02 06:35:08.385874] GPU 0     0.000        0.000        0.000        1995         2100         0                           607305825378624             
[2026-06-02 06:35:08.438999] GPU 0     0.000        0.000        0.000        1995         2100         0                           607305825378624             
[2026-06-02 06:35:08.489185] #Entity   SMACT        SMOCC        DRAMA        SMCLK        SMMAX        DVCCTR                      TAPCV                       
[2026-06-02 06:35:08.489318] ID                                                                                                                                 
[2026-06-02 06:35:08.491861] GPU 0     0.000        0.000        0.000        1995         2100         0                           607305825378624             
[2026-06-02 06:35:08.544861] GPU 0     0.000        0.000        0.000        1995         2100         0                           607305825378624             
[2026-06-02 06:35:08.597849] GPU 0     0.000        0.000        0.000        1995         2100         0                           607305825378624             
[2026-06-02 06:35:08.650769] GPU 0     0.000        0.000        0.000        1995         2100         0                           607305825378624             
[2026-06-02 06:35:08.703630] GPU 0     0.000        0.000        0.000        1995         2100         0                           607305825378624             
[2026-06-02 06:35:08.756848] GPU 0     0.000        0.000        0.000        1995         2100         0                           607305825378624             
[2026-06-02 06:35:08.809819] GPU 0     0.000        0.000        0.000        1995         2100         0                           607305825378624             
[2026-06-02 06:35:08.862889] GPU 0     0.000        0.000        0.000        1995         2100         0                           607305825378624             
[2026-06-02 06:35:08.915506] GPU 0     0.000        0.000        0.000        1995         2100         0                           607305825378624             
[2026-06-02 06:35:08.968420] GPU 0     0.000        0.000        0.000        1995         2100         0                           607305825378624             
[2026-06-02 06:35:09.021421] GPU 0     0.000        0.000        0.000        1995         2100         0                           607305825378624             
[2026-06-02 06:35:09.074520] GPU 0     0.000        0.000        0.000        1995         2100         0                           607305825378624             
[2026-06-02 06:35:09.127548] GPU 0     0.000        0.000        0.000        1995         2100         0                           607305825378624             
[2026-06-02 06:35:09.180237] GPU 0     0.000        0.000        0.000        1995         2100         0                           607305825378624             
[2026-06-02 06:35:09.230341] #Entity   SMACT        SMOCC        DRAMA        SMCLK        SMMAX        DVCCTR                      TAPCV                       
[2026-06-02 06:35:09.230543] ID                                                                                                                                 
[2026-06-02 06:35:09.234329] GPU 0     0.000        0.000        0.000        1995         2100         0                           607305825378624             
[2026-06-02 06:35:09.287616] GPU 0     0.374        0.248        0.139        1995         2100         4                           607305825378624             
[2026-06-02 06:35:09.339956] GPU 0     0.922        0.627        0.333        1950         2100         4                           607305825378624             
[2026-06-02 06:35:09.392461] GPU 0     0.646        0.427        0.251        1950         2100         4                           607305825378624             
[2026-06-02 06:35:09.444841] GPU 0     0.921        0.618        0.334        1950         2100         4                           607305825378624             
[2026-06-02 06:35:09.497072] GPU 0     0.539        0.308        0.242        1950         2100         4                           607305825378624             
[2026-06-02 06:35:09.549483] GPU 0     0.446        0.112        0.287        1950         2100         0                           607305825378624             
[2026-06-02 06:35:09.601816] GPU 0     0.450        0.270        0.186        1995         2100         4                           607305825378624             
[2026-06-02 06:35:09.653979] GPU 0     0.922        0.626        0.334        1935         2100         4                           607305825378624             
[2026-06-02 06:35:09.706477] GPU 0     0.487        0.281        0.219        1965         2100         4                           607305825378624             
[2026-06-02 06:35:09.758943] GPU 0     0.302        0.129        0.226        1995         2100         0                           607305825378624             
[2026-06-02 06:35:09.811384] GPU 0     0.180        0.078        0.136        1995         2100         0                           607305825378624             
[2026-06-02 06:35:09.863566] GPU 0     0.303        0.132        0.238        1995         2100         0                           607305825378624             
[2026-06-02 06:35:09.916056] GPU 0     0.391        0.162        0.308        1995         2100         0                           607305825378624             
[2026-06-02 06:35:09.966143] #Entity   SMACT        SMOCC        DRAMA        SMCLK        SMMAX        DVCCTR                      TAPCV                       
[2026-06-02 06:35:09.966264] ID                                                                                                                                 
[2026-06-02 06:35:09.968417] GPU 0     0.493        0.195        0.361        1995         2100         0                           607305825378624             
[2026-06-02 06:35:10.020938] GPU 0     0.478        0.168        0.372        1995         2100         0                           607305825378624             
[2026-06-02 06:35:10.073318] GPU 0     0.634        0.370        0.331        1935         2100         0                           607305825378624             
[2026-06-02 06:35:10.126046] GPU 0     0.922        0.626        0.332        1935         2100         4                           607305825378624             
[2026-06-02 06:35:10.178362] GPU 0     0.418        0.231        0.198        1995         2100         4                           607305825378624             
[2026-06-02 06:35:10.230923] GPU 0     0.155        0.062        0.118        1995         2100         0                           607305825378624             
[2026-06-02 06:35:10.283619] GPU 0     0.000        0.000        0.000        1995         2100         0                           607305825378624             
[2026-06-02 06:35:10.336684] GPU 0     0.000        0.000        0.000        1995         2100         0                           607305825378624             
[2026-06-02 06:35:10.389743] GPU 0     0.000        0.000        0.000        1995         2100         0                           607305825378624             
[2026-06-02 06:35:10.443030] GPU 0     0.000        0.000        0.000        1995         2100         0                           607305825378624             
[2026-06-02 06:35:10.496121] GPU 0     0.000        0.000        0.000        1995         2100         0                           607305825378624             
[2026-06-02 06:35:10.549024] GPU 0     0.000        0.000        0.000        1995         2100         0                           607305825378624             
[2026-06-02 06:35:10.602549] GPU 0     0.000        0.000        0.000        1995         2100         0                           607305825378624             
[2026-06-02 06:35:10.655774] GPU 0     0.000        0.000        0.000        1995         2100         0                           607305825378624             
[2026-06-02 06:35:10.705798] #Entity   SMACT        SMOCC        DRAMA        SMCLK        SMMAX        DVCCTR                      TAPCV                       
[2026-06-02 06:35:10.705925] ID                                                                                                                                 
[2026-06-02 06:35:10.708484] GPU 0     0.000        0.000        0.000        1995         2100         0                           607305825378624             
[2026-06-02 06:35:10.761363] GPU 0     0.000        0.000        0.000        1995         2100         0                           607305825378624             
[2026-06-02 06:35:10.814470] GPU 0     0.000        0.000        0.000        1995         2100         0                           607305825378624             
[2026-06-02 06:35:10.867387] GPU 0     0.000        0.000        0.000        1995         2100         0                           607305825378624             
[2026-06-02 06:35:10.920469] GPU 0     0.000        0.000        0.000        1995         2100         0                           607305825378624             
[2026-06-02 06:35:10.973619] GPU 0     0.000        0.000        0.000        1995         2100         0                           607305825378624             
[2026-06-02 06:35:11.026795] GPU 0     0.000        0.000        0.000        1995         2100         0                           607305825378624             
[2026-06-02 06:35:11.079946] GPU 0     0.000        0.000        0.000        1995         2100         0                           607305825378624             
[2026-06-02 06:35:11.132821] GPU 0     0.000        0.000        0.000        1995         2100         0                           607305825378624             
[2026-06-02 06:35:11.185682] GPU 0     0.000        0.000        0.000        1995         2100         0                           607305825378624             
[2026-06-02 06:35:11.240803] GPU 0     0.000        0.000        0.000        1995         2100         0                           607305825378624             
[2026-06-02 06:35:11.293958] GPU 0     0.552        0.374        0.201        1980         2100         4                           607305825378624             
[2026-06-02 06:35:11.345703] GPU 0     0.921        0.619        0.333        1935         2100         4                           607305825378624             
[2026-06-02 06:35:11.398271] GPU 0     0.740        0.490        0.286        1980         2100         4                           607305825378624             
[2026-06-02 06:35:11.448399] #Entity   SMACT        SMOCC        DRAMA        SMCLK        SMMAX        DVCCTR                      TAPCV                       
[2026-06-02 06:35:11.448537] ID                                                                                                                                 
[2026-06-02 06:35:11.450680] GPU 0     0.921        0.619        0.334        1935         2100         4                           607305825378624             
[2026-06-02 06:35:11.502953] GPU 0     0.457        0.194        0.252        1995         2100         4                           607305825378624             
[2026-06-02 06:35:11.555394] GPU 0     0.435        0.109        0.283        1995         2100         0                           607305825378624             
[2026-06-02 06:35:11.607740] GPU 0     0.540        0.339        0.215        1995         2100         0                           607305825378624             
[2026-06-02 06:35:11.660258] GPU 0     0.921        0.623        0.333        1935         2100         4                           607305825378624             
[2026-06-02 06:35:11.712794] GPU 0     0.366        0.184        0.186        1980         2100         4                           607305825378624             
[2026-06-02 06:35:11.765387] GPU 0     0.022        0.008        0.014        1995         2100         0                           607305825378624             
[2026-06-02 06:35:11.818411] GPU 0     0.000        0.000        0.000        1995         2100         0                           607305825378624             
[2026-06-02 06:35:11.871537] GPU 0     0.000        0.000        0.000        1995         2100         0                           607305825378624             
[2026-06-02 06:35:11.924502] GPU 0     0.000        0.000        0.000        1995         2100         0                           607305825378624             
[2026-06-02 06:35:11.977497] GPU 0     0.000        0.000        0.000        1995         2100         0                           607305825378624             
[2026-06-02 06:35:12.030581] GPU 0     0.000        0.000        0.000        1995         2100         0                           607305825378624             
[2026-06-02 06:35:12.083746] GPU 0     0.000        0.000        0.000        1995         2100         0                           607305825378624             
[2026-06-02 06:35:12.136777] GPU 0     0.000        0.000        0.000        1995         2100         0                           607305825378624             
[2026-06-02 06:35:12.186919] #Entity   SMACT        SMOCC        DRAMA        SMCLK        SMMAX        DVCCTR                      TAPCV                       
[2026-06-02 06:35:12.187084] ID                                                                                                                                 
[2026-06-02 06:35:12.189756] GPU 0     0.000        0.000        0.000        1995         2100         0                           607305825378624             
[2026-06-02 06:35:12.243002] GPU 0     0.000        0.000        0.000        1995         2100         0                           607305825378624             
[2026-06-02 06:35:12.296080] GPU 0     0.000        0.000        0.000        1995         2100         0                           607305825378624             
[2026-06-02 06:35:12.354764] GPU 0     0.000        0.000        0.000        1995         2100         0                           607305825378624             
[2026-06-02 06:35:12.407498] GPU 0     0.000        0.000        0.000        1995         2100         0                           607305825378624             
[2026-06-02 06:35:12.460666] GPU 0     0.000        0.000        0.000        1995         2100         0                           607305825378624             
[2026-06-02 06:35:12.513482] GPU 0     0.000        0.000        0.000        1995         2100         0                           607305825378624             
[2026-06-02 06:35:12.566568] GPU 0     0.000        0.000        0.000        1995         2100         0                           607305825378624             
[2026-06-02 06:35:12.619795] GPU 0     0.000        0.000        0.000        1995         2100         0                           607305825378624             
[2026-06-02 06:35:12.672662] GPU 0     0.000        0.000        0.000        1995         2100         0                           607305825378624             
[2026-06-02 06:35:12.725520] GPU 0     0.000        0.000        0.000        1995         2100         0                           607305825378624             
[2026-06-02 06:35:12.778617] GPU 0     0.000        0.000        0.000        1995         2100         0                           607305825378624             
[2026-06-02 06:35:12.831560] GPU 0     0.000        0.000        0.000        1995         2100         0                           607305825378624             
[2026-06-02 06:35:12.884573] GPU 0     0.000        0.000        0.000        1995         2100         0                           607305825378624             
[2026-06-02 06:35:12.934714] #Entity   SMACT        SMOCC        DRAMA        SMCLK        SMMAX        DVCCTR                      TAPCV                       
[2026-06-02 06:35:12.934870] ID                                                                                                                                 
[2026-06-02 06:35:12.937572] GPU 0     0.000        0.000        0.000        1995         2100         0                           607305825378624             
[2026-06-02 06:35:12.990736] GPU 0     0.000        0.000        0.000        1995         2100         0                           607305825378624             
[2026-06-02 06:35:13.043774] GPU 0     0.000        0.000        0.000        1995         2100         0                           607305825378624             
[2026-06-02 06:35:13.096950] GPU 0     0.000        0.000        0.000        1995         2100         0                           607305825378624             
[2026-06-02 06:35:13.150136] GPU 0     0.000        0.000        0.000        1995         2100         0                           607305825378624             
[2026-06-02 06:35:13.203084] GPU 0     0.000        0.000        0.000        1995         2100         0                           607305825378624             
[2026-06-02 06:35:13.257231] GPU 0     0.000        0.000        0.000        1995         2100         0                           607305825378624             
[2026-06-02 06:35:13.310073] GPU 0     0.837        0.564        0.307        1965         2100         4                           607305825378624             
[2026-06-02 06:35:13.361627] GPU 0     0.807        0.540        0.307        1935         2100         4                           607305825378624             
[2026-06-02 06:35:13.414302] GPU 0     0.853        0.572        0.310        1965         2100         4                           607305825378624             
[2026-06-02 06:35:13.466804] GPU 0     0.802        0.542        0.293        1935         2100         4                           607305825378624             
[2026-06-02 06:35:13.519235] GPU 0     0.393        0.101        0.258        1995         2100         4                           607305825378624             
[2026-06-02 06:35:13.571640] GPU 0     0.408        0.102        0.266        1995         2100         0                           607305825378624             
[2026-06-02 06:35:13.624171] GPU 0     0.056        0.020        0.032        1995         2100         0                           607305825378624             
[2026-06-02 06:35:13.674317] #Entity   SMACT        SMOCC        DRAMA        SMCLK        SMMAX        DVCCTR                      TAPCV                       
[2026-06-02 06:35:13.674461] ID                                                                                                                                 
[2026-06-02 06:35:13.676899] GPU 0     0.000        0.000        0.000        1995         2100         0                           607305825378624             
[2026-06-02 06:35:13.730013] GPU 0     0.000        0.000        0.000        1995         2100         0                           607305825378624             
[2026-06-02 06:35:13.783072] GPU 0     0.000        0.000        0.000        1995         2100         0                           607305825378624             
[2026-06-02 06:35:13.836260] GPU 0     0.000        0.000        0.000        1995         2100         0                           607305825378624             
[2026-06-02 06:35:13.889095] GPU 0     0.000        0.000        0.000        1995         2100         0                           607305825378624             
[2026-06-02 06:35:13.942185] GPU 0     0.000        0.000        0.000        1995         2100         0                           607305825378624             
[2026-06-02 06:35:13.995198] GPU 0     0.000        0.000        0.000        1995         2100         0                           607305825378624             
[2026-06-02 06:35:14.048102] GPU 0     0.000        0.000        0.000        1995         2100         0                           607305825378624             
[2026-06-02 06:35:14.101178] GPU 0     0.000        0.000        0.000        1995         2100         0                           607305825378624             
[2026-06-02 06:35:14.154246] GPU 0     0.000        0.000        0.000        1995         2100         0                           607305825378624             
[2026-06-02 06:35:14.207064] GPU 0     0.000        0.000        0.000        1995         2100         0                           607305825378624             
[2026-06-02 06:35:14.260101] GPU 0     0.000        0.000        0.000        1995         2100         0                           607305825378624             
[2026-06-02 06:35:14.313112] GPU 0     0.000        0.000        0.000        1995         2100         0                           607305825378624             
[2026-06-02 06:35:14.366320] GPU 0     0.000        0.000        0.000        1995         2100         0                           607305825378624             
[2026-06-02 06:35:14.416514] #Entity   SMACT        SMOCC        DRAMA        SMCLK        SMMAX        DVCCTR                      TAPCV                       
[2026-06-02 06:35:14.416686] ID                                                                                                                                 
[2026-06-02 06:35:14.419161] GPU 0     0.000        0.000        0.000        1995         2100         0                           607305825378624             
[2026-06-02 06:35:14.471917] GPU 0     0.000        0.000        0.000        1995         2100         0                           607305825378624             
[2026-06-02 06:35:14.524788] GPU 0     0.000        0.000        0.000        1995         2100         0                           607305825378624             
[2026-06-02 06:35:14.577832] GPU 0     0.000        0.000        0.000        1995         2100         0                           607305825378624             
[2026-06-02 06:35:14.630785] GPU 0     0.000        0.000        0.000        1995         2100         0                           607305825378624             
[2026-06-02 06:35:14.683871] GPU 0     0.000        0.000        0.000        1995         2100         0                           607305825378624             
[2026-06-02 06:35:14.737047] GPU 0     0.000        0.000        0.000        1995         2100         0                           607305825378624             
[2026-06-02 06:35:14.790041] GPU 0     0.000        0.000        0.000        1995         2100         0                           607305825378624             
[2026-06-02 06:35:14.843076] GPU 0     0.000        0.000        0.000        1995         2100         0                           607305825378624             
[2026-06-02 06:35:14.896123] GPU 0     0.000        0.000        0.000        1995         2100         0                           607305825378624             
[2026-06-02 06:35:14.948976] GPU 0     0.000        0.000        0.000        1995         2100         0                           607305825378624             
[2026-06-02 06:35:15.002135] GPU 0     0.000        0.000        0.000        1995         2100         0                           607305825378624             
[2026-06-02 06:35:15.055249] GPU 0     0.000        0.000        0.000        1995         2100         0                           607305825378624             
[2026-06-02 06:35:15.108365] GPU 0     0.000        0.000        0.000        1995         2100         0                           607305825378624             
[2026-06-02 06:35:15.158455] #Entity   SMACT        SMOCC        DRAMA        SMCLK        SMMAX        DVCCTR                      TAPCV                       
[2026-06-02 06:35:15.158618] ID                                                                                                                                 
[2026-06-02 06:35:15.161329] GPU 0     0.000        0.000        0.000        1995         2100         0                           607305825378624             
[2026-06-02 06:35:15.214601] GPU 0     0.000        0.000        0.000        1995         2100         0                           607305825378624             
[2026-06-02 06:35:15.268919] GPU 0     0.192        0.130        0.070        1995         2100         0                           607305825378624             
[2026-06-02 06:35:15.321760] GPU 0     0.921        0.619        0.334        1965         2100         4                           607305825378624             
[2026-06-02 06:35:15.373853] GPU 0     0.719        0.477        0.276        1935         2100         4                           607305825378624             
[2026-06-02 06:35:15.426336] GPU 0     0.921        0.617        0.336        1980         2100         4                           607305825378624             
[2026-06-02 06:35:15.478611] GPU 0     0.660        0.430        0.259        1935         2100         4                           607305825378624             
[2026-06-02 06:35:15.530930] GPU 0     0.485        0.122        0.316        1995         2100         0                           607305825378624             
[2026-06-02 06:35:15.583157] GPU 0     0.404        0.102        0.262        1995         2100         0                           607305825378624             
[2026-06-02 06:35:15.635493] GPU 0     0.513        0.134        0.334        1995         2100         0                           607305825378624             
[2026-06-02 06:35:15.687714] GPU 0     0.528        0.145        0.347        1995         2100         0                           607305825378624             
[2026-06-02 06:35:15.739932] GPU 0     0.540        0.156        0.356        1995         2100         0                           607305825378624             
[2026-06-02 06:35:15.792323] GPU 0     0.541        0.167        0.360        1995         2100         0                           607305825378624             
[2026-06-02 06:35:15.844632] GPU 0     0.546        0.178        0.372        1995         2100         0                           607305825378624             
[2026-06-02 06:35:15.894665] #Entity   SMACT        SMOCC        DRAMA        SMCLK        SMMAX        DVCCTR                      TAPCV                       
[2026-06-02 06:35:15.894809] ID                                                                                                                                 
[2026-06-02 06:35:15.896687] GPU 0     0.408        0.141        0.277        1995         2100         0                           607305825378624             
[2026-06-02 06:35:15.949232] GPU 0     0.000        0.000        0.000        1995         2100         0                           607305825378624             
[2026-06-02 06:35:16.001994] GPU 0     0.000        0.000        0.000        1995         2100         0                           607305825378624             
[2026-06-02 06:35:16.054916] GPU 0     0.000        0.000        0.000        1995         2100         0                           607305825378624             
[2026-06-02 06:35:16.107959] GPU 0     0.000        0.000        0.000        1995         2100         0                           607305825378624             
[2026-06-02 06:35:16.160925] GPU 0     0.000        0.000        0.000        1995         2100         0                           607305825378624             
[2026-06-02 06:35:16.213828] GPU 0     0.000        0.000        0.000        1995         2100         0                           607305825378624             
[2026-06-02 06:35:16.266827] GPU 0     0.000        0.000        0.000        1995         2100         0                           607305825378624             
[2026-06-02 06:35:16.319734] GPU 0     0.000        0.000        0.000        1995         2100         0                           607305825378624             
[2026-06-02 06:35:16.372806] GPU 0     0.000        0.000        0.000        1995         2100         0                           607305825378624             
[2026-06-02 06:35:16.425604] GPU 0     0.000        0.000        0.000        1995         2100         0                           607305825378624             
[2026-06-02 06:35:16.478771] GPU 0     0.000        0.000        0.000        1995         2100         0                           607305825378624             
[2026-06-02 06:35:16.531550] GPU 0     0.000        0.000        0.000        1995         2100         0                           607305825378624             
[2026-06-02 06:35:16.584536] GPU 0     0.000        0.000        0.000        1995         2100         0                           607305825378624             
[2026-06-02 06:35:16.634683] #Entity   SMACT        SMOCC        DRAMA        SMCLK        SMMAX        DVCCTR                      TAPCV                       
[2026-06-02 06:35:16.634853] ID                                                                                                                                 
[2026-06-02 06:35:16.637447] GPU 0     0.000        0.000        0.000        1995         2100         0                           607305825378624             
[2026-06-02 06:35:16.690505] GPU 0     0.000        0.000        0.000        1995         2100         0                           607305825378624             
[2026-06-02 06:35:16.743500] GPU 0     0.000        0.000        0.000        1995         2100         0                           607305825378624             
[2026-06-02 06:35:16.796585] GPU 0     0.000        0.000        0.000        1995         2100         0                           607305825378624             
[2026-06-02 06:35:16.849642] GPU 0     0.000        0.000        0.000        1995         2100         0                           607305825378624             
[2026-06-02 06:35:16.902791] GPU 0     0.000        0.000        0.000        1995         2100         0                           607305825378624             
[2026-06-02 06:35:16.955844] GPU 0     0.000        0.000        0.000        1995         2100         0                           607305825378624             
[2026-06-02 06:35:17.008977] GPU 0     0.000        0.000        0.000        1995         2100         0                           607305825378624             
[2026-06-02 06:35:17.062103] GPU 0     0.000        0.000        0.000        1995         2100         0                           607305825378624             
[2026-06-02 06:35:17.115140] GPU 0     0.000        0.000        0.000        1995         2100         0                           607305825378624             
[2026-06-02 06:35:17.168083] GPU 0     0.000        0.000        0.000        1995         2100         0                           607305825378624             
[2026-06-02 06:35:17.221022] GPU 0     0.000        0.000        0.000        1995         2100         0                           607305825378624             
[2026-06-02 06:35:17.275685] GPU 0     0.000        0.000        0.000        1995         2100         0                           607305825378624             
[2026-06-02 06:35:17.328639] GPU 0     0.844        0.564        0.309        1965         2100         0                           607305825378624             
[2026-06-02 06:35:17.378720] #Entity   SMACT        SMOCC        DRAMA        SMCLK        SMMAX        DVCCTR                      TAPCV                       
[2026-06-02 06:35:17.378815] ID                                                                                                                                 
[2026-06-02 06:35:17.380702] GPU 0     0.828        0.562        0.303        1935         2100         4                           607305825378624             
[2026-06-02 06:35:17.432814] GPU 0     0.828        0.562        0.303        1935         2100         4                           607305825378624             
[2026-06-02 06:35:17.485124] GPU 0     0.870        0.582        0.319        1935         2100         4                           607305825378624             
[2026-06-02 06:35:17.537475] GPU 0     0.471        0.221        0.246        1980         2100         4                           607305825378624             
[2026-06-02 06:35:17.589687] GPU 0     0.497        0.125        0.322        1980         2100         0                           607305825378624             
[2026-06-02 06:35:17.642325] GPU 0     0.381        0.097        0.248        1980         2100         0                           607305825378624             
[2026-06-02 06:35:17.694642] GPU 0     0.502        0.134        0.328        1980         2100         0                           607305825378624             
[2026-06-02 06:35:17.746814] GPU 0     0.526        0.148        0.344        1980         2100         0                           607305825378624             
[2026-06-02 06:35:17.799279] GPU 0     0.516        0.152        0.341        1980         2100         0                           607305825378624             
[2026-06-02 06:35:17.851505] GPU 0     0.487        0.152        0.325        1980         2100         0                           607305825378624             
[2026-06-02 06:35:17.903938] GPU 0     0.544        0.178        0.371        1980         2100         0                           607305825378624             
[2026-06-02 06:35:17.956350] GPU 0     0.446        0.163        0.314        1980         2100         0                           607305825378624             
[2026-06-02 06:35:18.008806] GPU 0     0.280        0.115        0.204        1980         2100         0                           607305825378624             
[2026-06-02 06:35:18.061266] GPU 0     0.000        0.000        0.000        1980         2100         0                           607305825378624             
[2026-06-02 06:35:18.111425] #Entity   SMACT        SMOCC        DRAMA        SMCLK        SMMAX        DVCCTR                      TAPCV                       
[2026-06-02 06:35:18.111621] ID                                                                                                                                 
[2026-06-02 06:35:18.114148] GPU 0     0.000        0.000        0.000        1980         2100         0                           607305825378624             
[2026-06-02 06:35:18.167199] GPU 0     0.000        0.000        0.000        1980         2100         0                           607305825378624             
[2026-06-02 06:35:18.220318] GPU 0     0.000        0.000        0.000        1980         2100         0                           607305825378624             
[2026-06-02 06:35:18.273232] GPU 0     0.000        0.000        0.000        1980         2100         0                           607305825378624             
[2026-06-02 06:35:18.325985] GPU 0     0.000        0.000        0.000        1980         2100         0                           607305825378624             
[2026-06-02 06:35:18.378801] GPU 0     0.000        0.000        0.000        1980         2100         0                           607305825378624             
[2026-06-02 06:35:18.431884] GPU 0     0.000        0.000        0.000        1980         2100         0                           607305825378624             
[2026-06-02 06:35:18.485011] GPU 0     0.000        0.000        0.000        1980         2100         0                           607305825378624             
[2026-06-02 06:35:18.538039] GPU 0     0.000        0.000        0.000        1980         2100         0                           607305825378624             
[2026-06-02 06:35:18.591093] GPU 0     0.000        0.000        0.000        1980         2100         0                           607305825378624             
[2026-06-02 06:35:18.644073] GPU 0     0.000        0.000        0.000        1980         2100         0                           607305825378624             
[2026-06-02 06:35:18.697008] GPU 0     0.000        0.000        0.000        1980         2100         0                           607305825378624             
[2026-06-02 06:35:18.750057] GPU 0     0.000        0.000        0.000        1980         2100         0                           607305825378624             
[2026-06-02 06:35:18.803204] GPU 0     0.000        0.000        0.000        1980         2100         0                           607305825378624             
[2026-06-02 06:35:18.853302] #Entity   SMACT        SMOCC        DRAMA        SMCLK        SMMAX        DVCCTR                      TAPCV                       
[2026-06-02 06:35:18.853468] ID                                                                                                                                 
[2026-06-02 06:35:18.856172] GPU 0     0.000        0.000        0.000        1980         2100         0                           607305825378624             
[2026-06-02 06:35:18.909343] GPU 0     0.000        0.000        0.000        1980         2100         0                           607305825378624             
[2026-06-02 06:35:18.962300] GPU 0     0.000        0.000        0.000        1980         2100         0                           607305825378624             
[2026-06-02 06:35:19.015411] GPU 0     0.000        0.000        0.000        1980         2100         0                           607305825378624             
[2026-06-02 06:35:19.068284] GPU 0     0.000        0.000        0.000        1980         2100         0                           607305825378624             
[2026-06-02 06:35:19.121472] GPU 0     0.000        0.000        0.000        1980         2100         0                           607305825378624             
[2026-06-02 06:35:19.174354] GPU 0     0.000        0.000        0.000        1980         2100         0                           607305825378624             
[2026-06-02 06:35:19.227457] GPU 0     0.000        0.000        0.000        1980         2100         0                           607305825378624             
[2026-06-02 06:35:19.281806] GPU 0     0.000        0.000        0.000        1980         2100         0                           607305825378624             
[2026-06-02 06:35:19.334422] GPU 0     0.094        0.065        0.032        1980         2100         0                           607305825378624             
[2026-06-02 06:35:19.386210] GPU 0     0.921        0.619        0.335        1920         2100         4                           607305825378624             
[2026-06-02 06:35:19.438637] GPU 0     0.921        0.616        0.336        1950         2100         4                           607305825378624             
[2026-06-02 06:35:19.490937] GPU 0     0.754        0.494        0.292        1935         2100         4                           607305825378624             
[2026-06-02 06:35:19.543317] GPU 0     0.432        0.109        0.280        1935         2100         4                           607305825378624             
[2026-06-02 06:35:19.593413] #Entity   SMACT        SMOCC        DRAMA        SMCLK        SMMAX        DVCCTR                      TAPCV                       
[2026-06-02 06:35:19.593571] ID                                                                                                                                 
[2026-06-02 06:35:19.595519] GPU 0     0.400        0.101        0.259        1980         2100         0                           607305825378624             
[2026-06-02 06:35:19.647911] GPU 0     0.510        0.133        0.332        1980         2100         0                           607305825378624             
[2026-06-02 06:35:19.700147] GPU 0     0.434        0.119        0.284        1980         2100         0                           607305825378624             
[2026-06-02 06:35:19.752512] GPU 0     0.437        0.180        0.318        1980         2100         0                           607305825378624             
[2026-06-02 06:35:19.804770] GPU 0     0.504        0.209        0.369        1980         2100         0                           607305825378624             
[2026-06-02 06:35:19.857158] GPU 0     0.564        0.216        0.410        1980         2100         0                           607305825378624             
[2026-06-02 06:35:19.909504] GPU 0     0.499        0.195        0.363        1980         2100         0                           607305825378624             
[2026-06-02 06:35:19.961954] GPU 0     0.054        0.024        0.037        1980         2100         0                           607305825378624             
[2026-06-02 06:35:20.014612] GPU 0     0.000        0.000        0.000        1980         2100         0                           607305825378624             
[2026-06-02 06:35:20.067725] GPU 0     0.000        0.000        0.000        1980         2100         0                           607305825378624             
[2026-06-02 06:35:20.120672] GPU 0     0.000        0.000        0.000        1980         2100         0                           607305825378624             
[2026-06-02 06:35:20.173697] GPU 0     0.000        0.000        0.000        1980         2100         0                           607305825378624             
[2026-06-02 06:35:20.226741] GPU 0     0.000        0.000        0.000        1980         2100         0                           607305825378624             
[2026-06-02 06:35:20.279823] GPU 0     0.000        0.000        0.000        1980         2100         0                           607305825378624             
[2026-06-02 06:35:20.329968] #Entity   SMACT        SMOCC        DRAMA        SMCLK        SMMAX        DVCCTR                      TAPCV                       
[2026-06-02 06:35:20.330130] ID                                                                                                                                 
[2026-06-02 06:35:20.332805] GPU 0     0.000        0.000        0.000        1980         2100         0                           607305825378624             
[2026-06-02 06:35:20.386047] GPU 0     0.000        0.000        0.000        1980         2100         0                           607305825378624             
[2026-06-02 06:35:20.439079] GPU 0     0.000        0.000        0.000        1980         2100         0                           607305825378624             
[2026-06-02 06:35:20.492185] GPU 0     0.000        0.000        0.000        1980         2100         0                           607305825378624             
[2026-06-02 06:35:20.545147] GPU 0     0.000        0.000        0.000        1980         2100         0                           607305825378624             
[2026-06-02 06:35:20.598164] GPU 0     0.000        0.000        0.000        1980         2100         0                           607305825378624             
[2026-06-02 06:35:20.651124] GPU 0     0.000        0.000        0.000        1980         2100         0                           607305825378624             
[2026-06-02 06:35:20.704235] GPU 0     0.000        0.000        0.000        1980         2100         0                           607305825378624             
[2026-06-02 06:35:20.757266] GPU 0     0.000        0.000        0.000        1980         2100         0                           607305825378624             
[2026-06-02 06:35:20.810100] GPU 0     0.000        0.000        0.000        1980         2100         0                           607305825378624             
[2026-06-02 06:35:20.863066] GPU 0     0.000        0.000        0.000        1980         2100         0                           607305825378624             
[2026-06-02 06:35:20.916058] GPU 0     0.000        0.000        0.000        1980         2100         0                           607305825378624             
[2026-06-02 06:35:20.969023] GPU 0     0.000        0.000        0.000        1980         2100         0                           607305825378624             
[2026-06-02 06:35:21.022022] GPU 0     0.000        0.000        0.000        1980         2100         0                           607305825378624             
[2026-06-02 06:35:21.072155] #Entity   SMACT        SMOCC        DRAMA        SMCLK        SMMAX        DVCCTR                      TAPCV                       
[2026-06-02 06:35:21.072298] ID                                                                                                                                 
[2026-06-02 06:35:21.074872] GPU 0     0.000        0.000        0.000        1980         2100         0                           607305825378624             
[2026-06-02 06:35:21.127861] GPU 0     0.000        0.000        0.000        1980         2100         0                           607305825378624             
[2026-06-02 06:35:21.180986] GPU 0     0.000        0.000        0.000        1980         2100         0                           607305825378624             
[2026-06-02 06:35:21.233986] GPU 0     0.000        0.000        0.000        1980         2100         0                           607305825378624             
[2026-06-02 06:35:21.287953] GPU 0     0.000        0.000        0.000        1980         2100         0                           607305825378624             
[2026-06-02 06:35:21.340946] GPU 0     0.646        0.434        0.235        1935         2100         4                           607305825378624             
[2026-06-02 06:35:21.393222] GPU 0     0.921        0.618        0.331        1935         2100         4                           607305825378624             
[2026-06-02 06:35:21.445518] GPU 0     0.721        0.484        0.276        1935         2100         4                           607305825378624             
[2026-06-02 06:35:21.497916] GPU 0     0.920        0.618        0.331        1920         2100         4                           607305825378624             
[2026-06-02 06:35:21.550382] GPU 0     0.427        0.168        0.244        1980         2100         0                           607305825378624             
[2026-06-02 06:35:21.602839] GPU 0     0.285        0.078        0.183        1980         2100         0                           607305825378624             
[2026-06-02 06:35:21.655198] GPU 0     0.922        0.625        0.335        1920         2100         4                           607305825378624             
[2026-06-02 06:35:21.707260] GPU 0     0.785        0.511        0.304        1920         2100         4                           607305825378624             
[2026-06-02 06:35:21.759374] GPU 0     0.390        0.103        0.255        1980         2100         0                           607305825378624             
[2026-06-02 06:35:21.809424] #Entity   SMACT        SMOCC        DRAMA        SMCLK        SMMAX        DVCCTR                      TAPCV                       
[2026-06-02 06:35:21.809577] ID                                                                                                                                 
[2026-06-02 06:35:21.811721] GPU 0     0.507        0.139        0.332        1980         2100         0                           607305825378624             
[2026-06-02 06:35:21.864081] GPU 0     0.463        0.133        0.305        1980         2100         0                           607305825378624             
[2026-06-02 06:35:21.916420] GPU 0     0.444        0.165        0.319        1980         2100         0                           607305825378624             
[2026-06-02 06:35:21.968758] GPU 0     0.510        0.170        0.373        1980         2100         0                           607305825378624             
[2026-06-02 06:35:22.021123] GPU 0     0.444        0.187        0.369        1980         2100         0                           607305825378624             
[2026-06-02 06:35:22.073365] GPU 0     0.372        0.165        0.295        1980         2100         0                           607305825378624             
[2026-06-02 06:35:22.125805] GPU 0     0.373        0.169        0.283        1980         2100         0                           607305825378624             
[2026-06-02 06:35:22.178321] GPU 0     0.278        0.108        0.207        1980         2100         0                           607305825378624             
[2026-06-02 06:35:22.230768] GPU 0     0.481        0.147        0.360        1980         2100         0                           607305825378624             
[2026-06-02 06:35:22.283246] GPU 0     0.478        0.211        0.402        1980         2100         0                           607305825378624             
[2026-06-02 06:35:22.335676] GPU 0     0.482        0.212        0.404        1980         2100         0                           607305825378624             
[2026-06-02 06:35:22.388137] GPU 0     0.475        0.209        0.397        1980         2100         0                           607305825378624             
[2026-06-02 06:35:22.440544] GPU 0     0.389        0.158        0.288        1980         2100         0                           607305825378624             
[2026-06-02 06:35:22.493013] GPU 0     0.477        0.144        0.353        1980         2100         0                           607305825378624             
[2026-06-02 06:35:22.543191] #Entity   SMACT        SMOCC        DRAMA        SMCLK        SMMAX        DVCCTR                      TAPCV                       
[2026-06-02 06:35:22.543335] ID                                                                                                                                 
[2026-06-02 06:35:22.545549] GPU 0     0.000        0.000        0.000        1980         2100         0                           607305825378624             
[2026-06-02 06:35:22.598387] GPU 0     0.000        0.000        0.000        1980         2100         0                           607305825378624             
[2026-06-02 06:35:22.651436] GPU 0     0.000        0.000        0.000        1980         2100         0                           607305825378624             
[2026-06-02 06:35:22.704280] GPU 0     0.000        0.000        0.000        1980         2100         0                           607305825378624             
[2026-06-02 06:35:22.757241] GPU 0     0.000        0.000        0.000        1980         2100         0                           607305825378624             
[2026-06-02 06:35:22.809958] GPU 0     0.000        0.000        0.000        1980         2100         0                           607305825378624             
[2026-06-02 06:35:22.862912] GPU 0     0.000        0.000        0.000        1980         2100         0                           607305825378624             
[2026-06-02 06:35:22.915640] GPU 0     0.000        0.000        0.000        1980         2100         0                           607305825378624             
[2026-06-02 06:35:22.968028] GPU 0     0.000        0.000        0.000        1980         2100         0                           607305825378624             
[2026-06-02 06:35:23.020894] GPU 0     0.000        0.000        0.000        1980         2100         0                           607305825378624             
[2026-06-02 06:35:23.073812] GPU 0     0.000        0.000        0.000        1980         2100         0                           607305825378624             
[2026-06-02 06:35:23.126788] GPU 0     0.000        0.000        0.000        1980         2100         0                           607305825378624             
[2026-06-02 06:35:23.179770] GPU 0     0.000        0.000        0.000        1980         2100         0                           607305825378624             
[2026-06-02 06:35:23.232620] GPU 0     0.000        0.000        0.000        1980         2100         0                           607305825378624             
[2026-06-02 06:35:23.284555] #Entity   SMACT        SMOCC        DRAMA        SMCLK        SMMAX        DVCCTR                      TAPCV                       
[2026-06-02 06:35:23.284781] ID                                                                                                                                 
[2026-06-02 06:35:23.287615] GPU 0     0.000        0.000        0.000        1980         2100         0                           607305825378624             
[2026-06-02 06:35:23.340285] GPU 0     0.647        0.437        0.236        1935         2100         4                           607305825378624             
[2026-06-02 06:35:23.392096] GPU 0     0.920        0.619        0.331        1920         2100         4                           607305825378624             
[2026-06-02 06:35:23.444106] GPU 0     0.625        0.414        0.245        1935         2100         4                           607305825378624             
[2026-06-02 06:35:23.495950] GPU 0     0.921        0.624        0.330        1920         2100         4                           607305825378624             
[2026-06-02 06:35:23.547865] GPU 0     0.500        0.239        0.255        1980         2100         4                           607305825378624             
[2026-06-02 06:35:23.600108] GPU 0     0.400        0.102        0.261        1980         2100         0                           607305825378624             
[2026-06-02 06:35:23.652561] GPU 0     0.036        0.014        0.020        1980         2100         0                           607305825378624             
[2026-06-02 06:35:23.705280] GPU 0     0.000        0.000        0.000        1980         2100         0                           607305825378624             
[2026-06-02 06:35:23.758250] GPU 0     0.000        0.000        0.000        1980         2100         0                           607305825378624             
[2026-06-02 06:35:23.811393] GPU 0     0.000        0.000        0.000        1980         2100         0                           607305825378624             
[2026-06-02 06:35:23.864557] GPU 0     0.000        0.000        0.000        1980         2100         0                           607305825378624             
[2026-06-02 06:35:23.917584] GPU 0     0.000        0.000        0.000        1980         2100         0                           607305825378624             
[2026-06-02 06:35:23.970814] GPU 0     0.000        0.000        0.000        1980         2100         0                           607305825378624             
[2026-06-02 06:35:24.021003] #Entity   SMACT        SMOCC        DRAMA        SMCLK        SMMAX        DVCCTR                      TAPCV                       
[2026-06-02 06:35:24.021182] ID                                                                                                                                 
[2026-06-02 06:35:24.023991] GPU 0     0.000        0.000        0.000        1980         2100         0                           607305825378624             
[2026-06-02 06:35:24.077116] GPU 0     0.000        0.000        0.000        1980         2100         0                           607305825378624             
[2026-06-02 06:35:24.130113] GPU 0     0.000        0.000        0.000        1980         2100         0                           607305825378624             
[2026-06-02 06:35:24.183123] GPU 0     0.000        0.000        0.000        1980         2100         0                           607305825378624             
[2026-06-02 06:35:24.236222] GPU 0     0.000        0.000        0.000        1980         2100         0                           607305825378624             
[2026-06-02 06:35:24.289263] GPU 0     0.000        0.000        0.000        1980         2100         0                           607305825378624             
[2026-06-02 06:35:24.342426] GPU 0     0.000        0.000        0.000        1980         2100         0                           607305825378624             
[2026-06-02 06:35:24.395463] GPU 0     0.000        0.000        0.000        1980         2100         0                           607305825378624             
[2026-06-02 06:35:24.448146] GPU 0     0.000        0.000        0.000        1980         2100         0                           607305825378624             
[2026-06-02 06:35:24.501015] GPU 0     0.000        0.000        0.000        1980         2100         0                           607305825378624             
[2026-06-02 06:35:24.553949] GPU 0     0.000        0.000        0.000        1980         2100         0                           607305825378624             
[2026-06-02 06:35:24.606971] GPU 0     0.000        0.000        0.000        1980         2100         0                           607305825378624             
[2026-06-02 06:35:24.659887] GPU 0     0.000        0.000        0.000        1980         2100         0                           607305825378624             
[2026-06-02 06:35:24.712621] GPU 0     0.000        0.000        0.000        1980         2100         0                           607305825378624             
[2026-06-02 06:35:24.762775] #Entity   SMACT        SMOCC        DRAMA        SMCLK        SMMAX        DVCCTR                      TAPCV                       
[2026-06-02 06:35:24.762950] ID                                                                                                                                 
[2026-06-02 06:35:24.765541] GPU 0     0.000        0.000        0.000        1980         2100         0                           607305825378624             
[2026-06-02 06:35:24.818485] GPU 0     0.000        0.000        0.000        1980         2100         0                           607305825378624             
[2026-06-02 06:35:24.871533] GPU 0     0.000        0.000        0.000        1980         2100         0                           607305825378624             
[2026-06-02 06:35:24.924597] GPU 0     0.000        0.000        0.000        1980         2100         0                           607305825378624             
[2026-06-02 06:35:24.977657] GPU 0     0.000        0.000        0.000        1980         2100         0                           607305825378624             
[2026-06-02 06:35:25.030599] GPU 0     0.000        0.000        0.000        1980         2100         0                           607305825378624             
[2026-06-02 06:35:25.083573] GPU 0     0.000        0.000        0.000        1980         2100         0                           607305825378624             
[2026-06-02 06:35:25.136717] GPU 0     0.000        0.000        0.000        1980         2100         0                           607305825378624             
[2026-06-02 06:35:25.189806] GPU 0     0.000        0.000        0.000        1980         2100         0                           607305825378624             
[2026-06-02 06:35:25.242880] GPU 0     0.000        0.000        0.000        1980         2100         0                           607305825378624             
[2026-06-02 06:35:25.296187] GPU 0     0.000        0.000        0.000        1980         2100         0                           607305825378624             
[2026-06-02 06:35:25.347743] GPU 0     0.607        0.410        0.220        1920         2100         4                           607305825378624             
[2026-06-02 06:35:25.399974] GPU 0     0.920        0.617        0.331        1965         2100         4                           607305825378624             
[2026-06-02 06:35:25.451951] GPU 0     0.571        0.377        0.224        1935         2100         4                           607305825378624             
[2026-06-02 06:35:25.502085] #Entity   SMACT        SMOCC        DRAMA        SMCLK        SMMAX        DVCCTR                      TAPCV                       
[2026-06-02 06:35:25.502237] ID                                                                                                                                 
[2026-06-02 06:35:25.503948] GPU 0     0.921        0.624        0.331        1965         2100         4                           607305825378624             
[2026-06-02 06:35:25.556082] GPU 0     0.528        0.289        0.247        1980         2100         0                           607305825378624             
[2026-06-02 06:35:25.607924] GPU 0     0.320        0.081        0.208        1980         2100         0                           607305825378624             
[2026-06-02 06:35:25.660190] GPU 0     0.309        0.086        0.198        1980         2100         0                           607305825378624             
[2026-06-02 06:35:25.712800] GPU 0     0.000        0.000        0.000        1980         2100         0                           607305825378624             
[2026-06-02 06:35:25.765818] GPU 0     0.000        0.000        0.000        1980         2100         0                           607305825378624             
[2026-06-02 06:35:25.818927] GPU 0     0.000        0.000        0.000        1980         2100         0                           607305825378624             
[2026-06-02 06:35:25.871512] GPU 0     0.000        0.000        0.000        1980         2100         0                           607305825378624             
[2026-06-02 06:35:25.924167] GPU 0     0.000        0.000        0.000        1980         2100         0                           607305825378624             
[2026-06-02 06:35:25.977102] GPU 0     0.000        0.000        0.000        1980         2100         0                           607305825378624             
[2026-06-02 06:35:26.029603] GPU 0     0.000        0.000        0.000        1980         2100         0                           607305825378624             
[2026-06-02 06:35:26.082206] GPU 0     0.000        0.000        0.000        1980         2100         0                           607305825378624             
[2026-06-02 06:35:26.134819] GPU 0     0.000        0.000        0.000        1980         2100         0                           607305825378624             
[2026-06-02 06:35:26.187305] GPU 0     0.000        0.000        0.000        1980         2100         0                           607305825378624             
[2026-06-02 06:35:26.237499] #Entity   SMACT        SMOCC        DRAMA        SMCLK        SMMAX        DVCCTR                      TAPCV                       
[2026-06-02 06:35:26.237624] ID                                                                                                                                 
[2026-06-02 06:35:26.239421] GPU 0     0.000        0.000        0.000        1980         2100         0                           607305825378624             
[2026-06-02 06:35:26.292349] GPU 0     0.000        0.000        0.000        1980         2100         0                           607305825378624             
[2026-06-02 06:35:26.345332] GPU 0     0.000        0.000        0.000        1980         2100         0                           607305825378624             
[2026-06-02 06:35:26.398249] GPU 0     0.000        0.000        0.000        1980         2100         0                           607305825378624             
[2026-06-02 06:35:26.451270] GPU 0     0.000        0.000        0.000        1980         2100         0                           607305825378624             
[2026-06-02 06:35:26.504322] GPU 0     0.000        0.000        0.000        1980         2100         0                           607305825378624             
[2026-06-02 06:35:26.557240] GPU 0     0.000        0.000        0.000        1980         2100         0                           607305825378624             
[2026-06-02 06:35:26.610147] GPU 0     0.000        0.000        0.000        1980         2100         0                           607305825378624             
[2026-06-02 06:35:26.663186] GPU 0     0.000        0.000        0.000        1980         2100         0                           607305825378624             
[2026-06-02 06:35:26.716213] GPU 0     0.000        0.000        0.000        1980         2100         0                           607305825378624             
[2026-06-02 06:35:26.769124] GPU 0     0.000        0.000        0.000        1980         2100         0                           607305825378624             
[2026-06-02 06:35:26.821740] GPU 0     0.000        0.000        0.000        1980         2100         0                           607305825378624             
[2026-06-02 06:35:26.874814] GPU 0     0.000        0.000        0.000        1980         2100         0                           607305825378624             
[2026-06-02 06:35:26.927915] GPU 0     0.000        0.000        0.000        1980         2100         0                           607305825378624             
[2026-06-02 06:35:26.978098] #Entity   SMACT        SMOCC        DRAMA        SMCLK        SMMAX        DVCCTR                      TAPCV                       
[2026-06-02 06:35:26.978255] ID                                                                                                                                 
[2026-06-02 06:35:26.980940] GPU 0     0.000        0.000        0.000        1980         2100         0                           607305825378624             
[2026-06-02 06:35:27.034307] GPU 0     0.000        0.000        0.000        1980         2100         0                           607305825378624             
[2026-06-02 06:35:27.087349] GPU 0     0.000        0.000        0.000        1980         2100         0                           607305825378624             
[2026-06-02 06:35:27.140416] GPU 0     0.000        0.000        0.000        1980         2100         0                           607305825378624             
[2026-06-02 06:35:27.193264] GPU 0     0.000        0.000        0.000        1980         2100         0                           607305825378624             
[2026-06-02 06:35:27.245956] GPU 0     0.000        0.000        0.000        1980         2100         0                           607305825378624             
[2026-06-02 06:35:27.300069] GPU 0     0.000        0.000        0.000        1980         2100         0                           607305825378624             
[2026-06-02 06:35:27.352399] GPU 0     0.920        0.617        0.333        1965         2100         4                           607305825378624             
[2026-06-02 06:35:27.404566] GPU 0     0.720        0.476        0.278        1935         2100         4                           607305825378624             
[2026-06-02 06:35:27.456486] GPU 0     0.720        0.476        0.278        1935         2100         4                           607305825378624             
[2026-06-02 06:35:27.508476] GPU 0     0.889        0.601        0.321        1935         2100         4                           607305825378624             
[2026-06-02 06:35:27.560468] GPU 0     0.318        0.083        0.215        1980         2100         0                           607305825378624             
[2026-06-02 06:35:27.612667] GPU 0     0.244        0.066        0.157        1980         2100         0                           607305825378624             
[2026-06-02 06:35:27.665269] GPU 0     0.000        0.000        0.000        1980         2100         0                           607305825378624             
[2026-06-02 06:35:27.715458] #Entity   SMACT        SMOCC        DRAMA        SMCLK        SMMAX        DVCCTR                      TAPCV                       
[2026-06-02 06:35:27.715577] ID                                                                                                                                 
[2026-06-02 06:35:27.717643] GPU 0     0.000        0.000        0.000        1980         2100         0                           607305825378624             
[2026-06-02 06:35:27.770721] GPU 0     0.000        0.000        0.000        1980         2100         0                           607305825378624             
[2026-06-02 06:35:27.823635] GPU 0     0.000        0.000        0.000        1980         2100         0                           607305825378624             
[2026-06-02 06:35:27.876494] GPU 0     0.000        0.000        0.000        1980         2100         0                           607305825378624             
[2026-06-02 06:35:27.929257] GPU 0     0.000        0.000        0.000        1980         2100         0                           607305825378624             
[2026-06-02 06:35:27.982154] GPU 0     0.000        0.000        0.000        1980         2100         0                           607305825378624             
[2026-06-02 06:35:28.035133] GPU 0     0.000        0.000        0.000        1980         2100         0                           607305825378624             
[2026-06-02 06:35:28.087977] GPU 0     0.000        0.000        0.000        1980         2100         0                           607305825378624             
[2026-06-02 06:35:28.141243] GPU 0     0.000        0.000        0.000        1980         2100         0                           607305825378624             
[2026-06-02 06:35:28.194253] GPU 0     0.000        0.000        0.000        1980         2100         0                           607305825378624             
[2026-06-02 06:35:28.247138] GPU 0     0.000        0.000        0.000        1980         2100         0                           607305825378624             
[2026-06-02 06:35:28.299946] GPU 0     0.000        0.000        0.000        1980         2100         0                           607305825378624             
[2026-06-02 06:35:28.353166] GPU 0     0.000        0.000        0.000        1980         2100         0                           607305825378624             
[2026-06-02 06:35:28.406324] GPU 0     0.000        0.000        0.000        1980         2100         0                           607305825378624             
[2026-06-02 06:35:28.456511] #Entity   SMACT        SMOCC        DRAMA        SMCLK        SMMAX        DVCCTR                      TAPCV                       
[2026-06-02 06:35:28.456675] ID                                                                                                                                 
[2026-06-02 06:35:28.459462] GPU 0     0.000        0.000        0.000        1980         2100         0                           607305825378624             
[2026-06-02 06:35:28.512379] GPU 0     0.000        0.000        0.000        1980         2100         0                           607305825378624             
[2026-06-02 06:35:28.565410] GPU 0     0.000        0.000        0.000        1980         2100         0                           607305825378624             
[2026-06-02 06:35:28.618539] GPU 0     0.000        0.000        0.000        1980         2100         0                           607305825378624             
[2026-06-02 06:35:28.671555] GPU 0     0.000        0.000        0.000        1980         2100         0                           607305825378624             
[2026-06-02 06:35:28.724602] GPU 0     0.000        0.000        0.000        1980         2100         0                           607305825378624             
[2026-06-02 06:35:28.783205] GPU 0     0.000        0.000        0.000        1980         2100         0                           607305825378624             
[2026-06-02 06:35:28.836599] GPU 0     0.000        0.000        0.000        1980         2100         0                           607305825378624             
[2026-06-02 06:35:28.889588] GPU 0     0.000        0.000        0.000        1980         2100         0                           607305825378624             
[2026-06-02 06:35:28.942467] GPU 0     0.000        0.000        0.000        1980         2100         0                           607305825378624             
[2026-06-02 06:35:28.995522] GPU 0     0.000        0.000        0.000        1980         2100         0                           607305825378624             
[2026-06-02 06:35:29.048402] GPU 0     0.000        0.000        0.000        1980         2100         0                           607305825378624             
[2026-06-02 06:35:29.101382] GPU 0     0.000        0.000        0.000        1980         2100         0                           607305825378624             
[2026-06-02 06:35:29.154244] GPU 0     0.000        0.000        0.000        1980         2100         0                           607305825378624             
[2026-06-02 06:35:29.204354] #Entity   SMACT        SMOCC        DRAMA        SMCLK        SMMAX        DVCCTR                      TAPCV                       
[2026-06-02 06:35:29.204592] ID                                                                                                                                 
[2026-06-02 06:35:29.206956] GPU 0     0.000        0.000        0.000        1980         2100         0                           607305825378624             
[2026-06-02 06:35:29.259556] GPU 0     0.000        0.000        0.000        1980         2100         0                           607305825378624             
[2026-06-02 06:35:29.312617] GPU 0     0.000        0.000        0.000        1980         2100         0                           607305825378624             
[2026-06-02 06:35:29.365365] GPU 0     0.667        0.450        0.243        1920         2100         4                           607305825378624             
[2026-06-02 06:35:29.417504] GPU 0     0.920        0.618        0.330        1965         2100         4                           607305825378624             
[2026-06-02 06:35:29.469572] GPU 0     0.716        0.475        0.276        1920         2100         4                           607305825378624             
[2026-06-02 06:35:29.521822] GPU 0     0.922        0.628        0.328        1950         2100         4                           607305825378624             
[2026-06-02 06:35:29.574026] GPU 0     0.396        0.171        0.219        1980         2100         4                           607305825378624             
[2026-06-02 06:35:29.626100] GPU 0     0.088        0.028        0.054        1980         2100         0                           607305825378624             
[2026-06-02 06:35:29.678254] GPU 0     0.000        0.000        0.000        1980         2100         0                           607305825378624             
[2026-06-02 06:35:29.730798] GPU 0     0.000        0.000        0.000        1980         2100         0                           607305825378624             
[2026-06-02 06:35:29.783411] GPU 0     0.000        0.000        0.000        1980         2100         0                           607305825378624             
[2026-06-02 06:35:29.836538] GPU 0     0.000        0.000        0.000        1980         2100         0                           607305825378624             
[2026-06-02 06:35:29.889211] GPU 0     0.000        0.000        0.000        1980         2100         0                           607305825378624             
[2026-06-02 06:35:29.939415] #Entity   SMACT        SMOCC        DRAMA        SMCLK        SMMAX        DVCCTR                      TAPCV                       
[2026-06-02 06:35:29.939575] ID                                                                                                                                 
[2026-06-02 06:35:29.942216] GPU 0     0.000        0.000        0.000        1980         2100         0                           607305825378624             
[2026-06-02 06:35:29.995271] GPU 0     0.000        0.000        0.000        1980         2100         0                           607305825378624             
[2026-06-02 06:35:30.048427] GPU 0     0.000        0.000        0.000        1980         2100         0                           607305825378624             
[2026-06-02 06:35:30.101296] GPU 0     0.000        0.000        0.000        1980         2100         0                           607305825378624             
[2026-06-02 06:35:30.154403] GPU 0     0.000        0.000        0.000        1980         2100         0                           607305825378624             
[2026-06-02 06:35:30.207324] GPU 0     0.000        0.000        0.000        1980         2100         0                           607305825378624             
[2026-06-02 06:35:30.260211] GPU 0     0.000        0.000        0.000        1980         2100         0                           607305825378624             
[2026-06-02 06:35:30.313185] GPU 0     0.000        0.000        0.000        1980         2100         0                           607305825378624             
[2026-06-02 06:35:30.366334] GPU 0     0.000        0.000        0.000        1980         2100         0                           607305825378624             
[2026-06-02 06:35:30.419121] GPU 0     0.000        0.000        0.000        1980         2100         0                           607305825378624             
[2026-06-02 06:35:30.471918] GPU 0     0.000        0.000        0.000        1980         2100         0                           607305825378624             
[2026-06-02 06:35:30.524921] GPU 0     0.000        0.000        0.000        1980         2100         0                           607305825378624             
[2026-06-02 06:35:30.577732] GPU 0     0.000        0.000        0.000        1980         2100         0                           607305825378624             
[2026-06-02 06:35:30.630790] GPU 0     0.000        0.000        0.000        1980         2100         0                           607305825378624             
[2026-06-02 06:35:30.680988] #Entity   SMACT        SMOCC        DRAMA        SMCLK        SMMAX        DVCCTR                      TAPCV                       
[2026-06-02 06:35:30.681179] ID                                                                                                                                 
[2026-06-02 06:35:30.683823] GPU 0     0.000        0.000        0.000        1980         2100         0                           607305825378624             
[2026-06-02 06:35:30.736958] GPU 0     0.000        0.000        0.000        1980         2100         0                           607305825378624             
[2026-06-02 06:35:30.789959] GPU 0     0.000        0.000        0.000        1980         2100         0                           607305825378624             
[2026-06-02 06:35:30.842846] GPU 0     0.000        0.000        0.000        1980         2100         0                           607305825378624             
[2026-06-02 06:35:30.895925] GPU 0     0.000        0.000        0.000        1980         2100         0                           607305825378624             
[2026-06-02 06:35:30.948627] GPU 0     0.000        0.000        0.000        1980         2100         0                           607305825378624             
[2026-06-02 06:35:31.001464] GPU 0     0.000        0.000        0.000        1980         2100         0                           607305825378624             
[2026-06-02 06:35:31.054366] GPU 0     0.000        0.000        0.000        1980         2100         0                           607305825378624             
[2026-06-02 06:35:31.107506] GPU 0     0.000        0.000        0.000        1980         2100         0                           607305825378624             
[2026-06-02 06:35:31.160474] GPU 0     0.000        0.000        0.000        1980         2100         0                           607305825378624             
[2026-06-02 06:35:31.213279] GPU 0     0.000        0.000        0.000        1980         2100         0                           607305825378624             
[2026-06-02 06:35:31.266231] GPU 0     0.000        0.000        0.000        1980         2100         0                           607305825378624             
[2026-06-02 06:35:31.319260] GPU 0     0.411        0.277        0.150        1980         2100         0                           607305825378624             
[2026-06-02 06:35:31.372201] GPU 0     0.922        0.623        0.331        1920         2100         4                           607305825378624             
[2026-06-02 06:35:31.422394] #Entity   SMACT        SMOCC        DRAMA        SMCLK        SMMAX        DVCCTR                      TAPCV                       
[2026-06-02 06:35:31.422536] ID                                                                                                                                 
[2026-06-02 06:35:31.424554] GPU 0     0.714        0.469        0.277        1980         2100         4                           607305825378624             
[2026-06-02 06:35:31.476809] GPU 0     0.922        0.628        0.329        1920         2100         4                           607305825378624             
[2026-06-02 06:35:31.529178] GPU 0     0.518        0.270        0.250        1965         2100         4                           607305825378624             
[2026-06-02 06:35:31.581440] GPU 0     0.472        0.120        0.308        1980         2100         4                           607305825378624             
[2026-06-02 06:35:31.633937] GPU 0     0.118        0.036        0.073        1980         2100         0                           607305825378624             
[2026-06-02 06:35:31.686302] GPU 0     0.000        0.000        0.000        1980         2100         0                           607305825378624             
[2026-06-02 06:35:31.739150] GPU 0     0.000        0.000        0.000        1980         2100         0                           607305825378624             
[2026-06-02 06:35:31.792136] GPU 0     0.000        0.000        0.000        1980         2100         0                           607305825378624             
[2026-06-02 06:35:31.845272] GPU 0     0.000        0.000        0.000        1980         2100         0                           607305825378624             
[2026-06-02 06:35:31.898399] GPU 0     0.000        0.000        0.000        1980         2100         0                           607305825378624             
[2026-06-02 06:35:31.951159] GPU 0     0.000        0.000        0.000        1980         2100         0                           607305825378624             
[2026-06-02 06:35:32.004021] GPU 0     0.000        0.000        0.000        1980         2100         0                           607305825378624             
[2026-06-02 06:35:32.057175] GPU 0     0.000        0.000        0.000        1980         2100         0                           607305825378624             
[2026-06-02 06:35:32.110362] GPU 0     0.000        0.000        0.000        1980         2100         0                           607305825378624             
[2026-06-02 06:35:32.160560] #Entity   SMACT        SMOCC        DRAMA        SMCLK        SMMAX        DVCCTR                      TAPCV                       
[2026-06-02 06:35:32.160735] ID                                                                                                                                 
[2026-06-02 06:35:32.163535] GPU 0     0.000        0.000        0.000        1980         2100         0                           607305825378624             
[2026-06-02 06:35:32.216528] GPU 0     0.000        0.000        0.000        1980         2100         0                           607305825378624             
[2026-06-02 06:35:32.269460] GPU 0     0.000        0.000        0.000        1980         2100         0                           607305825378624             
[2026-06-02 06:35:32.322575] GPU 0     0.000        0.000        0.000        1980         2100         0                           607305825378624             
[2026-06-02 06:35:32.375833] GPU 0     0.000        0.000        0.000        1980         2100         0                           607305825378624             
[2026-06-02 06:35:32.428833] GPU 0     0.000        0.000        0.000        1980         2100         0                           607305825378624             
[2026-06-02 06:35:32.481987] GPU 0     0.000        0.000        0.000        1980         2100         0                           607305825378624             
[2026-06-02 06:35:32.534961] GPU 0     0.000        0.000        0.000        1980         2100         0                           607305825378624             
[2026-06-02 06:35:32.588114] GPU 0     0.000        0.000        0.000        1980         2100         0                           607305825378624             
[2026-06-02 06:35:32.641263] GPU 0     0.000        0.000        0.000        1980         2100         0                           607305825378624             
[2026-06-02 06:35:32.694383] GPU 0     0.000        0.000        0.000        1980         2100         0                           607305825378624             
[2026-06-02 06:35:32.747552] GPU 0     0.000        0.000        0.000        1980         2100         0                           607305825378624             
[2026-06-02 06:35:32.800598] GPU 0     0.000        0.000        0.000        1980         2100         0                           607305825378624             
[2026-06-02 06:35:32.853687] GPU 0     0.000        0.000        0.000        1980         2100         0                           607305825378624             
[2026-06-02 06:35:32.903865] #Entity   SMACT        SMOCC        DRAMA        SMCLK        SMMAX        DVCCTR                      TAPCV                       
[2026-06-02 06:35:32.904040] ID                                                                                                                                 
[2026-06-02 06:35:32.906978] GPU 0     0.000        0.000        0.000        1980         2100         0                           607305825378624             
[2026-06-02 06:35:32.960179] GPU 0     0.000        0.000        0.000        1980         2100         0                           607305825378624             
[2026-06-02 06:35:33.013285] GPU 0     0.000        0.000        0.000        1980         2100         0                           607305825378624             
[2026-06-02 06:35:33.066456] GPU 0     0.000        0.000        0.000        1980         2100         0                           607305825378624             
[2026-06-02 06:35:33.119579] GPU 0     0.000        0.000        0.000        1980         2100         0                           607305825378624             
[2026-06-02 06:35:33.172702] GPU 0     0.000        0.000        0.000        1980         2100         0                           607305825378624             
[2026-06-02 06:35:33.225504] GPU 0     0.000        0.000        0.000        1980         2100         0                           607305825378624             
[2026-06-02 06:35:33.278773] GPU 0     0.000        0.000        0.000        1980         2100         0                           607305825378624             
[2026-06-02 06:35:33.332772] GPU 0     0.306        0.204        0.112        1980         2100         0                           607305825378624             
[2026-06-02 06:35:33.386044] GPU 0     0.922        0.628        0.330        1920         2100         4                           607305825378624             
[2026-06-02 06:35:33.438328] GPU 0     0.698        0.459        0.270        1965         2100         4                           607305825378624             
[2026-06-02 06:35:33.490457] GPU 0     0.921        0.622        0.331        1920         2100         4                           607305825378624             
[2026-06-02 06:35:33.542687] GPU 0     0.546        0.313        0.244        1950         2100         4                           607305825378624             
[2026-06-02 06:35:33.595045] GPU 0     0.459        0.116        0.299        1980         2100         0                           607305825378624             
[2026-06-02 06:35:33.645246] #Entity   SMACT        SMOCC        DRAMA        SMCLK        SMMAX        DVCCTR                      TAPCV                       
[2026-06-02 06:35:33.645384] ID                                                                                                                                 
[2026-06-02 06:35:33.647530] GPU 0     0.255        0.067        0.169        1980         2100         0                           607305825378624             
[2026-06-02 06:35:33.700076] GPU 0     0.039        0.016        0.021        1980         2100         0                           607305825378624             
[2026-06-02 06:35:33.752872] GPU 0     0.000        0.000        0.000        1980         2100         0                           607305825378624             
[2026-06-02 06:35:33.806244] GPU 0     0.000        0.000        0.000        1980         2100         0                           607305825378624             
[2026-06-02 06:35:33.859106] GPU 0     0.000        0.000        0.000        1980         2100         0                           607305825378624             
[2026-06-02 06:35:33.912043] GPU 0     0.000        0.000        0.000        1980         2100         0                           607305825378624             
[2026-06-02 06:35:33.964923] GPU 0     0.000        0.000        0.000        1980         2100         0                           607305825378624             
[2026-06-02 06:35:34.018142] GPU 0     0.000        0.000        0.000        1980         2100         0                           607305825378624             
[2026-06-02 06:35:34.071235] GPU 0     0.000        0.000        0.000        1980         2100         0                           607305825378624             
[2026-06-02 06:35:34.124019] GPU 0     0.000        0.000        0.000        1980         2100         0                           607305825378624             
[2026-06-02 06:35:34.176996] GPU 0     0.000        0.000        0.000        1980         2100         0                           607305825378624             
[2026-06-02 06:35:34.230013] GPU 0     0.000        0.000        0.000        1980         2100         0                           607305825378624             
[2026-06-02 06:35:34.282845] GPU 0     0.000        0.000        0.000        1980         2100         0                           607305825378624             
[2026-06-02 06:35:34.336057] GPU 0     0.000        0.000        0.000        1980         2100         0                           607305825378624             
[2026-06-02 06:35:34.386212] #Entity   SMACT        SMOCC        DRAMA        SMCLK        SMMAX        DVCCTR                      TAPCV                       
[2026-06-02 06:35:34.386385] ID                                                                                                                                 
[2026-06-02 06:35:34.389043] GPU 0     0.000        0.000        0.000        1980         2100         0                           607305825378624             
[2026-06-02 06:35:34.442183] GPU 0     0.000        0.000        0.000        1980         2100         0                           607305825378624             
[2026-06-02 06:35:34.495070] GPU 0     0.000        0.000        0.000        1980         2100         0                           607305825378624             
[2026-06-02 06:35:34.547852] GPU 0     0.000        0.000        0.000        1980         2100         0                           607305825378624             
[2026-06-02 06:35:34.600735] GPU 0     0.000        0.000        0.000        1980         2100         0                           607305825378624             
[2026-06-02 06:35:34.653721] GPU 0     0.000        0.000        0.000        1980         2100         0                           607305825378624             
[2026-06-02 06:35:34.706516] GPU 0     0.000        0.000        0.000        1980         2100         0                           607305825378624             
[2026-06-02 06:35:34.759148] GPU 0     0.000        0.000        0.000        1980         2100         0                           607305825378624             
[2026-06-02 06:35:34.811957] GPU 0     0.000        0.000        0.000        1980         2100         0                           607305825378624             
[2026-06-02 06:35:34.864889] GPU 0     0.000        0.000        0.000        1980         2100         0                           607305825378624             
[2026-06-02 06:35:34.917599] GPU 0     0.000        0.000        0.000        1980         2100         0                           607305825378624             
[2026-06-02 06:35:34.970732] GPU 0     0.000        0.000        0.000        1980         2100         0                           607305825378624             
[2026-06-02 06:35:35.023614] GPU 0     0.000        0.000        0.000        1980         2100         0                           607305825378624             
[2026-06-02 06:35:35.076367] GPU 0     0.000        0.000        0.000        1980         2100         0                           607305825378624             
[2026-06-02 06:35:35.126536] #Entity   SMACT        SMOCC        DRAMA        SMCLK        SMMAX        DVCCTR                      TAPCV                       
[2026-06-02 06:35:35.126660] ID                                                                                                                                 
[2026-06-02 06:35:35.128766] GPU 0     0.000        0.000        0.000        1980         2100         0                           607305825378624             
[2026-06-02 06:35:35.181621] GPU 0     0.000        0.000        0.000        1980         2100         0                           607305825378624             
[2026-06-02 06:35:35.234513] GPU 0     0.000        0.000        0.000        1980         2100         0                           607305825378624             
[2026-06-02 06:35:35.287435] GPU 0     0.000        0.000        0.000        1980         2100         0                           607305825378624             
[2026-06-02 06:35:35.341164] GPU 0     0.000        0.000        0.000        1980         2100         0                           607305825378624             
[2026-06-02 06:35:35.394103] GPU 0     0.920        0.615        0.333        1980         2100         0                           607305825378624             
[2026-06-02 06:35:35.446319] GPU 0     0.920        0.615        0.333        1920         2100         4                           607305825378624             
[2026-06-02 06:35:35.498742] GPU 0     0.731        0.488        0.278        1920         2100         4                           607305825378624             
[2026-06-02 06:35:35.551030] GPU 0     0.922        0.624        0.330        1950         2100         4                           607305825378624             
[2026-06-02 06:35:35.603395] GPU 0     0.466        0.220        0.243        1980         2100         0                           607305825378624             
[2026-06-02 06:35:35.655902] GPU 0     0.473        0.121        0.309        1980         2100         0                           607305825378624             
[2026-06-02 06:35:35.708414] GPU 0     0.394        0.106        0.260        1980         2100         0                           607305825378624             
[2026-06-02 06:35:35.761125] GPU 0     0.041        0.018        0.022        1980         2100         0                           607305825378624             
[2026-06-02 06:35:35.814261] GPU 0     0.000        0.000        0.000        1980         2100         0                           607305825378624             
[2026-06-02 06:35:35.864459] #Entity   SMACT        SMOCC        DRAMA        SMCLK        SMMAX        DVCCTR                      TAPCV                       
[2026-06-02 06:35:35.864610] ID                                                                                                                                 
[2026-06-02 06:35:35.867285] GPU 0     0.000        0.000        0.000        1980         2100         0                           607305825378624             
[2026-06-02 06:35:35.920422] GPU 0     0.000        0.000        0.000        1980         2100         0                           607305825378624             
[2026-06-02 06:35:35.973253] GPU 0     0.000        0.000        0.000        1980         2100         0                           607305825378624             
[2026-06-02 06:35:36.026489] GPU 0     0.000        0.000        0.000        1980         2100         0                           607305825378624             
[2026-06-02 06:35:36.079658] GPU 0     0.000        0.000        0.000        1980         2100         0                           607305825378624             
[2026-06-02 06:35:36.132651] GPU 0     0.000        0.000        0.000        1980         2100         0                           607305825378624             
[2026-06-02 06:35:36.185651] GPU 0     0.000        0.000        0.000        1980         2100         0                           607305825378624             
[2026-06-02 06:35:36.238636] GPU 0     0.000        0.000        0.000        1980         2100         0                           607305825378624             
[2026-06-02 06:35:36.291777] GPU 0     0.000        0.000        0.000        1980         2100         0                           607305825378624             
[2026-06-02 06:35:36.344728] GPU 0     0.000        0.000        0.000        1980         2100         0                           607305825378624             
[2026-06-02 06:35:36.397817] GPU 0     0.000        0.000        0.000        1980         2100         0                           607305825378624             
[2026-06-02 06:35:36.450855] GPU 0     0.000        0.000        0.000        1980         2100         0                           607305825378624             
[2026-06-02 06:35:36.503964] GPU 0     0.000        0.000        0.000        1980         2100         0                           607305825378624             
[2026-06-02 06:35:36.557046] GPU 0     0.000        0.000        0.000        1980         2100         0                           607305825378624             
[2026-06-02 06:35:36.607180] #Entity   SMACT        SMOCC        DRAMA        SMCLK        SMMAX        DVCCTR                      TAPCV                       
[2026-06-02 06:35:36.607331] ID                                                                                                                                 
[2026-06-02 06:35:36.610227] GPU 0     0.000        0.000        0.000        1980         2100         0                           607305825378624             
[2026-06-02 06:35:36.663210] GPU 0     0.000        0.000        0.000        1980         2100         0                           607305825378624             
[2026-06-02 06:35:36.716363] GPU 0     0.000        0.000        0.000        1980         2100         0                           607305825378624             
[2026-06-02 06:35:36.769365] GPU 0     0.000        0.000        0.000        1980         2100         0                           607305825378624             
[2026-06-02 06:35:36.822425] GPU 0     0.000        0.000        0.000        1980         2100         0                           607305825378624             
[2026-06-02 06:35:36.875394] GPU 0     0.000        0.000        0.000        1980         2100         0                           607305825378624             
[2026-06-02 06:35:36.928332] GPU 0     0.000        0.000        0.000        1980         2100         0                           607305825378624             
[2026-06-02 06:35:36.980878] GPU 0     0.000        0.000        0.000        1980         2100         0                           607305825378624             
[2026-06-02 06:35:37.033572] GPU 0     0.000        0.000        0.000        1980         2100         0                           607305825378624             
[2026-06-02 06:35:37.086300] GPU 0     0.000        0.000        0.000        1980         2100         0                           607305825378624             
[2026-06-02 06:35:37.139440] GPU 0     0.000        0.000        0.000        1980         2100         0                           607305825378624             
[2026-06-02 06:35:37.192498] GPU 0     0.000        0.000        0.000        1980         2100         0                           607305825378624             
[2026-06-02 06:35:37.245272] GPU 0     0.000        0.000        0.000        1980         2100         0                           607305825378624             
[2026-06-02 06:35:37.308092] GPU 0     0.000        0.000        0.000        1980         2100         0                           607305825378624             
[2026-06-02 06:35:37.358155] #Entity   SMACT        SMOCC        DRAMA        SMCLK        SMMAX        DVCCTR                      TAPCV                       
[2026-06-02 06:35:37.358280] ID                                                                                                                                 
[2026-06-02 06:35:37.361375] GPU 0     0.829        0.555        0.301        1935         2100         4                           607305825378624             
[2026-06-02 06:35:37.413058] GPU 0     0.831        0.563        0.302        1920         2100         4                           607305825378624             
[2026-06-02 06:35:37.465435] GPU 0     0.831        0.563        0.302        1965         2100         4                           607305825378624             
[2026-06-02 06:35:37.517675] GPU 0     0.835        0.556        0.311        1920         2100         4                           607305825378624             
[2026-06-02 06:35:37.570031] GPU 0     0.752        0.493        0.291        1980         2100         4                           607305825378624             
[2026-06-02 06:35:37.622308] GPU 0     0.428        0.108        0.278        1980         2100         0                           607305825378624             
[2026-06-02 06:35:37.674591] GPU 0     0.327        0.085        0.214        1980         2100         0                           607305825378624             
[2026-06-02 06:35:37.726962] GPU 0     0.320        0.088        0.210        1980         2100         0                           607305825378624             
[2026-06-02 06:35:37.779584] GPU 0     0.026        0.012        0.013        1980         2100         0                           607305825378624             
[2026-06-02 06:35:37.833377] GPU 0     0.000        0.000        0.000        1980         2100         0                           607305825378624             
[2026-06-02 06:35:37.887107] GPU 0     0.000        0.000        0.000        1980         2100         0                           607305825378624             
[2026-06-02 06:35:37.940906] GPU 0     0.000        0.000        0.000        1980         2100         0                           607305825378624             
[2026-06-02 06:35:37.994746] GPU 0     0.000        0.000        0.000        1980         2100         0                           607305825378624             
[2026-06-02 06:35:38.048482] GPU 0     0.000        0.000        0.000        1980         2100         0                           607305825378624             
[2026-06-02 06:35:38.098628] #Entity   SMACT        SMOCC        DRAMA        SMCLK        SMMAX        DVCCTR                      TAPCV                       
[2026-06-02 06:35:38.098777] ID                                                                                                                                 
[2026-06-02 06:35:38.102184] GPU 0     0.000        0.000        0.000        1980         2100         0                           607305825378624             
[2026-06-02 06:35:38.156017] GPU 0     0.000        0.000        0.000        1980         2100         0                           607305825378624             
[2026-06-02 06:35:38.209633] GPU 0     0.000        0.000        0.000        1980         2100         0                           607305825378624             
[2026-06-02 06:35:38.263277] GPU 0     0.000        0.000        0.000        1980         2100         0                           607305825378624             
[2026-06-02 06:35:38.316734] GPU 0     0.000        0.000        0.000        1980         2100         0                           607305825378624             
[2026-06-02 06:35:38.370448] GPU 0     0.000        0.000        0.000        1980         2100         0                           607305825378624             
[2026-06-02 06:35:38.424051] GPU 0     0.000        0.000        0.000        1980         2100         0                           607305825378624             
[2026-06-02 06:35:38.477785] GPU 0     0.000        0.000        0.000        1980         2100         0                           607305825378624             
[2026-06-02 06:35:38.531540] GPU 0     0.000        0.000        0.000        1980         2100         0                           607305825378624             
[2026-06-02 06:35:38.585320] GPU 0     0.000        0.000        0.000        1980         2100         0                           607305825378624             
[2026-06-02 06:35:38.638332] GPU 0     0.000        0.000        0.000        1980         2100         0                           607305825378624             
[2026-06-02 06:35:38.692153] GPU 0     0.000        0.000        0.000        1980         2100         0                           607305825378624             
[2026-06-02 06:35:38.745762] GPU 0     0.000        0.000        0.000        1980         2100         0                           607305825378624             
[2026-06-02 06:35:38.799278] GPU 0     0.000        0.000        0.000        1980         2100         0                           607305825378624             
[2026-06-02 06:35:38.849382] #Entity   SMACT        SMOCC        DRAMA        SMCLK        SMMAX        DVCCTR                      TAPCV                       
[2026-06-02 06:35:38.849539] ID                                                                                                                                 
[2026-06-02 06:35:38.853021] GPU 0     0.000        0.000        0.000        1980         2100         0                           607305825378624             
[2026-06-02 06:35:38.906745] GPU 0     0.000        0.000        0.000        1980         2100         0                           607305825378624             
[2026-06-02 06:35:38.960290] GPU 0     0.000        0.000        0.000        1980         2100         0                           607305825378624             
[2026-06-02 06:35:39.013789] GPU 0     0.000        0.000        0.000        1980         2100         0                           607305825378624             
[2026-06-02 06:35:39.067475] GPU 0     0.000        0.000        0.000        1980         2100         0                           607305825378624             
[2026-06-02 06:35:39.120206] GPU 0     0.000        0.000        0.000        1980         2100         0                           607305825378624             
[2026-06-02 06:35:39.173916] GPU 0     0.000        0.000        0.000        1980         2100         0                           607305825378624             
[2026-06-02 06:35:39.227632] GPU 0     0.000        0.000        0.000        1980         2100         0                           607305825378624             
[2026-06-02 06:35:39.281178] GPU 0     0.000        0.000        0.000        1980         2100         0                           607305825378624             
[2026-06-02 06:35:39.335264] GPU 0     0.158        0.106        0.058        1980         2100         0                           607305825378624             
[2026-06-02 06:35:39.389071] GPU 0     0.922        0.624        0.331        1980         2100         4                           607305825378624             
[2026-06-02 06:35:39.441813] GPU 0     0.735        0.486        0.281        1920         2100         4                           607305825378624             
[2026-06-02 06:35:39.494667] GPU 0     0.922        0.624        0.332        1965         2100         4                           607305825378624             
[2026-06-02 06:35:39.547493] GPU 0     0.694        0.449        0.272        1920         2100         4                           607305825378624             
[2026-06-02 06:35:39.597656] #Entity   SMACT        SMOCC        DRAMA        SMCLK        SMMAX        DVCCTR                      TAPCV                       
[2026-06-02 06:35:39.597794] ID                                                                                                                                 
[2026-06-02 06:35:39.600266] GPU 0     0.503        0.127        0.327        1980         2100         4                           607305825378624             
[2026-06-02 06:35:39.653121] GPU 0     0.499        0.132        0.328        1980         2100         0                           607305825378624             
[2026-06-02 06:35:39.706314] GPU 0     0.107        0.037        0.064        1980         2100         0                           607305825378624             
[2026-06-02 06:35:39.759767] GPU 0     0.000        0.000        0.000        1980         2100         0                           607305825378624             
[2026-06-02 06:35:39.813439] GPU 0     0.000        0.000        0.000        1980         2100         0                           607305825378624             
[2026-06-02 06:35:39.867264] GPU 0     0.000        0.000        0.000        1980         2100         0                           607305825378624             
[2026-06-02 06:35:39.921258] GPU 0     0.000        0.000        0.000        1980         2100         0                           607305825378624             
[2026-06-02 06:35:39.975020] GPU 0     0.000        0.000        0.000        1980         2100         0                           607305825378624             
[2026-06-02 06:35:40.028824] GPU 0     0.000        0.000        0.000        1980         2100         0                           607305825378624             
[2026-06-02 06:35:40.082556] GPU 0     0.000        0.000        0.000        1980         2100         0                           607305825378624             
[2026-06-02 06:35:40.136062] GPU 0     0.000        0.000        0.000        1980         2100         0                           607305825378624             
[2026-06-02 06:35:40.189826] GPU 0     0.000        0.000        0.000        1980         2100         0                           607305825378624             
[2026-06-02 06:35:40.243681] GPU 0     0.000        0.000        0.000        1980         2100         0                           607305825378624             
[2026-06-02 06:35:40.297327] GPU 0     0.000        0.000        0.000        1980         2100         0                           607305825378624             
[2026-06-02 06:35:40.347512] #Entity   SMACT        SMOCC        DRAMA        SMCLK        SMMAX        DVCCTR                      TAPCV                       
[2026-06-02 06:35:40.347664] ID                                                                                                                                 
[2026-06-02 06:35:40.351129] GPU 0     0.000        0.000        0.000        1980         2100         0                           607305825378624             
[2026-06-02 06:35:40.404783] GPU 0     0.000        0.000        0.000        1980         2100         0                           607305825378624             
[2026-06-02 06:35:40.458507] GPU 0     0.000        0.000        0.000        1980         2100         0                           607305825378624             
[2026-06-02 06:35:40.512357] GPU 0     0.000        0.000        0.000        1980         2100         0                           607305825378624             
[2026-06-02 06:35:40.566089] GPU 0     0.000        0.000        0.000        1980         2100         0                           607305825378624             
[2026-06-02 06:35:40.619866] GPU 0     0.000        0.000        0.000        1980         2100         0                           607305825378624             
[2026-06-02 06:35:40.673614] GPU 0     0.000        0.000        0.000        1980         2100         0                           607305825378624             
[2026-06-02 06:35:40.727317] GPU 0     0.000        0.000        0.000        1980         2100         0                           607305825378624             
[2026-06-02 06:35:40.781117] GPU 0     0.000        0.000        0.000        1980         2100         0                           607305825378624             
[2026-06-02 06:35:40.834839] GPU 0     0.000        0.000        0.000        1980         2100         0                           607305825378624             
[2026-06-02 06:35:40.888668] GPU 0     0.000        0.000        0.000        1980         2100         0                           607305825378624             
[2026-06-02 06:35:40.942596] GPU 0     0.000        0.000        0.000        1980         2100         0                           607305825378624             
[2026-06-02 06:35:40.996236] GPU 0     0.000        0.000        0.000        1980         2100         0                           607305825378624             
[2026-06-02 06:35:41.049977] GPU 0     0.000        0.000        0.000        1980         2100         0                           607305825378624             
[2026-06-02 06:35:41.100070] #Entity   SMACT        SMOCC        DRAMA        SMCLK        SMMAX        DVCCTR                      TAPCV                       
[2026-06-02 06:35:41.100216] ID                                                                                                                                 
[2026-06-02 06:35:41.102833] GPU 0     0.000        0.000        0.000        1980         2100         0                           607305825378624             
[2026-06-02 06:35:41.155451] GPU 0     0.000        0.000        0.000        1980         2100         0                           607305825378624             
[2026-06-02 06:35:41.208102] GPU 0     0.000        0.000        0.000        1980         2100         0                           607305825378624             
[2026-06-02 06:35:41.261050] GPU 0     0.000        0.000        0.000        1980         2100         0                           607305825378624             
[2026-06-02 06:35:41.315162] GPU 0     0.000        0.000        0.000        1980         2100         0                           607305825378624             
[2026-06-02 06:35:41.368289] GPU 0     0.324        0.214        0.121        1935         2100         4                           607305825378624             
[2026-06-02 06:35:41.420663] GPU 0     0.922        0.628        0.330        1920         2100         4                           607305825378624             
[2026-06-02 06:35:41.473591] GPU 0     0.614        0.406        0.238        1950         2100         4                           607305825378624             
[2026-06-02 06:35:41.526537] GPU 0     0.921        0.622        0.331        1935         2100         4                           607305825378624             
[2026-06-02 06:35:41.579489] GPU 0     0.648        0.414        0.258        1980         2100         4                           607305825378624             
[2026-06-02 06:35:41.632514] GPU 0     0.000        0.000        0.000        1980         2100         0                           607305825378624             
[2026-06-02 06:35:41.686092] GPU 0     0.000        0.000        0.000        1980         2100         0                           607305825378624             
[2026-06-02 06:35:41.739751] GPU 0     0.000        0.000        0.000        1980         2100         0                           607305825378624             
[2026-06-02 06:35:41.793483] GPU 0     0.000        0.000        0.000        1980         2100         0                           607305825378624             
[2026-06-02 06:35:41.843638] #Entity   SMACT        SMOCC        DRAMA        SMCLK        SMMAX        DVCCTR                      TAPCV                       
[2026-06-02 06:35:41.843799] ID                                                                                                                                 
[2026-06-02 06:35:41.847093] GPU 0     0.000        0.000        0.000        1980         2100         0                           607305825378624             
[2026-06-02 06:35:41.900860] GPU 0     0.000        0.000        0.000        1980         2100         0                           607305825378624             
[2026-06-02 06:35:41.954590] GPU 0     0.000        0.000        0.000        1980         2100         0                           607305825378624             
[2026-06-02 06:35:42.008251] GPU 0     0.000        0.000        0.000        1980         2100         0                           607305825378624             
[2026-06-02 06:35:42.061949] GPU 0     0.000        0.000        0.000        1980         2100         0                           607305825378624             
[2026-06-02 06:35:42.115643] GPU 0     0.000        0.000        0.000        1980         2100         0                           607305825378624             
[2026-06-02 06:35:42.169452] GPU 0     0.000        0.000        0.000        1980         2100         0                           607305825378624             
[2026-06-02 06:35:42.223238] GPU 0     0.000        0.000        0.000        1980         2100         0                           607305825378624             
[2026-06-02 06:35:42.276077] GPU 0     0.000        0.000        0.000        1980         2100         0                           607305825378624             
[2026-06-02 06:35:42.329576] GPU 0     0.000        0.000        0.000        1980         2100         0                           607305825378624             
[2026-06-02 06:35:42.383320] GPU 0     0.000        0.000        0.000        1980         2100         0                           607305825378624             
[2026-06-02 06:35:42.436942] GPU 0     0.000        0.000        0.000        1980         2100         0                           607305825378624             
[2026-06-02 06:35:42.490730] GPU 0     0.000        0.000        0.000        1980         2100         0                           607305825378624             
[2026-06-02 06:35:42.544472] GPU 0     0.000        0.000        0.000        1980         2100         0                           607305825378624             
[2026-06-02 06:35:42.594630] #Entity   SMACT        SMOCC        DRAMA        SMCLK        SMMAX        DVCCTR                      TAPCV                       
[2026-06-02 06:35:42.594782] ID                                                                                                                                 
[2026-06-02 06:35:42.598313] GPU 0     0.000        0.000        0.000        1980         2100         0                           607305825378624             
[2026-06-02 06:35:42.652022] GPU 0     0.000        0.000        0.000        1980         2100         0                           607305825378624             
[2026-06-02 06:35:42.705751] GPU 0     0.000        0.000        0.000        1980         2100         0                           607305825378624             
[2026-06-02 06:35:42.759416] GPU 0     0.000        0.000        0.000        1980         2100         0                           607305825378624             
[2026-06-02 06:35:42.813214] GPU 0     0.000        0.000        0.000        1980         2100         0                           607305825378624             
[2026-06-02 06:35:42.866937] GPU 0     0.000        0.000        0.000        1980         2100         0                           607305825378624             
[2026-06-02 06:35:42.920760] GPU 0     0.000        0.000        0.000        1980         2100         0                           607305825378624             
[2026-06-02 06:35:42.974474] GPU 0     0.000        0.000        0.000        1980         2100         0                           607305825378624             
[2026-06-02 06:35:43.027345] GPU 0     0.000        0.000        0.000        1980         2100         0                           607305825378624             
[2026-06-02 06:35:43.080954] GPU 0     0.000        0.000        0.000        1980         2100         0                           607305825378624             
[2026-06-02 06:35:43.134250] GPU 0     0.000        0.000        0.000        1980         2100         0                           607305825378624             
[2026-06-02 06:35:43.187961] GPU 0     0.000        0.000        0.000        1980         2100         0                           607305825378624             
[2026-06-02 06:35:43.241693] GPU 0     0.000        0.000        0.000        1980         2100         0                           607305825378624             
[2026-06-02 06:35:43.295426] GPU 0     0.000        0.000        0.000        1980         2100         0                           607305825378624             
[2026-06-02 06:35:43.345460] #Entity   SMACT        SMOCC        DRAMA        SMCLK        SMMAX        DVCCTR                      TAPCV                       
[2026-06-02 06:35:43.345559] ID                                                                                                                                 
[2026-06-02 06:35:43.350242] GPU 0     0.149        0.103        0.051        1440         2100         0                           607305825378624             
[2026-06-02 06:35:43.402597] GPU 0     0.914        0.617        0.261        1440         2100         0                           607305825378624             
[2026-06-02 06:35:43.455081] GPU 0     0.649        0.441        0.190        1440         2100         0                           607305825378624             
[2026-06-02 06:35:43.513049] GPU 0     0.637        0.418        0.201        1440         2100         0                           607305825378624             
[2026-06-02 06:35:43.565488] GPU 0     0.920        0.625        0.311        1890         2100         4                           607305825378624             
[2026-06-02 06:35:43.617865] GPU 0     0.509        0.255        0.252        1920         2100         4                           607305825378624             
[2026-06-02 06:35:43.670273] GPU 0     0.165        0.045        0.106        1980         2100         0                           607305825378624             
[2026-06-02 06:35:43.722852] GPU 0     0.000        0.000        0.000        1980         2100         0                           607305825378624             
[2026-06-02 06:35:43.775658] GPU 0     0.000        0.000        0.000        1980         2100         0                           607305825378624             
[2026-06-02 06:35:43.828493] GPU 0     0.000        0.000        0.000        1980         2100         0                           607305825378624             
[2026-06-02 06:35:43.881536] GPU 0     0.000        0.000        0.000        1980         2100         0                           607305825378624             
[2026-06-02 06:35:43.934311] GPU 0     0.000        0.000        0.000        1980         2100         0                           607305825378624             
[2026-06-02 06:35:43.987149] GPU 0     0.000        0.000        0.000        1980         2100         0                           607305825378624             
[2026-06-02 06:35:44.040202] GPU 0     0.000        0.000        0.000        1980         2100         0                           607305825378624             
[2026-06-02 06:35:44.090285] #Entity   SMACT        SMOCC        DRAMA        SMCLK        SMMAX        DVCCTR                      TAPCV                       
[2026-06-02 06:35:44.090435] ID                                                                                                                                 
[2026-06-02 06:35:44.093172] GPU 0     0.000        0.000        0.000        1980         2100         0                           607305825378624             
[2026-06-02 06:35:44.146326] GPU 0     0.000        0.000        0.000        1980         2100         0                           607305825378624             
[2026-06-02 06:35:44.199367] GPU 0     0.000        0.000        0.000        1980         2100         0                           607305825378624             
[2026-06-02 06:35:44.252066] GPU 0     0.000        0.000        0.000        1980         2100         0                           607305825378624             
[2026-06-02 06:35:44.304997] GPU 0     0.000        0.000        0.000        1980         2100         0                           607305825378624             
[2026-06-02 06:35:44.357923] GPU 0     0.000        0.000        0.000        1980         2100         0                           607305825378624             
[2026-06-02 06:35:44.411085] GPU 0     0.000        0.000        0.000        1980         2100         0                           607305825378624             
[2026-06-02 06:35:44.464400] GPU 0     0.000        0.000        0.000        1980         2100         0                           607305825378624             
[2026-06-02 06:35:44.517518] GPU 0     0.000        0.000        0.000        1980         2100         0                           607305825378624             
[2026-06-02 06:35:44.570530] GPU 0     0.000        0.000        0.000        1980         2100         0                           607305825378624             
[2026-06-02 06:35:44.623511] GPU 0     0.000        0.000        0.000        1980         2100         0                           607305825378624             
[2026-06-02 06:35:44.676620] GPU 0     0.000        0.000        0.000        1980         2100         0                           607305825378624             
[2026-06-02 06:35:44.729798] GPU 0     0.000        0.000        0.000        1980         2100         0                           607305825378624             
[2026-06-02 06:35:44.782991] GPU 0     0.000        0.000        0.000        1980         2100         0                           607305825378624             
[2026-06-02 06:35:44.833142] #Entity   SMACT        SMOCC        DRAMA        SMCLK        SMMAX        DVCCTR                      TAPCV                       
[2026-06-02 06:35:44.833291] ID                                                                                                                                 
[2026-06-02 06:35:44.835887] GPU 0     0.000        0.000        0.000        1980         2100         0                           607305825378624             
[2026-06-02 06:35:44.888916] GPU 0     0.000        0.000        0.000        1980         2100         0                           607305825378624             
[2026-06-02 06:35:44.942065] GPU 0     0.000        0.000        0.000        1980         2100         0                           607305825378624             
[2026-06-02 06:35:44.995160] GPU 0     0.000        0.000        0.000        1980         2100         0                           607305825378624             
[2026-06-02 06:35:45.048064] GPU 0     0.000        0.000        0.000        1980         2100         0                           607305825378624             
[2026-06-02 06:35:45.101196] GPU 0     0.000        0.000        0.000        1980         2100         0                           607305825378624             
[2026-06-02 06:35:45.154308] GPU 0     0.000        0.000        0.000        1980         2100         0                           607305825378624             
[2026-06-02 06:35:45.207311] GPU 0     0.000        0.000        0.000        1980         2100         0                           607305825378624             
[2026-06-02 06:35:45.260479] GPU 0     0.000        0.000        0.000        1980         2100         0                           607305825378624             
[2026-06-02 06:35:45.315641] GPU 0     0.000        0.000        0.000        1980         2100         0                           607305825378624             
[2026-06-02 06:35:45.369399] GPU 0     0.237        0.159        0.087        1980         2100         0                           607305825378624             
[2026-06-02 06:35:45.421395] GPU 0     0.920        0.620        0.331        1920         2100         4                           607305825378624             
[2026-06-02 06:35:45.473646] GPU 0     0.746        0.498        0.284        1950         2100         4                           607305825378624             
[2026-06-02 06:35:45.526053] GPU 0     0.920        0.617        0.334        1920         2100         4                           607305825378624             
[2026-06-02 06:35:45.576230] #Entity   SMACT        SMOCC        DRAMA        SMCLK        SMMAX        DVCCTR                      TAPCV                       
[2026-06-02 06:35:45.576347] ID                                                                                                                                 
[2026-06-02 06:35:45.578077] GPU 0     0.920        0.617        0.334        1920         2100         4                           607305825378624             
[2026-06-02 06:35:45.630363] GPU 0     0.578        0.364        0.233        1965         2100         0                           607305825378624             
[2026-06-02 06:35:45.682900] GPU 0     0.172        0.046        0.112        1965         2100         0                           607305825378624             
[2026-06-02 06:35:45.735542] GPU 0     0.000        0.000        0.000        1965         2100         0                           607305825378624             
[2026-06-02 06:35:45.788204] GPU 0     0.000        0.000        0.000        1965         2100         0                           607305825378624             
[2026-06-02 06:35:45.841180] GPU 0     0.000        0.000        0.000        1965         2100         0                           607305825378624             
[2026-06-02 06:35:45.894085] GPU 0     0.000        0.000        0.000        1965         2100         0                           607305825378624             
[2026-06-02 06:35:45.947122] GPU 0     0.000        0.000        0.000        1965         2100         0                           607305825378624             
[2026-06-02 06:35:46.000029] GPU 0     0.000        0.000        0.000        1965         2100         0                           607305825378624             
[2026-06-02 06:35:46.053105] GPU 0     0.000        0.000        0.000        1965         2100         0                           607305825378624             
[2026-06-02 06:35:46.106258] GPU 0     0.000        0.000        0.000        1965         2100         0                           607305825378624             
[2026-06-02 06:35:46.159284] GPU 0     0.000        0.000        0.000        1965         2100         0                           607305825378624             
[2026-06-02 06:35:46.212242] GPU 0     0.000        0.000        0.000        1965         2100         0                           607305825378624             
[2026-06-02 06:35:46.265289] GPU 0     0.000        0.000        0.000        1965         2100         0                           607305825378624             
[2026-06-02 06:35:46.315459] #Entity   SMACT        SMOCC        DRAMA        SMCLK        SMMAX        DVCCTR                      TAPCV                       
[2026-06-02 06:35:46.315601] ID                                                                                                                                 
[2026-06-02 06:35:46.318242] GPU 0     0.000        0.000        0.000        1965         2100         0                           607305825378624             
[2026-06-02 06:35:46.371117] GPU 0     0.000        0.000        0.000        1965         2100         0                           607305825378624             
[2026-06-02 06:35:46.424335] GPU 0     0.000        0.000        0.000        1965         2100         0                           607305825378624             
[2026-06-02 06:35:46.477467] GPU 0     0.000        0.000        0.000        1965         2100         0                           607305825378624             
[2026-06-02 06:35:46.530653] GPU 0     0.000        0.000        0.000        1965         2100         0                           607305825378624             
[2026-06-02 06:35:46.583867] GPU 0     0.000        0.000        0.000        1965         2100         0                           607305825378624             
[2026-06-02 06:35:46.636872] GPU 0     0.000        0.000        0.000        1965         2100         0                           607305825378624             
[2026-06-02 06:35:46.690287] GPU 0     0.000        0.000        0.000        1965         2100         0                           607305825378624             
[2026-06-02 06:35:46.743326] GPU 0     0.000        0.000        0.000        1965         2100         0                           607305825378624             
[2026-06-02 06:35:46.796259] GPU 0     0.000        0.000        0.000        1965         2100         0                           607305825378624             
[2026-06-02 06:35:46.849220] GPU 0     0.000        0.000        0.000        1965         2100         0                           607305825378624             
[2026-06-02 06:35:46.902209] GPU 0     0.000        0.000        0.000        1965         2100         0                           607305825378624             
[2026-06-02 06:35:46.954872] GPU 0     0.000        0.000        0.000        1965         2100         0                           607305825378624             
[2026-06-02 06:35:47.007888] GPU 0     0.000        0.000        0.000        1965         2100         0                           607305825378624             
[2026-06-02 06:35:47.058078] #Entity   SMACT        SMOCC        DRAMA        SMCLK        SMMAX        DVCCTR                      TAPCV                       
[2026-06-02 06:35:47.058239] ID                                                                                                                                 
[2026-06-02 06:35:47.060850] GPU 0     0.000        0.000        0.000        1965         2100         0                           607305825378624             
[2026-06-02 06:35:47.113721] GPU 0     0.000        0.000        0.000        1965         2100         0                           607305825378624             
[2026-06-02 06:35:47.166346] GPU 0     0.000        0.000        0.000        1965         2100         0                           607305825378624             
[2026-06-02 06:35:47.219286] GPU 0     0.000        0.000        0.000        1965         2100         0                           607305825378624             
[2026-06-02 06:35:47.272158] GPU 0     0.000        0.000        0.000        1965         2100         0                           607305825378624             
[2026-06-02 06:35:47.328682] GPU 0     0.000        0.000        0.000        1440         2100         0                           607305825378624             
[2026-06-02 06:35:47.383340] GPU 0     0.015        0.007        0.006        1440         2100         0                           607305825378624             
[2026-06-02 06:35:47.435529] GPU 0     0.903        0.611        0.257        1440         2100         0                           607305825378624             
[2026-06-02 06:35:47.488470] GPU 0     0.916        0.620        0.262        1440         2100         0                           607305825378624             
[2026-06-02 06:35:47.541485] GPU 0     0.248        0.172        0.078        1905         2100         4                           607305825378624             
[2026-06-02 06:35:47.594322] GPU 0     0.764        0.505        0.255        1935         2100         4                           607305825378624             
[2026-06-02 06:35:47.647141] GPU 0     0.923        0.628        0.327        1950         2100         4                           607305825378624             
[2026-06-02 06:35:47.699923] GPU 0     0.381        0.145        0.222        1965         2100         0                           607305825378624             
[2026-06-02 06:35:47.753015] GPU 0     0.321        0.082        0.209        1965         2100         0                           607305825378624             
[2026-06-02 06:35:47.803158] #Entity   SMACT        SMOCC        DRAMA        SMCLK        SMMAX        DVCCTR                      TAPCV                       
[2026-06-02 06:35:47.803295] ID                                                                                                                                 
[2026-06-02 06:35:47.806181] GPU 0     0.000        0.000        0.000        1965         2100         0                           607305825378624             
[2026-06-02 06:35:47.859694] GPU 0     0.000        0.000        0.000        1965         2100         0                           607305825378624             
[2026-06-02 06:35:47.913189] GPU 0     0.000        0.000        0.000        1965         2100         0                           607305825378624             
[2026-06-02 06:35:47.966916] GPU 0     0.000        0.000        0.000        1965         2100         0                           607305825378624             
[2026-06-02 06:35:48.020527] GPU 0     0.000        0.000        0.000        1965         2100         0                           607305825378624             
[2026-06-02 06:35:48.074155] GPU 0     0.000        0.000        0.000        1965         2100         0                           607305825378624             
[2026-06-02 06:35:48.127476] GPU 0     0.000        0.000        0.000        1965         2100         0                           607305825378624             
[2026-06-02 06:35:48.180943] GPU 0     0.000        0.000        0.000        1965         2100         0                           607305825378624             
[2026-06-02 06:35:48.234687] GPU 0     0.000        0.000        0.000        1965         2100         0                           607305825378624             
[2026-06-02 06:35:48.288148] GPU 0     0.000        0.000        0.000        1965         2100         0                           607305825378624             
[2026-06-02 06:35:48.341811] GPU 0     0.000        0.000        0.000        1965         2100         0                           607305825378624             
[2026-06-02 06:35:48.395325] GPU 0     0.000        0.000        0.000        1965         2100         0                           607305825378624             
[2026-06-02 06:35:48.448709] GPU 0     0.000        0.000        0.000        1965         2100         0                           607305825378624             
[2026-06-02 06:35:48.502355] GPU 0     0.000        0.000        0.000        1965         2100         0                           607305825378624             
[2026-06-02 06:35:48.552504] #Entity   SMACT        SMOCC        DRAMA        SMCLK        SMMAX        DVCCTR                      TAPCV                       
[2026-06-02 06:35:48.552653] ID                                                                                                                                 
[2026-06-02 06:35:48.556117] GPU 0     0.000        0.000        0.000        1965         2100         0                           607305825378624             
[2026-06-02 06:35:48.609559] GPU 0     0.000        0.000        0.000        1965         2100         0                           607305825378624             
[2026-06-02 06:35:48.662968] GPU 0     0.000        0.000        0.000        1965         2100         0                           607305825378624             
[2026-06-02 06:35:48.716652] GPU 0     0.000        0.000        0.000        1965         2100         0                           607305825378624             
[2026-06-02 06:35:48.770373] GPU 0     0.000        0.000        0.000        1965         2100         0                           607305825378624             
[2026-06-02 06:35:48.823891] GPU 0     0.000        0.000        0.000        1965         2100         0                           607305825378624             
[2026-06-02 06:35:48.877536] GPU 0     0.000        0.000        0.000        1965         2100         0                           607305825378624             
[2026-06-02 06:35:48.930835] GPU 0     0.000        0.000        0.000        1965         2100         0                           607305825378624             
[2026-06-02 06:35:48.984523] GPU 0     0.000        0.000        0.000        1965         2100         0                           607305825378624             
[2026-06-02 06:35:49.038155] GPU 0     0.000        0.000        0.000        1965         2100         0                           607305825378624             
[2026-06-02 06:35:49.091709] GPU 0     0.000        0.000        0.000        1965         2100         0                           607305825378624             
[2026-06-02 06:35:49.145343] GPU 0     0.000        0.000        0.000        1965         2100         0                           607305825378624             
[2026-06-02 06:35:49.198830] GPU 0     0.000        0.000        0.000        1965         2100         0                           607305825378624             
[2026-06-02 06:35:49.252212] GPU 0     0.000        0.000        0.000        1965         2100         0                           607305825378624             
[2026-06-02 06:35:49.302363] #Entity   SMACT        SMOCC        DRAMA        SMCLK        SMMAX        DVCCTR                      TAPCV                       
[2026-06-02 06:35:49.302509] ID                                                                                                                                 
[2026-06-02 06:35:49.305862] GPU 0     0.000        0.000        0.000        1965         2100         0                           607305825378624             
[2026-06-02 06:35:49.362633] GPU 0     0.003        0.002        0.001        1965         2100         0                           607305825378624             
[2026-06-02 06:35:49.419422] GPU 0     0.898        0.602        0.324        1920         2100         4                           607305825378624             
[2026-06-02 06:35:49.471659] GPU 0     0.793        0.530        0.300        1920         2100         4                           607305825378624             
[2026-06-02 06:35:49.524006] GPU 0     0.858        0.575        0.310        1920         2100         4                           607305825378624             
[2026-06-02 06:35:49.576332] GPU 0     0.835        0.566        0.302        1905         2100         4                           607305825378624             
[2026-06-02 06:35:49.628674] GPU 0     0.351        0.092        0.229        1965         2100         0                           607305825378624             
[2026-06-02 06:35:49.681170] GPU 0     0.365        0.099        0.234        1965         2100         0                           607305825378624             
[2026-06-02 06:35:49.733801] GPU 0     0.000        0.000        0.000        1965         2100         0                           607305825378624             
[2026-06-02 06:35:49.786717] GPU 0     0.000        0.000        0.000        1965         2100         0                           607305825378624             
[2026-06-02 06:35:49.839817] GPU 0     0.000        0.000        0.000        1965         2100         0                           607305825378624             
[2026-06-02 06:35:49.892827] GPU 0     0.000        0.000        0.000        1965         2100         0                           607305825378624             
[2026-06-02 06:35:49.945803] GPU 0     0.000        0.000        0.000        1965         2100         0                           607305825378624             
[2026-06-02 06:35:49.998846] GPU 0     0.000        0.000        0.000        1965         2100         0                           607305825378624             
[2026-06-02 06:35:50.048992] #Entity   SMACT        SMOCC        DRAMA        SMCLK        SMMAX        DVCCTR                      TAPCV                       
[2026-06-02 06:35:50.049178] ID                                                                                                                                 
[2026-06-02 06:35:50.051703] GPU 0     0.000        0.000        0.000        1965         2100         0                           607305825378624             
[2026-06-02 06:35:50.104475] GPU 0     0.000        0.000        0.000        1965         2100         0                           607305825378624             
[2026-06-02 06:35:50.157323] GPU 0     0.000        0.000        0.000        1965         2100         0                           607305825378624             
[2026-06-02 06:35:50.210377] GPU 0     0.000        0.000        0.000        1965         2100         0                           607305825378624             
[2026-06-02 06:35:50.263146] GPU 0     0.000        0.000        0.000        1965         2100         0                           607305825378624             
[2026-06-02 06:35:50.316238] GPU 0     0.000        0.000        0.000        1965         2100         0                           607305825378624             
[2026-06-02 06:35:50.369387] GPU 0     0.000        0.000        0.000        1965         2100         0                           607305825378624             
[2026-06-02 06:35:50.422508] GPU 0     0.000        0.000        0.000        1965         2100         0                           607305825378624             
[2026-06-02 06:35:50.475670] GPU 0     0.000        0.000        0.000        1965         2100         0                           607305825378624             
[2026-06-02 06:35:50.528606] GPU 0     0.000        0.000        0.000        1965         2100         0                           607305825378624             
[2026-06-02 06:35:50.581395] GPU 0     0.000        0.000        0.000        1965         2100         0                           607305825378624             
[2026-06-02 06:35:50.634219] GPU 0     0.000        0.000        0.000        1965         2100         0                           607305825378624             
[2026-06-02 06:35:50.688706] GPU 0     0.000        0.000        0.000        1965         2100         0                           607305825378624             
[2026-06-02 06:35:50.745833] GPU 0     0.000        0.000        0.000        1965         2100         0                           607305825378624             
[2026-06-02 06:35:50.796015] #Entity   SMACT        SMOCC        DRAMA        SMCLK        SMMAX        DVCCTR                      TAPCV                       
[2026-06-02 06:35:50.796160] ID                                                                                                                                 
[2026-06-02 06:35:50.798869] GPU 0     0.000        0.000        0.000        1965         2100         0                           607305825378624             
[2026-06-02 06:35:50.851842] GPU 0     0.000        0.000        0.000        1965         2100         0                           607305825378624             
[2026-06-02 06:35:50.904889] GPU 0     0.000        0.000        0.000        1965         2100         0                           607305825378624             
[2026-06-02 06:35:50.957734] GPU 0     0.000        0.000        0.000        1965         2100         0                           607305825378624             
[2026-06-02 06:35:51.010915] GPU 0     0.000        0.000        0.000        1965         2100         0                           607305825378624             
[2026-06-02 06:35:51.063980] GPU 0     0.000        0.000        0.000        1965         2100         0                           607305825378624             
[2026-06-02 06:35:51.117051] GPU 0     0.000        0.000        0.000        1965         2100         0                           607305825378624             
[2026-06-02 06:35:51.170194] GPU 0     0.000        0.000        0.000        1965         2100         0                           607305825378624             
[2026-06-02 06:35:51.223353] GPU 0     0.000        0.000        0.000        1965         2100         0                           607305825378624             
[2026-06-02 06:35:51.276416] GPU 0     0.000        0.000        0.000        1965         2100         0                           607305825378624             
[2026-06-02 06:35:51.332822] GPU 0     0.000        0.000        0.000        1965         2100         0                           607305825378624             
[2026-06-02 06:35:51.386857] GPU 0     0.118        0.077        0.045        1440         2100         0                           607305825378624             
[2026-06-02 06:35:51.438599] GPU 0     0.917        0.627        0.259        1440         2100         0                           607305825378624             
[2026-06-02 06:35:51.490770] GPU 0     0.916        0.618        0.262        1440         2100         0                           607305825378624             
[2026-06-02 06:35:51.540916] #Entity   SMACT        SMOCC        DRAMA        SMCLK        SMMAX        DVCCTR                      TAPCV                       
[2026-06-02 06:35:51.541144] ID                                                                                                                                 
[2026-06-02 06:35:51.543119] GPU 0     0.245        0.158        0.089        1440         2100         0                           607305825378624             
[2026-06-02 06:35:51.595383] GPU 0     0.916        0.620        0.262        1875         2100         4                           607305825378624             
[2026-06-02 06:35:51.647672] GPU 0     0.896        0.605        0.313        1905         2100         4                           607305825378624             
[2026-06-02 06:35:51.699873] GPU 0     0.334        0.088        0.222        1965         2100         0                           607305825378624             
[2026-06-02 06:35:51.752354] GPU 0     0.431        0.112        0.281        1965         2100         0                           607305825378624             
[2026-06-02 06:35:51.804664] GPU 0     0.063        0.022        0.038        1965         2100         0                           607305825378624             
[2026-06-02 06:35:51.857544] GPU 0     0.000        0.000        0.000        1965         2100         0                           607305825378624             
[2026-06-02 06:35:51.910657] GPU 0     0.000        0.000        0.000        1965         2100         0                           607305825378624             
[2026-06-02 06:35:51.963849] GPU 0     0.000        0.000        0.000        1965         2100         0                           607305825378624             
[2026-06-02 06:35:52.016857] GPU 0     0.000        0.000        0.000        1965         2100         0                           607305825378624             
[2026-06-02 06:35:52.069959] GPU 0     0.000        0.000        0.000        1965         2100         0                           607305825378624             
[2026-06-02 06:35:52.122921] GPU 0     0.000        0.000        0.000        1965         2100         0                           607305825378624             
[2026-06-02 06:35:52.175933] GPU 0     0.000        0.000        0.000        1965         2100         0                           607305825378624             
[2026-06-02 06:35:52.228566] GPU 0     0.000        0.000        0.000        1965         2100         0                           607305825378624             
[2026-06-02 06:35:52.278670] #Entity   SMACT        SMOCC        DRAMA        SMCLK        SMMAX        DVCCTR                      TAPCV                       
[2026-06-02 06:35:52.278826] ID                                                                                                                                 
[2026-06-02 06:35:52.281574] GPU 0     0.000        0.000        0.000        1965         2100         0                           607305825378624             
[2026-06-02 06:35:52.334740] GPU 0     0.000        0.000        0.000        1965         2100         0                           607305825378624             
[2026-06-02 06:35:52.387990] GPU 0     0.000        0.000        0.000        1965         2100         0                           607305825378624             
[2026-06-02 06:35:52.440831] GPU 0     0.000        0.000        0.000        1965         2100         0                           607305825378624             
[2026-06-02 06:35:52.493566] GPU 0     0.000        0.000        0.000        1965         2100         0                           607305825378624             
[2026-06-02 06:35:52.546454] GPU 0     0.000        0.000        0.000        1965         2100         0                           607305825378624             
[2026-06-02 06:35:52.599543] GPU 0     0.000        0.000        0.000        1965         2100         0                           607305825378624             
[2026-06-02 06:35:52.652472] GPU 0     0.000        0.000        0.000        1965         2100         0                           607305825378624             
[2026-06-02 06:35:52.705549] GPU 0     0.000        0.000        0.000        1965         2100         0                           607305825378624             
[2026-06-02 06:35:52.758538] GPU 0     0.000        0.000        0.000        1965         2100         0                           607305825378624             
[2026-06-02 06:35:52.811788] GPU 0     0.000        0.000        0.000        1965         2100         0                           607305825378624             
[2026-06-02 06:35:52.864472] GPU 0     0.000        0.000        0.000        1965         2100         0                           607305825378624             
[2026-06-02 06:35:52.917163] GPU 0     0.000        0.000        0.000        1965         2100         0                           607305825378624             
[2026-06-02 06:35:52.969938] GPU 0     0.000        0.000        0.000        1965         2100         0                           607305825378624             
[2026-06-02 06:35:53.020138] #Entity   SMACT        SMOCC        DRAMA        SMCLK        SMMAX        DVCCTR                      TAPCV                       
[2026-06-02 06:35:53.020290] ID                                                                                                                                 
[2026-06-02 06:35:53.022909] GPU 0     0.000        0.000        0.000        1965         2100         0                           607305825378624             
[2026-06-02 06:35:53.075679] GPU 0     0.000        0.000        0.000        1965         2100         0                           607305825378624             
[2026-06-02 06:35:53.128566] GPU 0     0.000        0.000        0.000        1965         2100         0                           607305825378624             
[2026-06-02 06:35:53.181538] GPU 0     0.000        0.000        0.000        1965         2100         0                           607305825378624             
[2026-06-02 06:35:53.234509] GPU 0     0.000        0.000        0.000        1965         2100         0                           607305825378624             
[2026-06-02 06:35:53.287447] GPU 0     0.000        0.000        0.000        1965         2100         0                           607305825378624             
[2026-06-02 06:35:53.340554] GPU 0     0.000        0.000        0.000        1965         2100         0                           607305825378624             
[2026-06-02 06:35:53.394091] GPU 0     0.000        0.000        0.000        1965         2100         0                           607305825378624             
[2026-06-02 06:35:53.447031] GPU 0     0.754        0.509        0.272        1920         2100         4                           607305825378624             
[2026-06-02 06:35:53.499477] GPU 0     0.904        0.609        0.324        1950         2100         4                           607305825378624             
[2026-06-02 06:35:53.551558] GPU 0     0.753        0.504        0.286        1920         2100         4                           607305825378624             
[2026-06-02 06:35:53.603811] GPU 0     0.920        0.618        0.329        1935         2100         4                           607305825378624             
[2026-06-02 06:35:53.656185] GPU 0     0.346        0.101        0.224        1965         2100         0                           607305825378624             
[2026-06-02 06:35:53.708494] GPU 0     0.449        0.116        0.293        1965         2100         0                           607305825378624             
[2026-06-02 06:35:53.758644] #Entity   SMACT        SMOCC        DRAMA        SMCLK        SMMAX        DVCCTR                      TAPCV                       
[2026-06-02 06:35:53.758805] ID                                                                                                                                 
[2026-06-02 06:35:53.761183] GPU 0     0.124        0.039        0.078        1965         2100         0                           607305825378624             
[2026-06-02 06:35:53.813991] GPU 0     0.000        0.000        0.000        1965         2100         0                           607305825378624             
[2026-06-02 06:35:53.867042] GPU 0     0.000        0.000        0.000        1965         2100         0                           607305825378624             
[2026-06-02 06:35:53.920087] GPU 0     0.000        0.000        0.000        1965         2100         0                           607305825378624             
[2026-06-02 06:35:53.973209] GPU 0     0.000        0.000        0.000        1965         2100         0                           607305825378624             
[2026-06-02 06:35:54.026070] GPU 0     0.000        0.000        0.000        1965         2100         0                           607305825378624             
[2026-06-02 06:35:54.078957] GPU 0     0.000        0.000        0.000        1965         2100         0                           607305825378624             
[2026-06-02 06:35:54.131910] GPU 0     0.000        0.000        0.000        1965         2100         0                           607305825378624             
[2026-06-02 06:35:54.184851] GPU 0     0.000        0.000        0.000        1965         2100         0                           607305825378624             
[2026-06-02 06:35:54.237706] GPU 0     0.000        0.000        0.000        1965         2100         0                           607305825378624             
[2026-06-02 06:35:54.290631] GPU 0     0.000        0.000        0.000        1965         2100         0                           607305825378624             
[2026-06-02 06:35:54.343258] GPU 0     0.000        0.000        0.000        1965         2100         0                           607305825378624             
[2026-06-02 06:35:54.396254] GPU 0     0.000        0.000        0.000        1965         2100         0                           607305825378624             
[2026-06-02 06:35:54.449329] GPU 0     0.000        0.000        0.000        1965         2100         0                           607305825378624             
[2026-06-02 06:35:54.499519] #Entity   SMACT        SMOCC        DRAMA        SMCLK        SMMAX        DVCCTR                      TAPCV                       
[2026-06-02 06:35:54.499692] ID                                                                                                                                 
[2026-06-02 06:35:54.502556] GPU 0     0.000        0.000        0.000        1965         2100         0                           607305825378624             
[2026-06-02 06:35:54.555559] GPU 0     0.000        0.000        0.000        1965         2100         0                           607305825378624             
[2026-06-02 06:35:54.608630] GPU 0     0.000        0.000        0.000        1965         2100         0                           607305825378624             
[2026-06-02 06:35:54.661414] GPU 0     0.000        0.000        0.000        1965         2100         0                           607305825378624             
[2026-06-02 06:35:54.714410] GPU 0     0.000        0.000        0.000        1965         2100         0                           607305825378624             
[2026-06-02 06:35:54.767423] GPU 0     0.000        0.000        0.000        1965         2100         0                           607305825378624             
[2026-06-02 06:35:54.820571] GPU 0     0.000        0.000        0.000        1965         2100         0                           607305825378624             
[2026-06-02 06:35:54.873556] GPU 0     0.000        0.000        0.000        1965         2100         0                           607305825378624             
[2026-06-02 06:35:54.926701] GPU 0     0.000        0.000        0.000        1965         2100         0                           607305825378624             
[2026-06-02 06:35:54.979738] GPU 0     0.000        0.000        0.000        1965         2100         0                           607305825378624             
[2026-06-02 06:35:55.032743] GPU 0     0.000        0.000        0.000        1965         2100         0                           607305825378624             
[2026-06-02 06:35:55.085809] GPU 0     0.000        0.000        0.000        1965         2100         0                           607305825378624             
[2026-06-02 06:35:55.138902] GPU 0     0.000        0.000        0.000        1965         2100         0                           607305825378624             
[2026-06-02 06:35:55.191841] GPU 0     0.000        0.000        0.000        1965         2100         0                           607305825378624             
[2026-06-02 06:35:55.241984] #Entity   SMACT        SMOCC        DRAMA        SMCLK        SMMAX        DVCCTR                      TAPCV                       
[2026-06-02 06:35:55.242161] ID                                                                                                                                 
[2026-06-02 06:35:55.244823] GPU 0     0.000        0.000        0.000        1965         2100         0                           607305825378624             
[2026-06-02 06:35:55.297585] GPU 0     0.000        0.000        0.000        1965         2100         0                           607305825378624             
[2026-06-02 06:35:55.354320] GPU 0     0.000        0.000        0.000        1965         2100         0                           607305825378624             
[2026-06-02 06:35:55.408412] GPU 0     0.209        0.140        0.076        1920         2100         4                           607305825378624             
[2026-06-02 06:35:55.460000] GPU 0     0.921        0.623        0.328        1905         2100         4                           607305825378624             
[2026-06-02 06:35:55.512249] GPU 0     0.725        0.482        0.276        1950         2100         4                           607305825378624             
[2026-06-02 06:35:55.564181] GPU 0     0.920        0.614        0.333        1905         2100         4                           607305825378624             
[2026-06-02 06:35:55.616285] GPU 0     0.671        0.439        0.259        1965         2100         4                           607305825378624             
[2026-06-02 06:35:55.668182] GPU 0     0.344        0.087        0.224        1965         2100         0                           607305825378624             
[2026-06-02 06:35:55.720254] GPU 0     0.432        0.113        0.282        1965         2100         0                           607305825378624             
[2026-06-02 06:35:55.772190] GPU 0     0.576        0.368        0.226        1905         2100         4                           607305825378624             
[2026-06-02 06:35:55.824205] GPU 0     0.920        0.618        0.330        1905         2100         4                           607305825378624             
[2026-06-02 06:35:55.876226] GPU 0     0.376        0.185        0.193        1965         2100         0                           607305825378624             
[2026-06-02 06:35:55.928259] GPU 0     0.054        0.016        0.035        1965         2100         0                           607305825378624             
[2026-06-02 06:35:55.978400] #Entity   SMACT        SMOCC        DRAMA        SMCLK        SMMAX        DVCCTR                      TAPCV                       
[2026-06-02 06:35:55.978525] ID                                                                                                                                 
[2026-06-02 06:35:55.980358] GPU 0     0.000        0.000        0.000        1965         2100         0                           607305825378624             
[2026-06-02 06:35:56.032544] GPU 0     0.000        0.000        0.000        1965         2100         0                           607305825378624             
[2026-06-02 06:35:56.084681] GPU 0     0.000        0.000        0.000        1965         2100         0                           607305825378624             
[2026-06-02 06:35:56.137063] GPU 0     0.000        0.000        0.000        1965         2100         0                           607305825378624             
[2026-06-02 06:35:56.189758] GPU 0     0.000        0.000        0.000        1965         2100         0                           607305825378624             
[2026-06-02 06:35:56.242492] GPU 0     0.000        0.000        0.000        1965         2100         0                           607305825378624             
[2026-06-02 06:35:56.295193] GPU 0     0.000        0.000        0.000        1965         2100         0                           607305825378624             
[2026-06-02 06:35:56.347834] GPU 0     0.000        0.000        0.000        1965         2100         0                           607305825378624             
[2026-06-02 06:35:56.400259] GPU 0     0.000        0.000        0.000        1965         2100         0                           607305825378624             
[2026-06-02 06:35:56.452651] GPU 0     0.000        0.000        0.000        1965         2100         0                           607305825378624             
[2026-06-02 06:35:56.505205] GPU 0     0.000        0.000        0.000        1965         2100         0                           607305825378624             
[2026-06-02 06:35:56.557889] GPU 0     0.000        0.000        0.000        1965         2100         0                           607305825378624             
[2026-06-02 06:35:56.610516] GPU 0     0.000        0.000        0.000        1965         2100         0                           607305825378624             
[2026-06-02 06:35:56.663197] GPU 0     0.000        0.000        0.000        1965         2100         0                           607305825378624             
[2026-06-02 06:35:56.713274] #Entity   SMACT        SMOCC        DRAMA        SMCLK        SMMAX        DVCCTR                      TAPCV                       
[2026-06-02 06:35:56.713399] ID                                                                                                                                 
[2026-06-02 06:35:56.715750] GPU 0     0.000        0.000        0.000        1965         2100         0                           607305825378624             
[2026-06-02 06:35:56.768500] GPU 0     0.000        0.000        0.000        1965         2100         0                           607305825378624             
[2026-06-02 06:35:56.820940] GPU 0     0.000        0.000        0.000        1965         2100         0                           607305825378624             
[2026-06-02 06:35:56.873213] GPU 0     0.000        0.000        0.000        1965         2100         0                           607305825378624             
[2026-06-02 06:35:56.925621] GPU 0     0.000        0.000        0.000        1965         2100         0                           607305825378624             
[2026-06-02 06:35:56.978101] GPU 0     0.000        0.000        0.000        1965         2100         0                           607305825378624             
[2026-06-02 06:35:57.030750] GPU 0     0.000        0.000        0.000        1965         2100         0                           607305825378624             
[2026-06-02 06:35:57.083017] GPU 0     0.000        0.000        0.000        1965         2100         0                           607305825378624             
[2026-06-02 06:35:57.135183] GPU 0     0.000        0.000        0.000        1965         2100         0                           607305825378624             
[2026-06-02 06:35:57.187336] GPU 0     0.000        0.000        0.000        1965         2100         0                           607305825378624             
[2026-06-02 06:35:57.239428] GPU 0     0.000        0.000        0.000        1965         2100         0                           607305825378624             
[2026-06-02 06:35:57.291895] GPU 0     0.000        0.000        0.000        1965         2100         0                           607305825378624             
[2026-06-02 06:35:57.344262] GPU 0     0.000        0.000        0.000        1965         2100         0                           607305825378624             
[2026-06-02 06:35:57.396381] GPU 0     0.747        0.501        0.273        1965         2100         0                           607305825378624             
[2026-06-02 06:35:57.446467] #Entity   SMACT        SMOCC        DRAMA        SMCLK        SMMAX        DVCCTR                      TAPCV                       
[2026-06-02 06:35:57.446667] ID                                                                                                                                 
[2026-06-02 06:35:57.448298] GPU 0     0.921        0.625        0.326        1905         2100         4                           607305825378624             
[2026-06-02 06:35:57.500345] GPU 0     0.712        0.470        0.274        1950         2100         4                           607305825378624             
[2026-06-02 06:35:57.552284] GPU 0     0.923        0.627        0.325        1920         2100         4                           607305825378624             
[2026-06-02 06:35:57.604506] GPU 0     0.322        0.112        0.197        1935         2100         4                           607305825378624             
[2026-06-02 06:35:57.656708] GPU 0     0.048        0.015        0.029        1965         2100         0                           607305825378624             
[2026-06-02 06:35:57.709283] GPU 0     0.000        0.000        0.000        1965         2100         0                           607305825378624             
[2026-06-02 06:35:57.761977] GPU 0     0.000        0.000        0.000        1965         2100         0                           607305825378624             
[2026-06-02 06:35:57.814626] GPU 0     0.000        0.000        0.000        1965         2100         0                           607305825378624             
[2026-06-02 06:35:57.866611] GPU 0     0.000        0.000        0.000        1965         2100         0                           607305825378624             
[2026-06-02 06:35:57.918718] GPU 0     0.000        0.000        0.000        1965         2100         0                           607305825378624             
[2026-06-02 06:35:57.970779] GPU 0     0.000        0.000        0.000        1965         2100         0                           607305825378624             
[2026-06-02 06:35:58.022864] GPU 0     0.000        0.000        0.000        1965         2100         0                           607305825378624             
[2026-06-02 06:35:58.074862] GPU 0     0.000        0.000        0.000        1965         2100         0                           607305825378624             
[2026-06-02 06:35:58.126993] GPU 0     0.000        0.000        0.000        1965         2100         0                           607305825378624             
[2026-06-02 06:35:58.177140] #Entity   SMACT        SMOCC        DRAMA        SMCLK        SMMAX        DVCCTR                      TAPCV                       
[2026-06-02 06:35:58.177265] ID                                                                                                                                 
[2026-06-02 06:35:58.178967] GPU 0     0.000        0.000        0.000        1965         2100         0                           607305825378624             
[2026-06-02 06:35:58.231160] GPU 0     0.000        0.000        0.000        1965         2100         0                           607305825378624             
[2026-06-02 06:35:58.282944] GPU 0     0.000        0.000        0.000        1965         2100         0                           607305825378624             
[2026-06-02 06:35:58.335044] GPU 0     0.000        0.000        0.000        1965         2100         0                           607305825378624             
[2026-06-02 06:35:58.386882] GPU 0     0.000        0.000        0.000        1965         2100         0                           607305825378624             
[2026-06-02 06:35:58.438814] GPU 0     0.000        0.000        0.000        1965         2100         0                           607305825378624             
[2026-06-02 06:35:58.491006] GPU 0     0.000        0.000        0.000        1965         2100         0                           607305825378624             
[2026-06-02 06:35:58.543713] GPU 0     0.000        0.000        0.000        1965         2100         0                           607305825378624             
[2026-06-02 06:35:58.596543] GPU 0     0.000        0.000        0.000        1965         2100         0                           607305825378624             
[2026-06-02 06:35:58.649330] GPU 0     0.000        0.000        0.000        1965         2100         0                           607305825378624             
[2026-06-02 06:35:58.702016] GPU 0     0.000        0.000        0.000        1965         2100         0                           607305825378624             
[2026-06-02 06:35:58.754615] GPU 0     0.000        0.000        0.000        1965         2100         0                           607305825378624             
[2026-06-02 06:35:58.807226] GPU 0     0.000        0.000        0.000        1965         2100         0                           607305825378624             
[2026-06-02 06:35:58.860021] GPU 0     0.000        0.000        0.000        1965         2100         0                           607305825378624             
[2026-06-02 06:35:58.910205] #Entity   SMACT        SMOCC        DRAMA        SMCLK        SMMAX        DVCCTR                      TAPCV                       
[2026-06-02 06:35:58.910330] ID                                                                                                                                 
[2026-06-02 06:35:58.912426] GPU 0     0.000        0.000        0.000        1965         2100         0                           607305825378624             
[2026-06-02 06:35:58.964922] GPU 0     0.000        0.000        0.000        1965         2100         0                           607305825378624             
[2026-06-02 06:35:59.017483] GPU 0     0.000        0.000        0.000        1965         2100         0                           607305825378624             
[2026-06-02 06:35:59.070172] GPU 0     0.000        0.000        0.000        1965         2100         0                           607305825378624             
[2026-06-02 06:35:59.122565] GPU 0     0.000        0.000        0.000        1965         2100         0                           607305825378624             
[2026-06-02 06:35:59.175329] GPU 0     0.000        0.000        0.000        1965         2100         0                           607305825378624             
[2026-06-02 06:35:59.227827] GPU 0     0.000        0.000        0.000        1965         2100         0                           607305825378624             
[2026-06-02 06:35:59.280212] GPU 0     0.000        0.000        0.000        1965         2100         0                           607305825378624             
[2026-06-02 06:35:59.332783] GPU 0     0.000        0.000        0.000        1965         2100         0                           607305825378624             
[2026-06-02 06:35:59.385511] GPU 0     0.000        0.000        0.000        1965         2100         0                           607305825378624             
[2026-06-02 06:35:59.437835] GPU 0     0.000        0.000        0.000        1440         2100         0                           607305825378624             
[2026-06-02 06:35:59.490533] GPU 0     0.000        0.000        0.000        1440         2100         0                           607305825378624             
[2026-06-02 06:35:59.543050] GPU 0     0.000        0.000        0.000        1440         2100         0                           607305825378624             
[2026-06-02 06:35:59.595274] GPU 0     0.000        0.000        0.000        1440         2100         0                           607305825378624             
[2026-06-02 06:35:59.645432] #Entity   SMACT        SMOCC        DRAMA        SMCLK        SMMAX        DVCCTR                      TAPCV                       
[2026-06-02 06:35:59.645557] ID                                                                                                                                 
[2026-06-02 06:35:59.647152] GPU 0     0.000        0.000        0.000        1440         2100         0                           607305825378624             
[2026-06-02 06:35:59.698989] GPU 0     0.000        0.000        0.000        1440         2100         0                           607305825378624             
[2026-06-02 06:35:59.751093] GPU 0     0.000        0.000        0.013        1440         2100         0                           607305825378624             
[2026-06-02 06:35:59.803259] GPU 0     0.000        0.000        0.027        1440         2100         0                           607305825378624             
[2026-06-02 06:35:59.855172] GPU 0     0.000        0.000        0.000        1575         2100         0                           607305825378624             
[2026-06-02 06:35:59.907260] GPU 0     0.000        0.000        0.000        1575         2100         0                           607305825378624             
[2026-06-02 06:35:59.959487] GPU 0     0.000        0.000        0.000        1575         2100         0                           607305825378624             
[2026-06-02 06:36:00.011627] GPU 0     0.000        0.000        0.000        1575         2100         0                           607305825378624             
[2026-06-02 06:36:00.063509] GPU 0     0.000        0.000        0.000        1575         2100         0                           607305825378624             
[2026-06-02 06:36:00.115491] GPU 0     0.000        0.000        0.000        1575         2100         0                           607305825378624             
[2026-06-02 06:36:00.167184] GPU 0     0.000        0.000        0.000        1575         2100         0                           607305825378624             
[2026-06-02 06:36:00.218909] GPU 0     0.000        0.000        0.000        1575         2100         0                           607305825378624             
[2026-06-02 06:36:00.270479] GPU 0     0.000        0.000        0.000        1575         2100         0                           607305825378624             
[2026-06-02 06:36:00.327350] GPU 0     0.000        0.000        0.000        1575         2100         0                           607305825378624             
[2026-06-02 06:36:00.377538] #Entity   SMACT        SMOCC        DRAMA        SMCLK        SMMAX        DVCCTR                      TAPCV                       
[2026-06-02 06:36:00.377663] ID                                                                                                                                 
[2026-06-02 06:36:00.379207] GPU 0     0.000        0.000        0.000        1575         2100         0                           607305825378624             
[2026-06-02 06:36:00.431118] GPU 0     0.000        0.000        0.000        1575         2100         0                           607305825378624             
[2026-06-02 06:36:00.483191] GPU 0     0.000        0.000        0.000        1575         2100         0                           607305825378624             
[2026-06-02 06:36:00.535339] GPU 0     0.000        0.000        0.000        1575         2100         0                           607305825378624             
[2026-06-02 06:36:00.587344] GPU 0     0.000        0.000        0.000        1575         2100         0                           607305825378624             
[2026-06-02 06:36:00.639421] GPU 0     0.000        0.000        0.000        1575         2100         0                           607305825378624             
[2026-06-02 06:36:00.691385] GPU 0     0.000        0.000        0.000        1575         2100         0                           607305825378624             
[2026-06-02 06:36:00.743454] GPU 0     0.000        0.000        0.000        1575         2100         0                           607305825378624             
[2026-06-02 06:36:00.795508] GPU 0     0.000        0.000        0.000        1575         2100         1                           607305825378624             
[2026-06-02 06:36:00.847627] GPU 0     0.000        0.000        0.000        1575         2100         1                           607305825378624             
[2026-06-02 06:36:00.899741] GPU 0     0.000        0.000        0.000        1575         2100         1                           607305825378624             
[2026-06-02 06:36:00.952030] GPU 0     0.000        0.000        0.000        1575         2100         1                           607305825378624             
[2026-06-02 06:36:01.004307] GPU 0     0.000        0.000        0.000        1575         2100         1                           607305825378624             
[2026-06-02 06:36:01.056712] GPU 0     0.000        0.000        0.000        1575         2100         1                           607305825378624             
[2026-06-02 06:36:01.106849] #Entity   SMACT        SMOCC        DRAMA        SMCLK        SMMAX        DVCCTR                      TAPCV                       
[2026-06-02 06:36:01.106970] ID                                                                                                                                 
[2026-06-02 06:36:01.108684] GPU 0     0.000        0.000        0.000        1575         2100         1                           607305825378624             
[2026-06-02 06:36:01.160895] GPU 0     0.000        0.000        0.000        1575         2100         1                           607305825378624             
[2026-06-02 06:36:01.213050] GPU 0     0.000        0.000        0.000        1575         2100         1                           607305825378624             
[2026-06-02 06:36:01.265035] GPU 0     0.000        0.000        0.000        1575         2100         1                           607305825378624             
[2026-06-02 06:36:01.317148] GPU 0     0.000        0.000        0.000        1575         2100         1                           607305825378624             
[2026-06-02 06:36:01.369526] GPU 0     0.000        0.000        0.000        1575         2100         1                           607305825378624             
[2026-06-02 06:36:01.422036] GPU 0     0.000        0.000        0.000        1575         2100         1                           607305825378624             
[2026-06-02 06:36:01.474528] GPU 0     0.000        0.000        0.000        1575         2100         1                           607305825378624             
[2026-06-02 06:36:01.527309] GPU 0     0.000        0.000        0.000        1575         2100         1                           607305825378624             
[2026-06-02 06:36:01.580185] GPU 0     0.000        0.000        0.000        1575         2100         1                           607305825378624             
[2026-06-02 06:36:01.633270] GPU 0     0.000        0.000        0.000        1575         2100         1                           607305825378624             
[2026-06-02 06:36:01.686401] GPU 0     0.000        0.000        0.000        1185         2100         1                           607305870634176             
[2026-06-02 06:36:01.739384] GPU 0     0.000        0.000        0.000        1185         2100         1                           607305922579296             
[2026-06-02 06:36:01.792592] GPU 0     0.000        0.000        0.000        1185         2100         1                           607305973411040             
[2026-06-02 06:36:01.842770] #Entity   SMACT        SMOCC        DRAMA        SMCLK        SMMAX        DVCCTR                      TAPCV                       
[2026-06-02 06:36:01.842933] ID                                                                                                                                 
[2026-06-02 06:36:01.845544] GPU 0     0.000        0.000        0.000        1185         2100         1                           607306023856736             
[2026-06-02 06:36:01.898736] GPU 0     0.000        0.000        0.000        1155         2100         1                           607306075112320             
[2026-06-02 06:36:01.951764] GPU 0     0.000        0.000        0.000        1155         2100         1                           607306125553952             
[2026-06-02 06:36:02.004836] GPU 0     0.000        0.000        0.000        1155         2100         1                           607306226402624             
[2026-06-02 06:36:02.057890] GPU 0     0.000        0.000        0.000        1125         2100         1                           607306276749888             
[2026-06-02 06:36:02.110940] GPU 0     0.000        0.000        0.000        1125         2100         1                           607306327105344             
[2026-06-02 06:36:02.163897] GPU 0     0.000        0.000        0.000        1125         2100         1                           607306377505216             
[2026-06-02 06:36:02.216910] GPU 0     0.000        0.000        0.000        1125         2100         1                           607306428560864             
[2026-06-02 06:36:02.269923] GPU 0     0.000        0.000        0.000        1125         2100         1                           607306479009248             
[2026-06-02 06:36:02.323075] GPU 0     0.000        0.000        0.000        1125         2100         1                           607306529409504             
[2026-06-02 06:36:02.376180] GPU 0     0.000        0.000        0.000        1125         2100         1                           607306579798784             
[2026-06-02 06:36:02.429244] GPU 0     0.000        0.000        0.000        1125         2100         1                           607306630200800             
[2026-06-02 06:36:02.482017] GPU 0     0.000        0.000        0.000        1125         2100         1                           607306680623840             
[2026-06-02 06:36:02.535140] GPU 0     0.000        0.000        0.000        1125         2100         1                           607306731023296             
[2026-06-02 06:36:02.585266] #Entity   SMACT        SMOCC        DRAMA        SMCLK        SMMAX        DVCCTR                      TAPCV                       
[2026-06-02 06:36:02.585422] ID                                                                                                                                 
[2026-06-02 06:36:02.588131] GPU 0     0.000        0.000        0.000        1125         2100         1                           607306792220768             
[2026-06-02 06:36:02.641179] GPU 0     0.000        0.000        0.000        1065         2100         1                           607306844373600             
[2026-06-02 06:36:02.694236] GPU 0     0.000        0.000        0.000        1065         2100         1                           607306894849664             
[2026-06-02 06:36:02.747295] GPU 0     0.000        0.000        0.000        1065         2100         1                           607306946605344             
[2026-06-02 06:36:02.800038] GPU 0     0.000        0.000        0.000        1065         2100         1                           607306996976032             
[2026-06-02 06:36:02.852961] GPU 0     0.000        0.000        0.000        1050         2100         1                           607307048459840             
[2026-06-02 06:36:02.906037] GPU 0     0.000        0.000        0.000        1050         2100         1                           607307098854784             
[2026-06-02 06:36:02.958938] GPU 0     0.000        0.000        0.000        1050         2100         1                           607307149258208             
[2026-06-02 06:36:03.011686] GPU 0     0.000        0.000        0.000        1050         2100         1                           607307199632832             
[2026-06-02 06:36:03.064713] GPU 0     0.000        0.000        0.000        1020         2100         1                           607307253109024             
[2026-06-02 06:36:03.117622] GPU 0     0.000        0.000        0.000        1020         2100         1                           607307310480480             
[2026-06-02 06:36:03.170112] GPU 0     0.000        0.000        0.000        1020         2100         1                           607307361206176             
[2026-06-02 06:36:03.223035] GPU 0     0.000        0.000        0.000        1020         2100         1                           607307411717472             
[2026-06-02 06:36:03.276069] GPU 0     0.000        0.000        0.000        1020         2100         1                           607307462948928             
[2026-06-02 06:36:03.326239] #Entity   SMACT        SMOCC        DRAMA        SMCLK        SMMAX        DVCCTR                      TAPCV                       
[2026-06-02 06:36:03.326378] ID                                                                                                                                 
[2026-06-02 06:36:03.328985] GPU 0     0.000        0.000        0.000        1020         2100         1                           607307513443840             
[2026-06-02 06:36:03.382028] GPU 0     0.000        0.000        0.000        1020         2100         1                           607307563907520             
[2026-06-02 06:36:03.435058] GPU 0     0.000        0.000        0.000        1020         2100         1                           607307614396384             
[2026-06-02 06:36:03.488068] GPU 0     0.000        0.000        0.000        1020         2100         1                           607307664878464             
