,,SKT0,SKT0,SKT0,SKT0,SKT0,SKT0,SKT0,SKT0,SKT0,SKT0,SKT0,SKT0,SKT0,SKT0,SKT0,SKT0,SKT1,SKT1,SKT1,SKT1,SKT1,SKT1,SKT1,SKT1,SKT1,SKT1,SKT1,SKT1,SKT1,SKT1,SKT1,SKT1,System,System,System
Date,Time,Ch0Read,Ch0Write,Ch1Read,Ch1Write,Ch2Read,Ch2Write,Ch3Read,Ch3Write,Ch4Read,Ch4Write,Ch5Read,Ch5Write,Mem Read (MB/s),Mem Write (MB/s),P. Write (T/s),Memory (MB/s),Ch0Read,Ch0Write,Ch1Read,Ch1Write,Ch2Read,Ch2Write,Ch3Read,Ch3Write,Ch4Read,Ch4Write,Ch5Read,Ch5Write,Mem Read (MB/s),Mem Write (MB/s),P. Write (T/s),Memory (MB/s),Read,Write,Memory
2026-06-02,06:34:31.141,   54.74,   33.43,   54.85,   33.59,   55.00,   33.74,   52.01,   32.19,   51.60,   32.20,   52.02,   32.34,  320.22,  197.48,     18880,  517.71,   43.67,   40.30,   43.55,   40.83,   43.53,   40.30,   38.75,   38.93,   39.46,   39.39,   38.76,   39.41,  247.73,  239.16,     18880,  486.89,    567.95,    436.65,   1004.60
2026-06-02,06:34:31.190,    7.55,    6.67,    7.62,    6.63,    7.52,    6.91,    6.49,    6.02,    6.51,    6.17,    6.47,    6.09,   42.17,   38.49,     18996,   80.65,   11.53,   13.08,   11.76,   13.30,   11.50,   13.18,    9.64,   12.19,   10.29,   13.00,    9.44,   12.24,   64.16,   76.99,     18976,  141.15,    106.33,    115.48,    221.80
2026-06-02,06:34:31.240,   10.06,    5.79,   10.23,    5.68,   10.26,    5.84,    9.72,    5.37,    9.91,    5.56,    9.59,    5.42,   59.77,   33.67,     18680,   93.44,    8.98,    9.67,    9.44,    9.98,    9.13,    9.72,    7.95,    9.03,    8.21,    9.55,    7.86,    9.11,   51.56,   57.06,     18680,  108.62,    111.33,     90.73,    202.06
2026-06-02,06:34:31.291,   24.74,   20.02,   25.02,   20.09,   25.32,   20.51,   23.18,   19.66,   23.64,   19.91,   23.80,   19.66,  145.70,  119.86,     18700,  265.56,   17.09,   24.45,   17.66,   24.82,   17.45,   24.73,   14.82,   23.28,   15.19,   23.70,   14.97,   23.77,   97.18,  144.74,     19080,  241.92,    242.88,    264.60,    507.48
2026-06-02,06:34:31.340,   74.62,   31.00,   75.52,   30.72,   75.54,   31.08,   71.64,   29.82,   70.94,   29.90,   71.42,   29.59,  439.68,  182.11,     18800,  621.80,   15.78,   21.58,   15.87,   21.53,   15.99,   21.66,   13.05,   20.63,   13.85,   21.31,   13.36,   20.79,   87.90,  127.49,     18480,  215.39,    527.58,    309.61,    837.19
2026-06-02,06:34:31.391,   30.35,   23.02,   30.55,   23.19,   31.24,   23.60,   29.29,   22.66,   29.03,   22.53,   28.86,   22.44,  179.33,  137.44,     18740,  316.77,   17.79,   20.66,   17.81,   20.66,   17.68,   20.68,   15.91,   19.70,   16.33,   20.18,   15.84,   19.75,  101.36,  121.63,     18740,  222.99,    280.68,    259.07,    539.76
2026-06-02,06:34:31.441,   11.80,    9.23,   11.84,    8.96,   11.74,    9.04,   11.12,    8.92,   11.13,    8.86,   11.21,    8.78,   68.85,   53.79,     18740,  122.64,    4.01,    6.51,    3.89,    6.45,    3.86,    6.32,    3.44,    5.89,    3.54,    6.08,    3.38,    5.96,   22.13,   37.22,     18760,   59.35,     90.98,     91.01,    181.99
2026-06-02,06:34:31.491,   78.53,   31.04,   78.99,   30.87,   78.91,   31.19,   74.01,   29.34,   72.96,   29.49,   73.95,   29.29,  457.34,  181.22,     18380,  638.56,   15.66,   16.01,   15.77,   15.96,   15.54,   15.83,   13.91,   14.77,   13.97,   15.15,   13.83,   14.92,   88.68,   92.64,     18380,  181.32,    546.02,    273.85,    819.87
2026-06-02,06:34:31.541,   67.30,   32.61,   67.65,   32.68,   67.60,   33.00,   65.21,   31.90,   64.76,   31.75,   65.39,   32.00,  397.91,  193.93,     18704,  591.84,   29.96,   39.77,   30.24,   40.36,   30.58,   40.28,   28.08,   39.59,   27.87,   39.43,   27.61,   39.64,  174.35,  239.08,     18743,  413.42,    572.25,    433.01,   1005.26
2026-06-02,06:34:31.592,   67.15,   37.92,   68.03,   38.02,   67.85,   38.34,   63.46,   37.22,   62.82,   37.13,   62.88,   37.06,  392.18,  225.69,     18840,  617.88,   28.56,   28.70,   28.72,   29.42,   28.64,   29.12,   26.50,   27.65,   26.93,   27.72,   26.39,   27.60,  165.74,  170.21,     18760,  335.95,    557.93,    395.90,    953.83
2026-06-02,06:34:31.642,   45.68,   23.94,   45.61,   23.97,   45.98,   24.37,   42.24,   23.37,   42.19,   23.39,   42.45,   23.40,  264.15,  142.44,     18760,  406.59,   17.11,   16.02,   17.70,   16.55,   17.39,   16.00,   16.27,   15.45,   16.49,   15.77,   15.89,   15.27,  100.86,   95.07,     18760,  195.92,    365.00,    237.51,    602.51
2026-06-02,06:34:31.692,   53.77,   25.88,   54.24,   25.89,   54.00,   25.66,   50.42,   24.61,   49.69,   24.36,   50.30,   24.36,  312.42,  150.76,     18780,  463.19,   15.56,   13.67,   15.96,   14.05,   15.82,   13.95,   13.85,   12.92,   14.52,   13.74,   13.89,   12.94,   89.60,   81.28,     18820,  170.88,    402.03,    232.04,    634.07
2026-06-02,06:34:31.743,   62.83,   42.75,   63.72,   42.43,   63.39,   42.68,   57.95,   41.35,   57.81,   41.43,   58.16,   41.73,  363.87,  252.37,     18526,  616.24,   20.74,   21.41,   20.31,   21.12,   20.56,   21.15,   19.16,   20.03,   19.54,   20.61,   19.20,   20.14,  119.51,  124.46,     18507,  243.97,    483.38,    376.83,    860.21
2026-06-02,06:34:31.792,   67.04,   31.54,   67.91,   31.77,   67.22,   31.76,   62.49,   30.13,   62.04,   30.27,   62.50,   29.96,  389.20,  185.43,     18794,  574.64,   11.10,    8.40,   11.25,    8.70,   11.04,    8.49,   10.24,    7.87,   10.63,    8.34,   10.43,    8.25,   64.70,   50.04,     18752,  114.74,    453.90,    235.48,    689.38
2026-06-02,06:34:31.842,   29.94,   21.46,   30.27,   21.36,   30.17,   21.35,   26.77,   19.86,   27.04,   20.05,   27.24,   20.09,  171.43,  124.17,     18760,  295.59,    9.99,   13.41,   10.47,   13.83,   10.12,   13.47,    8.24,   12.54,    8.32,   12.71,    8.15,   12.42,   55.29,   78.36,     18760,  133.66,    226.72,    202.53,    429.25
2026-06-02,06:34:31.892,   53.64,   33.72,   54.45,   33.76,   54.39,   34.20,   51.00,   33.23,   50.77,   33.51,   51.12,   33.46,  315.36,  201.88,     18780,  517.25,   22.35,   23.38,   22.85,   24.12,   22.47,   23.86,   20.56,   22.72,   20.91,   22.88,   20.44,   22.71,  129.58,  139.67,     18760,  269.25,    444.95,    341.55,    786.49
2026-06-02,06:34:31.943,   39.61,   20.32,   40.17,   20.34,   39.70,   20.51,   36.82,   19.25,   37.10,   19.44,   37.13,   19.39,  230.53,  119.24,     18800,  349.77,   12.33,   16.75,   12.36,   17.06,   12.47,   16.90,   10.68,   15.81,   11.02,   16.06,   10.47,   15.67,   69.33,   98.26,     18760,  167.59,    299.86,    217.50,    517.36
2026-06-02,06:34:31.993,   32.38,   20.28,   32.81,   20.44,   32.62,   20.33,   30.30,   19.46,   30.30,   19.51,   29.81,   19.38,  188.20,  119.39,     18820,  307.60,    8.01,   10.49,    8.07,   10.56,    8.03,   10.27,    7.10,    9.70,    7.60,   10.05,    7.15,    9.80,   45.94,   60.87,     18760,  106.81,    234.15,    180.26,    414.41
2026-06-02,06:34:32.043,   15.13,   13.68,   14.86,   13.38,   15.20,   13.62,   14.00,   13.00,   14.33,   13.07,   14.24,   13.31,   87.76,   80.06,     18800,  167.82,   11.80,   15.30,   11.94,   15.67,   11.82,   15.29,   10.35,   14.53,   10.65,   14.69,   10.43,   14.43,   66.99,   89.91,     18760,  156.90,    154.75,    169.97,    324.72
2026-06-02,06:34:32.094,   46.03,   22.90,   47.07,   22.93,   46.62,   22.88,   44.07,   22.11,   44.45,   22.28,   44.22,   21.99,  272.46,  135.10,     18780,  407.56,   17.29,   22.35,   17.58,   22.78,   17.35,   22.47,   14.99,   21.69,   15.39,   21.93,   14.85,   21.39,   97.44,  132.62,     18760,  230.06,    369.90,    267.71,    637.61
2026-06-02,06:34:32.143,  141.15,   52.91,  142.82,   53.30,  141.78,   53.35,  135.30,   52.19,  135.25,   51.78,  135.04,   51.77,  831.34,  315.31,     18520, 1146.64,   35.35,   37.56,   35.67,   38.46,   35.65,   37.79,   32.36,   36.26,   33.10,   36.86,   32.17,   36.48,  204.29,  223.40,     18560,  427.69,   1035.63,    538.71,   1574.33
2026-06-02,06:34:32.193,  148.86,   49.00,  149.84,   49.47,  149.40,   49.47,  143.35,   48.21,  142.88,   47.44,  143.33,   47.74,  877.67,  291.33,     18980, 1169.00,   50.72,   56.94,   51.47,   57.90,   51.70,   57.49,   45.42,   55.48,   46.26,   56.37,   45.46,   56.13,  291.03,  340.30,     18800,  631.32,   1168.69,    631.63,   1800.32
2026-06-02,06:34:32.243,  788.01,  503.73,  781.04,  495.40,  791.42,  508.13,  696.75,  417.48,  704.90,  424.33,  700.81,  419.26, 4462.92, 2768.32,     18940, 7231.25,  120.06,  129.38,  118.82,  128.47,  118.92,  127.35,  102.44,  119.60,  127.82,  146.77,  103.89,  120.21,  691.95,  771.78,     18500, 1463.74,   5154.88,   3540.11,   8694.98
2026-06-02,06:34:32.293,  315.11,  139.76,  315.28,  138.70,  316.93,  141.18,  300.27,  130.24,  301.40,  133.53,  299.77,  129.61, 1848.76,  813.01,     18860, 2661.76,   89.48,  110.49,   89.05,  110.53,   89.88,  110.28,   79.31,  107.76,   82.49,  111.33,   79.88,  108.01,  510.09,  658.41,     19040, 1168.50,   2358.84,   1471.42,   3830.26
2026-06-02,06:34:32.343,  157.42,   71.82,  158.34,   71.57,  164.76,   80.50,  147.64,   66.82,  151.12,   69.98,  149.21,   67.82,  928.49,  428.51,     18640, 1356.99,   51.15,   56.64,   50.90,   56.64,   50.96,   56.80,   44.51,   53.69,   49.70,   59.27,   44.77,   54.32,  291.99,  337.35,     18600,  629.35,   1220.48,    765.86,   1986.34
2026-06-02,06:34:32.393,  163.07,   67.73,  165.32,   69.22,  168.61,   73.75,  155.33,   66.24,  157.03,   67.78,  156.29,   65.46,  965.64,  410.19,     18640, 1375.83,   46.64,   50.91,   45.81,   50.32,   47.31,   51.38,   41.58,   48.52,   44.23,   51.92,   41.53,   49.17,  267.11,  302.23,     18580,  569.33,   1232.75,    712.42,   1945.16
2026-06-02,06:34:32.444,  145.49,   79.25,  147.97,   81.32,  147.13,   80.17,  138.31,   75.30,  139.14,   75.87,  138.89,   75.61,  856.93,  467.52,     18960, 1324.44,   57.23,   69.22,   57.18,   69.27,   57.40,   68.69,   51.30,   66.46,   53.78,   69.28,   52.18,   67.84,  329.07,  410.76,     18960,  739.82,   1185.99,    878.27,   2064.27
2026-06-02,06:34:32.494,  154.17,   63.73,  154.24,   62.86,  157.61,   67.52,  144.37,   58.29,  146.86,   60.61,  144.71,   57.72,  901.95,  370.72,     18560, 1272.67,   39.17,   40.03,   38.84,   40.24,   39.97,   40.56,   35.29,   37.26,   39.03,   41.40,   35.66,   37.95,  227.96,  237.44,     18680,  465.41,   1129.92,    608.16,   1738.08
2026-06-02,06:34:32.543,  154.33,   71.72,  156.88,   72.59,  158.16,   75.11,  147.31,   69.72,  147.77,   68.96,  148.65,   68.43,  913.09,  426.53,     18600, 1339.63,   73.40,   70.31,   72.37,   69.75,   73.01,   70.03,   68.13,   67.65,   70.25,   70.36,   68.08,   68.32,  425.24,  416.42,     18580,  841.66,   1338.33,    842.95,   2181.28
2026-06-02,06:34:32.594,  170.04,   99.35,  170.11,   99.48,  174.00,  103.15,  162.44,   96.53,  163.04,   97.44,  162.43,   96.37, 1002.06,  592.32,     18960, 1594.38,   88.20,   79.08,   87.13,   77.97,   88.25,   78.46,   81.73,   75.92,   82.72,   77.17,   81.20,   75.22,  509.21,  463.83,     18980,  973.04,   1511.27,   1056.14,   2567.42
2026-06-02,06:34:32.644,  152.50,  112.29,  152.83,  111.71,  152.09,  111.39,  148.14,  109.26,  148.70,  110.82,  148.18,  109.37,  902.44,  664.84,     18640, 1567.28,   51.08,   56.39,   49.46,   54.36,   50.68,   54.68,   46.26,   53.34,   46.19,   53.57,   46.87,   54.90,  290.55,  327.24,     18520,  617.79,   1192.98,    992.09,   2185.07
2026-06-02,06:34:32.694,  114.67,   70.51,  114.99,   70.01,  115.89,   71.44,  110.25,   67.44,  111.30,   68.77,  109.91,   67.05,  677.01,  415.22,     18780, 1092.23,   51.31,   46.47,   50.46,   46.71,   51.28,   46.86,   51.52,   48.90,   49.06,   46.30,   48.35,   45.80,  301.98,  281.04,     18760,  583.01,    978.99,    696.25,   1675.24
2026-06-02,06:34:32.745,  155.36,  117.53,  155.86,  117.22,  158.65,  120.90,  147.25,  113.26,  147.93,  115.07,  148.41,  114.28,  913.46,  698.26,     18448, 1611.72,  215.04,  128.39,  214.57,  128.24,  214.61,  127.05,  206.79,  125.08,  207.62,  124.85,  204.78,  122.38, 1263.41,  755.98,     18606, 2019.39,   2176.87,   1454.24,   3631.11
2026-06-02,06:34:32.796,  204.02,   97.27,  202.82,   94.07,  203.96,   98.00,  191.89,   90.33,  193.53,   91.33,  193.42,   90.08, 1189.65,  561.08,     19080, 1750.73,   74.00,   94.65,   74.52,   95.20,   74.43,   94.98,   65.30,   91.79,   66.68,   93.95,   65.14,   92.24,  420.08,  562.81,     19060,  982.89,   1609.73,   1123.89,   2733.62
2026-06-02,06:34:32.846,  250.90,  101.68,  252.63,  102.37,  255.03,  106.93,  244.04,   98.51,  247.01,  101.64,  245.38,   99.81, 1495.00,  610.95,     18720, 2105.95,   37.62,   69.17,   37.62,   69.68,   37.01,   68.17,   32.24,   67.44,   35.27,   70.21,   32.92,   67.60,  212.68,  412.28,     18720,  624.96,   1707.68,   1023.23,   2730.91
2026-06-02,06:34:32.896,  280.32,   85.13,  281.74,   85.00,  283.90,   88.25,  272.32,   82.90,  272.86,   82.47,  275.08,   84.25, 1666.21,  508.01,     18980, 2174.22,   76.31,  159.71,   76.90,  160.34,   75.96,  159.30,   59.68,  155.69,   61.17,  157.52,   59.78,  155.77,  409.80,  948.33,     18780, 1358.13,   2076.01,   1456.34,   3532.35
2026-06-02,06:34:32.947,  247.51,  111.57,  248.66,  110.59,  247.65,  110.80,  237.56,  107.01,  237.51,  107.94,  237.07,  106.41, 1455.96,  654.33,     18760, 2110.29,   55.62,  122.81,   55.28,  123.08,   55.68,  122.39,   44.89,  120.74,   46.80,  122.68,   44.68,  121.12,  302.95,  732.81,     18700, 1035.76,   1758.91,   1387.15,   3146.06
2026-06-02,06:34:32.997,   79.28,   48.25,   80.19,   48.33,   80.50,   49.71,   77.44,   49.39,   75.31,   46.43,   75.53,   46.49,  468.25,  288.60,     18348,  756.85,   40.53,   54.95,   40.49,   55.45,   40.27,   54.93,   36.95,   54.04,   37.92,   55.00,   36.12,   53.10,  232.28,  327.47,     18368,  559.75,    700.53,    616.07,   1316.60
2026-06-02,06:34:33.047,   73.99,   60.93,   74.81,   60.64,   76.61,   63.02,   69.88,   60.41,   69.43,   59.38,   70.22,   60.33,  434.94,  364.71,     18720,  799.66,   29.12,   43.35,   29.52,   43.74,   28.88,   43.11,   27.50,   42.39,   28.34,   43.54,   26.94,   41.98,  170.30,  258.10,     18700,  428.40,    605.24,    622.81,   1228.05
2026-06-02,06:34:33.098,   92.67,   84.05,   92.74,   84.16,   92.94,   84.27,   88.68,   82.99,   89.45,   83.26,   88.81,   83.28,  545.29,  502.01,     18704, 1047.29,   49.07,   50.23,   49.07,   50.08,   48.86,   49.77,   46.22,   48.36,   46.87,   49.29,   45.87,   48.18,  285.95,  295.91,     18704,  581.86,    831.23,    797.92,   1629.15
2026-06-02,06:34:33.148,  187.00,  117.29,  185.86,  115.58,  186.90,  117.35,  177.35,  115.34,  177.07,  114.71,  177.69,  114.01, 1091.86,  694.28,     19078, 1786.14,   53.79,   53.02,   53.28,   52.84,   53.20,   52.23,   50.99,   50.62,   52.28,   52.31,   50.54,   50.23,  314.09,  311.26,     19058,  625.35,   1405.95,   1005.54,   2411.48
2026-06-02,06:34:33.198,  269.07,  178.61,  268.02,  177.20,  275.25,  185.59,  256.93,  172.06,  261.50,  175.41,  257.17,  171.84, 1587.94, 1060.70,     18620, 2648.64,   57.11,   66.77,   57.03,   67.02,   57.10,   66.43,   52.54,   63.23,   56.99,   67.96,   51.95,   63.73,  332.72,  395.14,     18640,  727.86,   1920.66,   1455.84,   3376.50
2026-06-02,06:34:33.248,  372.33,  186.26,  373.55,  184.52,  376.41,  191.60,  353.72,  175.79,  357.80,  179.86,  356.84,  176.81, 2190.65, 1094.85,     18580, 3285.50,   87.70,   97.79,   87.68,   98.24,   87.39,   98.19,   79.41,   96.92,   82.06,  100.06,   78.88,   96.50,  503.11,  587.70,     18700, 1090.81,   2693.77,   1682.54,   4376.31
2026-06-02,06:34:33.298,  154.19,   70.19,  156.24,   71.97,  160.91,   78.19,  148.28,   68.70,  150.52,   71.26,  151.11,   70.91,  921.24,  431.22,     18800, 1352.46,   44.92,   49.50,   45.04,   50.02,   45.29,   49.38,   39.21,   48.31,   41.27,   50.24,   39.08,   48.47,  254.81,  295.92,     18760,  550.73,   1176.05,    727.14,   1903.19
2026-06-02,06:34:33.348,   73.86,   38.63,   75.18,   40.22,   75.86,   42.35,   68.66,   35.92,   70.19,   37.98,   68.74,   35.87,  432.49,  230.97,     18660,  663.46,   50.24,   65.19,   51.21,   66.08,   50.80,   65.08,   43.99,   64.78,   45.33,   65.51,   43.43,   64.06,  285.00,  390.70,     18640,  675.70,    717.50,    621.67,   1339.16
2026-06-02,06:34:33.397,   55.01,   29.23,   56.12,   30.09,   56.77,   31.57,   52.68,   28.89,   55.14,   32.21,   52.54,   28.02,  328.25,  180.02,     18580,  508.27,   45.95,   60.50,   45.90,   61.34,   45.50,   60.36,   39.62,   58.81,   41.31,   60.24,   40.21,   59.74,  258.49,  360.98,     18600,  619.47,    586.74,    541.00,   1127.74
2026-06-02,06:34:33.448,   20.75,   14.27,   20.63,   14.17,   20.43,   14.33,   19.40,   13.67,   19.71,   13.52,   19.68,   13.53,  120.60,   83.50,     18980,  204.10,   33.49,   58.94,   33.60,   59.14,   34.45,   59.19,   28.95,   58.17,   29.20,   58.48,   28.56,   57.99,  188.26,  351.91,     18940,  540.17,    308.86,    435.41,    744.27
2026-06-02,06:34:33.498,   83.57,   59.03,   84.50,   58.53,   86.15,   61.00,   77.15,   55.95,   78.48,   57.18,   77.78,   55.37,  487.63,  347.06,     18600,  834.69,   47.22,   56.71,   47.10,   57.07,   47.41,   56.59,   42.79,   54.54,   44.21,   55.76,   43.44,   54.65,  272.17,  335.32,     18580,  607.49,    759.80,    682.38,   1442.18
2026-06-02,06:34:33.548,   87.27,   48.04,   88.62,   49.39,   90.80,   52.40,   82.72,   46.07,   81.54,   44.19,   81.86,   43.70,  512.81,  283.79,     18580,  796.60,   28.12,   40.94,   28.33,   40.63,   28.39,   40.69,   24.72,   38.79,   27.21,   41.98,   23.81,   38.47,  160.57,  241.51,     18580,  402.09,    673.38,    525.30,   1198.68
2026-06-02,06:34:33.598,   59.94,   38.49,   59.75,   38.66,   59.63,   39.01,   55.31,   37.71,   56.33,   39.20,   55.54,   37.73,  346.51,  230.81,     19000,  577.32,  208.02,   96.04,  209.63,   96.55,  209.48,   95.88,  205.11,   94.35,  206.88,   95.30,  205.45,   94.83, 1244.57,  572.94,     18960, 1817.51,   1591.08,    803.75,   2394.83
2026-06-02,06:34:33.648,   37.05,   31.85,   37.08,   31.61,   36.90,   31.83,   34.72,   31.09,   35.46,   31.40,   34.99,   31.13,  216.19,  188.90,     18540,  405.09,  159.42,   52.70,  160.72,   53.22,  159.18,   52.92,  155.36,   51.34,  156.32,   51.85,  155.27,   51.74,  946.27,  313.76,     18580, 1260.03,   1162.46,    502.66,   1665.12
2026-06-02,06:34:33.699,   76.01,   41.56,   77.17,   42.57,   80.20,   46.95,   70.53,   39.39,   72.40,   42.06,   70.92,   39.06,  447.24,  251.59,     19100,  698.83,   29.66,   32.51,   30.43,   33.24,   30.26,   32.31,   27.12,   30.50,   28.87,   32.12,   27.26,   31.25,  173.60,  191.93,     18940,  365.52,    620.84,    443.51,   1064.35
2026-06-02,06:34:33.749,   57.69,   38.34,   58.19,   39.45,   57.82,   38.64,   53.88,   37.56,   54.23,   37.66,   54.37,   38.25,  336.18,  229.90,     18560,  566.08,   31.13,   28.33,   31.21,   28.47,   31.36,   28.24,   27.95,   26.76,   29.37,   27.84,   28.32,   27.24,  179.34,  166.89,     18600,  346.23,    515.52,    396.79,    912.31
2026-06-02,06:34:33.798,   56.34,   35.97,   57.08,   36.67,   58.17,   38.59,   53.58,   36.81,   55.49,   38.32,   53.43,   35.72,  334.09,  222.08,     18560,  556.17,   33.97,   27.31,   34.37,   28.05,   33.82,   27.51,   31.79,   26.23,   33.46,   27.42,   32.42,   26.12,  199.84,  162.64,     18540,  362.48,    533.93,    384.72,    918.65
2026-06-02,06:34:33.849,   76.51,   50.82,   77.61,   51.98,   77.48,   52.29,   69.48,   48.22,   71.72,   50.12,   70.27,   47.63,  443.07,  301.06,     18920,  744.13,   27.59,   31.91,   28.03,   32.26,   27.60,   32.01,   23.99,   30.20,   25.30,   32.12,   24.41,   31.23,  156.92,  189.74,     18960,  346.66,    599.99,    490.80,   1090.79
2026-06-02,06:34:33.899,   38.09,   26.31,   38.01,   26.24,   37.92,   26.64,   36.75,   25.73,   36.91,   25.97,   36.72,   25.95,  224.39,  156.84,     18580,  381.23,   42.82,   42.39,   42.08,   42.10,   43.14,   41.54,   37.99,   41.10,   38.77,   41.50,   37.54,   41.03,  242.34,  249.65,     18560,  491.99,    466.73,    406.49,    873.22
2026-06-02,06:34:33.950,   90.28,   59.00,   89.52,   57.68,   91.74,   60.56,   81.77,   53.79,   83.06,   54.34,   83.28,   54.79,  519.65,  340.15,     18980,  859.80,   41.98,   57.91,   41.92,   58.41,   42.51,   58.18,   37.19,   55.93,   39.19,   57.97,   37.16,   56.62,  239.94,  345.02,     18920,  584.96,    759.59,    685.17,   1444.76
2026-06-02,06:34:33.999,  101.58,   56.54,  100.67,   55.68,  103.87,   60.25,   94.13,   54.06,   95.41,   55.40,   94.31,   53.95,  589.97,  335.88,     18540,  925.84,   44.23,   52.06,   45.50,   53.15,   45.01,   52.54,   40.69,   51.29,   42.89,   53.47,   40.45,   51.29,  258.77,  313.82,     18580,  572.59,    848.74,    649.69,   1498.43
2026-06-02,06:34:34.049,   46.44,   36.22,   44.76,   34.00,   45.10,   34.50,   42.33,   33.00,   42.70,   33.68,   42.84,   33.37,  264.16,  204.77,     18600,  468.93,   28.49,   33.57,   29.02,   34.07,   28.91,   33.69,   26.23,   32.89,   26.89,   33.91,   26.64,   33.20,  166.19,  201.33,     18560,  367.52,    430.34,    406.11,    836.45
2026-06-02,06:34:34.100,   43.12,   33.25,   42.89,   33.39,   43.71,   33.25,   40.57,   32.27,   41.27,   32.59,   40.64,   32.12,  252.20,  196.86,     18940,  449.06,   44.84,   45.99,   44.62,   45.58,   44.51,   45.56,   40.46,   43.91,   41.72,   44.90,   40.92,   44.58,  257.06,  270.52,     18960,  527.58,    509.26,    467.38,    976.64
2026-06-02,06:34:34.150,  101.83,   51.86,  101.07,   49.41,  105.42,   55.74,   93.38,   49.00,   95.40,   50.71,   93.52,   47.77,  590.63,  304.47,     18580,  895.10,   32.22,   49.60,   32.88,   50.93,   32.36,   50.09,   27.74,   48.01,   29.98,   50.33,   27.56,   47.91,  182.75,  296.86,     18580,  479.61,    773.38,    601.33,   1374.72
2026-06-02,06:34:34.199,   49.85,   33.64,   49.28,   33.46,   51.73,   35.88,   46.88,   33.31,   46.26,   32.91,   46.21,   33.70,  290.21,  202.91,     18740,  493.12,   25.69,   39.06,   26.52,   39.71,   27.01,   39.49,   23.05,   38.21,   24.36,   38.89,   23.49,   38.64,  150.12,  233.99,     18560,  384.12,    440.34,    436.90,    877.24
2026-06-02,06:34:34.255,   38.44,   29.20,   38.19,   28.89,   38.22,   29.13,   36.43,   28.22,   36.77,   28.22,   36.55,   28.20,  224.59,  171.86,     18780,  396.45,   41.65,   48.65,   42.18,   49.04,   42.26,   48.77,   37.63,   47.29,   37.59,   47.88,   37.58,   47.54,  238.91,  289.17,     18798,  528.08,    463.49,    461.03,    924.53
2026-06-02,06:34:34.305,  108.71,   66.02,  108.77,   65.14,  111.72,   69.82,  101.27,   63.99,  103.35,   66.53,  103.05,   65.74,  636.85,  397.25,     18920, 1034.10,   36.90,   37.97,   37.61,   38.98,   37.51,   38.14,   33.99,   36.14,   36.84,   38.62,   34.28,   36.67,  217.13,  226.53,     18940,  443.65,    853.98,    623.78,   1477.75
2026-06-02,06:34:34.355,   63.50,   41.36,   64.47,   41.97,   64.38,   42.28,   58.41,   39.29,   60.39,   42.13,   59.01,   39.53,  370.15,  246.55,     18600,  616.70,   65.04,   49.04,   66.25,   50.24,   66.01,   49.66,   63.27,   47.60,   65.19,   49.38,   64.13,   48.21,  389.89,  294.14,     18580,  684.03,    760.04,    540.69,   1300.73
2026-06-02,06:34:34.405,   31.88,   27.01,   31.26,   26.62,   31.49,   27.16,   31.10,   27.05,   31.12,   27.30,   30.90,   26.86,  187.74,  162.00,     18560,  349.74,  486.38,  111.72,  487.91,  112.36,  485.93,  111.73,  484.44,  111.23,  484.04,  111.28,  485.86,  111.81, 2914.56,  670.14,     18540, 3584.69,   3102.30,    832.13,   3934.43
2026-06-02,06:34:34.456,   79.50,   52.47,   79.41,   50.94,   83.00,   55.83,   73.67,   50.79,   73.46,   50.13,   73.38,   49.62,  462.41,  309.79,     18960,  772.20,   28.17,   20.59,   28.82,   21.15,   28.70,   21.19,   26.28,   19.13,   28.78,   21.61,   27.12,   19.24,  167.87,  122.89,     18980,  290.75,    630.28,    432.68,   1062.95
2026-06-02,06:34:34.506,   43.14,   36.57,   42.60,   35.90,   42.67,   36.02,   39.92,   36.10,   40.06,   36.26,   40.30,   36.13,  248.70,  216.98,     18580,  465.68,   47.59,   61.99,   47.22,   61.92,   47.13,   62.20,   39.83,   59.70,   40.46,   60.35,   40.72,   60.01,  262.97,  366.16,     18560,  629.13,    511.66,    583.14,   1094.80
2026-06-02,06:34:34.555,   23.94,   23.29,   23.79,   23.39,   23.61,   23.47,   23.02,   23.03,   23.34,   22.96,   23.34,   22.85,  141.04,  139.00,     18620,  280.04,   53.86,   42.85,   54.16,   42.57,   54.09,   42.26,   52.33,   42.35,   51.71,   42.06,   52.26,   42.30,  318.40,  254.38,     18580,  572.78,    459.44,    393.37,    852.82
2026-06-02,06:34:34.606,   89.46,   52.36,   90.06,   51.91,   93.09,   56.04,   84.41,   50.58,   86.47,   53.81,   84.16,   49.73,  527.65,  314.44,     19000,  842.09,   30.58,   35.24,   30.90,   35.85,   30.44,   35.36,   28.59,   33.29,   30.64,   35.52,   28.75,   33.64,  179.90,  208.90,     19000,  388.80,    707.55,    523.34,   1230.88
2026-06-02,06:34:34.656,   56.50,   38.20,   58.85,   40.82,   61.35,   43.91,   50.43,   35.85,   52.49,   38.18,   51.00,   35.89,  330.61,  232.86,     18580,  563.47,   35.21,   37.40,   35.34,   37.55,   35.80,   37.73,   33.13,   36.29,   33.85,   37.33,   32.89,   36.45,  206.22,  222.76,     18540,  428.99,    536.84,    455.62,    992.46
2026-06-02,06:34:34.706,   64.45,   49.40,   64.41,   49.17,   64.21,   49.46,   61.20,   48.27,   61.20,   48.86,   61.89,   48.74,  377.37,  293.90,     18560,  671.27,   57.83,   61.08,   58.35,   61.47,   57.82,   60.31,   54.70,   60.44,   54.85,   60.48,   54.94,   60.22,  338.49,  364.01,     18580,  702.50,    715.85,    657.91,   1373.77
2026-06-02,06:34:34.756,   34.97,   29.18,   36.06,   29.93,   37.19,   30.89,   32.45,   28.41,   33.70,   28.65,   31.98,   26.82,  206.36,  173.89,     18980,  380.24,   30.93,   45.81,   30.44,   46.22,   30.37,   45.71,   26.30,   43.20,   28.02,   44.56,   26.78,   43.93,  172.82,  269.44,     18980,  442.26,    379.18,    443.32,    822.50
2026-06-02,06:34:34.806,   88.54,   49.19,   93.06,   55.03,   90.89,   52.83,   83.57,   48.76,   84.17,   49.52,   82.83,   47.08,  523.07,  302.41,     18560,  825.48,   50.38,   75.34,   51.29,   75.97,   50.78,   75.22,   43.33,   73.57,   45.36,   75.83,   43.34,   73.95,  284.48,  449.87,     18540,  734.35,    807.55,    752.28,   1559.83
2026-06-02,06:34:34.857,   24.17,   18.25,   23.40,   17.24,   24.85,   18.75,   20.65,   15.48,   21.59,   16.00,   21.68,   16.23,  136.34,  101.95,     18585,  238.29,   25.47,   46.24,   25.46,   46.87,   25.55,   46.49,   21.02,   45.51,   22.45,   46.61,   21.10,   45.23,  141.05,  276.94,     18586,  417.99,    277.38,    378.89,    656.27
2026-06-02,06:34:34.908,   29.15,   18.92,   29.04,   18.80,   29.00,   18.69,   28.40,   18.84,   28.41,   19.07,   28.25,   18.99,  172.27,  113.32,     18960,  285.59,   32.94,   48.30,   33.50,   48.69,   33.22,   47.94,   29.12,   47.38,   30.10,   47.85,   29.27,   48.06,  188.15,  288.22,     18960,  476.37,    360.41,    401.54,    761.96
2026-06-02,06:34:34.957,   21.00,   12.36,   20.93,   12.17,   20.59,   12.30,   20.00,   12.19,   20.46,   12.39,   20.31,   12.19,  123.29,   73.59,     18520,  196.88,  560.32,  164.76,  562.47,  165.64,  560.89,  165.37,  557.30,  163.10,  557.41,  163.72,  558.43,  163.74, 3356.82,  986.32,     18600, 4343.14,   3480.10,   1059.91,   4540.02
2026-06-02,06:34:35.008,   80.87,   43.78,   83.43,   46.34,   84.51,   48.28,   73.63,   41.66,   76.35,   44.40,   73.91,   40.74,  472.70,  265.20,     19000,  737.90,  194.49,   48.05,  196.20,   49.05,  195.13,   48.67,  190.98,   47.09,  191.48,   49.08,  190.69,   46.65, 1158.96,  288.59,     18960, 1447.56,   1631.66,    553.80,   2185.46
2026-06-02,06:34:35.058,   60.53,   41.50,   61.62,   43.13,   61.49,   42.15,   54.79,   38.25,   56.99,   40.75,   55.65,   38.29,  351.08,  244.07,     18580,  595.15,   41.15,   53.87,   41.74,   55.26,   42.11,   54.71,   36.60,   52.77,   38.01,   53.83,   36.18,   52.36,  235.78,  322.80,     18580,  558.59,    586.86,    566.87,   1153.73
2026-06-02,06:34:35.108,   64.08,   34.15,   65.48,   36.24,   69.29,   41.32,   60.24,   34.90,   61.05,   34.18,   58.29,   31.90,  378.43,  212.69,     18560,  591.13,   36.54,   41.66,   37.00,   43.00,   37.00,   42.27,   32.74,   40.27,   35.20,   42.32,   33.10,   40.41,  211.58,  249.92,     18580,  461.50,    590.01,    462.62,   1052.63
2026-06-02,06:34:35.158,   31.55,   31.08,   31.00,   30.92,   31.32,   31.22,   28.35,   30.53,   28.24,   30.38,   28.11,   30.16,  178.57,  184.30,     18940,  362.86,   20.78,   25.12,   20.75,   25.51,   20.93,   25.23,   18.41,   24.31,   18.87,   25.00,   18.32,   24.77,  118.06,  149.94,     18920,  268.00,    296.62,    334.24,    630.86
2026-06-02,06:34:35.208,   83.59,   49.01,   85.70,   50.85,   86.12,   51.57,   78.81,   47.29,   79.40,   46.95,   80.30,   47.45,  493.92,  293.12,     18540,  787.04,   39.19,   44.81,   39.44,   44.75,   39.90,   44.54,   36.06,   42.78,   37.11,   44.62,   35.50,   43.31,  227.20,  264.80,     18560,  492.00,    721.12,    557.92,   1279.04
2026-06-02,06:34:35.259,   40.66,   26.82,   41.14,   26.95,   44.19,   30.95,   38.90,   26.38,   38.43,   26.09,   38.50,   26.18,  241.81,  163.37,     18940,  405.18,   36.98,   44.99,   37.33,   45.63,   36.58,   44.91,   33.51,   43.63,   34.95,   44.96,   33.97,   43.79,  213.31,  267.92,     18920,  481.23,    455.12,    431.29,    886.41
2026-06-02,06:34:35.309,   28.68,   22.05,   28.88,   22.41,   28.48,   22.42,   27.86,   21.99,   28.11,   22.14,   27.79,   22.06,  169.80,  133.08,     18540,  302.88,   48.34,   43.87,   48.08,   43.93,   48.42,   43.62,   45.84,   42.73,   46.73,   43.60,   45.67,   43.39,  283.07,  261.14,     18560,  544.22,    452.88,    394.22,    847.10
2026-06-02,06:34:35.358,   57.03,   32.15,   56.97,   31.22,   58.24,   33.18,   51.80,   29.13,   54.16,   31.43,   52.21,   29.17,  330.41,  186.28,     18580,  516.69,   47.71,   55.42,   48.39,   55.88,   47.46,   55.15,   44.42,   53.32,   46.21,   54.91,   44.60,   53.69,  278.78,  328.37,     18600,  607.15,    609.19,    514.65,   1123.84
2026-06-02,06:34:35.409,   88.13,   42.78,   88.79,   43.06,   88.50,   43.72,   81.19,   39.47,   84.20,   43.52,   82.59,   40.22,  513.40,  252.76,     18940,  766.16,   78.14,   85.88,   78.35,   86.61,   78.70,   86.03,   71.61,   83.42,   73.69,   85.48,   72.38,   84.25,  452.86,  511.68,     18920,  964.53,    966.26,    764.43,   1730.69
2026-06-02,06:34:35.459,   29.16,   21.12,   29.46,   21.20,   29.36,   21.64,   28.15,   21.17,   28.14,   21.13,   28.25,   21.07,  172.52,  127.33,     18580,  299.85,   42.36,   39.62,   42.45,   39.86,   41.98,   39.28,   39.76,   38.22,   40.17,   38.80,   39.79,   38.85,  246.52,  234.63,     18620,  481.14,    419.03,    361.96,    781.00
2026-06-02,06:34:35.509,   23.77,   21.73,   23.79,   21.86,   23.69,   21.93,   22.88,   21.43,   23.02,   21.66,   22.52,   21.24,  139.66,  129.86,     18566,  269.52,   34.91,   40.79,   35.33,   41.10,   34.91,   40.33,   31.92,   39.44,   32.46,   40.16,   32.05,   39.85,  201.58,  241.66,     18566,  443.24,    341.23,    371.52,    712.76
2026-06-02,06:34:35.560,   23.80,   16.74,   24.23,   16.79,   23.77,   17.00,   22.85,   16.17,   23.14,   16.27,   23.28,   16.07,  141.06,   99.05,     18940,  240.11,   35.61,   47.80,   35.60,   47.69,   34.88,   47.23,   31.43,   46.02,   31.92,   46.37,   31.57,   46.04,  201.00,  281.15,     18940,  482.15,    342.07,    380.20,    722.27
2026-06-02,06:34:35.610,   69.61,   30.40,   69.78,   30.11,   70.95,   31.65,   65.93,   29.46,   65.52,   29.33,   64.78,   27.69,  406.58,  178.65,     18580,  585.22,   29.09,   46.23,   29.99,   46.96,   29.56,   46.84,   26.76,   43.98,   28.57,   46.15,   26.60,   43.90,  170.56,  274.07,     18560,  444.63,    577.14,    452.72,   1029.85
2026-06-02,06:34:35.661,   23.43,   21.73,   23.65,   21.93,   23.66,   21.96,   22.10,   21.17,   22.26,   21.46,   22.19,   21.27,  137.29,  129.52,     18920,  266.81,   37.47,   47.59,   38.31,   48.31,   37.57,   47.65,   34.03,   46.62,   34.25,   47.03,   34.03,   46.85,  215.65,  284.04,     18940,  499.69,    352.94,    413.56,    766.49
2026-06-02,06:34:35.711,   42.30,   39.90,   41.93,   39.27,   42.12,   40.00,   39.45,   39.11,   39.76,   39.18,   39.74,   38.55,  245.31,  236.00,     18700,  481.31,   44.09,   59.89,   44.13,   60.05,   44.08,   59.65,   41.44,   58.60,   41.94,   58.99,   41.64,   59.05,  257.31,  356.24,     18680,  613.55,    502.62,    592.25,   1094.86
2026-06-02,06:34:35.761,  104.61,   57.91,  104.91,   57.20,  106.98,   60.06,   99.02,   56.76,   99.55,   56.53,  100.07,   56.48,  615.14,  344.95,     18720,  960.09,   36.08,   53.57,   36.72,   54.32,   36.91,   53.96,   33.94,   51.53,   36.49,   54.03,   34.26,   52.08,  214.40,  319.50,     18740,  533.90,    829.54,    664.44,   1493.98
2026-06-02,06:34:35.811,   68.55,   34.81,   70.47,   37.10,   71.37,   38.26,   64.55,   33.95,   64.71,   34.05,   65.70,   35.25,  405.35,  213.42,     18740,  618.77,   46.20,   56.07,   47.27,   57.48,   46.81,   56.36,   43.01,   54.61,   44.77,   56.86,   43.22,   55.63,  271.28,  337.02,     18760,  608.29,    676.63,    550.44,   1227.06
2026-06-02,06:34:35.861,   34.38,   30.71,   34.62,   30.58,   34.47,   30.79,   32.65,   30.26,   32.92,   30.46,   33.03,   30.15,  202.06,  182.94,     18720,  385.01,   45.99,   63.19,   46.60,   63.69,   46.37,   62.90,   42.54,   62.36,   43.03,   62.53,   43.01,   62.33,  267.54,  377.00,     18720,  644.54,    469.60,    559.94,   1029.54
2026-06-02,06:34:35.912,   37.48,   35.81,   37.06,   35.27,   37.13,   35.83,   34.55,   34.54,   34.97,   35.02,   34.89,   34.67,  216.07,  211.14,     18720,  427.20,   31.69,   42.89,   31.71,   42.88,   31.34,   42.60,   28.92,   41.27,   29.33,   42.10,   29.46,   42.09,  182.45,  253.83,     18720,  436.28,    398.52,    464.97,    863.49
2026-06-02,06:34:35.962,   83.44,   47.33,   83.86,   46.73,   87.09,   51.82,   81.12,   48.24,   81.27,   48.50,   79.50,   44.91,  496.29,  287.52,     18800,  783.81,   42.02,   55.58,   43.07,   56.76,   42.59,   55.99,   39.31,   53.02,   42.40,   56.12,   40.29,   54.05,  249.68,  331.51,     18720,  581.19,    745.96,    619.03,   1365.00
2026-06-02,06:34:36.012,  100.73,   43.84,  102.12,   44.79,  104.75,   48.16,   95.05,   42.19,   95.81,   43.40,   95.44,   42.03,  593.90,  264.40,     18720,  858.30,   26.74,   33.49,   27.69,   34.62,   27.88,   34.51,   25.08,   32.57,   27.16,   34.86,   25.87,   33.90,  160.41,  203.94,     18680,  364.35,    754.31,    468.34,   1222.65
2026-06-02,06:34:36.062,   23.85,   29.88,   23.62,   29.54,   24.00,   30.51,   20.65,   28.54,   21.09,   29.07,   20.93,   28.32,  134.14,  175.86,     18680,  309.99,   35.86,   50.08,   35.60,   49.90,   35.61,   49.75,   31.85,   48.02,   32.52,   48.17,   32.19,   48.04,  203.62,  293.97,     18720,  497.59,    337.76,    469.82,    807.58
2026-06-02,06:34:36.112,   30.40,   31.82,   30.30,   31.50,   30.29,   31.70,   28.30,   30.25,   28.90,   30.90,   28.67,   30.55,  176.87,  186.72,     18740,  363.59,   31.06,   44.35,   31.12,   44.56,   31.08,   44.23,   28.95,   43.14,   29.63,   43.35,   29.31,   43.90,  181.14,  263.53,     18720,  444.67,    358.01,    450.25,    808.26
2026-06-02,06:34:36.162,  114.10,   58.16,  116.97,   60.57,  117.67,   62.31,  108.08,   55.78,  110.26,   59.25,  108.14,   54.76,  675.22,  350.83,     18700, 1026.05,   40.94,   56.84,   42.30,   58.66,   41.59,   57.43,   38.28,   55.41,   41.13,   58.18,   38.58,   55.88,  242.82,  342.40,     18700,  585.22,    918.04,    693.23,   1611.27
2026-06-02,06:34:36.212,   44.89,   30.12,   44.10,   29.24,   44.98,   30.02,   42.68,   29.58,   42.15,   28.79,   42.09,   28.09,  260.90,  175.84,     18680,  436.74,   44.66,   64.53,   45.57,   65.03,   45.15,   64.57,   40.55,   63.12,   41.88,   64.28,   41.28,   63.99,  259.09,  385.52,     18680,  644.61,    519.98,    561.36,   1081.34
2026-06-02,06:34:36.262,   95.57,   59.49,   95.72,   59.46,   96.19,   59.95,   92.94,   58.02,   93.54,   58.15,   93.18,   57.89,  567.14,  352.95,     18680,  920.09,   77.80,   86.65,   77.90,   86.46,   78.08,   86.14,   71.63,   83.67,   72.62,   84.92,   71.77,   84.44,  449.80,  512.27,     18680,  962.07,   1016.94,    865.22,   1882.16
2026-06-02,06:34:36.312,  142.42,   70.46,  143.72,   71.20,  146.21,   75.62,  132.94,   64.09,  135.61,   67.03,  133.61,   65.16,  834.52,  413.57,     18760, 1248.08,   63.70,   65.13,   63.43,   65.57,   63.72,   64.74,   60.39,   62.97,   63.92,   66.91,   60.62,   64.40,  375.78,  389.72,     18720,  765.50,   1210.29,    803.29,   2013.58
2026-06-02,06:34:36.363,  134.50,   68.58,  135.93,   70.27,  139.02,   74.46,  128.14,   66.94,  129.19,   68.97,  129.20,   67.86,  795.97,  417.07,     18720, 1213.04,  104.92,   96.57,  105.00,   97.14,  104.63,   96.01,   97.88,   94.22,  100.91,   97.18,   98.32,   94.35,  611.64,  575.47,     18760, 1187.11,   1407.62,    992.54,   2400.15
2026-06-02,06:34:36.412,  131.05,   53.56,  130.93,   53.56,  132.06,   54.79,  125.01,   51.44,  125.29,   52.95,  125.18,   51.59,  769.51,  317.89,     18660, 1087.41,   79.02,   81.26,   79.06,   81.79,   79.00,   81.32,   75.07,   79.40,   75.23,   78.87,   74.74,   79.02,  462.12,  481.66,     18500,  943.78,   1231.63,    799.55,   2031.18
2026-06-02,06:34:36.461,   40.94,   29.02,   40.47,   28.27,   40.99,   28.97,   36.28,   25.05,   36.44,   26.01,   36.11,   25.54,  231.24,  162.86,     18600,  394.10,   81.64,   94.47,   81.81,   94.95,   82.07,   94.86,   77.94,   93.10,   77.58,   92.06,   77.84,   92.94,  478.87,  562.37,     18580, 1041.24,    710.12,    725.23,   1435.34
2026-06-02,06:34:36.512,   89.30,   88.80,   89.11,   88.51,   90.58,   91.35,   84.20,   88.21,   84.16,   87.54,   84.57,   87.39,  521.93,  531.80,     18640, 1053.73,  502.09,  216.47,  503.69,  217.41,  504.43,  216.84,  500.19,  215.30,  499.67,  215.74,  501.08,  216.60, 3011.15, 1298.36,     18900, 4309.51,   3533.08,   1830.15,   5363.24
2026-06-02,06:34:36.563,  157.68,   76.87,  157.75,   76.07,  158.35,   77.04,  150.23,   74.13,  150.55,   74.30,  151.31,   74.17,  925.88,  452.58,     18760, 1378.46,  507.31,  103.83,  509.52,  105.07,  509.29,  104.09,  504.36,  102.51,  502.93,  103.21,  504.78,  103.09, 3038.19,  621.81,     18800, 3659.99,   3964.06,   1074.39,   5038.45
2026-06-02,06:34:36.613,   70.16,   30.20,   70.42,   29.67,   70.02,   30.49,   67.72,   29.58,   66.95,   29.58,   67.60,   29.72,  412.87,  179.24,     18780,  592.10,   84.24,   52.52,   84.93,   52.76,   84.97,   52.50,   80.01,   51.09,   80.03,   51.66,   79.80,   51.57,  493.97,  312.11,     18720,  806.08,    906.84,    491.34,   1398.18
2026-06-02,06:34:36.663,   41.77,   28.93,   41.93,   28.74,   41.82,   28.94,   40.20,   28.07,   40.27,   28.10,   40.25,   27.97,  246.24,  170.74,     18680,  416.99,   49.26,   57.92,   49.64,   58.70,   49.04,   58.02,   45.95,   56.59,   46.01,   56.98,   45.82,   56.84,  285.70,  345.05,     18720,  630.76,    531.95,    515.80,   1047.75
2026-06-02,06:34:36.713,   59.24,   33.58,   59.68,   33.67,   59.08,   33.77,   55.91,   32.26,   56.36,   32.57,   56.84,   32.48,  347.11,  198.33,     18760,  545.44,   48.96,   55.15,   49.21,   55.80,   49.56,   56.06,   45.50,   53.93,   46.26,   54.38,   45.68,   54.25,  285.17,  329.57,     18740,  614.74,    632.28,    527.90,   1160.18
2026-06-02,06:34:36.763,   80.93,   32.41,   81.83,   32.62,   81.12,   32.55,   78.70,   32.25,   78.14,   32.12,   78.65,   32.10,  479.36,  194.05,     18700,  673.42,   42.23,   49.06,   42.94,   49.57,   42.63,   48.99,   40.01,   48.06,   40.40,   48.36,   40.49,   48.58,  248.70,  292.62,     18760,  541.32,    728.06,    486.68,   1214.74
2026-06-02,06:34:36.813,   95.39,   29.11,   95.09,   28.86,   95.30,   29.08,   92.08,   28.06,   92.50,   28.02,   92.35,   28.20,  562.70,  171.33,     18760,  734.04,   52.19,   69.13,   52.91,   69.53,   52.51,   69.33,   48.34,   67.81,   48.61,   68.45,   48.18,   68.62,  302.75,  412.86,     18700,  715.61,    865.45,    584.20,   1449.65
2026-06-02,06:34:36.865,   93.79,   33.07,   93.89,   33.39,   93.78,   33.17,   90.44,   32.44,   90.29,   32.50,   90.42,   32.53,  552.60,  197.10,     18700,  749.70,   68.58,   75.73,   68.58,   76.79,   68.38,   75.71,   62.23,   74.94,   63.18,   75.14,   62.32,   75.02,  393.26,  453.33,     18720,  846.59,    945.86,    650.43,   1596.30
2026-06-02,06:34:36.913,   40.72,   15.05,   41.32,   15.33,   40.78,   15.58,   39.36,   14.85,   39.12,   14.92,   39.57,   14.79,  240.87,   90.52,     18800,  331.39,   29.28,   32.83,   29.92,   33.37,   29.93,   33.37,   28.35,   33.01,   29.08,   33.61,   28.82,   33.89,  175.38,  200.08,     18740,  375.45,    416.25,    290.60,    706.85
2026-06-02,06:34:36.964,   36.55,   24.96,   36.62,   24.77,   36.56,   25.15,   34.81,   24.11,   34.54,   24.26,   35.02,   24.12,  214.11,  147.38,     18720,  361.49,   53.93,   56.48,   53.52,   56.65,   52.60,   55.96,   46.80,   53.52,   46.97,   53.83,   46.40,   53.41,  300.23,  329.85,     18720,  630.07,    514.34,    477.22,    991.56
2026-06-02,06:34:37.014,   71.49,   30.29,   71.80,   30.47,   71.42,   30.66,   68.76,   29.80,   69.28,   29.78,   69.50,   29.74,  422.25,  180.73,     18680,  602.97,   55.77,   64.90,   56.51,   65.66,   56.22,   65.03,   51.10,   63.49,   51.70,   64.51,   51.73,   64.11,  323.03,  387.70,     18680,  710.73,    745.28,    568.43,   1313.71
2026-06-02,06:34:37.064,   53.20,   26.52,   53.79,   26.82,   53.71,   27.07,   51.51,   26.00,   51.27,   26.29,   51.69,   26.26,  315.17,  158.96,     18720,  474.13,   55.74,   66.45,   55.85,   67.19,   55.73,   66.86,   50.18,   64.82,   51.45,   65.59,   51.09,   65.79,  320.04,  396.70,     18720,  716.75,    635.21,    555.66,   1190.88
2026-06-02,06:34:37.114,   35.69,   24.04,   35.37,   24.11,   35.15,   24.05,   34.19,   24.04,   34.40,   24.01,   34.07,   23.84,  208.87,  144.10,     18780,  352.97,   48.58,   58.49,   48.94,   58.44,   48.89,   57.99,   44.95,   57.30,   45.35,   57.63,   45.51,   57.57,  282.21,  347.42,     18740,  629.63,    491.08,    491.52,    982.60
2026-06-02,06:34:37.164,   83.80,   37.47,   84.86,   37.59,   83.90,   37.76,   78.39,   36.26,   78.76,   36.39,   79.38,   36.45,  489.10,  221.92,     18760,  711.01,  295.53,  159.09,  297.48,  160.60,  297.30,  159.37,  293.43,  157.78,  294.20,  158.32,  293.76,  158.53, 1771.70,  953.70,     18740, 2725.40,   2260.80,   1175.62,   3436.41
2026-06-02,06:34:37.214,   49.08,   20.30,   48.87,   20.53,   48.22,   21.04,   45.83,   19.98,   46.67,   20.44,   46.29,   19.83,  284.96,  122.12,     18720,  407.08,  632.51,  163.53,  633.00,  164.68,  634.93,  164.19,  628.84,  161.46,  628.42,  162.58,  627.68,  162.45, 3785.38,  978.89,     18740, 4764.28,   4070.34,   1101.02,   5171.36
2026-06-02,06:34:37.264,   99.17,   49.84,   99.18,   49.86,   99.08,   49.64,   97.72,   49.14,   97.05,   49.61,   97.22,   49.56,  589.42,  297.65,     18720,  887.07,  336.45,   53.45,  337.12,   54.23,  337.34,   53.24,  335.70,   52.30,  334.61,   53.69,  334.04,   53.17, 2015.27,  320.08,     18760, 2335.34,   2604.69,    617.73,   3222.42
2026-06-02,06:34:37.315,  152.23,   50.69,  154.13,   50.59,  154.09,   51.77,  145.78,   49.19,  145.52,   48.67,  146.18,   48.63,  897.92,  299.55,     18740, 1197.46,   76.02,   61.84,   76.23,   62.32,   75.96,   61.30,   71.28,   59.79,   71.77,   60.24,   71.40,   60.17,  442.66,  365.66,     18760,  808.32,   1340.57,    665.21,   2005.78
2026-06-02,06:34:37.365,   55.36,   34.61,   55.16,   34.23,   55.53,   34.78,   52.58,   34.03,   53.01,   34.73,   52.84,   33.95,  324.49,  206.33,     18720,  530.82,   59.09,   62.35,   59.42,   62.92,   58.86,   62.19,   54.41,   60.81,   54.90,   61.40,   54.95,   61.09,  341.62,  370.76,     18700,  712.39,    666.11,    577.10,   1243.21
2026-06-02,06:34:37.415,   24.54,   26.65,   24.48,   26.76,   24.58,   27.01,   21.58,   25.57,   21.96,   25.61,   21.97,   25.68,  139.12,  157.29,     18680,  296.41,   44.43,   56.27,   44.79,   56.60,   44.59,   56.35,   39.38,   53.97,   39.98,   54.71,   39.40,   53.97,  252.57,  331.87,     18680,  584.44,    391.69,    489.16,    880.84
2026-06-02,06:34:37.465,   47.42,   33.83,   47.05,   33.72,   47.77,   34.17,   43.91,   32.25,   44.03,   32.59,   44.38,   32.78,  274.55,  199.33,     18720,  473.89,   46.71,   49.99,   47.32,   50.28,   46.66,   49.67,   44.86,   48.50,   45.21,   48.98,   45.07,   49.15,  275.83,  296.57,     18740,  572.40,    550.38,    495.91,   1046.29
2026-06-02,06:34:37.515,   83.94,   40.28,   84.28,   39.95,   84.24,   40.39,   81.53,   39.78,   81.00,   39.41,   81.56,   39.46,  496.55,  239.27,     18700,  735.83,   56.58,   69.64,   57.21,   70.35,   56.51,   69.36,   51.77,   68.40,   52.98,   69.55,   52.13,   69.28,  327.18,  416.59,     18680,  743.77,    823.73,    655.86,   1479.60
2026-06-02,06:34:37.565,   35.68,   33.87,   35.65,   34.05,   36.18,   34.66,   33.46,   33.43,   33.65,   33.68,   33.80,   33.66,  208.43,  203.36,     18760,  411.80,   46.66,   60.08,   46.49,   60.43,   46.38,   60.48,   43.46,   58.81,   43.70,   59.24,   43.59,   59.02,  270.28,  358.06,     18740,  628.35,    478.72,    561.43,   1040.14
2026-06-02,06:34:37.615,   54.58,   33.71,   55.06,   33.39,   54.37,   33.50,   51.37,   32.88,   51.63,   32.83,   51.86,   32.56,  318.86,  198.87,     18720,  517.73,   41.35,   51.73,   41.42,   52.39,   40.90,   51.61,   38.68,   50.11,   38.83,   50.65,   39.05,   50.41,  240.21,  306.90,     18720,  547.11,    559.08,    505.77,   1064.85
2026-06-02,06:34:37.665,   90.76,   41.94,   91.53,   42.01,   90.45,   41.81,   86.09,   41.29,   86.07,   40.84,   87.02,   41.32,  531.92,  249.22,     18740,  781.14,   50.25,   53.75,   50.15,   53.91,   49.72,   52.89,   47.29,   51.78,   48.30,   52.80,   47.36,   52.72,  293.06,  317.84,     18780,  610.90,    824.98,    567.06,   1392.04
2026-06-02,06:34:37.716,   87.29,   44.61,   86.67,   44.18,   86.77,   44.30,   81.02,   42.82,   81.56,   43.04,   81.68,   42.59,  504.99,  261.53,     18720,  766.52,   42.05,   56.03,   42.01,   56.18,   41.98,   56.29,   38.39,   54.52,   38.67,   54.86,   38.99,   55.26,  242.08,  333.14,     18700,  575.22,    747.07,    594.67,   1341.74
2026-06-02,06:34:37.766,   74.22,   39.94,   74.12,   39.90,   74.30,   40.38,   70.27,   39.10,   69.73,   39.41,   70.13,   39.48,  432.77,  238.20,     18720,  670.96,   43.99,   51.99,   44.17,   52.36,   43.87,   52.05,   41.00,   51.12,   41.47,   51.56,   41.66,   51.45,  256.16,  310.52,     18740,  566.68,    688.92,    548.72,   1237.64
2026-06-02,06:34:37.815,   54.09,   26.12,   54.37,   25.88,   54.08,   26.22,   50.28,   24.31,   50.22,   24.36,   50.34,   24.10,  313.37,  150.99,     18700,  464.35,   27.93,   36.17,   28.24,   36.80,   28.39,   36.17,   25.24,   35.13,   25.81,   35.49,   25.19,   35.26,  160.79,  215.02,     18680,  375.81,    474.16,    366.01,    840.17
2026-06-02,06:34:37.866,   65.49,   32.95,   65.98,   32.58,   65.58,   32.80,   63.14,   32.06,   63.49,   32.23,   63.92,   32.04,  387.60,  194.65,     18566,  582.25,   64.83,   74.53,   63.83,   74.33,   64.18,   74.41,   59.16,   72.84,   59.79,   74.24,   59.94,   73.94,  371.72,  444.30,     18527,  816.02,    759.32,    638.95,   1398.27
2026-06-02,06:34:37.917,   36.30,   23.62,   36.08,   23.83,   36.53,   23.97,   35.21,   23.50,   35.00,   23.59,   34.83,   23.39,  213.95,  141.89,     18900,  355.85,   52.78,   64.56,   53.02,   65.51,   53.19,   64.32,   48.34,   62.95,   49.04,   63.72,   48.11,   62.72,  304.49,  383.79,     19000,  688.28,    518.44,    525.68,   1044.12
2026-06-02,06:34:37.967,   58.14,   26.72,   58.63,   26.98,   58.27,   26.61,   55.53,   25.72,   55.32,   25.40,   55.59,   25.73,  341.48,  157.16,     18720,  498.64,   48.83,   54.97,   48.95,   55.77,   48.83,   54.77,   45.21,   53.42,   45.66,   53.86,   45.74,   53.68,  283.22,  326.47,     18720,  609.69,    624.70,    483.63,   1108.33
2026-06-02,06:34:38.017,   59.03,   26.92,   59.42,   26.96,   59.43,   27.38,   56.93,   26.02,   56.99,   26.42,   57.41,   26.27,  349.21,  159.97,     18700,  509.18,   49.41,   59.50,   49.67,   60.38,   49.52,   60.17,   45.29,   57.88,   45.80,   58.41,   44.94,   58.55,  284.64,  354.88,     18720,  639.52,    633.85,    514.85,   1148.70
2026-06-02,06:34:38.068,   31.89,   20.99,   32.03,   20.58,   31.83,   20.88,   31.07,   20.41,   30.87,   20.49,   31.20,   20.81,  188.89,  124.16,     18720,  313.05,   47.74,   59.22,   47.47,   59.64,   47.11,   59.02,   42.28,   57.64,   43.46,   58.17,   43.30,   58.57,  271.35,  352.25,     18700,  623.61,    460.25,    476.41,    936.66
2026-06-02,06:34:38.118,   45.23,   21.94,   45.48,   21.92,   45.00,   21.75,   42.54,   20.81,   43.01,   20.95,   42.75,   20.90,  264.02,  128.25,     18700,  392.27,   50.70,   52.61,   50.81,   53.71,   51.02,   53.32,   47.34,   51.71,   48.42,   52.18,   48.31,   52.27,  296.59,  315.80,     18760,  612.39,    560.61,    444.05,   1004.66
2026-06-02,06:34:38.168,   68.15,   31.33,   68.94,   31.57,   68.44,   31.92,   65.44,   30.83,   65.36,   30.68,   65.36,   30.45,  401.69,  186.77,     18760,  588.45,   33.48,   47.49,   33.41,   47.99,   33.22,   47.32,   30.27,   45.95,   31.09,   46.71,   30.64,   46.54,  192.11,  281.99,     18760,  474.10,    593.79,    468.76,   1062.56
2026-06-02,06:34:38.218,   52.42,   33.32,   52.23,   33.17,   52.40,   33.65,   49.15,   32.87,   49.03,   32.47,   48.82,   32.37,  304.06,  197.85,     18720,  501.90,   90.27,   85.24,   90.85,   85.93,   90.37,   85.26,   86.58,   83.74,   86.79,   84.09,   86.85,   84.56,  531.70,  508.83,     18720, 1040.53,    835.76,    706.68,   1542.44
2026-06-02,06:34:38.268,   83.58,   44.80,   83.28,   44.73,   83.29,   45.14,   81.62,   43.93,   81.56,   43.68,   81.25,   43.49,  494.58,  265.77,     18720,  760.36,  402.71,  174.96,  402.35,  175.18,  402.20,  174.07,  400.85,  173.49,  400.75,  174.97,  401.57,  174.25, 2410.43, 1046.91,     18740, 3457.34,   2905.02,   1312.68,   4217.70
2026-06-02,06:34:38.319,  122.13,   36.48,  123.25,   36.28,  122.07,   36.67,  117.98,   35.59,  118.44,   35.43,  119.00,   35.16,  722.87,  215.60,     18780,  938.47,  654.18,  156.61,  655.29,  156.90,  656.61,  155.77,  654.36,  154.49,  653.45,  155.21,  651.75,  154.88, 3925.64,  933.85,     18860, 4859.49,   4648.51,   1149.46,   5797.97
2026-06-02,06:34:38.369,   97.88,   51.67,   99.04,   51.94,   97.89,   51.63,   91.17,   50.70,   90.81,   50.24,   91.38,   50.57,  568.16,  306.75,     18368,  874.91,  412.77,   53.29,  414.22,   53.83,  412.49,   52.67,  410.27,   51.62,  409.42,   52.28,  408.60,   52.22, 2467.77,  315.91,     18408, 2783.67,   3035.92,    622.66,   3658.58
2026-06-02,06:34:38.419,   94.06,   35.54,   94.54,   35.12,   94.18,   35.40,   90.14,   34.51,   89.47,   34.33,   90.36,   34.13,  552.74,  209.03,     19099,  761.78,   87.41,   59.24,   86.93,   59.56,   86.83,   59.62,   81.42,   57.09,   82.27,   58.26,   80.95,   57.43,  505.81,  351.20,     19058,  857.01,   1058.55,    560.23,   1618.78
2026-06-02,06:34:38.469,   37.61,   24.07,   37.51,   23.92,   37.73,   23.82,   36.58,   23.55,   36.58,   23.65,   36.42,   23.57,  222.43,  142.57,     18740,  365.00,   54.08,   55.76,   54.63,   56.69,   54.65,   56.29,   51.68,   55.35,   51.94,   55.35,   52.09,   55.71,  319.06,  335.16,     18740,  654.22,    541.49,    477.73,   1019.23
2026-06-02,06:34:38.519,   19.49,   16.79,   19.34,   16.71,   19.43,   16.80,   18.11,   16.07,   18.46,   16.46,   18.27,   16.12,  113.11,   98.94,     18348,  212.05,   39.38,   42.83,   39.60,   42.90,   39.25,   42.61,   35.81,   41.11,   36.08,   41.55,   35.94,   41.77,  226.06,  252.76,     18388,  478.82,    339.16,    351.71,    690.87
2026-06-02,06:34:38.570,   19.38,   12.22,   19.45,   12.24,   19.43,   12.66,   18.17,   11.62,   18.32,   11.63,   18.49,   11.83,  113.25,   72.19,     18743,  185.44,   46.26,   48.47,   46.53,   49.40,   46.93,   49.13,   42.68,   47.60,   42.53,   48.14,   43.14,   48.12,  268.07,  290.86,     18684,  558.93,    381.32,    363.05,    744.37
2026-06-02,06:34:38.621,   78.04,   30.29,   78.04,   30.03,   77.28,   30.00,   74.19,   28.96,   74.47,   29.36,   74.73,   28.99,  456.74,  177.63,     18704,  634.38,   41.84,   54.51,   41.88,   55.10,   41.72,   54.92,   38.67,   53.21,   39.00,   53.46,   38.58,   53.40,  241.70,  324.59,     18723,  566.29,    698.44,    502.23,   1200.67
2026-06-02,06:34:38.672,   24.08,   21.98,   24.03,   21.96,   24.31,   22.05,   22.99,   21.73,   22.92,   21.74,   23.08,   21.80,  141.41,  131.28,     18684,  272.68,   44.26,   46.60,   44.47,   47.20,   44.18,   46.21,   40.70,   45.31,   41.10,   45.54,   40.91,   45.66,  255.59,  276.52,     18704,  532.11,    397.00,    407.79,    804.80
2026-06-02,06:34:38.724,   34.47,   23.67,   34.02,   23.23,   33.96,   23.45,   32.72,   22.76,   33.28,   22.90,   33.01,   22.62,  201.47,  138.64,     18762,  340.11,   50.43,   58.22,   50.90,   59.25,   50.90,   58.94,   46.27,   57.45,   47.22,   58.30,   46.45,   57.71,  292.18,  349.87,     18704,  642.04,    493.65,    488.51,    982.16
2026-06-02,06:34:38.777,   89.08,   33.31,   89.53,   33.11,   88.84,   33.06,   84.54,   32.22,   83.87,   32.10,   84.52,   32.09,  520.38,  195.88,     18700,  716.26,   44.58,   61.82,   44.57,   62.12,   44.71,   61.59,   40.03,   59.71,   41.24,   60.63,   40.76,   60.13,  255.90,  366.00,     18720,  621.90,    776.28,    561.88,   1338.16
2026-06-02,06:34:38.825,   49.61,   27.25,   49.31,   26.98,   49.66,   27.12,   47.54,   26.57,   47.30,   26.57,   47.86,   26.51,  291.27,  161.01,     19000,  452.28,   36.35,   46.22,   36.34,   46.70,   36.35,   46.46,   33.51,   44.97,   34.19,   45.66,   34.31,   45.29,  211.05,  275.30,     19000,  486.35,    502.32,    436.32,    938.64
2026-06-02,06:34:38.875,   26.84,   15.88,   26.94,   15.73,   26.92,   15.79,   25.60,   15.53,   25.90,   15.80,   26.09,   15.99,  158.30,   94.72,     18720,  253.02,   62.09,   62.75,   61.30,   63.08,   61.59,   62.48,   55.90,   61.50,   56.43,   61.84,   56.00,   61.69,  353.32,  373.34,     18720,  726.66,    511.61,    468.07,    979.68
2026-06-02,06:34:38.925,   42.67,   28.04,   42.92,   28.13,   42.88,   28.36,   40.11,   27.14,   40.26,   27.20,   40.02,   26.87,  248.86,  165.74,     18740,  414.60,   57.39,   60.35,   57.28,   59.63,   57.62,   59.76,   54.40,   57.55,   54.66,   58.37,   54.60,   58.38,  335.94,  354.05,     18720,  689.99,    584.80,    519.79,   1104.59
2026-06-02,06:34:38.975,   41.13,   37.50,   41.67,   37.35,   41.38,   37.72,   38.14,   36.24,   38.09,   35.98,   38.80,   35.73,  239.20,  220.52,     18720,  459.72,   31.00,   34.23,   31.02,   34.27,   31.67,   34.36,   28.78,   33.05,   29.24,   33.69,   28.70,   33.37,  180.41,  202.97,     18780,  383.37,    419.61,    423.48,    843.09
2026-06-02,06:34:39.025,  111.28,   48.70,  111.30,   48.28,  110.88,   48.56,  105.01,   47.01,  104.79,   47.13,  104.82,   46.57,  648.08,  286.25,     18520,  934.33,   50.01,   55.83,   50.30,   56.12,   50.15,   55.79,   46.94,   54.34,   47.35,   54.95,   47.05,   54.89,  291.80,  331.93,     18460,  623.72,    939.88,    618.17,   1558.05
2026-06-02,06:34:39.075,   59.50,   40.88,   60.02,   41.01,   59.00,   40.88,   55.28,   39.73,   54.92,   39.75,   55.09,   39.45,  343.81,  241.70,     18800,  585.51,   52.08,   62.95,   51.90,   63.34,   51.97,   62.68,   47.63,   61.56,   47.89,   61.89,   47.93,   62.11,  299.40,  374.53,     18720,  673.93,    643.21,    616.22,   1259.44
2026-06-02,06:34:39.125,   25.58,   23.71,   26.02,   24.07,   25.70,   23.67,   24.46,   23.27,   24.44,   23.21,   24.30,   23.35,  150.50,  141.28,     18740,  291.78,   50.86,   57.41,   50.65,   57.74,   50.78,   57.20,   47.06,   56.22,   46.88,   56.66,   46.84,   56.65,  293.08,  341.88,     18720,  634.96,    443.57,    483.16,    926.74
2026-06-02,06:34:39.175,   35.23,   22.47,   35.29,   22.86,   35.23,   22.83,   34.54,   22.38,   33.93,   21.76,   34.25,   22.02,  208.47,  134.32,     18700,  342.79,   73.11,   86.89,   73.25,   87.47,   73.50,   87.11,   65.96,   84.18,   66.41,   84.93,   66.31,   85.06,  418.55,  515.63,     18720,  934.18,    627.02,    649.95,   1276.97
2026-06-02,06:34:39.225,   98.45,   39.11,   98.78,   38.96,   98.06,   39.04,   93.59,   38.00,   93.18,   37.70,   94.11,   37.72,  576.18,  230.53,     18740,  806.71,   78.77,   93.82,   78.83,   94.30,   78.43,   93.72,   71.66,   91.92,   72.36,   92.24,   72.29,   92.45,  452.33,  558.46,     18740, 1010.79,   1028.50,    788.99,   1817.50
2026-06-02,06:34:39.275,  156.79,   55.37,  157.39,   55.14,  156.72,   54.94,  151.81,   54.05,  151.90,   54.44,  151.88,   53.84,  926.49,  327.79,     18800, 1254.28,  374.84,  199.10,  377.22,  200.38,  375.76,  198.59,  372.56,  197.20,  373.27,  198.51,  374.23,  198.51, 2247.87, 1192.30,     18780, 3440.17,   3174.36,   1520.09,   4694.45
2026-06-02,06:34:39.326,   73.67,   23.92,   74.43,   24.07,   73.08,   24.07,   70.17,   23.52,   70.01,   22.85,   71.01,   23.12,  432.36,  141.56,     18720,  573.92,  713.82,  181.37,  715.76,  182.39,  715.01,  180.63,  711.55,  179.09,  710.26,  179.38,  710.85,  179.51, 4277.24, 1082.35,     18840, 5359.60,   4709.61,   1223.91,   5933.52
2026-06-02,06:34:39.376,   38.71,   24.50,   38.91,   24.60,   38.82,   24.63,   37.47,   24.53,   37.35,   24.50,   37.70,   24.27,  228.95,  147.03,     18740,  375.99,  537.41,   84.64,  538.01,   84.22,  537.30,   83.78,  535.05,   82.56,  534.02,   83.56,  533.53,   82.95, 3215.34,  501.71,     18720, 3717.04,   3444.29,    648.74,   4093.03
2026-06-02,06:34:39.426,   46.75,   23.59,   47.27,   23.53,   47.08,   23.69,   44.51,   22.64,   44.74,   22.80,   44.77,   22.59,  275.12,  138.83,     18780,  413.95,  296.83,   42.23,  297.62,   42.93,  296.58,   42.21,  293.75,   40.12,  293.61,   40.98,  293.05,   40.64, 1771.45,  249.10,     18900, 2020.55,   2046.57,    387.94,   2434.50
2026-06-02,06:34:39.476,   83.30,   35.62,   83.62,   35.59,   83.47,   35.75,   79.09,   34.94,   78.02,   34.62,   78.74,   34.81,  486.25,  211.33,     18760,  697.58,   50.91,   53.77,   52.19,   54.38,   51.41,   53.64,   47.30,   51.96,   47.94,   53.02,   47.88,   52.78,  297.62,  319.55,     18720,  617.18,    783.88,    530.88,   1314.76
2026-06-02,06:34:39.526,   27.74,   14.77,   27.61,   14.90,   27.36,   14.86,   26.08,   14.80,   25.68,   14.55,   26.22,   14.86,  160.70,   88.73,     18440,  249.43,   37.10,   40.08,   37.63,   40.70,   36.95,   40.04,   34.35,   38.82,   35.11,   39.13,   34.84,   39.34,  215.99,  238.11,     18520,  454.10,    376.69,    326.84,    703.53
2026-06-02,06:34:39.576,   40.57,   25.49,   40.34,   25.61,   40.63,   25.55,   39.23,   25.57,   39.07,   25.42,   39.38,   25.67,  239.22,  153.31,     18700,  392.53,   41.40,   46.19,   42.11,   46.61,   41.04,   46.11,   37.68,   44.66,   38.13,   45.28,   37.95,   44.94,  238.31,  273.78,     18680,  512.09,    477.53,    427.09,    904.62
2026-06-02,06:34:39.626,   45.70,   22.33,   46.29,   22.06,   46.01,   21.96,   42.82,   20.92,   43.11,   20.93,   43.43,   21.11,  267.36,  129.30,     18740,  396.67,   35.60,   47.24,   35.85,   48.61,   35.49,   47.66,   32.05,   45.82,   33.04,   47.07,   32.55,   46.83,  204.57,  283.23,     18740,  487.81,    471.94,    412.54,    884.47
2026-06-02,06:34:39.676,   44.58,   24.49,   44.98,   24.42,   44.51,   24.61,   42.98,   24.62,   42.81,   24.33,   43.33,   24.47,  263.19,  146.93,     18700,  410.12,   42.38,   51.51,   42.42,   51.56,   42.22,   50.85,   38.62,   49.85,   39.46,   50.74,   39.21,   50.45,  244.31,  304.97,     18700,  549.28,    507.51,    451.90,    959.40
2026-06-02,06:34:39.726,   19.65,   16.72,   19.58,   16.69,   19.58,   16.72,   18.54,   16.76,   18.99,   16.65,   19.07,   16.59,  115.41,  100.12,     18740,  215.53,   37.12,   49.38,   37.52,   49.96,   37.25,   49.77,   32.46,   47.83,   33.13,   48.71,   32.97,   48.52,  210.46,  294.18,     18720,  504.64,    325.87,    394.30,    720.17
2026-06-02,06:34:39.776,   33.26,   22.58,   33.85,   22.32,   33.85,   22.72,   31.23,   21.68,   31.40,   21.99,   31.53,   22.24,  195.12,  133.53,     18700,  328.65,   45.87,   67.08,   46.28,   67.72,   46.21,   67.15,   41.43,   65.18,   41.63,   65.82,   41.21,   65.43,  262.63,  398.37,     18720,  661.00,    457.75,    531.91,    989.66
2026-06-02,06:34:39.826,   74.84,   24.13,   74.65,   23.52,   73.79,   23.42,   71.58,   22.38,   71.15,   22.07,   71.86,   21.89,  437.86,  137.40,     18740,  575.27,   29.74,   39.95,   29.81,   40.01,   29.70,   39.76,   26.86,   39.28,   28.22,   40.10,   27.68,   39.87,  172.03,  238.96,     18720,  410.99,    609.89,    376.36,    986.25
2026-06-02,06:34:39.877,   32.09,   22.76,   32.30,   23.03,   32.26,   22.83,   31.47,   22.84,   31.08,   22.50,   31.01,   22.78,  190.21,  136.74,     18720,  326.94,   32.57,   40.21,   32.82,   40.30,   32.31,   39.70,   30.95,   38.90,   31.45,   39.17,   30.98,   38.56,  191.07,  236.84,     18760,  427.91,    381.27,    373.58,    754.85
2026-06-02,06:34:39.927,   21.37,   17.93,   21.64,   17.61,   21.43,   17.96,   20.49,   17.51,   20.55,   17.65,   20.60,   17.63,  126.08,  106.29,     18720,  232.37,   30.11,   40.03,   30.61,   40.53,   29.92,   40.01,   28.03,   38.99,   28.40,   39.78,   27.61,   38.98,  174.68,  238.33,     18720,  413.02,    300.76,    344.62,    645.38
2026-06-02,06:34:39.977,   62.04,   24.79,   62.41,   24.75,   62.23,   24.85,   58.60,   23.98,   57.98,   23.67,   59.35,   24.01,  362.62,  146.06,     18760,  508.68,   29.10,   40.21,   29.45,   40.54,   28.99,   39.65,   27.09,   38.31,   27.67,   39.34,   27.26,   38.61,  169.57,  236.65,     18760,  406.22,    532.19,    382.71,    914.90
2026-06-02,06:34:40.027,   29.31,   22.06,   29.31,   21.94,   29.50,   22.15,   28.73,   21.91,   28.58,   21.83,   28.82,   21.97,  174.25,  131.86,     18760,  306.11,   22.19,   31.66,   22.37,   32.23,   22.29,   31.76,   20.68,   30.83,   21.25,   31.45,   20.73,   31.03,  129.51,  188.97,     18780,  318.48,    303.76,    320.83,    624.59
2026-06-02,06:34:40.077,   54.10,   25.85,   54.05,   25.73,   54.09,   25.55,   50.91,   24.91,   51.20,   24.88,   51.17,   25.12,  315.51,  152.05,     18760,  467.56,   25.89,   35.60,   26.27,   35.86,   25.95,   35.59,   24.35,   34.17,   24.94,   35.14,   24.58,   34.48,  151.98,  210.83,     18800,  362.81,    467.49,    362.89,    830.37
2026-06-02,06:34:40.128,   73.18,   45.75,   72.76,   45.62,   73.00,   45.90,   69.15,   44.93,   68.67,   44.57,   68.83,   44.13,  425.58,  270.89,     18900,  696.47,   67.44,   75.29,   67.26,   75.29,   66.56,   74.25,   62.78,   72.73,   63.94,   73.69,   63.28,   73.20,  391.27,  444.46,     18760,  835.72,    816.84,    715.35,   1532.20
2026-06-02,06:34:40.178,   50.02,   39.11,   50.27,   38.86,   51.16,   39.84,   47.47,   38.16,   49.05,   39.22,   47.49,   37.82,  295.46,  233.01,     18760,  528.47,   45.27,   46.31,   44.73,   45.81,   45.81,   46.72,   42.60,   44.19,   44.34,   45.88,   43.11,   44.62,  265.86,  273.53,     18840,  539.39,    561.32,    506.54,   1067.86
2026-06-02,06:34:40.227,   86.49,   39.69,   89.32,   41.48,   89.05,   42.24,   83.20,   38.82,   87.44,   43.25,   83.71,   38.63,  519.20,  244.11,     18420,  763.31,   62.36,   60.57,   53.47,   51.99,   57.66,   56.25,   53.15,   52.11,   54.66,   53.70,   52.75,   51.69,  334.05,  326.30,     18440,  660.35,    853.25,    570.41,   1423.66
2026-06-02,06:34:40.278,  124.61,   63.75,  126.15,   65.27,  125.09,   64.52,  121.14,   63.43,  123.99,   66.31,  121.17,   62.99,  742.16,  386.27,     18740, 1128.43,   96.22,   93.33,   91.36,   88.77,   93.03,   90.45,   86.92,   87.08,   87.90,   88.64,   86.85,   87.77,  542.29,  536.04,     18760, 1078.33,   1284.45,    922.31,   2206.75
2026-06-02,06:34:40.328,  139.40,   43.95,  140.48,   44.13,  139.69,   44.30,  133.85,   42.81,  133.18,   42.38,  134.56,   42.69,  821.17,  260.25,     18740, 1081.42,   45.75,   49.79,   45.57,   49.78,   45.34,   49.70,   42.15,   48.06,   43.17,   49.00,   43.05,   48.50,  265.03,  294.82,     18700,  559.86,   1086.20,    555.08,   1641.28
2026-06-02,06:34:40.378,   50.17,   30.98,   49.78,   31.10,   50.25,   30.82,   48.78,   30.60,   48.36,   30.55,   48.84,   30.60,  296.18,  184.66,     18800,  480.84,   40.78,   44.40,   40.92,   44.67,   40.33,   43.93,   38.39,   43.36,   39.30,   44.04,   39.36,   43.98,  239.09,  264.37,     18860,  503.45,    535.27,    449.03,    984.29
2026-06-02,06:34:40.428,   19.31,   16.35,   19.78,   16.42,   19.70,   16.49,   18.86,   16.11,   18.79,   16.38,   18.79,   16.25,  115.24,   98.00,     18780,  213.24,   22.94,   29.53,   23.46,   30.02,   22.95,   29.60,   21.66,   28.60,   21.79,   29.18,   21.53,   28.84,  134.32,  175.77,     18760,  310.09,    249.55,    273.77,    523.33
2026-06-02,06:34:40.478,   63.25,   29.48,   63.78,   29.34,   63.86,   29.69,   60.46,   28.28,   60.58,   28.30,   61.04,   28.25,  372.97,  173.35,     18840,  546.32,   44.15,   51.25,   44.26,   51.82,   44.41,   51.34,   41.55,   49.52,   41.84,   50.05,   41.69,   49.56,  257.90,  303.55,     18720,  561.45,    630.87,    476.90,   1107.77
2026-06-02,06:34:40.529,   35.97,   20.39,   35.94,   20.20,   35.88,   20.14,   34.59,   19.76,   34.63,   19.75,   35.45,   20.17,  212.46,  120.41,     18840,  332.87,   22.06,   31.76,   22.27,   31.72,   21.98,   31.62,   19.89,   30.57,   20.57,   31.30,   20.35,   30.90,  127.12,  187.87,     18820,  314.99,    339.58,    308.29,    647.86
2026-06-02,06:34:40.579,   48.15,   25.75,   48.23,   25.59,   48.17,   25.61,   46.04,   25.28,   45.27,   25.15,   44.97,   24.87,  280.83,  152.26,     18760,  433.09,   29.29,   35.75,   29.62,   36.15,   29.23,   35.75,   28.04,   35.13,   28.82,   35.65,   28.52,   35.73,  173.51,  214.16,     18760,  387.67,    454.34,    366.42,    820.76
2026-06-02,06:34:40.630,   17.53,    8.74,   17.79,    8.70,   17.61,    8.64,   16.88,    8.41,   16.69,    8.48,   16.83,    8.48,  103.32,   51.45,     18348,  154.78,   14.22,   18.98,   14.90,   19.42,   15.16,   19.69,   13.69,   19.15,   14.08,   19.64,   14.11,   19.62,   86.15,  116.50,     18348,  202.65,    189.48,    167.95,    357.43
2026-06-02,06:34:40.680,   38.86,   31.47,   39.05,   31.06,   39.23,   31.38,   34.80,   29.96,   35.35,   29.92,   35.73,   30.16,  223.03,  183.95,     19040,  406.98,   23.88,   33.58,   24.34,   33.84,   23.46,   33.02,   22.28,   32.15,   22.58,   32.41,   22.22,   31.93,  138.78,  196.93,     19020,  335.71,    361.80,    380.88,    742.69
2026-06-02,06:34:40.730,   92.33,   43.83,   92.79,   44.08,   92.21,   44.24,   89.78,   43.63,   89.05,   43.76,   89.51,   43.66,  545.67,  263.19,     18720,  808.86,   35.44,   43.55,   36.08,   44.17,   35.97,   43.72,   33.72,   42.74,   34.05,   43.30,   33.86,   43.04,  209.13,  260.51,     18720,  469.64,    754.80,    523.70,   1278.50
2026-06-02,06:34:40.781,   48.03,   26.56,   48.16,   26.43,   48.52,   26.89,   47.17,   26.53,   46.13,   26.16,   46.50,   26.09,  284.51,  158.67,     18388,  443.17,   28.24,   37.02,   28.42,   37.44,   28.13,   37.20,   26.43,   36.25,   27.40,   37.15,   26.79,   36.84,  165.40,  221.91,     18388,  387.32,    449.91,    380.58,    830.49
2026-06-02,06:34:40.831,   81.11,   33.90,   81.46,   34.08,   81.68,   34.54,   76.27,   33.21,   76.13,   33.02,   76.98,   32.79,  473.62,  201.55,     18760,  675.18,   38.76,   46.22,   39.40,   46.85,   39.39,   46.53,   36.19,   45.04,   37.07,   45.84,   36.55,   45.30,  227.37,  275.77,     18740,  503.13,    700.99,    477.32,   1178.31
2026-06-02,06:34:40.881,   36.60,   21.82,   36.84,   21.35,   37.26,   21.99,   35.03,   21.09,   34.76,   21.12,   35.09,   21.36,  215.59,  128.73,     18760,  344.31,   34.36,   42.15,   34.65,   43.05,   34.36,   42.23,   31.59,   41.18,   32.67,   41.96,   32.38,   41.79,  200.01,  252.36,     18780,  452.36,    415.59,    381.08,    796.68
2026-06-02,06:34:40.931,   50.88,   26.55,   50.60,   26.56,   51.00,   26.48,   47.63,   25.86,   47.06,   25.70,   47.37,   25.61,  294.54,  156.75,     18780,  451.29,   33.73,   39.55,   33.72,   39.78,   33.81,   39.67,   32.63,   38.80,   32.92,   39.39,   32.72,   39.28,  199.53,  236.46,     18740,  435.99,    494.07,    393.21,    887.28
2026-06-02,06:34:40.981,   54.47,   29.90,   53.82,   29.24,   54.17,   30.06,   50.47,   28.66,   50.23,   29.20,   50.22,   28.83,  313.38,  175.90,     18720,  489.28,   40.19,   78.02,   40.56,   77.86,   40.25,   77.27,   33.71,   76.52,   34.24,   77.27,   33.73,   76.51,  222.67,  463.45,     18740,  686.12,    536.06,    639.34,   1175.40
2026-06-02,06:34:41.032,   26.81,   24.01,   26.69,   24.07,   26.91,   24.04,   25.16,   23.25,   25.28,   23.83,   25.51,   23.41,  156.35,  142.61,     18780,  298.96,   38.02,   96.63,   37.80,   96.97,   37.54,   96.46,   30.57,   95.50,   31.25,   96.08,   31.04,   96.10,  206.23,  577.73,     18740,  783.96,    362.58,    720.34,   1082.92
2026-06-02,06:34:41.082,   28.95,   18.81,   28.65,   18.75,   29.05,   18.99,   28.37,   18.54,   28.40,   18.56,   28.32,   18.70,  171.74,  112.35,     18740,  284.09,   32.30,   87.35,   33.20,   88.24,   32.66,   88.03,   25.89,   86.90,   26.74,   87.40,   26.47,   87.32,  177.27,  525.24,     18720,  702.51,    349.01,    637.59,    986.60
2026-06-02,06:34:41.132,   75.93,   29.83,   76.42,   30.23,   76.36,   30.34,   72.20,   29.10,   72.45,   29.17,   72.96,   29.34,  446.32,  178.00,     18740,  624.31,   45.40,   69.21,   45.84,   69.52,   45.84,   69.26,   42.42,   67.34,   42.55,   68.56,   42.23,   68.06,  264.28,  411.96,     18740,  676.24,    710.60,    589.95,   1300.56
2026-06-02,06:34:41.182,   41.00,   19.98,   41.24,   20.07,   40.76,   20.08,   37.84,   19.18,   37.99,   19.37,   38.47,   19.28,  237.30,  117.96,     18720,  355.27,   31.52,   43.37,   31.75,   44.42,   31.24,   43.62,   29.06,   42.62,   29.67,   43.56,   29.59,   43.25,  182.84,  260.84,     18740,  443.68,    420.14,    378.81,    798.95
2026-06-02,06:34:41.232,   36.82,   23.83,   36.66,   23.88,   37.19,   24.31,   35.45,   23.73,   35.63,   23.86,   35.33,   23.68,  217.07,  143.29,     18720,  360.37,   24.98,   36.08,   25.22,   36.19,   24.90,   35.83,   23.05,   35.13,   23.38,   35.46,   23.08,   35.41,  144.61,  214.11,     18720,  358.72,    361.69,    357.40,    719.09
2026-06-02,06:34:41.283,   97.03,   41.81,   97.72,   42.19,   97.47,   42.32,   93.80,   40.85,   93.77,   40.92,   93.00,   40.47,  572.81,  248.56,     18780,  821.37,   35.17,   45.53,   35.88,   46.04,   35.41,   45.59,   34.29,   44.51,   34.34,   44.84,   34.14,   44.71,  209.23,  271.22,     18760,  480.45,    782.04,    519.79,   1301.83
2026-06-02,06:34:41.333,  100.65,   38.18,  100.76,   38.52,  100.35,   38.59,   98.04,   37.79,   98.05,   37.97,   98.54,   37.84,  596.40,  228.89,     18760,  825.29,   31.94,   42.10,   32.33,   42.34,   32.01,   41.96,   29.41,   41.01,   30.01,   41.84,   29.73,   41.49,  185.42,  250.73,     18720,  436.15,    781.82,    479.62,   1261.43
2026-06-02,06:34:41.383,   49.58,   28.50,   49.96,   28.40,   49.78,   28.61,   46.36,   28.02,   46.72,   27.70,   47.34,   27.77,  289.75,  168.99,     18720,  458.73,   33.90,   41.55,   33.81,   41.79,   33.89,   41.59,   32.12,   40.75,   32.51,   40.99,   32.01,   40.70,  198.24,  247.37,     18740,  445.61,    487.98,    416.36,    904.34
2026-06-02,06:34:41.433,   57.20,   32.03,   57.01,   32.09,   57.03,   32.60,   54.70,   31.94,   53.60,   31.57,   54.19,   31.88,  333.73,  192.11,     18720,  525.84,   28.29,   32.76,   28.24,   33.22,   27.92,   32.65,   26.95,   32.17,   27.44,   32.65,   27.29,   32.66,  166.13,  196.11,     18800,  362.24,    499.86,    388.22,    888.08
2026-06-02,06:34:41.483,   30.55,   22.58,   30.37,   22.47,   30.66,   22.78,   29.02,   21.95,   28.90,   22.07,   28.99,   21.62,  178.49,  133.46,     18720,  311.96,   12.78,   19.84,   13.26,   20.06,   12.77,   19.82,   12.08,   19.23,   12.29,   19.49,   12.18,   19.04,   75.35,  117.48,     18740,  192.83,    253.85,    250.94,    504.79
2026-06-02,06:34:41.533,   98.85,   50.97,   98.61,   50.17,   99.62,   51.47,   92.98,   49.49,   93.06,   49.48,   93.71,   49.46,  576.83,  301.03,     18565,  877.86,   53.23,   59.39,   53.81,   59.95,   54.69,   60.06,   51.44,   58.24,   51.32,   58.57,   51.48,   58.51,  315.97,  354.71,     18447,  670.68,    892.80,    655.74,   1548.54
2026-06-02,06:34:41.584,   80.61,   45.61,   80.86,   45.11,   81.65,   46.83,   75.39,   44.62,   75.22,   44.71,   75.50,   43.72,  469.22,  270.59,     19020,  739.81,   50.35,   51.78,   50.41,   52.17,   50.36,   51.56,   47.29,   49.87,   48.06,   50.51,   47.49,   50.23,  293.94,  306.12,     19000,  600.06,    763.16,    576.72,   1339.88
2026-06-02,06:34:41.635,   66.12,   32.13,   66.56,   32.29,   65.50,   31.74,   62.47,   30.83,   62.67,   31.46,   62.49,   31.10,  385.80,  189.55,     18860,  575.35,   25.12,   33.01,   25.73,   33.79,   25.16,   33.16,   24.41,   32.72,   24.86,   33.44,   24.57,   33.01,  149.85,  199.14,     18720,  349.00,    535.65,    388.70,    924.35
2026-06-02,06:34:41.685,   30.39,   20.96,   30.55,   21.11,   30.58,   21.02,   28.75,   20.48,   28.52,   20.51,   28.58,   20.47,  177.37,  124.56,     18388,  301.93,   28.87,   34.69,   29.39,   35.33,   28.58,   34.84,   26.96,   33.67,   27.34,   34.29,   26.99,   34.06,  168.13,  206.87,     18388,  375.00,    345.49,    331.43,    676.92
2026-06-02,06:34:41.735,   33.57,   23.40,   33.87,   23.45,   33.67,   23.26,   32.68,   22.85,   32.92,   23.23,   32.65,   22.85,  199.34,  139.04,     18760,  338.38,   32.23,   36.78,   33.00,   37.32,   32.68,   37.07,   30.19,   35.94,   30.54,   36.21,   30.63,   36.06,  189.27,  219.38,     18760,  408.66,    388.62,    358.42,    747.04
2026-06-02,06:34:41.785,   72.11,   28.94,   72.77,   29.27,   72.47,   29.28,   68.62,   28.02,   68.90,   28.01,   68.96,   27.95,  423.84,  171.48,     18760,  595.31,   25.05,   35.56,   25.68,   36.26,   25.21,   35.73,   23.62,   34.42,   23.80,   35.03,   23.47,   34.41,  146.82,  211.39,     18720,  358.22,    570.66,    382.87,    953.53
2026-06-02,06:34:41.835,   42.56,   21.38,   42.71,   21.32,   42.81,   21.61,   40.63,   20.94,   40.54,   20.76,   40.52,   21.01,  249.77,  127.02,     18720,  376.79,   23.50,   32.53,   24.10,   33.31,   23.63,   32.88,   22.44,   31.94,   22.73,   32.22,   22.46,   32.03,  138.86,  194.91,     18720,  333.77,    388.63,    321.93,    710.56
2026-06-02,06:34:41.886,   12.84,   17.37,   13.37,   17.57,   13.39,   17.82,   12.27,   17.24,   12.08,   17.39,   12.33,   17.38,   76.28,  104.78,     18720,  181.06,   27.69,   34.15,   28.11,   35.09,   27.56,   34.56,   25.73,   33.46,   25.84,   33.69,   25.71,   33.45,  160.65,  204.40,     18760,  365.04,    236.92,    309.18,    546.11
2026-06-02,06:34:41.936,   27.50,   21.84,   27.63,   21.98,   27.78,   21.91,   27.32,   21.71,   27.03,   21.57,   26.95,   21.54,  164.21,  130.56,     18780,  294.77,   22.85,   30.05,   23.18,   30.44,   22.61,   29.82,   21.33,   29.60,   21.61,   29.65,   21.36,   29.61,  132.95,  179.17,     18780,  312.12,    297.16,    309.73,    606.90
2026-06-02,06:34:41.986,   21.11,   14.01,   21.27,   14.11,   21.31,   14.01,   20.91,   13.95,   20.65,   13.77,   20.50,   13.94,  125.75,   83.78,     18740,  209.53,   15.16,   20.80,   15.42,   21.20,   15.11,   20.94,   14.49,   20.21,   14.76,   20.56,   14.32,   20.21,   89.26,  123.92,     18720,  213.18,    215.01,    207.70,    422.71
2026-06-02,06:34:42.036,   97.54,   35.64,   98.69,   35.70,   97.84,   36.12,   92.42,   34.64,   92.02,   34.57,   92.63,   34.42,  571.13,  211.09,     18740,  782.22,   26.31,   41.86,   26.81,   42.29,   26.55,   41.98,   24.48,   40.24,   24.79,   41.08,   24.81,   40.79,  153.75,  248.25,     18720,  402.00,    724.89,    459.34,   1184.22
2026-06-02,06:34:42.086,   40.50,   23.25,   40.35,   23.17,   40.13,   23.10,   38.44,   22.67,   38.23,   22.97,   38.30,   22.78,  235.95,  137.94,     18720,  373.88,   27.04,   35.37,   27.55,   35.98,   27.35,   35.51,   25.30,   34.24,   25.67,   35.19,   25.31,   34.74,  158.23,  211.03,     18780,  369.26,    394.17,    348.97,    743.14
2026-06-02,06:34:42.137,   29.67,   24.54,   29.69,   24.22,   29.83,   24.69,   28.34,   23.99,   28.86,   24.25,   28.58,   24.09,  174.96,  145.78,     18820,  320.74,   45.90,   47.93,   46.85,   48.32,   46.47,   48.05,   43.48,   46.42,   44.01,   47.10,   43.94,   46.84,  270.65,  284.66,     18740,  555.31,    445.61,    430.44,    876.05
2026-06-02,06:34:42.187,   30.90,   23.41,   31.36,   23.25,   31.66,   23.27,   28.32,   21.94,   28.82,   22.47,   28.51,   22.27,  179.56,  136.62,     18566,  316.18,   28.28,   37.35,   28.52,   38.30,   28.57,   37.87,   27.11,   36.71,   27.65,   36.99,   27.16,   36.86,  167.30,  224.08,     18566,  391.37,    346.86,    360.69,    707.55
2026-06-02,06:34:42.237,   96.57,   51.27,   96.70,   51.83,   96.83,   51.90,   91.75,   51.10,   91.56,   50.98,   91.80,   51.04,  565.21,  308.12,     18680,  873.33,   30.51,   41.61,   30.28,   41.72,   30.42,   41.72,   28.46,   40.76,   29.64,   41.80,   29.21,   41.33,  178.51,  248.93,     18680,  427.45,    743.72,    557.05,   1300.78
2026-06-02,06:34:42.287,   79.93,   42.61,   79.66,   42.66,   79.61,   42.59,   77.06,   41.75,   77.60,   41.95,   76.83,   41.45,  470.70,  253.01,     18720,  723.71,   25.69,   27.28,   25.86,   27.63,   25.89,   27.70,   25.35,   27.29,   26.07,   28.25,   25.95,   27.93,  154.80,  166.09,     18700,  320.89,    625.50,    419.10,   1044.60
2026-06-02,06:34:42.337,  106.59,   48.96,  106.78,   48.48,  106.82,   48.77,  101.80,   46.77,  101.87,   46.86,  102.03,   46.64,  625.90,  286.48,     18720,  912.38,   41.98,   51.58,   30.73,   39.25,   48.17,   58.68,   57.61,   71.41,   69.92,   86.56,   38.94,   50.68,  287.35,  358.15,     18740,  645.50,    913.25,    644.63,   1557.88
2026-06-02,06:34:42.388,   53.41,   34.19,   53.69,   34.21,   53.20,   34.33,   50.00,   33.06,   49.69,   33.29,   49.88,   32.79,  309.87,  201.86,     18720,  511.73,   30.15,   37.32,   30.04,   37.59,   29.66,   37.12,   28.85,   36.39,   29.50,   37.09,   29.48,   37.20,  177.69,  222.71,     18700,  400.40,    487.56,    424.57,    912.13
2026-06-02,06:34:42.438,   40.52,   39.02,   40.54,   38.71,   40.92,   39.20,   38.79,   38.28,   38.48,   38.25,   38.50,   38.27,  237.74,  231.73,     18680,  469.47,   38.18,   46.47,   38.11,   46.97,   38.01,   46.66,   36.15,   45.79,   36.95,   46.54,   36.62,   46.53,  224.02,  278.96,     18780,  502.98,    461.76,    510.68,    972.44
2026-06-02,06:34:42.488,   79.38,   46.92,   79.16,   46.41,   79.14,   46.54,   74.39,   45.06,   74.22,   45.29,   74.32,   45.00,  460.61,  275.21,     18820,  735.82,   30.07,   40.50,   30.58,   40.72,   29.94,   40.06,   28.75,   39.45,   28.87,   39.84,   28.94,   39.49,  177.15,  240.07,     18800,  417.22,    637.76,    515.28,   1153.04
2026-06-02,06:34:42.539,   59.28,   21.22,   59.93,   21.75,   59.50,   21.78,   57.91,   20.83,   56.93,   20.87,   57.94,   20.78,  351.48,  127.24,     18780,  478.72,   25.61,   34.73,   26.23,   35.22,   25.31,   34.82,   24.33,   34.12,   24.77,   34.36,   24.64,   34.29,  150.89,  207.53,     18840,  358.42,    502.37,    334.77,    837.14
2026-06-02,06:34:42.589,   23.20,   19.59,   23.07,   19.41,   23.28,   19.53,   22.31,   19.08,   22.03,   19.17,   22.06,   19.33,  135.95,  116.10,     18760,  252.05,   25.99,   33.89,   26.08,   34.31,   25.59,   33.58,   23.59,   32.88,   24.41,   33.41,   24.13,   33.21,  149.80,  201.28,     18780,  351.08,    285.75,    317.38,    603.14
2026-06-02,06:34:42.639,   30.79,   22.46,   31.02,   22.46,   30.77,   22.42,   30.11,   22.19,   30.10,   22.13,   30.10,   22.00,  182.89,  133.65,     18700,  316.54,   26.25,   33.49,   26.27,   34.10,   25.73,   33.22,   24.06,   32.61,   24.84,   33.21,   24.57,   33.33,  151.72,  199.96,     18700,  351.68,    334.61,    333.61,    668.22
2026-06-02,06:34:42.689,   78.11,   28.24,   78.21,   28.42,   78.00,   28.50,   74.21,   27.08,   74.21,   27.13,   74.88,   27.17,  457.62,  166.54,     18780,  624.16,   20.89,   33.30,   21.14,   33.43,   20.62,   32.97,   19.39,   31.60,   19.95,   32.27,   19.48,   31.70,  121.48,  195.27,     18740,  316.75,    579.10,    361.81,    940.91
2026-06-02,06:34:42.739,   33.37,   22.06,   33.84,   22.19,   33.34,   22.31,   32.36,   21.90,   31.84,   21.90,   31.52,   21.92,  196.26,  132.27,     18388,  328.54,   20.90,   31.87,   21.29,   32.03,   20.95,   31.80,   19.44,   30.88,   19.78,   31.45,   19.40,   31.01,  121.76,  189.05,     18408,  310.81,    318.02,    321.32,    639.34
2026-06-02,06:34:42.789,   17.01,   16.09,   17.53,   16.29,   17.60,   16.47,   17.09,   16.06,   16.81,   16.18,   16.95,   16.08,  102.99,   97.18,     18774,  200.17,   24.51,   30.20,   24.46,   30.40,   24.06,   29.94,   22.43,   29.07,   22.96,   29.87,   22.63,   29.48,  141.05,  178.95,     18773,  320.00,    244.04,    276.12,    520.16
2026-06-02,06:34:42.839,   54.62,   23.28,   55.23,   23.36,   54.35,   23.20,   51.34,   22.44,   51.16,   22.43,   51.84,   22.50,  318.53,  137.20,     18840,  455.73,   22.05,   34.89,   22.27,   35.40,   21.63,   34.55,   20.30,   33.43,   20.82,   34.21,   20.80,   34.16,  127.87,  206.65,     18720,  334.52,    446.39,    343.85,    790.24
2026-06-02,06:34:42.889,   37.02,   21.86,   37.26,   22.14,   36.72,   21.94,   35.71,   21.93,   35.48,   21.76,   35.58,   21.75,  217.76,  131.38,     18760,  349.14,   23.87,   32.32,   23.99,   32.76,   23.25,   31.75,   22.33,   31.38,   22.62,   31.82,   22.43,   31.48,  138.49,  191.51,     18840,  330.00,    356.25,    322.89,    679.14
2026-06-02,06:34:42.939,   13.53,   16.31,   13.76,   16.40,   13.60,   16.42,   12.78,   16.25,   13.06,   16.26,   13.00,   15.98,   79.73,   97.62,     18760,  177.35,   20.53,   27.35,   20.73,   27.67,   19.98,   26.73,   18.78,   26.06,   19.23,   26.61,   18.90,   26.41,  118.15,  160.84,     18780,  278.99,    197.88,    258.47,    456.34
2026-06-02,06:34:42.989,   55.19,   23.92,   55.70,   24.21,   55.15,   24.04,   52.05,   23.11,   52.12,   23.30,   52.14,   23.25,  322.36,  141.83,     18720,  464.19,   22.74,   35.61,   23.18,   36.41,   22.56,   35.74,   20.99,   34.40,   21.73,   35.03,   21.53,   35.05,  132.73,  212.24,     18720,  344.97,    455.09,    354.07,    809.16
2026-06-02,06:34:43.040,   48.94,   24.44,   49.51,   24.90,   49.27,   24.75,   46.53,   24.10,   46.49,   23.94,   46.44,   24.09,  287.18,  146.22,     18700,  433.40,   21.80,   32.21,   22.12,   32.38,   21.55,   31.80,   20.44,   31.04,   20.79,   31.44,   20.78,   31.37,  127.49,  190.23,     18720,  317.72,    414.66,    336.45,    751.11
2026-06-02,06:34:43.090,   36.06,   18.46,   36.54,   18.76,   36.63,   19.10,   34.99,   18.42,   34.71,   18.53,   34.69,   18.63,  213.63,  111.89,     18780,  325.52,   22.92,   29.27,   23.64,   29.84,   23.19,   29.54,   21.94,   29.41,   22.56,   29.91,   22.61,   29.71,  136.87,  177.68,     18740,  314.56,    350.50,    289.58,    640.08
2026-06-02,06:34:43.140,   44.55,   23.12,   44.81,   22.95,   44.86,   22.97,   42.29,   22.29,   42.43,   22.16,   41.95,   21.94,  260.89,  135.42,     18760,  396.31,   10.59,   20.68,   10.58,   20.70,    9.94,   20.04,    8.56,   19.15,    8.67,   19.20,    8.15,   18.70,   56.49,  118.47,     18740,  174.96,    317.38,    253.89,    571.27
2026-06-02,06:34:43.190,   40.20,   22.74,   40.51,   22.80,   40.38,   23.09,   39.01,   22.50,   38.56,   22.41,   39.07,   22.54,  237.73,  136.07,     18760,  373.80,   22.98,   34.57,   23.41,   35.28,   22.60,   34.63,   21.20,   33.67,   21.82,   34.18,   21.58,   34.09,  133.58,  206.43,     18760,  340.02,    371.32,    342.50,    713.82
2026-06-02,06:34:43.241,   57.19,   29.27,   57.41,   29.38,   57.38,   29.35,   54.35,   28.76,   54.20,   28.73,   53.60,   28.80,  334.12,  174.29,     18840,  508.42,   23.51,   33.66,   23.74,   33.85,   23.55,   33.58,   22.49,   32.74,   22.55,   33.05,   22.48,   33.04,  138.33,  199.93,     18780,  338.26,    472.45,    374.23,    846.68
2026-06-02,06:34:43.290,   86.09,   41.45,   86.64,   41.70,   86.40,   41.80,   83.12,   41.33,   83.65,   41.29,   83.36,   41.37,  509.26,  248.93,     18480,  758.18,   30.03,   43.27,   30.57,   43.77,   29.74,   43.11,   27.74,   42.20,   28.08,   42.55,   27.83,   42.42,  174.00,  257.31,     18500,  431.31,    683.26,    506.23,   1189.49
2026-06-02,06:34:43.340,  141.76,   44.66,  142.51,   44.81,  141.96,   45.40,  135.34,   43.69,  135.53,   43.44,  135.79,   43.49,  832.90,  265.49,     18840, 1098.39,   31.63,   43.11,   31.69,   43.21,   31.24,   42.68,   29.03,   41.69,   29.82,   42.40,   29.41,   42.42,  182.83,  255.51,     18740,  438.34,   1015.73,    521.00,   1536.73
2026-06-02,06:34:43.391,   35.93,   22.52,   35.97,   22.61,   36.22,   22.54,   35.27,   22.89,   34.63,   22.47,   34.85,   22.64,  212.87,  135.68,     18780,  348.56,   22.76,   31.54,   23.19,   32.04,   22.32,   31.21,   21.70,   30.77,   22.15,   31.16,   22.07,   31.12,  134.18,  187.85,     18740,  322.02,    347.05,    323.53,    670.58
2026-06-02,06:34:43.441,   16.10,   15.39,   16.25,   15.58,   16.49,   15.76,   15.62,   15.19,   15.65,   15.22,   15.44,   15.27,   95.55,   92.39,     18760,  187.95,   21.69,   27.67,   21.97,   28.07,   21.43,   27.46,   20.31,   26.87,   20.62,   27.38,   20.49,   27.20,  126.51,  164.65,     18800,  291.15,    222.06,    257.04,    479.10
2026-06-02,06:34:43.491,   54.75,   25.91,   54.95,   25.88,   55.04,   26.32,   52.10,   25.13,   52.12,   24.85,   52.30,   24.59,  321.25,  152.69,     18740,  473.94,   21.85,   35.28,   22.39,   35.89,   21.96,   35.13,   20.39,   34.20,   20.54,   34.34,   20.15,   33.84,  127.28,  208.68,     18760,  335.96,    448.53,    361.37,    809.90
2026-06-02,06:34:43.541,   56.77,   24.89,   57.35,   24.83,   56.95,   25.00,   54.51,   24.15,   54.07,   23.99,   54.66,   24.25,  334.31,  147.13,     18760,  481.44,   25.71,   41.05,   25.90,   41.44,   25.06,   40.59,   23.50,   39.83,   24.08,   40.29,   23.84,   40.46,  148.08,  243.66,     18760,  391.75,    482.39,    390.79,    873.18
2026-06-02,06:34:43.591,   28.45,   22.56,   28.13,   22.47,   28.68,   22.52,   27.33,   22.18,   27.12,   22.48,   26.92,   22.29,  166.64,  134.49,     18380,  301.13,   24.90,   32.37,   25.33,   32.82,   24.64,   32.36,   23.43,   31.63,   23.91,   32.08,   23.78,   31.84,  145.99,  193.10,     18380,  339.10,    312.64,    327.59,    640.23
2026-06-02,06:34:43.641,   15.57,   15.58,   15.53,   15.49,   15.46,   15.65,   14.84,   15.29,   14.90,   15.36,   14.85,   15.29,   91.16,   92.65,     18760,  183.81,   18.94,   26.85,   19.28,   27.35,   18.97,   26.90,   17.58,   26.24,   17.78,   26.64,   17.48,   26.57,  110.03,  160.55,     18800,  270.58,    201.20,    253.20,    454.40
2026-06-02,06:34:43.691,   66.03,   26.65,   66.60,   26.85,   66.27,   26.49,   62.10,   25.62,   62.49,   25.75,   63.17,   25.84,  386.64,  157.20,     18740,  543.84,   27.17,   40.04,   27.53,   40.68,   27.26,   40.13,   25.33,   38.84,   25.80,   39.25,   25.61,   39.04,  158.70,  237.98,     18760,  396.68,    545.34,    395.18,    940.52
2026-06-02,06:34:43.741,   93.61,   38.29,   93.37,   38.50,   93.47,   38.99,   90.53,   38.04,   90.93,   38.19,   90.60,   37.88,  552.51,  229.90,     18780,  782.41,   52.75,  107.05,   53.05,  107.01,   52.51,  106.60,   45.41,  104.93,   45.58,  106.04,   45.58,  105.69,  294.88,  637.31,     18760,  932.19,    847.39,    867.21,   1714.60
2026-06-02,06:34:43.791,   71.86,   32.33,   72.24,   32.14,   71.86,   32.28,   68.31,   31.73,   67.60,   31.27,   67.75,   31.44,  419.61,  191.19,     18800,  610.80,   48.56,  137.90,   48.48,  138.11,   48.22,  137.25,   38.47,  134.68,   39.73,  135.57,   38.40,  134.33,  261.85,  817.84,     18760, 1079.69,    681.47,   1009.02,   1690.49
2026-06-02,06:34:43.841,   62.55,   29.86,   62.97,   29.89,   62.97,   30.21,   59.97,   29.19,   59.92,   29.64,   60.00,   29.31,  368.38,  178.08,     18680,  546.46,   58.47,  136.72,   59.08,  137.07,   58.61,  136.69,   48.80,  133.79,   50.33,  135.53,   49.99,  135.71,  325.28,  815.50,     18660, 1140.78,    693.67,    993.57,   1687.24
2026-06-02,06:34:43.891,   29.54,   18.53,   29.52,   18.62,   29.71,   18.58,   28.54,   18.24,   29.24,   18.70,   28.58,   18.25,  175.13,  110.92,     18740,  286.05,   35.47,  121.52,   34.92,  121.26,   34.38,  120.51,   24.86,  117.37,   26.19,  118.43,   24.90,  116.75,  180.72,  715.84,     18620,  896.56,    355.85,    826.76,   1182.61
2026-06-02,06:34:43.942,   98.78,   35.31,   99.67,   35.87,   99.01,   35.97,   93.53,   34.89,   93.55,   34.68,   93.93,   34.47,  578.47,  211.19,     19040,  789.66,   96.10,  169.87,   95.63,  169.94,   94.96,  169.91,   83.15,  164.91,   85.11,  165.99,   84.25,  165.97,  539.20, 1006.60,     19020, 1545.80,   1117.67,   1217.79,   2335.46
2026-06-02,06:34:43.992,   50.63,   40.08,   50.70,   39.35,   52.31,   41.22,   47.05,   38.93,   48.50,   40.72,   48.45,   40.26,  297.64,  240.56,     18720,  538.20,   63.17,  131.12,   61.03,  129.76,   62.32,  130.49,   51.42,  124.62,   52.75,  125.58,   52.61,  125.74,  343.30,  767.29,     18640, 1110.60,    640.95,   1007.85,   1648.80
2026-06-02,06:34:44.042,   32.57,   33.46,   32.58,   32.94,   36.58,   37.40,   31.43,   33.82,   33.64,   36.09,   33.02,   34.63,  199.82,  208.35,     18440,  408.16,   76.44,  147.70,   72.72,  144.37,   74.24,  145.88,   62.26,  139.79,   64.25,  141.36,   64.52,  141.58,  414.43,  860.69,     18460, 1275.13,    614.25,   1069.04,   1683.29
2026-06-02,06:34:44.092,  116.42,   57.68,  116.18,   57.73,  116.67,   58.75,  111.96,   56.52,  111.24,   56.01,  111.86,   56.23,  684.33,  342.90,     18840, 1027.23,   63.50,  141.29,   63.54,  141.91,   63.28,  141.31,   54.63,  138.14,   55.21,  138.86,   54.60,  138.32,  354.76,  839.84,     18720, 1194.60,   1039.09,   1182.74,   2221.83
2026-06-02,06:34:44.142,   82.59,   48.13,   82.33,   47.88,   82.46,   48.39,   77.21,   46.86,   77.21,   46.97,   77.57,   47.15,  479.37,  285.40,     18760,  764.77,   55.97,  127.41,   55.71,  127.53,   55.12,  127.11,   46.96,  124.89,   48.07,  125.86,   47.82,  126.09,  309.65,  758.90,     18840, 1068.55,    789.02,   1044.29,   1833.32
2026-06-02,06:34:44.192,   59.22,   26.73,   59.85,   26.79,   58.97,   26.98,   55.12,   25.80,   54.80,   25.75,   55.48,   25.70,  343.44,  157.75,     18760,  501.19,   46.67,  133.61,   46.47,  133.78,   46.16,  133.73,   36.29,  130.31,   37.48,  130.77,   36.66,  130.33,  249.72,  792.54,     18760, 1042.27,    593.16,    950.30,   1543.46
2026-06-02,06:34:44.243,   34.39,   27.36,   34.80,   27.96,   34.94,   27.60,   33.02,   26.84,   33.01,   26.77,   33.14,   27.13,  203.30,  163.66,     18920,  366.96,   41.07,  122.42,   41.36,  122.98,   41.03,  122.02,   32.09,  119.88,   33.08,  120.23,   32.46,  120.26,  221.09,  727.79,     18760,  948.88,    424.39,    891.45,   1315.84
2026-06-02,06:34:44.293,   74.30,   38.62,   75.17,   38.98,   74.93,   38.69,   74.30,   38.10,   74.01,   38.11,   74.16,   38.34,  446.87,  230.85,     18820,  677.71,   43.15,  126.16,   43.36,  126.98,   43.48,  127.26,   34.90,  124.11,   35.41,  124.49,   35.12,  123.70,  235.42,  752.71,     18800,  988.13,    682.28,    983.56,   1665.84
2026-06-02,06:34:44.342,  160.64,   51.14,  161.67,   51.17,  160.72,   51.52,  154.94,   49.98,  154.56,   50.03,  155.49,   50.18,  948.03,  304.02,     18460, 1252.05,   55.21,  136.58,   55.47,  135.91,   55.18,  135.72,   44.74,  132.56,   46.52,  133.71,   45.66,  133.39,  302.78,  807.87,     18460, 1110.65,   1250.81,   1111.89,   2362.70
2026-06-02,06:34:44.393,   18.50,   18.18,   18.62,   18.18,   18.94,   18.35,   18.06,   18.37,   18.14,   18.39,   18.33,   18.36,  110.58,  109.82,     18880,  220.40,   43.21,  127.50,   43.45,  128.14,   43.54,  127.82,   33.75,  125.06,   34.49,  125.92,   34.38,  125.73,  232.83,  760.17,     18780,  993.00,    343.42,    869.99,   1213.41
2026-06-02,06:34:44.443,   35.77,   25.80,   36.04,   25.83,   35.99,   26.06,   35.01,   25.68,   35.09,   25.55,   35.38,   25.61,  213.29,  154.53,     18760,  367.82,   32.30,  119.77,   32.90,  120.36,   32.30,  119.73,   23.76,  116.49,   24.11,  116.68,   24.26,  116.63,  169.63,  709.66,     18760,  879.29,    382.92,    864.18,   1247.10
2026-06-02,06:34:44.496,   86.05,   31.31,   86.07,   31.25,   86.26,   31.49,   81.09,   30.15,   81.15,   30.10,   81.47,   30.49,  502.09,  184.80,     18780,  686.89,   58.34,  136.82,   58.34,  137.40,   58.89,  136.90,   49.30,  133.93,   50.10,  134.79,   49.58,  134.11,  324.56,  813.94,     18800, 1138.50,    826.65,    998.74,   1825.39
2026-06-02,06:34:44.543,   41.60,   22.62,   41.70,   22.94,   41.17,   22.79,   40.17,   22.48,   38.95,   22.39,   40.26,   22.51,  243.85,  135.72,     18480,  379.57,   49.29,   77.99,   49.75,   78.31,   49.31,   77.73,   44.26,   76.72,   44.30,   76.99,   44.01,   76.48,  280.92,  464.21,     18460,  745.13,    524.76,    599.94,   1124.70
2026-06-02,06:34:44.593,   29.11,   21.33,   28.93,   21.26,   29.00,   21.17,   28.21,   20.94,   28.20,   20.99,   28.45,   21.14,  171.92,  126.83,     18740,  298.75,   44.68,   71.81,   44.87,   71.73,   44.28,   71.04,   40.33,   70.40,   40.52,   71.09,   40.26,   71.22,  254.95,  427.29,     18720,  682.23,    426.86,    554.11,    980.98
2026-06-02,06:34:44.644,   34.51,   15.61,   34.96,   15.53,   34.66,   15.45,   32.15,   15.07,   32.27,   15.06,   32.55,   14.92,  201.09,   91.65,     18744,  292.74,   26.72,   56.87,   27.46,   57.69,   27.17,   57.23,   23.54,   55.82,   23.76,   56.59,   23.60,   56.46,  152.24,  340.65,     18782,  492.89,    353.33,    432.30,    785.63
2026-06-02,06:34:44.694,   60.57,   21.12,   61.19,   21.14,   60.81,   21.06,   59.09,   20.48,   58.41,   20.66,   59.68,   20.97,  359.74,  125.43,     18720,  485.17,   30.79,   65.31,   31.15,   65.37,   31.46,   65.73,   26.02,   65.10,   26.47,   65.36,   26.01,   64.58,  171.90,  391.45,     18720,  563.35,    531.64,    516.88,   1048.52
2026-06-02,06:34:44.745,   57.76,   30.22,   58.41,   30.05,   57.75,   30.23,   54.13,   29.52,   53.72,   29.18,   54.27,   29.53,  336.04,  178.72,     18760,  514.76,   35.92,   76.99,   35.79,   77.20,   36.02,   77.21,   30.33,   75.91,   31.51,   76.78,   30.43,   75.85,  200.01,  459.94,     18760,  659.94,    536.05,    638.66,   1174.70
2026-06-02,06:34:44.795,   29.26,   21.19,   29.09,   21.08,   29.32,   21.23,   28.30,   20.91,   27.94,   21.24,   28.00,   21.12,  171.92,  126.77,     18740,  298.69,   29.88,   64.85,   30.26,   65.34,   29.93,   64.57,   26.07,   63.97,   26.94,   64.81,   26.44,   64.25,  169.53,  387.79,     18740,  557.32,    341.45,    514.56,    856.01
2026-06-02,06:34:44.845,   53.63,   26.62,   53.66,   26.90,   53.29,   26.76,   50.74,   26.25,   51.02,   25.94,   51.31,   26.35,  313.66,  158.81,     18760,  472.47,   32.60,   73.58,   33.22,   74.26,   32.40,   74.05,   27.61,   72.34,   27.89,   73.61,   27.83,   73.63,  181.55,  441.49,     18740,  623.04,    495.21,    600.30,   1095.51
2026-06-02,06:34:44.895,   45.32,   23.80,   45.48,   24.01,   45.41,   24.19,   42.19,   23.11,   42.05,   23.32,   42.54,   23.42,  263.00,  141.85,     18760,  404.85,  116.76,  108.03,  117.22,  108.68,  116.76,  107.50,  114.02,  108.07,  114.57,  108.43,  114.56,  108.37,  693.90,  649.08,     18900, 1342.99,    956.90,    790.93,   1747.83
2026-06-02,06:34:44.946,   37.52,   25.97,   37.43,   26.11,   37.72,   26.00,   36.19,   25.62,   36.14,   25.91,   36.39,   25.83,  221.37,  155.43,     18820,  376.81,   26.10,   37.30,   26.77,   37.65,   26.35,   37.29,   24.92,   36.61,   25.19,   36.71,   25.02,   36.65,  154.35,  222.21,     18800,  376.56,    375.72,    377.65,    753.37
2026-06-02,06:34:44.996,   27.18,   18.30,   27.38,   18.33,   27.60,   18.44,   25.20,   17.69,   25.37,   17.70,   25.12,   17.88,  157.85,  108.34,     18428,  266.19,   21.17,   27.26,   21.50,   27.64,   21.01,   27.08,   20.35,   26.05,   20.58,   26.72,   20.57,   26.61,  125.17,  161.36,     18388,  286.52,    283.02,    269.70,    552.72
2026-06-02,06:34:45.046,   73.54,   32.88,   74.17,   33.32,   74.04,   33.32,   71.41,   32.69,   70.89,   32.56,   71.67,   32.54,  435.72,  197.29,     18760,  633.01,   26.43,   38.97,   27.07,   39.62,   26.58,   39.08,   24.75,   38.41,   25.32,   38.99,   24.95,   38.58,  155.11,  233.65,     18760,  388.76,    590.83,    430.94,   1021.77
2026-06-02,06:34:45.096,   13.61,   14.27,   13.63,   14.29,   13.85,   14.54,   13.19,   14.33,   13.04,   14.34,   13.02,   14.37,   80.34,   86.15,     18760,  166.49,   25.74,   34.03,   26.44,   34.61,   25.96,   33.84,   24.12,   32.95,   24.58,   33.58,   24.29,   33.40,  151.13,  202.42,     18740,  353.55,    231.47,    288.57,    520.04
2026-06-02,06:34:45.147,   19.14,   19.80,   19.40,   19.91,   19.32,   19.79,   19.02,   19.63,   19.17,   19.59,   19.09,   19.76,  115.15,  118.47,     18760,  233.62,   21.80,   28.96,   22.13,   29.40,   21.91,   29.06,   21.25,   28.58,   21.58,   28.87,   21.42,   28.88,  130.09,  173.73,     18800,  303.83,    245.24,    292.20,    537.44
2026-06-02,06:34:45.197,   13.54,   13.47,   13.58,   13.57,   13.72,   13.67,   13.31,   13.52,   13.14,   13.41,   13.18,   13.41,   80.47,   81.05,     18740,  161.52,   30.56,   32.05,   30.91,   32.80,   30.65,   31.98,   29.16,   31.52,   29.38,   31.71,   29.12,   31.68,  179.78,  191.75,     18720,  371.52,    260.25,    272.79,    533.04
2026-06-02,06:34:45.247,   17.30,   14.03,   17.75,   14.22,   17.65,   14.34,   16.88,   13.80,   17.06,   13.80,   17.07,   13.85,  103.71,   84.04,     18800,  187.75,   16.10,   23.65,   16.86,   24.73,   16.28,   23.85,   14.75,   23.10,   15.21,   23.56,   15.00,   23.47,   94.18,  142.37,     18800,  236.55,    197.89,    226.41,    424.30
2026-06-02,06:34:45.297,   80.16,   32.43,   80.42,   32.46,   80.03,   32.46,   75.22,   31.20,   74.90,   31.27,   75.81,   31.34,  466.53,  191.17,     18740,  657.70,   50.20,   50.17,   50.89,   50.84,   50.73,   50.39,   48.58,   48.87,   48.93,   49.85,   48.56,   48.94,  297.88,  299.07,     18780,  596.94,    764.41,    490.23,   1254.64
2026-06-02,06:34:45.348,  172.16,   53.83,  172.49,   53.86,  171.83,   54.33,  166.21,   52.81,  165.73,   52.51,  166.75,   53.18, 1015.18,  320.52,     18840, 1335.70,  140.29,  103.16,  139.88,  102.93,  140.29,  103.04,  136.61,  102.67,  136.74,  103.13,  136.24,  102.50,  830.06,  617.43,     18780, 1447.49,   1845.23,    937.95,   2783.18
2026-06-02,06:34:45.398,   55.49,   29.12,   55.08,   29.39,   55.77,   29.71,   53.52,   29.06,   54.08,   29.03,   54.08,   29.04,  328.01,  175.35,     18388,  503.36,   61.74,   65.73,   61.36,   65.90,   61.08,   64.93,   58.63,   64.62,   59.32,   65.13,   59.06,   64.83,  361.18,  391.15,     18388,  752.33,    689.19,    566.50,   1255.69
2026-06-02,06:34:45.447,   44.32,   38.32,   44.28,   38.04,   44.59,   38.48,   41.58,   37.73,   41.81,   37.65,   42.00,   37.61,  258.59,  227.83,     18732,  486.42,  125.94,   92.49,  126.34,   92.60,  125.40,   91.69,  124.57,   91.62,  124.48,   92.15,  124.43,   91.88,  751.17,  552.43,     18754, 1303.60,   1009.75,    780.26,   1790.02
2026-06-02,06:34:45.497,   58.48,   26.11,   58.74,   26.13,   58.57,   26.20,   55.25,   25.57,   55.11,   25.56,   55.50,   25.51,  341.64,  155.08,     18760,  496.72,   39.24,   44.66,   40.02,   45.10,   38.99,   44.26,   36.74,   43.28,   37.41,   43.97,   37.15,   43.62,  229.54,  264.89,     18720,  494.43,    571.18,    419.98,    991.15
2026-06-02,06:34:45.547,  100.06,   43.45,  100.43,   43.54,   99.77,   43.25,   94.78,   42.43,   94.21,   42.01,   94.93,   42.33,  584.18,  257.01,     18820,  841.18,   38.64,   37.91,   39.06,   38.19,   38.36,   37.88,   35.89,   36.12,   36.61,   36.55,   36.46,   36.52,  225.02,  223.18,     18720,  448.20,    809.20,    480.19,   1289.39
2026-06-02,06:34:45.597,   19.34,   21.43,   19.58,   21.81,   19.37,   21.80,   16.97,   20.99,   17.30,   20.95,   17.32,   20.75,  109.89,  127.74,     18720,  237.63,   31.36,   36.26,   31.08,   36.31,   30.77,   35.81,   29.54,   34.90,   29.76,   35.11,   30.23,   35.30,  182.76,  213.69,     18760,  396.45,    292.64,    341.43,    634.07
2026-06-02,06:34:45.647,   54.03,   44.43,   54.15,   44.37,   54.61,   44.18,   52.53,   43.17,   52.32,   43.25,   52.38,   43.46,  320.02,  262.86,     18700,  582.88,   40.79,   49.31,   40.82,   49.20,   40.29,   48.72,   37.97,   47.45,   38.54,   48.03,   38.52,   47.91,  236.93,  290.62,     18700,  527.55,    556.94,    553.49,   1110.43
2026-06-02,06:34:45.698,   28.83,   31.62,   28.84,   31.46,   28.61,   31.73,   26.77,   30.70,   27.12,   30.76,   27.14,   30.68,  167.31,  186.95,     18700,  354.26,   44.17,   45.94,   43.58,   45.52,   43.88,   45.21,   41.49,   43.78,   42.37,   44.34,   42.00,   44.35,  257.48,  269.13,     18720,  526.62,    424.79,    456.08,    880.88
2026-06-02,06:34:45.748,   37.39,   35.65,   37.54,   35.58,   37.45,   35.48,   35.40,   34.56,   35.69,   34.84,   35.88,   34.84,  219.35,  210.94,     18700,  430.30,   45.70,   55.53,   45.60,   55.37,   45.63,   55.07,   42.30,   53.79,   42.94,   54.62,   42.35,   54.21,  264.53,  328.60,     18680,  593.12,    483.88,    539.54,   1023.42
2026-06-02,06:34:45.798,   98.03,   49.75,   98.81,   49.87,   97.65,   49.75,   91.20,   47.95,   91.54,   47.91,   92.17,   47.68,  569.40,  292.92,     18720,  862.32,   42.66,   54.57,   42.91,   54.54,   42.52,   54.31,   39.02,   52.06,   40.05,   53.23,   39.79,   52.81,  246.96,  321.53,     18720,  568.49,    816.36,    614.45,   1430.81
2026-06-02,06:34:45.848,   58.95,   28.54,   58.97,   28.53,   58.46,   28.68,   56.03,   27.94,   55.70,   28.01,   56.00,   28.07,  344.12,  169.77,     18684,  513.88,   29.24,   36.00,   29.77,   36.68,   29.11,   36.29,   27.91,   35.30,   28.68,   36.09,   28.39,   35.85,  173.09,  216.21,     18645,  389.31,    517.21,    385.98,    903.19
2026-06-02,06:34:45.899,   58.54,   45.05,   58.53,   45.23,   58.16,   44.72,   55.17,   44.08,   54.70,   44.01,   54.78,   44.08,  339.87,  267.17,     18880,  607.04,   40.30,   45.71,   40.44,   45.84,   40.01,   45.19,   38.37,   44.52,   39.21,   45.24,   39.07,   44.97,  237.41,  271.47,     18900,  508.88,    577.28,    538.64,   1115.92
2026-06-02,06:34:45.949,   61.74,   46.88,   61.71,   46.38,   63.00,   47.83,   59.43,   45.77,   59.20,   46.27,   59.37,   45.85,  364.45,  278.97,     18560,  643.42,   88.61,   83.19,   88.91,   83.90,   88.34,   82.68,   83.68,   81.13,   84.60,   81.98,   83.88,   81.61,  518.02,  494.49,     18540, 1012.50,    882.46,    773.46,   1655.92
2026-06-02,06:34:45.999,  142.00,   62.91,  141.70,   62.68,  141.46,   63.05,  138.36,   61.70,  137.70,   61.28,  138.98,   61.50,  840.20,  373.13,     18780, 1213.33,   96.46,  103.44,   97.95,  104.74,   96.23,  103.35,   89.22,   98.26,   89.45,   98.38,   91.74,  100.58,  561.05,  608.76,     18740, 1169.81,   1401.25,    981.88,   2383.13
2026-06-02,06:34:46.049,   43.80,   21.60,   43.98,   21.54,   43.52,   21.77,   42.23,   21.43,   41.85,   21.26,   42.31,   21.46,  257.69,  129.06,     18940,  386.75,   58.96,   71.31,   60.02,   72.43,   58.86,   70.82,   50.40,   66.35,   51.41,   67.20,   50.98,   67.20,  330.64,  415.31,     18840,  745.95,    588.33,    544.37,   1132.71
2026-06-02,06:34:46.099,   63.22,   45.68,   61.55,   44.33,   61.96,   44.42,   59.39,   44.33,   59.05,   43.88,   59.24,   44.08,  364.41,  266.73,     18740,  631.14,  105.08,  133.48,  108.56,  136.37,  105.18,  132.51,   95.20,  129.57,   96.11,  130.60,   95.37,  130.65,  605.50,  793.18,     18720, 1398.69,    969.91,   1059.91,   2029.82
2026-06-02,06:34:46.150,  115.02,   89.21,  113.74,   87.68,  114.97,   89.08,  109.28,   86.12,  109.42,   86.39,  109.76,   86.52,  672.18,  524.99,     18800, 1197.17,  240.14,  186.29,  243.11,  188.98,  241.00,  187.33,  231.31,  183.53,  232.59,  185.37,  231.98,  183.86, 1420.13, 1115.37,     18920, 2535.50,   2092.31,   1640.36,   3732.67
2026-06-02,06:34:46.201,  128.57,  100.24,  128.22,  100.31,  129.40,  100.30,  124.25,   98.35,  124.06,   98.10,  124.62,   98.39,  759.12,  595.70,     18720, 1354.82,  162.30,  181.24,  162.32,  181.21,  162.15,  181.53,  155.66,  177.02,  156.90,  178.70,  156.88,  177.92,  956.20, 1077.62,     18740, 2033.82,   1715.32,   1673.32,   3388.64
2026-06-02,06:34:46.251,  108.67,   49.16,  109.05,   49.03,  107.84,   49.13,  102.29,   46.88,  102.48,   46.64,  103.29,   47.05,  633.61,  287.88,     18720,  921.49,   74.52,  101.11,   74.96,  101.40,   74.70,  100.68,   67.06,   97.08,   67.90,   98.66,   67.55,   97.64,  426.70,  596.57,     18720, 1023.27,   1060.31,    884.45,   1944.76
2026-06-02,06:34:46.300,   84.88,   42.18,   85.11,   42.34,   84.86,   42.23,   83.26,   41.73,   83.91,   41.84,   83.87,   41.22,  505.89,  251.54,     18460,  757.43,   63.73,  164.76,   64.36,  165.35,   63.55,  164.51,   54.60,  164.24,   54.66,  164.91,   54.43,  164.93,  355.33,  988.70,     18440, 1344.04,    861.22,   1240.25,   2101.47
2026-06-02,06:34:46.350,  152.34,   54.95,  153.66,   55.06,  153.21,   55.61,  147.45,   53.30,  147.22,   53.46,  148.07,   53.36,  901.95,  325.74,     18820, 1227.69,   80.39,  107.35,   80.49,  107.88,   80.25,  107.58,   73.27,  104.83,   73.46,  106.00,   73.00,  105.38,  460.86,  639.02,     18800, 1099.89,   1362.81,    964.76,   2327.57
2026-06-02,06:34:46.401,  144.87,   41.36,  144.58,   41.31,  144.53,   42.00,  142.69,   41.15,  143.57,   41.26,  143.59,   41.11,  863.83,  248.19,     18860, 1112.03,   71.83,  175.61,   72.15,  176.82,   72.15,  176.01,   61.12,  175.00,   61.68,  175.44,   61.15,  175.65,  400.08, 1054.53,     18800, 1454.61,   1263.91,   1302.72,   2566.63
2026-06-02,06:34:46.451,  126.47,   46.30,  127.16,   46.82,  127.09,   46.55,  124.15,   45.43,  124.62,   45.91,  125.03,   46.11,  754.52,  277.12,     18840, 1031.64,   53.92,  110.75,   54.22,  112.09,   52.83,  110.54,   47.69,  108.38,   48.30,  108.90,   48.65,  109.21,  305.62,  659.87,     18860,  965.48,   1060.13,    936.99,   1997.12
2026-06-02,06:34:46.501,  193.28,   46.28,  193.48,   45.75,  192.73,   45.71,  187.37,   44.68,  187.53,   44.92,  188.05,   44.61, 1142.44,  271.95,     18420, 1414.38,   86.03,  260.07,   86.91,  260.15,   87.11,  260.71,   64.76,  258.52,   63.74,  258.70,   64.31,  258.69,  452.86, 1556.84,     18440, 2009.70,   1595.30,   1828.78,   3424.08
2026-06-02,06:34:46.551,   78.25,   42.64,   78.44,   42.95,   78.33,   43.03,   76.07,   42.28,   76.63,   42.50,   76.39,   41.91,  464.12,  255.30,     18760,  719.42,   58.56,  112.97,   59.14,  112.99,   58.16,  112.21,   51.86,  111.47,   53.09,  112.49,   52.28,  111.80,  333.10,  673.93,     18720, 1007.03,    797.22,    929.23,   1726.45
2026-06-02,06:34:46.601,   58.76,   44.65,   58.27,   43.98,   58.80,   44.30,   55.73,   43.30,   55.72,   43.43,   55.43,   43.65,  342.72,  263.31,     18720,  606.03,   51.19,   84.50,   50.75,   84.52,   50.90,   84.19,   45.02,   81.78,   45.62,   83.56,   45.44,   83.26,  288.92,  501.81,     18760,  790.73,    631.64,    765.12,   1396.76
2026-06-02,06:34:46.651,   93.88,   49.93,   93.78,   49.33,   93.45,   49.54,   87.95,   48.35,   88.74,   48.68,   88.27,   47.91,  546.08,  293.74,     18720,  839.81,   69.36,  139.75,   69.70,  139.85,   68.50,  139.62,   61.34,  139.35,   62.29,  140.41,   62.06,  139.87,  393.25,  838.86,     18740, 1232.10,    939.32,   1132.59,   2071.92
2026-06-02,06:34:46.701,   85.03,   43.61,   85.25,   43.35,   85.74,   44.52,   82.20,   42.85,   81.81,   42.91,   82.52,   43.13,  502.55,  260.37,     18760,  762.93,  110.01,  107.47,  109.14,  107.62,  109.16,  106.69,  104.77,  104.76,  106.01,  105.12,  105.21,  104.85,  644.30,  636.50,     18800, 1280.80,   1146.85,    896.88,   2043.73
2026-06-02,06:34:46.751,   65.58,   36.19,   65.98,   35.96,   65.95,   35.98,   63.92,   35.48,   64.42,   36.07,   65.15,   35.90,  391.01,  215.59,     18720,  606.61,   98.57,  168.62,   99.61,  170.97,  100.01,  169.44,   89.28,  168.70,   89.70,  168.79,   89.97,  169.90,  567.14, 1016.43,     18720, 1583.57,    958.15,   1232.02,   2190.18
2026-06-02,06:34:46.802,   94.74,   52.38,   94.30,   51.78,   93.80,   51.99,   88.65,   50.69,   88.35,   50.51,   88.59,   50.32,  548.42,  307.67,     18800,  856.09,   59.27,   86.39,   59.03,   86.38,   59.34,   86.28,   54.88,   84.56,   55.28,   85.72,   55.74,   85.83,  343.54,  515.17,     18740,  858.71,    891.97,    822.84,   1714.80
2026-06-02,06:34:46.852,   66.07,   42.79,   66.22,   42.84,   65.90,   43.16,   62.62,   42.36,   62.74,   43.17,   62.58,   42.06,  386.14,  256.37,     18720,  642.50,   65.02,  108.09,   65.56,  108.68,   64.99,  108.14,   55.93,  106.53,   56.95,  107.33,   56.51,  106.94,  364.96,  645.72,     18780, 1010.68,    751.10,    902.08,   1653.18
2026-06-02,06:34:46.902,   64.68,   40.12,   64.93,   40.04,   65.16,   40.16,   63.67,   39.27,   63.55,   39.62,   63.43,   39.60,  385.42,  238.81,     18780,  624.23,  175.45,  137.11,  176.09,  137.64,  176.35,  137.30,  170.74,  135.94,  171.31,  136.24,  171.22,  136.73, 1041.16,  820.96,     18780, 1862.12,   1426.58,   1059.77,   2486.35
2026-06-02,06:34:46.952,  101.06,   49.81,  102.03,   49.71,  101.53,   50.06,   96.35,   48.71,   96.29,   48.57,   96.94,   48.60,  594.20,  295.45,     18740,  889.65,   63.77,  112.57,   63.05,  112.85,   63.71,  112.16,   53.52,  110.76,   53.57,  110.72,   53.50,  111.21,  351.13,  670.28,     18720, 1021.41,    945.33,    965.73,   1911.06
2026-06-02,06:34:47.003,   74.71,   28.89,   75.42,   29.35,   73.73,   29.21,   70.52,   27.79,   70.86,   28.04,   71.68,   27.80,  436.92,  171.08,     18820,  608.00,   84.08,  158.11,   83.43,  159.13,   83.66,  158.24,   73.97,  156.26,   74.81,  157.39,   74.62,  157.98,  474.56,  947.10,     18840, 1421.66,    911.48,   1118.18,   2029.66
2026-06-02,06:34:47.053,   41.98,   32.12,   42.23,   32.35,   42.42,   32.64,   40.45,   32.01,   40.56,   32.41,   40.26,   32.07,  247.91,  193.60,     18368,  441.51,   51.73,   82.32,   52.23,   82.42,   52.00,   81.75,   47.41,   80.47,   47.75,   81.12,   47.20,   80.40,  298.32,  488.48,     18388,  786.80,    546.23,    682.08,   1228.31
2026-06-02,06:34:47.103,   40.12,   33.28,   39.60,   32.60,   40.86,   33.57,   37.36,   31.98,   37.45,   32.21,   37.86,   32.17,  233.24,  195.81,     18720,  429.05,   62.87,  127.23,   62.58,  127.55,   63.01,  127.58,   56.21,  125.95,   56.94,  126.49,   56.12,  125.99,  357.73,  760.80,     18720, 1118.53,    590.97,    956.61,   1547.58
2026-06-02,06:34:47.153,  107.47,   57.89,  108.35,   57.86,  107.35,   57.80,  102.59,   56.15,  102.33,   56.66,  103.25,   56.58,  631.32,  342.93,     18720,  974.26,  100.64,  148.82,  101.06,  149.55,  100.71,  149.05,   94.03,  147.49,   94.13,  147.69,   94.18,  148.05,  584.74,  890.66,     18720, 1475.40,   1216.07,   1233.59,   2449.66
2026-06-02,06:34:47.203,   60.48,   24.95,   60.61,   25.00,   60.08,   25.02,   57.12,   24.02,   57.13,   23.87,   57.96,   23.79,  353.39,  146.64,     18740,  500.03,   65.88,   91.58,   66.32,   91.55,   65.96,   91.01,   58.61,   89.21,   58.95,   90.12,   59.18,   89.76,  374.90,  543.22,     18720,  918.12,    728.29,    689.87,   1418.15
2026-06-02,06:34:47.253,   37.18,   25.59,   37.14,   25.86,   37.11,   26.05,   35.94,   25.51,   36.30,   25.80,   36.09,   25.49,  219.76,  154.32,     18740,  374.07,   47.29,   64.93,   47.63,   65.72,   47.69,   65.88,   43.53,   64.86,   43.93,   65.33,   43.58,   65.02,  273.64,  391.73,     18760,  665.36,    493.39,    546.04,   1039.43
2026-06-02,06:34:47.303,   95.32,   47.78,   95.32,   47.53,   95.73,   48.27,   93.60,   47.29,   94.61,   47.41,   94.73,   47.20,  569.32,  285.47,     18700,  854.79,   77.68,  127.48,   78.00,  127.56,   77.86,  127.84,   74.04,  126.64,   74.41,  127.61,   73.82,  126.42,  455.80,  763.54,     18720, 1219.34,   1025.12,   1049.01,   2074.14
2026-06-02,06:34:47.354,  152.24,   51.94,  153.24,   52.16,  151.66,   52.15,  147.17,   51.05,  146.67,   51.34,  146.90,   50.44,  897.88,  309.07,     18760, 1206.95,  195.52,  153.86,  196.12,  154.58,  196.23,  153.76,  187.72,  152.94,  187.82,  153.26,  187.55,  152.96, 1150.97,  921.36,     18720, 2072.34,   2048.85,   1230.43,   3279.28
2026-06-02,06:34:47.404,   36.26,   21.65,   35.93,   21.84,   36.46,   22.31,   35.17,   21.45,   35.33,   21.66,   35.25,   21.58,  214.39,  130.48,     18720,  344.87,  242.32,  133.50,  244.13,  133.80,  242.89,  133.13,  235.30,  131.45,  235.00,  131.90,  234.80,  131.02, 1434.44,  794.80,     18800, 2229.24,   1648.83,    925.28,   2574.11
2026-06-02,06:34:47.454,   26.11,   16.77,   26.82,   17.15,   26.55,   17.19,   25.40,   16.40,   25.80,   16.48,   25.85,   16.50,  156.54,  100.49,     18720,  257.02,   57.07,   75.87,   57.16,   75.84,   56.67,   75.12,   50.73,   74.89,   51.78,   75.53,   50.87,   74.93,  324.27,  452.18,     18720,  776.45,    480.81,    552.66,   1033.47
2026-06-02,06:34:47.504,  108.90,   41.90,  109.40,   41.60,  108.92,   41.95,  102.59,   40.65,  102.50,   40.74,  103.11,   40.86,  635.42,  247.70,     18760,  883.13,   87.88,  136.70,   88.58,  137.34,   88.02,  136.73,   81.27,  135.44,   81.81,  136.66,   81.38,  135.80,  508.95,  818.67,     18760, 1327.62,   1144.37,   1066.37,   2210.74
2026-06-02,06:34:47.554,   39.37,   27.10,   39.48,   27.33,   39.54,   27.32,   37.90,   26.64,   38.49,   26.89,   38.77,   26.56,  233.55,  161.85,     18720,  395.40,   56.80,  121.89,   57.28,  122.52,   57.60,  121.97,   50.93,  121.18,   50.49,  121.08,   50.47,  121.52,  323.57,  730.14,     18740, 1053.71,    557.11,    892.00,   1449.11
2026-06-02,06:34:47.604,   47.49,   27.30,   47.37,   27.53,   47.60,   28.02,   46.27,   27.56,   46.90,   27.53,   46.07,   26.95,  281.70,  164.88,     18720,  446.58,   61.78,  101.42,   62.77,  101.43,   61.97,  101.00,   54.89,  100.04,   54.68,  100.46,   54.93,   99.90,  351.01,  604.26,     18700,  955.27,    632.72,    769.13,   1401.85
2026-06-02,06:34:47.655,   67.33,   28.19,   67.87,   28.39,   67.56,   28.35,   63.87,   26.75,   63.88,   26.85,   64.78,   26.76,  395.29,  165.29,     18700,  560.59,   58.44,  124.03,   58.56,  125.38,   58.83,  125.14,   51.20,  123.46,   52.08,  124.06,   51.22,  124.05,  330.33,  746.12,     18720, 1076.45,    725.63,    911.41,   1637.04
2026-06-02,06:34:47.705,   61.35,   36.54,   60.62,   35.75,   60.96,   36.79,   57.19,   35.48,   57.81,   36.09,   57.91,   36.16,  355.85,  216.80,     18740,  572.65,   84.47,  151.93,   84.43,  151.64,   84.76,  151.32,   79.39,  150.78,   80.14,  151.31,   79.69,  150.37,  492.87,  907.34,     18740, 1400.21,    848.72,   1124.14,   1972.86
2026-06-02,06:34:47.755,   66.96,   43.81,   66.87,   43.75,   66.98,   44.25,   65.98,   43.81,   66.32,   44.70,   65.11,   42.76,  398.21,  263.07,     18700,  661.28,  104.32,  115.38,  104.47,  116.47,  104.59,  116.40,   95.03,  113.11,   96.50,  113.74,   95.21,  112.31,  600.13,  687.39,     18700, 1287.52,    998.33,    950.46,   1948.80
2026-06-02,06:34:47.805,   70.37,   55.36,   70.09,   54.28,   73.20,   57.36,   68.32,   54.65,   72.27,   58.54,   66.63,   52.63,  420.87,  332.83,     18660,  753.69,   66.81,   77.65,   70.56,   81.98,   67.60,   78.47,   62.39,   76.31,   65.20,   78.26,   62.33,   76.34,  394.90,  469.01,     18700,  863.91,    815.76,    801.84,   1617.60
2026-06-02,06:34:47.855,  107.10,   60.67,  107.66,   61.01,  109.54,   63.71,  103.32,   61.02,  106.07,   64.46,  103.32,   60.58,  637.01,  371.45,     18700, 1008.46,  108.02,  144.99,  107.83,  144.99,  107.62,  145.05,  100.78,  142.06,  100.87,  141.91,  101.18,  142.22,  626.31,  861.22,     18680, 1487.54,   1263.32,   1232.67,   2495.99
2026-06-02,06:34:47.905,  101.65,   47.12,  101.97,   46.63,  102.21,   47.75,   98.49,   45.80,   98.67,   46.21,   98.97,   45.88,  601.96,  279.38,     18760,  881.34,   82.24,  114.20,   82.48,  114.28,   82.44,  113.80,   74.34,  112.25,   75.07,  112.99,   74.92,  112.58,  471.49,  680.09,     18720, 1151.58,   1073.45,    959.48,   2032.93
2026-06-02,06:34:47.955,   46.84,   34.36,   46.24,   34.37,   46.26,   34.57,   43.33,   33.74,   43.82,   34.10,   43.93,   33.91,  270.43,  205.05,     18840,  475.48,   59.64,  115.94,   59.92,  116.20,   59.28,  115.67,   54.28,  114.06,   54.04,  114.72,   54.18,  114.04,  341.35,  690.63,     18720, 1031.98,    611.78,    895.68,   1507.46
2026-06-02,06:34:48.005,   49.87,   42.92,   49.62,   42.54,   50.37,   43.56,   47.15,   42.12,   47.48,   42.18,   47.48,   42.18,  291.97,  255.49,     18760,  547.47,   44.29,   91.45,   44.14,   91.42,   44.80,   91.57,   42.59,   91.33,   42.79,   91.72,   42.35,   91.17,  260.96,  548.66,     18740,  809.62,    552.93,    804.15,   1357.08
2026-06-02,06:34:48.056,   44.16,   40.08,   43.47,   39.01,   43.84,   40.00,   41.75,   38.20,   41.76,   38.45,   41.39,   38.08,  256.38,  233.82,     18720,  490.20,   80.01,  108.64,   80.19,  108.89,   79.79,  107.89,   71.82,  105.49,   72.26,  106.07,   71.82,  105.11,  455.90,  642.10,     18780, 1098.00,    712.28,    875.92,   1588.19
2026-06-02,06:34:48.106,  123.79,   50.01,  125.33,   49.98,  124.29,   50.23,  117.81,   48.73,  118.17,   48.78,  118.17,   48.12,  727.56,  295.85,     18740, 1023.41,   49.46,   89.10,   49.88,   89.57,   49.67,   88.81,   43.87,   87.97,   44.52,   89.16,   43.88,   88.55,  281.28,  533.15,     18800,  814.43,   1008.84,    829.01,   1837.84
2026-06-02,06:34:48.156,   72.85,   38.69,   73.50,   38.54,   72.88,   38.96,   68.45,   37.93,   67.94,   38.09,   68.30,   37.77,  423.94,  229.97,     18800,  653.91,   45.28,  102.86,   45.62,  103.97,   45.19,  103.11,   41.02,  102.86,   41.53,  102.91,   40.64,  102.18,  259.26,  617.89,     18800,  877.15,    683.20,    847.86,   1531.06
2026-06-02,06:34:48.207,   53.37,   30.11,   53.28,   29.97,   53.50,   30.56,   51.12,   29.70,   51.10,   30.14,   51.21,   29.47,  313.58,  179.94,     18820,  493.52,   43.63,  111.01,   44.01,  111.86,   43.58,  111.30,   34.49,  109.98,   34.90,  110.74,   34.17,  110.01,  234.79,  664.91,     18900,  899.71,    548.37,    844.86,   1393.22
2026-06-02,06:34:48.256,   37.08,   25.94,   37.13,   26.07,   36.91,   26.18,   35.85,   25.79,   35.72,   26.09,   35.55,   25.60,  218.23,  155.67,     18440,  373.90,   29.62,   76.64,   29.64,   76.63,   29.63,   76.28,   24.11,   75.06,   24.65,   76.04,   24.05,   75.60,  161.69,  456.25,     18420,  617.94,    379.92,    611.92,    991.84
2026-06-02,06:34:48.306,   71.07,   36.49,   72.21,   36.42,   71.64,   36.54,   70.92,   36.18,   71.48,   36.86,   70.37,   35.50,  427.68,  217.98,     18800,  645.67,   34.78,   51.02,   35.61,   51.29,   34.91,   50.64,   33.16,   51.13,   33.31,   51.37,   33.32,   51.44,  205.09,  306.90,     18800,  511.99,    632.77,    524.88,   1157.65
2026-06-02,06:34:48.356,  121.50,   51.00,  122.70,   51.05,  122.60,   51.86,  116.70,   49.63,  117.40,   50.56,  117.14,   49.42,  718.05,  303.51,     18820, 1021.56,   44.41,   99.41,   44.01,   99.90,   44.37,   99.43,   38.85,   98.06,   39.67,   98.77,   38.69,   98.14,  250.00,  593.70,     18780,  843.69,    968.04,    897.21,   1865.25
2026-06-02,06:34:48.407,   62.67,   34.89,   62.75,   35.22,   62.53,   35.11,   61.47,   34.88,   61.31,   35.06,   61.54,   34.64,  372.28,  209.81,     18800,  582.09,  266.40,  292.39,  267.50,  293.63,  266.65,  291.92,  240.87,  290.72,  242.11,  290.73,  241.62,  290.80, 1525.16, 1750.19,     18780, 3275.35,   1897.44,   1960.01,   3857.44
2026-06-02,06:34:48.457,   48.20,   33.02,   48.96,   33.30,   48.63,   33.67,   47.24,   33.03,   48.37,   34.41,   47.14,   32.91,  288.54,  200.34,     18760,  488.87,   42.61,   97.90,   42.89,   98.81,   42.97,   98.08,   39.80,   97.01,   40.29,   98.15,   40.00,   97.73,  248.55,  587.68,     19300,  836.22,    537.09,    788.01,   1325.10
2026-06-02,06:34:48.507,   99.38,   57.99,   99.78,   57.82,   99.17,   57.71,   92.87,   56.51,   93.08,   56.57,   93.25,   56.31,  577.52,  342.91,     18840,  920.43,   44.57,   86.33,   45.52,   87.00,   45.16,   86.72,   39.03,   84.81,   39.56,   85.14,   39.41,   84.97,  253.25,  514.96,     18920,  768.20,    830.77,    857.87,   1688.64
2026-06-02,06:34:48.557,   76.59,   42.46,   77.06,   42.48,   77.07,   43.20,   73.66,   41.99,   73.97,   43.13,   73.51,   41.69,  451.85,  254.95,     18400,  706.80,   47.92,  107.37,   47.93,  108.02,   47.82,  107.76,   43.87,  107.13,   44.47,  108.11,   43.70,  106.94,  275.71,  645.34,     18720,  921.05,    727.56,    900.29,   1627.86
2026-06-02,06:34:48.607,   71.03,   33.60,   71.33,   33.64,   70.44,   33.65,   66.37,   32.91,   66.62,   33.30,   66.32,   32.51,  412.10,  199.62,     18760,  611.72,   70.80,  170.36,   71.59,  170.75,   71.10,  170.21,   57.37,  168.37,   58.34,  170.08,   57.75,  169.16,  386.95, 1018.93,    113740, 1405.88,    799.05,   1218.55,   2017.60
2026-06-02,06:34:48.657,   43.83,   29.79,   44.13,   29.54,   43.70,   29.92,   42.62,   29.34,   43.02,   30.27,   43.07,   29.54,  260.37,  178.39,     18880,  438.76,   76.76,  209.26,   76.77,  208.99,   76.80,  208.23,   62.67,  205.41,   64.12,  207.18,   62.56,  206.15,  419.67, 1245.24,     29200, 1664.91,    680.04,   1423.63,   2103.67
2026-06-02,06:34:48.707,   50.07,   32.34,   49.85,   32.50,   50.22,   32.72,   49.76,   32.59,   50.07,   32.95,   48.81,   31.93,  298.78,  195.03,     18860,  493.81,   82.39,  234.46,   82.73,  235.10,   82.00,  234.38,   60.86,  230.67,   62.42,  231.66,   62.33,  231.27,  432.72, 1397.55,     18900, 1830.26,    731.50,   1592.57,   2324.07
2026-06-02,06:34:48.758,   86.27,   43.34,   87.13,   42.98,   86.63,   43.16,   81.25,   41.92,   81.49,   41.96,   81.68,   41.71,  504.44,  255.07,     18820,  759.51,   80.93,  233.93,   80.69,  233.80,   81.10,  234.03,   64.87,  230.02,   65.90,  230.92,   64.97,  229.57,  438.45, 1392.27,     18880, 1830.72,    942.89,   1647.34,   2590.24
2026-06-02,06:34:48.807,   79.59,   34.63,   80.09,   34.79,   79.39,   34.70,   76.21,   34.60,   76.23,   34.76,   76.49,   34.38,  468.00,  207.87,     18520,  675.86,   66.16,  201.03,   66.42,  202.02,   65.93,  200.49,   49.23,  197.40,   49.72,  197.97,   49.82,  197.94,  347.28, 1196.84,     18380, 1544.11,    815.27,   1404.70,   2219.98
2026-06-02,06:34:48.857,   80.00,   53.33,   79.90,   52.43,   79.54,   52.91,   74.14,   52.08,   74.61,   52.48,   74.48,   51.92,  462.67,  315.15,     18720,  777.82,   77.54,  218.65,   77.42,  219.13,   76.62,  218.43,   63.23,  215.13,   63.23,  214.73,   63.67,  215.73,  421.72, 1301.81,     18720, 1723.52,    884.39,   1616.96,   2501.35
2026-06-02,06:34:48.908,   56.71,   41.49,   56.03,   40.72,   55.78,   40.83,   53.09,   40.53,   53.14,   40.89,   53.17,   40.63,  327.92,  245.10,     18740,  573.01,   72.36,  185.72,   72.94,  186.83,   72.31,  185.95,   56.59,  182.58,   57.32,  182.84,   57.87,  183.95,  389.39, 1107.87,     18820, 1497.26,    717.30,   1352.97,   2070.27
2026-06-02,06:34:48.958,   78.10,   46.55,   78.05,   46.07,   77.88,   46.65,   74.34,   45.49,   75.23,   45.81,   74.98,   45.38,  458.58,  275.94,     18820,  734.52,   72.01,  240.52,   71.64,  241.01,   71.87,  239.57,   55.96,  236.33,   56.62,  236.97,   56.15,  237.03,  384.25, 1431.43,     18720, 1815.68,    842.82,   1707.37,   2550.19
2026-06-02,06:34:49.008,   71.41,   44.99,   71.44,   44.02,   71.34,   44.70,   68.39,   44.50,   68.95,   45.21,   68.72,   44.40,  420.25,  267.82,     18780,  688.07,   78.46,  260.00,   79.03,  260.49,   79.09,  260.36,   60.73,  258.07,   61.36,  259.32,   61.51,  258.50,  420.18, 1556.74,     18740, 1976.92,    840.43,   1824.56,   2664.99
2026-06-02,06:34:49.058,   35.24,   30.32,   35.10,   30.05,   35.01,   30.31,   33.94,   29.71,   33.89,   29.85,   33.78,   29.40,  206.97,  179.63,     18760,  386.60,   73.88,  213.16,   74.09,  213.67,   74.24,  212.92,   55.89,  209.11,   56.65,  210.19,   55.96,  210.03,  390.70, 1269.08,     18720, 1659.79,    597.67,   1448.72,   2046.39
2026-06-02,06:34:49.108,   40.20,   26.89,   40.82,   27.45,   40.33,   27.55,   38.92,   26.54,   39.25,   26.76,   39.04,   26.32,  238.56,  161.51,     18720,  400.07,   78.65,  251.96,   78.31,  252.54,   77.97,  251.85,   59.94,  248.84,   60.87,  248.52,   60.29,  247.76,  416.02, 1501.47,     18720, 1917.49,    654.58,   1662.98,   2317.56
2026-06-02,06:34:49.158,  555.37,  264.23,  556.79,  263.64,  554.56,  263.25,  532.11,  245.40,  533.29,  246.10,  534.35,  245.46, 3266.46, 1528.09,     18720, 4794.55,   78.88,  196.55,   80.76,  198.36,   80.07,  197.22,   61.81,  192.03,   62.30,  193.49,   62.15,  192.78,  425.98, 1170.44,     18520, 1596.42,   3692.44,   2698.53,   6390.97
2026-06-02,06:34:49.209,  370.98,  131.18,  370.93,  130.55,  369.92,  130.11,  360.96,  124.36,  360.68,  124.91,  361.00,  124.58, 2194.47,  765.68,     18880, 2960.15,   99.81,  274.49,  100.32,  275.11,   99.36,  273.40,   80.44,  269.32,   81.46,  270.60,   80.71,  269.87,  542.11, 1632.78,     19060, 2174.89,   2736.57,   2398.47,   5135.04
2026-06-02,06:34:49.259,   88.84,   41.96,   89.35,   41.40,   89.16,   41.53,   84.56,   40.51,   84.24,   40.52,   84.51,   39.91,  520.66,  245.82,     18740,  766.48,   78.83,  221.83,   79.58,  221.68,   78.59,  221.08,   59.07,  216.00,   59.90,  216.92,   59.98,  216.52,  415.95, 1314.02,     18820, 1729.97,    936.61,   1559.84,   2496.45
2026-06-02,06:34:49.308,  120.82,   77.11,  120.24,   76.42,  121.03,   76.95,  116.71,   75.30,  117.74,   76.03,  116.89,   76.23,  713.43,  458.05,     18500, 1171.49,   91.95,  249.36,   91.91,  249.76,   92.02,  249.40,   74.70,  245.81,   74.86,  246.20,   75.08,  246.04,  500.52, 1486.56,     18420, 1987.08,   1213.95,   1944.62,   3158.57
2026-06-02,06:34:49.359,  217.93,   96.69,  219.10,   96.14,  218.86,   97.34,  207.13,   93.25,  207.42,   93.62,  207.84,   92.88, 1278.27,  569.91,     18720, 1848.19,   91.23,  264.03,   91.25,  264.40,   91.56,  264.26,   73.17,  258.87,   74.29,  259.71,   73.74,  259.14,  495.23, 1570.40,     18720, 2065.63,   1773.50,   2140.32,   3913.82
2026-06-02,06:34:49.409,   79.85,   32.67,   80.27,   32.97,   79.65,   32.99,   78.05,   32.25,   78.44,   32.48,   78.38,   32.22,  474.64,  195.58,     18740,  670.22,   87.13,  240.36,   86.89,  241.20,   87.88,  240.28,   66.97,  235.93,   68.35,  236.93,   67.57,  236.44,  464.80, 1431.13,     18760, 1895.93,    939.43,   1626.71,   2566.14
2026-06-02,06:34:49.459,   43.56,   26.51,   43.86,   26.55,   43.84,   26.69,   42.66,   26.46,   42.70,   26.42,   41.92,   26.06,  258.54,  158.69,     18740,  417.23,   76.87,  233.56,   76.31,  234.13,   76.56,  233.00,   60.06,  230.26,   60.46,  230.54,   60.18,  230.60,  410.43, 1392.11,     18720, 1802.54,    668.98,   1550.80,   2219.77
2026-06-02,06:34:49.509,   32.60,   23.99,   33.21,   23.91,   32.98,   24.46,   30.85,   23.55,   30.99,   23.90,   30.92,   23.50,  191.55,  143.32,     18740,  334.86,   74.58,  216.27,   75.42,  217.72,   74.94,  216.73,   55.67,  211.89,   56.17,  211.03,   56.00,  211.14,  392.78, 1284.79,     18780, 1677.57,    584.32,   1428.10,   2012.43
2026-06-02,06:34:49.569,  178.02,  131.43,  179.16,  131.44,  178.73,  132.38,  167.81,  130.03,  167.53,  130.08,  168.50,  129.05, 1039.75,  784.41,     18760, 1824.16,   83.57,  208.93,   83.59,  209.06,   83.96,  208.94,   72.19,  205.60,   72.72,  206.46,   72.65,  206.71,  468.67, 1245.70,     18760, 1714.37,   1508.42,   2030.11,   3538.53
2026-06-02,06:34:49.609,   78.61,   75.37,   78.32,   74.28,   78.67,   74.90,   73.41,   74.01,   74.55,   75.03,   74.03,   73.90,  457.59,  447.49,     18700,  905.08,   87.95,  249.65,   88.23,  250.16,   88.36,  249.73,   69.72,  244.51,   69.84,  245.01,   69.91,  244.89,  474.01, 1483.94,     18700, 1957.95,    931.61,   1931.43,   2863.04
2026-06-02,06:34:49.660,   33.64,   32.60,   33.35,   31.95,   33.06,   32.44,   31.99,   31.85,   32.49,   32.25,   32.33,   31.59,  196.86,  192.68,     18740,  389.54,   69.12,  216.34,   69.77,  217.27,   69.38,  216.94,   50.41,  211.35,   51.21,  212.00,   50.75,  211.44,  360.64, 1285.33,     18740, 1645.98,    557.50,   1478.01,   2035.52
2026-06-02,06:34:49.710,   90.61,   46.25,   90.63,   45.38,   90.37,   45.96,   85.38,   44.20,   85.54,   44.81,   85.83,   43.98,  528.36,  270.58,     18800,  798.94,   72.49,  217.02,   73.03,  218.20,   72.71,  217.56,   58.66,  212.62,   58.84,  212.91,   58.46,  213.38,  394.19, 1291.70,     18760, 1685.89,    922.55,   1562.28,   2484.83
2026-06-02,06:34:49.760,   87.66,   42.21,   88.43,   42.11,   87.02,   41.90,   83.59,   41.37,   83.62,   41.80,   84.27,   41.40,  514.59,  250.79,     18720,  765.37,   85.60,  242.30,   85.94,  242.48,   86.27,  242.68,   65.45,  238.13,   66.28,  239.06,   66.14,  238.91,  455.68, 1443.57,     18800, 1899.25,    970.27,   1694.35,   2664.62
2026-06-02,06:34:49.810,   79.02,   34.87,   79.71,   34.90,   79.09,   35.44,   75.92,   34.22,   75.74,   34.66,   76.20,   34.33,  465.67,  208.43,     18860,  674.10,   82.68,  241.41,   82.22,  241.36,   82.54,  240.93,   64.97,  236.11,   66.31,  237.95,   65.36,  237.16,  444.08, 1434.93,     18800, 1879.00,    909.75,   1643.35,   2553.10
2026-06-02,06:34:49.861,   63.95,   30.82,   64.92,   31.16,   64.29,   31.22,   61.94,   30.42,   61.90,   30.78,   62.44,   30.46,  379.44,  184.84,     18740,  564.29,   77.90,  266.18,   77.90,  267.53,   77.50,  266.45,   58.76,  262.29,   59.10,  262.36,   58.93,  262.74,  410.09, 1587.54,     18720, 1997.63,    789.53,   1772.38,   2561.92
2026-06-02,06:34:49.910,   86.03,   34.91,   86.58,   35.17,   85.65,   35.33,   82.00,   34.28,   81.72,   34.24,   82.58,   34.32,  504.56,  208.25,     18500,  712.81,   96.42,  251.48,   97.25,  252.03,   96.93,  250.90,   75.58,  246.00,   76.78,  247.19,   76.31,  247.08,  519.27, 1494.67,     18520, 2013.94,   1023.82,   1702.92,   2726.74
2026-06-02,06:34:49.961,   46.24,   25.36,   46.16,   25.46,   45.98,   25.55,   44.45,   24.67,   44.50,   24.89,   44.72,   25.05,  272.05,  150.98,     18760,  423.03,   84.13,  287.07,   83.74,  286.90,   83.84,  286.54,   62.92,  276.45,   63.59,  277.60,   63.05,  278.00,  441.27, 1692.56,     18760, 2133.84,    713.33,   1843.54,   2556.87
2026-06-02,06:34:50.010,   43.66,   29.47,   44.07,   29.72,   43.70,   30.10,   42.60,   29.38,   42.69,   29.84,   43.18,   29.56,  259.89,  178.07,     18600,  437.96,   75.83,  225.53,   76.67,  226.25,   76.10,  225.26,   60.40,  220.33,   60.85,  221.34,   60.80,  221.02,  410.66, 1339.72,     18580, 1750.38,    670.55,   1517.79,   2188.34
2026-06-02,06:34:50.060,   69.46,   27.07,   69.97,   27.17,   69.94,   27.55,   66.46,   26.71,   66.67,   27.15,   67.12,   26.80,  409.62,  162.45,     18740,  572.06,   84.66,  281.69,   84.52,  282.08,   84.36,  280.90,   63.76,  277.42,   64.51,  278.01,   64.26,  277.40,  446.06, 1677.50,     18740, 2123.57,    855.68,   1839.95,   2695.63
2026-06-02,06:34:50.111,   69.32,   24.65,   70.03,   24.65,   69.43,   24.50,   66.73,   23.46,   66.42,   23.22,   66.85,   23.01,  408.78,  143.50,     18740,  552.28,   67.02,  212.52,   67.65,  214.07,   67.91,  213.02,   47.43,  209.95,   48.11,  210.36,   47.65,  211.00,  345.77, 1270.92,     18760, 1616.69,    754.55,   1414.43,   2168.97
2026-06-02,06:34:50.161,   67.13,   34.11,   67.51,   33.49,   67.43,   34.62,   64.30,   33.48,   64.58,   33.85,   65.15,   33.49,  396.10,  203.03,     18760,  599.13,   93.68,  237.02,   93.76,  237.64,   94.42,  236.49,   77.16,  232.58,   77.72,  232.71,   77.91,  233.60,  514.64, 1410.04,     18740, 1924.68,    910.74,   1613.07,   2523.81
2026-06-02,06:34:50.211,   22.05,   18.83,   22.19,   19.00,   22.20,   19.07,   21.57,   19.00,   21.80,   19.25,   21.71,   18.94,  131.52,  114.09,     18740,  245.61,   74.98,  240.60,   74.81,  240.46,   74.34,  240.63,   55.26,  236.96,   55.77,  238.50,   55.29,  237.76,  390.46, 1434.91,     18760, 1825.37,    521.98,   1549.00,   2070.98
2026-06-02,06:34:50.261,   56.12,   27.78,   56.65,   27.67,   56.69,   27.97,   53.41,   26.83,   53.84,   27.15,   54.39,   26.71,  331.11,  164.11,     18760,  495.22,   82.30,  220.74,   82.88,  222.16,   82.30,  220.65,   62.58,  216.38,   63.44,  216.48,   63.21,  216.98,  436.71, 1313.39,     18760, 1750.10,    767.81,   1477.50,   2245.31
2026-06-02,06:34:50.311,  156.71,   61.98,  158.08,   62.28,  158.15,   63.02,  152.53,   61.55,  152.07,   61.43,  152.98,   61.15,  930.52,  371.41,     18840, 1301.94,  100.61,  272.41,  100.98,  273.26,  100.34,  272.12,   81.22,  268.23,   82.00,  268.98,   81.76,  269.38,  546.90, 1624.39,     18740, 2171.29,   1477.43,   1995.80,   3473.23
2026-06-02,06:34:50.361,  138.33,   44.92,  139.13,   45.04,  138.96,   45.30,  132.76,   43.66,  131.66,   43.58,  132.85,   43.25,  813.68,  265.76,     18720, 1079.44,   74.45,  217.66,   74.52,  218.15,   74.38,  217.49,   55.12,  212.99,   55.88,  214.17,   55.78,  213.51,  390.12, 1293.96,     18720, 1684.08,   1203.81,   1559.71,   2763.52
2026-06-02,06:34:50.412,   37.49,   22.34,   37.79,   22.57,   37.93,   22.84,   36.76,   22.62,   36.97,   22.66,   37.15,   22.19,  224.09,  135.21,     18740,  359.30,   93.59,  267.72,   93.92,  268.54,   93.53,  267.38,   74.08,  264.69,   74.40,  264.80,   73.93,  264.63,  503.46, 1597.76,     18720, 2101.22,    727.55,   1732.98,   2460.52
2026-06-02,06:34:50.462,   91.91,   41.96,   92.86,   41.61,   92.80,   42.76,   88.62,   41.07,   88.54,   41.25,   88.94,   40.18,  543.67,  248.83,     18760,  792.50,   86.47,  253.13,   86.67,  254.27,   86.82,  253.41,   68.70,  248.62,   69.33,  249.47,   69.06,  250.92,  467.05, 1509.81,     18760, 1976.87,   1010.72,   1758.64,   2769.36
2026-06-02,06:34:50.512,   76.51,   32.36,   77.39,   32.42,   76.49,   32.62,   73.61,   32.06,   72.71,   32.05,   73.33,   31.90,  450.04,  193.40,     18760,  643.44,   79.26,  229.93,   79.46,  230.13,   79.20,  230.11,   58.76,  226.62,   59.61,  227.75,   59.49,  226.14,  415.77, 1370.67,     18780, 1786.44,    865.81,   1564.07,   2429.88
2026-06-02,06:34:50.562,   88.16,   36.11,   89.00,   36.45,   88.00,   36.33,   83.38,   35.42,   83.91,   35.62,   84.79,   35.45,  517.23,  215.38,     18388,  732.61,   80.13,  223.98,   80.23,  224.81,   80.11,  223.54,   64.66,  220.16,   65.17,  220.58,   64.62,  220.62,  434.93, 1333.69,     18368, 1768.62,    952.16,   1549.07,   2501.23
2026-06-02,06:34:50.613,   92.46,   52.49,   92.72,   51.88,   92.83,   52.46,   86.35,   51.03,   87.28,   51.59,   87.07,   50.80,  538.71,  310.24,     18820,  848.95,   95.00,  288.13,   95.09,  288.92,   94.85,  288.22,   74.41,  284.70,   74.53,  284.53,   74.48,  285.02,  508.36, 1719.52,     18800, 2227.88,   1047.07,   2029.75,   3076.83
2026-06-02,06:34:50.663,   61.99,   40.04,   61.85,   39.85,   61.42,   39.85,   55.72,   38.04,   56.18,   39.03,   56.19,   38.26,  353.34,  235.07,     18760,  588.41,   74.58,  192.24,   75.17,  192.49,   74.88,  192.53,   58.01,  188.97,   58.06,  189.65,   58.58,  189.83,  399.28, 1145.70,     18880, 1544.98,    752.62,   1380.77,   2133.39
2026-06-02,06:34:50.713,   44.65,   39.12,   44.43,   38.88,   44.50,   38.93,   42.92,   38.67,   43.81,   39.25,   42.98,   38.63,  263.29,  233.48,     18840,  496.77,   76.74,  242.97,   77.28,  243.34,   76.70,  242.88,   60.03,  240.05,   60.66,  241.09,   60.24,  240.24,  411.65, 1450.57,     18780, 1862.21,    674.94,   1684.04,   2358.98
2026-06-02,06:34:50.764,   53.72,   40.27,   53.93,   40.25,   53.53,   40.38,   51.12,   38.53,   51.59,   39.17,   51.21,   38.95,  315.11,  237.56,     18720,  552.67,   76.48,  247.85,   76.76,  248.33,   76.65,  247.90,   58.71,  244.93,   58.65,  244.50,   58.66,  244.28,  405.91, 1477.79,     18700, 1883.70,    721.02,   1715.35,   2436.37
2026-06-02,06:34:50.814,  135.58,   61.56,  135.44,   60.67,  135.83,   61.25,  127.90,   58.82,  128.50,   59.92,  128.74,   59.26,  791.98,  361.48,     18800, 1153.45,   81.14,  203.58,   81.80,  204.59,   80.98,  203.51,   64.66,  200.39,   64.97,  200.30,   64.74,  200.28,  438.30, 1212.67,     18780, 1650.96,   1230.27,   1574.15,   2804.42
2026-06-02,06:34:50.863,   52.34,   35.46,   52.58,   35.31,   52.26,   35.58,   51.11,   35.39,   51.07,   35.54,   51.59,   35.46,  310.95,  212.73,     18360,  523.68,   77.69,  227.64,   78.31,  228.49,   77.13,  227.08,   58.39,  222.00,   58.36,  222.86,   58.32,  222.90,  408.19, 1350.97,     18400, 1759.17,    719.15,   1563.70,   2282.85
2026-06-02,06:34:50.913,   28.49,   19.92,   28.25,   19.54,   28.69,   19.91,   28.04,   19.33,   28.17,   19.58,   28.66,   19.60,  170.31,  117.86,     18760,  288.17,   82.10,  254.76,   82.14,  254.46,   82.04,  254.72,   63.32,  251.25,   63.94,  252.32,   63.54,  252.09,  437.07, 1519.61,     18720, 1956.67,    607.38,   1637.47,   2244.85
2026-06-02,06:34:50.963,  106.02,   52.37,  105.75,   51.27,  106.39,   52.33,   99.08,   50.24,   99.74,   50.82,  100.18,   50.43,  617.16,  307.47,     18760,  924.63,   86.98,  257.52,   87.54,  258.83,   87.26,  258.49,   69.17,  255.62,   69.54,  256.50,   69.45,  256.10,  469.95, 1543.07,     18720, 2013.02,   1087.11,   1850.54,   2937.65
2026-06-02,06:34:51.014,   61.32,   50.05,   60.70,   49.00,   60.61,   49.91,   56.18,   48.50,   57.15,   49.34,   57.15,   48.36,  353.11,  295.17,     18720,  648.28,   80.18,  243.75,   79.85,  243.30,   79.57,  241.41,   62.02,  238.48,   63.26,  240.15,   62.75,  239.59,  427.62, 1446.67,     18740, 1874.30,    780.74,   1741.84,   2522.58
2026-06-02,06:34:51.064,   48.97,   32.96,   48.36,   31.75,   49.16,   32.83,   46.36,   30.95,   47.00,   31.80,   46.31,   30.61,  286.17,  190.90,     18720,  477.06,   69.83,  239.53,   69.64,  239.55,   69.00,  239.28,   50.94,  235.87,   52.53,  237.17,   52.08,  236.76,  364.01, 1428.17,     18760, 1792.17,    650.17,   1619.06,   2269.24
2026-06-02,06:34:51.114,   98.85,   45.29,   99.51,   45.57,   99.29,   45.66,   93.84,   44.04,   93.83,   43.81,   94.66,   43.94,  579.98,  268.31,     18780,  848.29,   82.27,  234.17,   82.35,  234.16,   81.42,  233.07,   60.51,  229.00,   61.33,  230.41,   60.98,  229.71,  428.86, 1390.52,     18780, 1819.38,   1008.84,   1658.83,   2667.68
2026-06-02,06:34:51.164,   62.70,   44.46,   62.31,   44.05,   62.52,   44.27,   59.26,   43.14,   59.34,   43.50,   59.18,   43.06,  365.31,  262.48,     18780,  627.79,   82.76,  230.85,   82.94,  232.22,   82.27,  231.04,   66.65,  226.86,   67.35,  227.06,   67.09,  227.01,  449.06, 1375.05,     18820, 1824.11,    814.37,   1637.53,   2451.90
2026-06-02,06:34:51.214,   98.52,   50.97,   99.18,   50.95,   99.17,   51.18,   94.74,   49.27,   94.75,   49.60,   95.10,   49.11,  581.47,  301.09,     18820,  882.55,   88.54,  244.35,   89.33,  244.79,   88.25,  243.55,   66.98,  237.85,   67.96,  238.83,   68.04,  238.41,  469.10, 1447.77,     18740, 1916.88,   1050.57,   1748.86,   2799.43
2026-06-02,06:34:51.265,   59.01,   33.58,   59.12,   33.63,   58.81,   33.44,   56.31,   33.09,   56.31,   33.09,   56.90,   32.97,  346.46,  199.80,     18760,  546.25,   78.63,  252.76,   78.55,  253.53,   78.55,  252.93,   60.73,  249.43,   61.48,  250.77,   61.00,  250.63,  418.94, 1510.05,     18720, 1928.99,    765.39,   1709.85,   2475.24
2026-06-02,06:34:51.315,  109.66,   74.53,  109.55,   73.75,  109.51,   74.25,  105.33,   72.79,  106.61,   74.02,  106.07,   73.55,  646.73,  442.88,     18740, 1089.62,   93.23,  260.22,   94.03,  261.28,   93.40,  260.71,   75.42,  256.25,   75.90,  256.39,   76.01,  256.86,  507.99, 1551.72,     18720, 2059.70,   1154.72,   1994.60,   3149.32
2026-06-02,06:34:51.365,  129.55,   58.37,  129.75,   58.39,  128.59,   57.69,  122.64,   56.32,  124.53,   56.64,  125.62,   56.75,  760.68,  344.17,     18760, 1104.85,   92.57,  245.99,   92.71,  245.60,   92.33,  245.29,   70.74,  240.69,   72.04,  241.58,   71.63,  240.93,  492.01, 1460.08,     18740, 1952.09,   1252.69,   1804.25,   3056.94
2026-06-02,06:34:51.415,   87.25,   33.73,   87.45,   34.07,   87.14,   33.99,   84.52,   33.24,   83.36,   33.03,   83.69,   33.14,  513.41,  201.20,     18840,  714.61,   83.03,  239.88,   82.78,  240.64,   82.77,  239.94,   65.98,  233.80,   67.18,  235.08,   66.80,  234.95,  448.53, 1424.29,     18800, 1872.82,    961.94,   1625.49,   2587.43
2026-06-02,06:34:51.465,   73.98,   35.60,   74.04,   35.63,   73.97,   35.60,   71.25,   34.96,   71.84,   34.88,   71.60,   34.66,  436.70,  211.33,     18388,  648.03,   76.76,  258.21,   77.02,  259.31,   76.75,  258.40,   57.62,  254.71,   58.41,  255.12,   58.08,  254.89,  404.64, 1540.63,     18388, 1945.26,    841.34,   1751.95,   2593.29
2026-06-02,06:34:51.515,  102.73,   50.90,  102.10,   50.31,  103.24,   51.43,   97.10,   49.48,   97.03,   49.43,   97.22,   49.53,  599.44,  301.08,     18700,  900.51,  126.22,  235.88,  126.14,  235.73,  126.21,  235.34,  108.33,  229.02,  109.36,  230.17,  108.47,  228.91,  704.73, 1395.03,     18700, 2099.77,   1304.17,   1696.11,   3000.28
2026-06-02,06:34:51.566,   77.15,   56.71,   76.02,   55.66,   77.70,   57.95,   72.67,   54.87,   73.54,   55.56,   73.75,   55.48,  450.82,  336.23,     19000,  787.05,  123.23,  286.60,  123.78,  287.66,  123.53,  287.40,  103.27,  276.28,  103.49,  276.60,  102.55,  276.43,  679.84, 1690.97,     19020, 2370.81,   1130.66,   2027.21,   3157.87
2026-06-02,06:34:51.617,   56.84,   36.55,   56.91,   35.89,   57.33,   36.75,   53.46,   34.73,   54.24,   35.39,   54.69,   35.43,  333.49,  214.74,     18720,  548.23,   90.33,  204.53,   90.99,  205.74,   90.83,  204.64,   74.41,  196.65,   75.19,  197.91,   74.28,  197.28,  496.03, 1206.76,     18680, 1702.79,    829.52,   1421.50,   2251.02
2026-06-02,06:34:51.667,  135.82,   62.28,  136.53,   61.75,  136.88,   63.73,  130.62,   61.25,  130.20,   61.02,  131.02,   61.50,  801.07,  371.54,     18720, 1172.61,  133.21,  297.35,  133.00,  297.92,  132.28,  296.72,  112.65,  292.00,  113.73,  292.59,  112.90,  292.29,  737.77, 1768.87,     18760, 2506.64,   1538.84,   2140.41,   3679.25
2026-06-02,06:34:51.717,   55.60,   43.55,   55.52,   42.54,   55.36,   42.97,   52.46,   41.96,   52.78,   42.82,   52.59,   42.15,  324.31,  255.99,     18760,  580.29,   78.14,  206.53,   78.37,  206.83,   78.23,  206.88,   59.95,  202.84,   59.53,  202.80,   60.27,  203.04,  414.49, 1228.92,     18760, 1643.40,    738.79,   1484.90,   2223.70
2026-06-02,06:34:51.767,   98.52,   55.29,   98.43,   54.37,   98.33,   55.24,   93.17,   53.45,   93.19,   54.08,   94.05,   53.55,  575.69,  325.99,     18720,  901.69,   84.13,  243.94,   84.20,  244.64,   84.21,  244.01,   67.77,  240.14,   68.34,  241.39,   68.17,  241.58,  456.82, 1455.69,     18740, 1912.51,   1032.51,   1781.68,   2814.19
2026-06-02,06:34:51.817,  119.48,   49.04,  120.07,   48.60,  120.08,   49.64,  116.29,   48.21,  115.80,   48.42,  116.81,   48.01,  708.52,  291.92,     18388, 1000.44,  132.58,  318.95,  132.97,  319.46,  132.63,  318.45,  113.83,  314.22,  114.27,  313.99,  114.14,  314.17,  740.41, 1899.23,     18368, 2639.64,   1448.93,   2191.15,   3640.08
2026-06-02,06:34:51.867,   20.68,   25.89,   19.92,   25.11,   20.18,   25.47,   17.51,   24.95,   18.58,   25.52,   17.92,   24.84,  114.80,  151.78,     18720,  266.58,   64.42,  167.02,   64.97,  167.36,   64.37,  166.79,   50.05,  162.75,   49.93,  162.99,   50.60,  163.43,  344.35,  990.34,     18740, 1334.69,    459.14,   1142.13,   1601.27
2026-06-02,06:34:51.919,   59.94,   46.67,   59.99,   46.07,   59.41,   46.40,   58.25,   45.40,   58.84,   46.24,   58.88,   45.55,  355.32,  276.32,     18684,  631.64,   93.05,  280.35,   93.33,  280.72,   93.02,  280.04,   73.87,  276.75,   74.46,  277.05,   73.93,  276.63,  501.65, 1671.54,     18665, 2173.19,    856.97,   1947.86,   2804.83
2026-06-02,06:34:51.969,   95.77,   37.19,   96.81,   36.71,   96.19,   37.26,   92.44,   36.46,   92.13,   36.58,   93.14,   36.59,  566.50,  220.79,     18720,  787.29,   79.78,  219.43,   79.63,  220.17,   79.76,  219.46,   61.35,  215.69,   61.85,  216.39,   61.54,  216.29,  423.91, 1307.43,     18740, 1731.34,    990.41,   1528.23,   2518.63
2026-06-02,06:34:52.020,   87.85,   52.00,   86.80,   51.01,   87.27,   51.64,   81.96,   49.67,   82.50,   50.70,   82.54,   50.10,  508.91,  305.13,     18960,  814.04,   84.08,  244.62,   83.61,  244.71,   83.90,  244.48,   65.96,  240.41,   66.41,  240.56,   66.20,  240.45,  450.16, 1455.22,     18960, 1905.38,    959.06,   1760.35,   2719.42
2026-06-02,06:34:52.070,   34.97,   28.15,   33.66,   26.74,   34.73,   27.94,   31.90,   26.57,   33.21,   27.89,   31.97,   26.51,  200.44,  163.81,     18780,  364.25,   68.48,  230.45,   69.09,  232.01,   69.23,  231.43,   53.30,  228.05,   53.28,  228.10,   53.41,  228.13,  366.79, 1378.18,     18760, 1744.96,    567.22,   1541.99,   2109.21
2026-06-02,06:34:52.120,   45.23,   40.70,   44.66,   40.23,   45.00,   40.45,   43.27,   39.21,   43.16,   39.24,   43.44,   39.39,  264.76,  239.22,     18408,  503.98,   63.96,  190.85,   63.93,  190.68,   62.88,  190.24,   46.43,  186.25,   47.12,  187.39,   46.45,  186.69,  330.76, 1132.10,     18408, 1462.86,    595.52,   1371.32,   1966.84
2026-06-02,06:34:52.169,   80.01,   49.18,   79.74,   48.37,   80.48,   49.10,   74.98,   47.07,   76.09,   47.77,   75.92,   47.22,  467.22,  288.70,     18713,  755.93,   76.00,  239.30,   75.53,  239.32,   75.84,  238.81,   60.58,  235.89,   60.71,  235.99,   60.38,  235.10,  409.04, 1424.41,     18752, 1833.46,    876.26,   1713.12,   2589.38
2026-06-02,06:34:52.219,  105.43,   56.28,  105.98,   55.85,  104.68,   55.66,  100.04,   54.84,   99.92,   55.61,  100.95,   55.21,  617.00,  333.46,     18740,  950.46,   80.52,  226.18,   80.85,  226.90,   80.89,  226.71,   61.76,  222.44,   62.50,  223.44,   61.92,  222.90,  428.45, 1348.56,     18820, 1777.00,   1045.45,   1682.02,   2727.46
2026-06-02,06:34:52.270,   77.08,   46.16,   75.96,   44.67,   76.49,   45.69,   72.38,   44.21,   72.91,   44.91,   73.15,   44.17,  447.98,  269.81,     18800,  717.78,   76.40,  219.27,   76.36,  220.00,   75.61,  218.99,   61.19,  214.73,   61.40,  215.34,   62.13,  216.00,  413.09, 1304.33,     18800, 1717.43,    861.07,   1574.14,   2435.21
2026-06-02,06:34:52.321,  114.69,   59.41,  114.65,   59.27,  114.79,   59.77,  112.43,   59.70,  113.33,   60.17,  113.01,   59.84,  682.91,  358.16,     18802, 1041.06,   92.67,  269.24,   92.82,  269.07,   92.25,  268.41,   73.45,  265.03,   74.21,  265.74,   74.38,  265.69,  499.79, 1603.18,     18763, 2102.96,   1182.70,   1961.33,   3144.03
2026-06-02,06:34:52.371,  167.75,   54.28,  169.22,   54.59,  168.72,   54.91,  160.03,   52.48,  159.04,   52.10,  161.03,   52.01,  985.79,  320.36,     18860, 1306.16,   98.07,  208.22,   98.71,  210.06,   98.56,  209.67,   80.41,  204.87,   81.22,  204.88,   80.66,  205.36,  537.62, 1243.06,     18720, 1780.69,   1523.42,   1563.43,   3086.84
2026-06-02,06:34:52.421,   89.22,   47.68,   89.53,   47.47,   88.84,   47.65,   84.28,   47.13,   84.23,   47.30,   84.61,   46.62,  520.70,  283.86,     18760,  804.56,   82.70,  226.32,   83.67,  227.73,   83.24,  226.53,   64.19,  222.34,   64.88,  223.17,   63.96,  222.84,  442.64, 1348.93,     18760, 1791.56,    963.34,   1632.78,   2596.12
2026-06-02,06:34:52.472,   72.76,   34.44,   72.94,   34.15,   72.72,   34.43,   71.28,   34.05,   71.00,   34.02,   70.84,   33.73,  431.53,  204.82,     18720,  636.35,   83.97,  269.65,   83.92,  270.70,   84.02,  270.02,   64.28,  265.89,   65.05,  265.97,   64.83,  265.45,  446.06, 1607.68,     18740, 2053.74,    877.59,   1812.50,   2690.09
2026-06-02,06:34:52.522,   37.20,   21.14,   37.27,   21.02,   37.47,   21.31,   36.45,   21.01,   36.50,   21.19,   36.79,   21.12,  221.69,  126.79,     18780,  348.47,   81.42,  229.21,   81.59,  229.22,   81.56,  228.89,   65.78,  225.22,   66.33,  226.14,   66.03,  225.39,  442.72, 1364.08,     18760, 1806.80,    664.41,   1490.87,   2155.27
2026-06-02,06:34:52.572,   52.48,   25.59,   52.99,   25.37,   52.53,   25.46,   48.93,   24.62,   49.57,   24.91,   49.58,   24.31,  306.07,  150.27,     18740,  456.34,   83.61,  241.69,   84.01,  242.11,   83.95,  241.13,   63.01,  236.08,   64.20,  237.46,   63.51,  236.85,  442.28, 1435.32,     18720, 1877.60,    748.36,   1585.58,   2333.94
2026-06-02,06:34:52.622,  114.70,   52.81,  115.73,   52.21,  114.50,   52.69,  110.35,   51.24,  111.15,   52.46,  111.62,   51.35,  678.05,  312.77,     18680,  990.83,   95.68,  245.16,   95.59,  245.64,   95.86,  245.14,   79.63,  241.54,   80.51,  242.16,   79.95,  242.25,  527.22, 1461.89,     18660, 1989.10,   1205.27,   1774.66,   2979.93
2026-06-02,06:34:52.672,   30.87,   23.33,   31.00,   23.18,   31.00,   23.48,   29.90,   23.53,   29.61,   23.54,   29.39,   23.10,  181.77,  140.15,     18780,  321.93,   69.84,  211.02,   69.75,  211.26,   69.65,  210.87,   51.19,  207.11,   52.21,  207.54,   51.53,  206.87,  364.17, 1254.67,     18760, 1618.83,    545.94,   1394.82,   1940.76
2026-06-02,06:34:52.722,   48.91,   44.34,   47.60,   43.42,   48.60,   44.69,   44.93,   43.03,   45.95,   43.96,   45.31,   43.08,  281.29,  262.53,     18780,  543.81,   96.79,  217.57,   96.38,  217.41,   96.20,  216.84,   83.23,  213.82,   83.49,  214.27,   83.19,  214.52,  539.29, 1294.42,     18780, 1833.72,    820.58,   1556.95,   2377.53
2026-06-02,06:34:52.773,   39.95,   39.75,   39.42,   38.84,   39.19,   39.32,   37.34,   38.36,   38.31,   39.12,   37.79,   38.54,  231.99,  233.93,     18740,  465.93,  212.32,  227.39,  213.75,  228.72,  214.27,  228.08,  204.48,  226.09,  206.68,  227.24,  207.79,  227.76, 1259.30, 1365.28,    638520, 2624.58,   1491.29,   1599.21,   3090.50
2026-06-02,06:34:52.823,   69.58,   39.43,   69.68,   39.20,   69.89,   39.71,   66.13,   38.57,   66.22,   38.68,   66.14,   38.35,  407.64,  233.95,     18760,  641.58,  863.25,  492.76,  865.20,  495.98,  862.12,  492.80,  857.86,  490.24,  857.89,  491.23,  858.33,  493.24, 5164.65, 2956.25,   3183000, 8120.90,   5572.28,   3190.20,   8762.48
2026-06-02,06:34:52.873,   96.23,   46.49,   97.30,   46.75,   96.68,   46.84,   91.75,   45.27,   91.75,   45.86,   92.06,   45.06,  565.78,  276.26,     18368,  842.04,  801.76,  448.48,  805.50,  450.97,  805.07,  448.98,  798.80,  447.57,  798.86,  449.17,  801.63,  450.34, 4811.62, 2695.51,   2916233, 7507.12,   5377.40,   2971.77,   8349.17
2026-06-02,06:34:52.923,   89.29,   43.88,   90.31,   44.06,   90.04,   44.33,   86.71,   43.79,   86.63,   43.91,   86.61,   43.49,  529.59,  263.46,     18720,  793.05,  974.13,  550.09,  974.00,  552.39,  970.22,  549.90,  966.42,  548.42,  966.99,  549.20,  966.64,  550.48, 5818.41, 3300.47,   3567420, 9118.88,   6348.00,   3563.94,   9911.93
2026-06-02,06:34:52.973,   81.09,   42.29,   81.89,   41.40,   81.37,   42.45,   75.73,   40.99,   76.00,   41.60,   76.01,   41.16,  472.09,  249.90,     18780,  721.99, 1065.11,  611.44, 1069.00,  615.60, 1064.50,  612.69, 1059.86,  610.16, 1060.66,  610.67, 1062.37,  612.92, 6381.50, 3673.49,   3957080,10054.99,   6853.59,   3923.38,  10776.98
2026-06-02,06:34:53.023,   80.35,   30.84,   81.84,   30.94,   80.75,   30.92,   78.51,   29.99,   77.88,   30.29,   78.07,   29.30,  477.40,  182.28,     18760,  659.68,  992.20,  526.82,  995.43,  529.58,  993.37,  528.04,  989.50,  525.87,  989.17,  525.26,  991.81,  526.97, 5951.47, 3162.54,   3779520, 9114.01,   6428.87,   3344.82,   9773.69
2026-06-02,06:34:53.074,   41.39,   27.16,   41.78,   27.18,   41.66,   27.37,   39.94,   27.14,   40.08,   27.02,   40.27,   26.69,  245.12,  162.57,     18740,  407.69,  800.41,  463.36,  803.76,  466.21,  801.98,  464.23,  796.95,  463.07,  797.54,  463.71,  799.75,  465.33, 4800.38, 2785.91,   2951780, 7586.29,   5045.51,   2948.47,   7993.98
2026-06-02,06:34:53.124,   39.10,   27.17,   39.43,   27.70,   39.32,   28.00,   37.82,   27.27,   38.00,   27.26,   38.01,   27.16,  231.68,  164.55,     18760,  396.23,  703.24,  443.94,  706.57,  447.14,  704.54,  445.29,  699.47,  444.37,  700.24,  445.46,  701.09,  447.32, 4215.15, 2673.51,   2521460, 6888.66,   4446.83,   2838.06,   7284.89
2026-06-02,06:34:53.174,   28.86,   29.62,   28.96,   29.37,   28.87,   29.73,   27.26,   28.94,   27.17,   29.08,   27.31,   28.89,  168.42,  175.63,     18660,  344.05,  641.00,  362.28,  641.82,  365.85,  639.02,  363.05,  633.61,  360.06,  633.50,  359.28,  633.95,  360.94, 3822.89, 2171.45,   2100580, 5994.34,   3991.31,   2347.08,   6338.39
2026-06-02,06:34:53.224,   35.56,   31.33,   36.07,   30.92,   36.65,   31.49,   34.11,   30.19,   34.21,   30.83,   33.96,   30.60,  210.56,  185.37,     18720,  395.93,  606.68,  365.95,  609.14,  368.07,  609.09,  366.83,  607.54,  365.57,  608.27,  365.42,  609.19,  367.38, 3649.91, 2199.22,   2022340, 5849.13,   3860.47,   2384.59,   6245.06
2026-06-02,06:34:53.274,   78.95,   43.83,   79.99,   44.07,   79.29,   43.94,   74.83,   42.72,   74.86,   42.89,   75.09,   42.59,  463.01,  260.05,     18720,  723.06,  640.59,  361.53,  642.06,  364.29,  638.56,  362.27,  630.93,  360.32,  630.70,  360.25,  631.55,  361.91, 3814.39, 2170.57,   2128540, 5984.96,   4277.39,   2430.62,   6708.02
2026-06-02,06:34:53.324,  173.32,   99.06,  173.48,   99.31,  174.35,  100.16,  170.65,   97.87,  170.32,   98.22,  170.12,   97.47, 1032.24,  592.09,     18760, 1624.33,  472.08,  356.63,  473.21,  358.69,  472.94,  357.61,  465.69,  356.55,  466.04,  357.27,  466.77,  358.01, 2816.73, 2144.76,   1254880, 4961.49,   3848.97,   2736.84,   6585.81
2026-06-02,06:34:53.374,  154.62,   43.12,  155.70,   44.01,  154.34,   43.59,  147.37,   42.14,  146.86,   42.27,  147.58,   41.58,  906.45,  256.71,     18760, 1163.15,  785.81,  471.74,  787.93,  475.59,  785.52,  473.04,  779.32,  470.65,  780.98,  471.04,  781.11,  473.20, 4700.67, 2835.25,   2631740, 7535.92,   5607.12,   3091.96,   8699.07
2026-06-02,06:34:53.425,   72.46,   43.40,   73.22,   42.99,   72.44,   43.15,   68.09,   42.38,   67.95,   42.68,   68.31,   42.00,  422.47,  256.60,     18700,  679.07,  709.80,  390.28,  712.98,  393.40,  712.73,  391.67,  708.63,  389.27,  709.66,  388.85,  711.66,  390.37, 4265.47, 2343.83,   2354140, 6609.30,   4687.94,   2600.44,   7288.37
2026-06-02,06:34:53.475,   45.90,   43.98,   44.99,   43.16,   45.83,   44.46,   42.84,   43.42,   43.17,   43.51,   42.87,   43.41,  265.60,  261.94,     18720,  527.53,  696.94,  411.97,  698.18,  414.98,  694.01,  412.39,  688.34,  410.98,  688.34,  410.36,  689.22,  412.50, 4155.03, 2473.16,   2233540, 6628.20,   4420.63,   2735.10,   7155.73
2026-06-02,06:34:53.525,   65.27,   32.51,   66.29,   32.39,   65.78,   32.23,   62.26,   31.24,   62.06,   31.71,   62.62,   31.24,  384.28,  191.33,     18720,  575.60,  373.42,  213.71,  374.57,  215.65,  373.58,  214.76,  369.81,  213.09,  369.90,  213.61,  370.48,  214.56, 2231.76, 1285.38,   1226400, 3517.14,   2616.04,   1476.71,   4092.74
2026-06-02,06:34:53.575,   95.00,   46.56,   96.62,   46.81,   96.83,   47.47,   91.30,   46.45,   90.75,   45.91,   90.99,   46.13,  561.50,  279.33,     18860,  840.82,  664.08,  419.61,  666.35,  421.82,  664.72,  419.87,  660.71,  419.37,  660.30,  418.72,  661.10,  419.65, 3977.27, 2519.04,   2113780, 6496.31,   4538.77,   2798.37,   7337.13
2026-06-02,06:34:53.625,   67.32,   35.76,   68.01,   35.81,   67.79,   35.81,   65.69,   35.25,   65.20,   35.38,   65.56,   34.93,  399.56,  212.93,     18720,  612.49,  519.96,  297.41,  521.68,  299.08,  519.63,  297.63,  513.38,  295.80,  512.34,  295.00,  513.61,  295.70, 3100.58, 1780.61,   1552140, 4881.19,   3500.14,   1993.54,   5493.68
2026-06-02,06:34:53.676,   35.36,   24.40,   34.91,   24.20,   35.30,   24.52,   34.23,   24.03,   34.30,   24.16,   34.45,   24.00,  208.55,  145.31,     18780,  353.86,   96.94,  190.86,   98.06,  192.22,   97.48,  192.06,   85.99,  190.91,   86.91,  190.50,   86.59,  191.55,  551.98, 1148.11,     42600, 1700.08,    760.53,   1293.42,   2053.95
2026-06-02,06:34:53.728,   31.19,   19.18,   31.69,   19.40,   31.98,   19.67,   28.89,   18.81,   29.43,   19.05,   29.47,   18.92,  182.65,  115.03,     18720,  297.68,  150.44,  164.57,  151.37,  165.67,  151.77,  165.27,  140.66,  163.96,  140.97,  164.01,  141.43,  163.70,  876.64,  987.18,     61220, 1863.82,   1059.29,   1102.20,   2161.50
2026-06-02,06:34:53.776,  129.47,   47.79,  129.61,   47.75,  130.02,   48.28,  124.75,   46.71,  124.76,   47.20,  125.05,   46.61,  763.66,  284.34,     18580, 1047.99,  133.68,  186.99,  133.89,  187.78,  133.50,  187.08,  126.94,  185.49,  127.25,  185.91,  127.10,  186.00,  782.36, 1119.25,     18600, 1901.61,   1546.01,   1403.59,   2949.60
2026-06-02,06:34:53.836,   82.81,   41.51,   82.46,   40.87,   82.64,   41.28,   77.73,   39.95,   77.43,   40.23,   77.61,   40.15,  480.67,  243.99,     18735,  724.67,   80.37,  123.21,   80.67,  122.92,   80.91,  123.44,   75.85,  122.10,   75.22,  121.36,   76.22,  121.63,  469.25,  734.66,     18603, 1203.90,    949.92,    978.65,   1928.57
2026-06-02,06:34:53.886,   49.42,   43.71,   49.59,   43.37,   48.84,   43.37,   45.26,   41.66,   44.57,   41.75,   45.53,   41.86,  283.20,  255.74,     18700,  538.94,  285.60,  116.89,  285.33,  115.45,  285.14,  116.30,  284.64,  115.62,  285.35,  115.69,  284.83,  115.47, 1710.88,  695.42,     18740, 2406.30,   1994.08,    951.15,   2945.23
2026-06-02,06:34:53.936,   61.46,   68.20,   62.20,   68.72,   61.66,   68.68,   58.11,   67.89,   58.62,   68.63,   59.10,   68.04,  361.15,  410.16,     18640,  771.31,  324.00,   98.88,  323.84,   99.57,  323.72,   98.58,  318.30,   97.48,  318.54,   97.67,  317.14,   97.48, 1925.55,  589.65,     18660, 2515.20,   2286.69,    999.82,   3286.51
2026-06-02,06:34:53.987,  136.91,  121.34,  138.05,  120.72,  137.48,  121.10,  133.97,  119.90,  133.39,  120.52,  134.43,  119.96,  814.22,  723.55,     18820, 1537.77,   66.52,  106.97,   65.97,  107.05,   65.80,  105.92,   57.16,  103.89,   58.26,  105.30,   58.16,  104.88,  371.88,  634.01,     19000, 1005.89,   1186.11,   1357.56,   2543.66
2026-06-02,06:34:54.037,   48.40,   31.72,   48.48,   31.79,   48.50,   32.04,   46.72,   31.02,   47.27,   31.39,   47.04,   31.04,  286.41,  189.02,     18760,  475.42,   70.15,  132.26,   71.16,  132.98,   71.21,  132.24,   64.18,  131.27,   64.93,  132.25,   64.66,  132.45,  406.29,  793.45,     18720, 1199.74,    692.70,    982.47,   1675.16
2026-06-02,06:34:54.088,   62.73,   38.07,   62.12,   37.79,   62.28,   38.32,   60.04,   37.25,   60.39,   37.44,   60.37,   37.26,  367.93,  226.13,     18700,  594.06,   90.46,  174.63,   90.42,  174.65,   89.97,  174.28,   81.76,  172.86,   82.17,  173.64,   82.05,  173.07,  516.84, 1043.15,     18740, 1559.98,    884.76,   1269.27,   2154.04
2026-06-02,06:34:54.138,  108.95,   52.32,  109.03,   51.66,  109.76,   52.84,  102.59,   50.91,  102.27,   51.24,  102.76,   50.63,  635.36,  309.60,     18780,  944.95,   70.65,  150.14,   70.86,  149.95,   70.88,  150.07,   62.64,  147.87,   63.22,  148.54,   63.03,  147.78,  401.27,  894.36,     18720, 1295.63,   1036.63,   1203.96,   2240.59
2026-06-02,06:34:54.188,   86.95,   43.64,   87.73,   43.50,   87.85,   44.08,   83.11,   42.45,   83.23,   43.15,   83.09,   42.04,  511.95,  258.86,     18680,  770.82,   64.77,  104.80,   64.69,  105.35,   64.36,  104.67,   57.05,  103.95,   57.52,  104.50,   57.08,  103.99,  365.48,  627.26,     18720,  992.74,    877.43,    886.12,   1763.56
2026-06-02,06:34:54.238,   75.78,   22.76,   76.04,   22.81,   75.76,   23.22,   72.64,   21.50,   72.23,   21.85,   71.73,   21.31,  444.17,  133.45,     18740,  577.62,   49.70,  117.49,   50.61,  117.63,   50.46,  117.63,   44.39,  117.45,   44.61,  118.01,   45.11,  118.41,  284.88,  706.62,     18720,  991.51,    729.06,    840.07,   1569.13
2026-06-02,06:34:54.288,   49.25,   41.13,   49.08,   40.83,   49.46,   41.37,   46.23,   40.52,   46.63,   40.85,   45.88,   40.44,  286.53,  245.15,     18720,  531.68,   68.89,  105.20,   69.02,  105.60,   67.93,  103.83,   65.44,  103.56,   64.74,  104.02,   65.48,  103.69,  401.52,  625.90,     18720, 1027.42,    688.05,    871.05,   1559.10
2026-06-02,06:34:54.338,  162.30,   68.21,  163.07,   68.89,  163.20,   69.54,  157.76,   67.97,  158.07,   67.90,  157.78,   67.48,  962.18,  410.00,     18760, 1372.17,   87.57,  155.34,   88.42,  156.28,   87.78,  155.10,   79.99,  153.85,   80.04,  155.09,   80.02,  154.00,  503.83,  929.66,     18720, 1433.48,   1466.00,   1339.65,   2805.66
2026-06-02,06:34:54.388,   90.50,   32.65,   91.57,   33.16,   90.84,   32.82,   88.59,   32.12,   87.84,   32.08,   88.37,   31.89,  537.70,  194.72,     18720,  732.41,   63.76,  118.63,   63.80,  118.22,   63.31,  118.24,   53.41,  116.95,   54.50,  117.81,   54.19,  117.54,  352.97,  707.39,     18720, 1060.36,    890.67,    902.10,   1792.77
2026-06-02,06:34:54.439,   40.35,   24.91,   40.83,   25.05,   40.60,   25.27,   38.88,   24.90,   39.34,   24.91,   39.37,   24.62,  239.37,  149.66,     18720,  389.03,   67.26,  192.52,   67.05,  192.64,   66.79,  192.40,   52.92,  188.56,   54.26,  189.83,   53.55,  188.02,  361.83, 1143.97,     18760, 1505.79,    601.20,   1293.63,   1894.82
2026-06-02,06:34:54.489,   70.59,   29.84,   71.01,   30.09,   70.28,   30.15,   67.32,   29.05,   67.54,   28.97,   67.37,   28.78,  414.11,  176.88,     18760,  590.99,   54.40,  153.58,   54.08,  154.28,   54.32,  153.52,   45.33,  151.53,   46.15,  151.55,   45.66,  151.94,  299.94,  916.40,     18720, 1216.34,    714.05,   1093.28,   1807.33
2026-06-02,06:34:54.538,   41.66,   24.12,   41.94,   24.14,   41.75,   23.85,   40.88,   23.80,   40.85,   24.22,   41.14,   24.01,  248.23,  144.13,     18380,  392.36,   59.93,  146.24,   59.96,  146.32,   59.89,  146.09,   52.59,  144.04,   53.05,  145.19,   52.30,  144.17,  337.71,  872.06,     18380, 1209.77,    585.93,   1016.20,   1602.13
2026-06-02,06:34:54.588,   52.64,   36.92,   52.84,   36.60,   52.88,   37.23,   50.24,   35.95,   50.48,   36.04,   50.51,   36.09,  309.60,  218.84,     18720,  528.44,   76.88,  156.71,   78.60,  157.98,   77.60,  156.79,   69.27,  155.30,   69.18,  156.24,   68.48,  155.64,  440.00,  938.66,     18720, 1378.66,    749.60,   1157.49,   1907.09
2026-06-02,06:34:54.638,  103.49,   58.21,  103.79,   57.90,  104.17,   58.61,   97.41,   56.74,   96.61,   56.85,   97.72,   56.77,  603.19,  345.07,     18800,  948.26,  273.22,  225.67,  273.92,  225.75,  273.33,  224.91,  264.60,  222.80,  266.47,  224.19,  265.61,  223.30, 1617.16, 1346.62,     18780, 2963.78,   2220.35,   1691.69,   3912.04
2026-06-02,06:34:54.689,   66.83,   34.66,   67.46,   34.33,   66.72,   34.42,   63.14,   33.88,   62.96,   33.97,   63.35,   34.05,  390.46,  205.31,     18760,  595.78,  545.32,  158.17,  546.52,  158.36,  545.08,  157.62,  538.10,  155.64,  543.00,  156.89,  539.63,  155.71, 3257.65,  942.40,     18840, 4200.05,   3648.11,   1147.71,   4795.82
2026-06-02,06:34:54.739,   99.47,   47.61,   99.62,   47.77,   99.84,   48.37,   94.49,   46.72,   94.14,   46.88,   94.18,   46.73,  581.73,  284.08,     18720,  865.81,  104.19,  126.29,  103.97,  126.70,  103.16,  125.52,   95.73,  123.71,   95.34,  123.38,   95.42,  123.99,  597.81,  749.58,     18760, 1347.39,   1179.54,   1033.67,   2213.21
2026-06-02,06:34:54.789,  105.23,   60.70,  105.94,   60.41,  105.89,   61.25,   98.60,   59.84,   98.27,   60.15,   98.72,   59.67,  612.65,  362.02,     18760,  974.67,   81.91,  150.40,   81.93,  150.85,   81.66,  150.25,   73.87,  148.03,   73.79,  148.52,   72.78,  148.35,  465.95,  896.39,     18760, 1362.34,   1078.60,   1258.41,   2337.01
2026-06-02,06:34:54.839,   76.56,   40.28,   77.04,   41.01,   76.87,   40.84,   73.32,   40.41,   73.60,   40.30,   74.36,   40.37,  451.73,  243.22,     18760,  694.95,   73.40,  166.23,   73.69,  166.73,   73.47,  166.02,   63.85,  165.18,   63.86,  165.68,   63.56,  165.27,  411.83,  995.10,     18720, 1406.94,    863.57,   1238.32,   2101.89
2026-06-02,06:34:54.889,   31.81,   21.50,   32.44,   21.89,   32.09,   21.80,   31.86,   21.74,   32.06,   22.07,   31.67,   21.86,  191.94,  130.87,     18720,  322.81,   43.50,   80.12,   43.88,   80.47,   43.42,   79.81,   38.81,   79.19,   39.66,   79.75,   39.12,   79.77,  248.39,  479.12,     18720,  727.51,    440.32,    610.00,   1050.32
2026-06-02,06:34:54.939,   35.27,   30.60,   35.27,   30.55,   35.46,   30.77,   33.31,   29.90,   33.26,   30.09,   33.57,   29.72,  206.15,  181.63,     18760,  387.77,   58.18,  102.23,   58.22,  102.73,   58.16,  102.01,   55.49,  101.58,   56.19,  102.18,   55.60,  102.01,  341.83,  612.74,     18760,  954.57,    547.98,    794.37,   1342.34
2026-06-02,06:34:54.990,   86.06,   45.04,   86.19,   44.51,   86.34,   45.19,   81.51,   43.47,   82.22,   44.10,   82.52,   43.80,  504.83,  266.11,     18720,  770.94,   89.15,  172.46,   89.95,  172.76,   88.98,  172.07,   78.44,  170.33,   78.93,  170.89,   78.66,  170.81,  504.11, 1029.32,     18760, 1533.43,   1008.95,   1295.43,   2304.38
2026-06-02,06:34:55.040,   66.05,   31.30,   66.41,   31.38,   66.09,   31.58,   64.99,   31.09,   64.26,   31.42,   64.81,   31.12,  392.61,  187.90,     18800,  580.51,   47.07,   94.61,   47.04,   94.90,   46.68,   94.20,   40.05,   92.98,   39.95,   93.72,   40.07,   93.56,  260.86,  563.98,     18820,  824.84,    653.47,    751.88,   1405.35
2026-06-02,06:34:55.090,   34.87,   21.44,   35.24,   21.55,   34.68,   21.40,   33.47,   21.14,   34.19,   21.50,   34.66,   21.22,  207.11,  128.26,     18720,  335.37,   72.51,  143.98,   73.14,  144.13,   72.95,  143.70,   66.07,  143.14,   66.84,  144.23,   66.39,  143.45,  417.90,  862.62,     18780, 1280.52,    625.00,    990.89,   1615.89
2026-06-02,06:34:55.139,   51.90,   24.40,   52.52,   24.15,   52.20,   24.94,   48.69,   23.89,   49.14,   23.78,   49.63,   23.76,  304.09,  144.93,     18420,  449.01,   71.18,  155.01,   71.20,  155.43,   70.90,  154.49,   61.04,  152.93,   61.57,  153.62,   61.10,  153.46,  396.99,  924.93,     18500, 1321.93,    701.08,   1069.86,   1770.94
2026-06-02,06:34:55.190,   85.43,   30.02,   85.88,   30.25,   85.15,   30.52,   82.36,   29.66,   81.80,   30.22,   82.45,   29.73,  503.06,  180.39,     18880,  683.45,   45.95,   97.59,   47.08,   98.82,   46.76,   98.62,   38.63,   96.48,   39.06,   97.18,   38.89,   96.84,  256.37,  585.52,     18760,  841.89,    759.43,    765.91,   1525.33
2026-06-02,06:34:55.240,   39.89,   22.06,   39.51,   21.89,   40.07,   22.38,   38.53,   21.40,   38.98,   21.47,   38.86,   21.02,  235.84,  130.21,     18720,  366.05,  103.06,  133.43,  102.84,  133.86,  103.37,  133.64,   98.23,  132.41,   97.92,  132.19,   98.33,  132.51,  603.76,  798.04,     18700, 1401.80,    839.60,    928.25,   1767.85
2026-06-02,06:34:55.290,   69.99,   43.25,   70.91,   43.66,   70.20,   43.66,   67.14,   42.69,   68.13,   43.35,   67.61,   42.49,  413.97,  259.10,     18720,  673.07,  709.68,  271.71,  712.70,  271.44,  710.62,  270.04,  705.61,  268.64,  706.74,  268.97,  706.74,  268.59, 4252.08, 1619.40,     18760, 5871.48,   4666.05,   1878.50,   6544.55
2026-06-02,06:34:55.340,  230.50,   99.76,  231.25,   99.21,  231.70,  101.05,  220.74,   97.41,  221.42,   97.88,  221.61,   97.38, 1357.22,  592.69,     18740, 1949.91,  388.00,  130.14,  387.06,  129.86,  386.43,  129.99,  376.66,  127.23,  378.56,  128.62,  377.07,  128.83, 2293.77,  774.66,     18780, 3068.44,   3650.99,   1367.35,   5018.34
2026-06-02,06:34:55.390,  130.83,   55.50,  132.91,   56.33,  132.73,   56.73,  126.36,   55.10,  129.48,   59.14,  125.98,   54.31,  778.29,  337.10,     18740, 1115.39,  119.54,  163.32,  116.94,  160.86,  114.88,  158.29,  106.98,  154.71,  110.27,  157.48,  109.16,  156.38,  677.78,  951.05,     18760, 1628.83,   1456.07,   1288.15,   2744.22
2026-06-02,06:34:55.440,  115.95,   51.86,  116.68,   51.57,  117.86,   53.94,  110.02,   50.98,  110.41,   51.88,  109.70,   50.79,  680.61,  311.02,     18720,  991.63,  106.95,  181.04,  106.43,  181.23,  105.07,  179.59,   94.85,  177.09,   95.36,  177.48,   94.51,  177.47,  603.17, 1073.91,     18720, 1677.07,   1283.78,   1384.93,   2668.71
2026-06-02,06:34:55.491,   73.04,   50.58,   72.15,   50.03,   73.41,   51.39,   69.69,   49.95,   69.43,   49.84,   69.05,   49.80,  426.76,  301.60,     18720,  728.36,   69.70,  151.71,   69.75,  151.66,   69.39,  152.11,   60.86,  150.19,   61.06,  150.31,   60.94,  150.15,  391.71,  906.13,     18760, 1297.83,    818.47,   1207.72,   2026.19
2026-06-02,06:34:55.541,   36.89,   35.39,   35.63,   34.50,   37.10,   35.92,   34.55,   34.18,   34.45,   34.52,   34.50,   34.48,  213.13,  209.00,     18720,  422.12,   43.63,   98.16,   43.42,   98.26,   43.31,   98.37,   36.75,   97.15,   37.12,   97.00,   36.70,   97.06,  240.93,  586.00,     18720,  826.93,    454.05,    795.00,   1249.05
2026-06-02,06:34:55.591,   81.59,   37.22,   82.24,   37.12,   81.52,   37.21,   78.47,   36.31,   78.18,   35.97,   78.76,   35.69,  480.76,  219.52,     18740,  700.28,   58.99,  116.95,   59.15,  117.63,   59.08,  116.59,   53.01,  115.23,   53.49,  116.62,   52.82,  115.85,  336.54,  698.88,     18720, 1035.42,    817.30,    918.40,   1735.70
2026-06-02,06:34:55.641,   88.79,   45.58,   87.59,   44.42,   88.32,   45.40,   81.81,   43.79,   82.62,   44.29,   82.69,   43.82,  511.83,  267.31,     18700,  779.13,   67.49,  134.18,   67.69,  134.59,   67.53,  134.40,   56.81,  132.39,   57.65,  133.32,   57.08,  132.55,  374.25,  801.43,     18700, 1175.67,    886.07,   1068.74,   1954.81
2026-06-02,06:34:55.691,   69.54,   50.42,   68.78,   49.62,   69.31,   50.38,   64.99,   48.61,   64.86,   49.70,   64.60,   49.05,  402.08,  297.78,     18760,  699.86,   64.45,  131.22,   64.86,  131.38,   64.56,  131.23,   59.45,  130.16,   59.74,  131.28,   59.05,  130.48,  372.10,  785.74,     18840, 1157.84,    774.18,   1083.52,   1857.70
2026-06-02,06:34:55.742,   48.55,   39.08,   47.69,   38.64,   48.04,   39.18,   47.19,   38.84,   47.47,   39.13,   47.00,   38.60,  285.93,  233.46,     18820,  519.39,   74.67,  164.41,   75.13,  164.81,   75.34,  164.33,   65.59,  163.47,   67.10,  164.24,   66.37,  164.17,  424.20,  985.42,     18760, 1409.62,    710.13,   1218.88,   1929.01
2026-06-02,06:34:55.792,   33.58,   31.15,   33.11,   30.63,   33.11,   30.93,   31.33,   29.87,   31.58,   30.47,   31.31,   29.88,  194.03,  182.93,     18720,  376.96,   44.73,   84.44,   44.54,   84.56,   44.40,   84.11,   38.11,   82.51,   39.17,   83.60,   38.92,   82.93,  249.87,  502.15,     18680,  752.02,    443.90,    685.09,   1128.99
2026-06-02,06:34:55.842,   88.43,   44.57,   88.62,   43.95,   88.30,   44.38,   82.49,   42.57,   83.48,   43.09,   84.54,   42.93,  515.87,  261.49,     18740,  777.36,   54.03,  107.07,   54.04,  107.60,   53.82,  106.82,   49.30,  105.11,   49.66,  106.01,   49.77,  105.67,  310.62,  638.29,     18800,  948.91,    826.49,    899.78,   1726.27
2026-06-02,06:34:55.892,   87.05,   44.31,   86.85,   43.89,   87.28,   44.62,   81.56,   43.30,   81.68,   43.42,   81.60,   42.99,  506.02,  262.54,     18760,  768.56,   48.11,   84.78,   48.57,   85.05,   48.36,   83.93,   42.20,   82.78,   42.77,   83.94,   42.17,   83.65,  272.19,  504.13,     18680,  776.32,    778.21,    766.68,   1544.88
2026-06-02,06:34:55.942,   60.96,   32.89,   60.97,   32.62,   60.49,   32.70,   58.18,   32.45,   57.89,   32.91,   58.09,   32.33,  356.57,  195.91,     18780,  552.48,  104.97,  141.97,  104.67,  142.41,  104.89,  141.62,   98.80,  140.72,   99.42,  140.86,   98.45,  141.30,  611.20,  848.89,     18720, 1460.09,    967.77,   1044.80,   2012.57
2026-06-02,06:34:55.992,   60.45,   49.20,   60.76,   48.81,   61.07,   49.46,   57.93,   48.27,   58.05,   48.58,   58.17,   48.20,  356.44,  292.52,     18348,  648.96,  102.28,  108.48,  102.12,  108.91,  101.73,  107.67,  100.39,  107.50,  101.03,  108.57,  100.27,  108.19,  607.81,  649.32,     18388, 1257.13,    964.25,    941.84,   1906.09
2026-06-02,06:34:56.047,   48.97,   43.01,   48.06,   42.04,   48.82,   43.21,   46.28,   41.99,   46.68,   42.68,   46.51,   41.48,  285.32,  254.42,     18906,  539.74,  138.98,  158.82,  138.90,  159.36,  139.32,  159.20,  130.91,  157.42,  130.76,  156.53,  130.72,  156.75,  809.59,  948.09,     77701, 1757.68,   1094.91,   1202.51,   2297.42
2026-06-02,06:34:56.097,   94.49,   42.23,   95.89,   42.53,   95.10,   42.55,   90.13,   41.24,   89.86,   40.85,   90.59,   40.83,  556.06,  250.23,     18760,  806.29,   51.54,   58.86,   51.12,   59.09,   51.44,   58.68,   48.42,   57.95,   49.50,   58.80,   48.68,   58.72,  300.69,  352.09,     37180,  652.78,    856.75,    602.32,   1459.07
2026-06-02,06:34:56.147,   73.50,  116.55,   73.51,  116.16,   73.91,  117.18,   65.62,  114.65,   65.97,  114.91,   65.51,  114.07,  418.02,  693.52,     18680, 1111.54,   64.90,   81.89,   65.11,   82.47,   64.74,   81.69,   59.70,   80.87,   62.28,   83.15,   60.49,   81.68,  377.23,  491.74,     18840,  868.98,    795.26,   1185.26,   1980.52
2026-06-02,06:34:56.198,   46.85,   59.53,   45.67,   58.73,   45.93,   59.18,   43.22,   58.40,   44.54,   58.96,   43.35,   57.93,  269.55,  352.72,     18720,  622.28,  124.65,  265.46,  125.32,  266.46,  124.79,  265.79,  104.37,  263.25,  105.21,  264.08,  104.65,  264.00,  688.99, 1589.05,    516660, 2278.04,    958.54,   1941.77,   2900.31
2026-06-02,06:34:56.247,  118.15,   51.45,  118.60,   50.74,  118.37,   51.37,  112.92,   50.21,  112.48,   50.44,  113.16,   49.99,  693.69,  304.20,     18560,  997.90,  107.90,  282.23,  107.63,  282.35,  107.29,  281.16,   90.52,  280.69,   91.74,  282.65,   91.45,  282.38,  596.53, 1691.47,    356100, 2288.00,   1290.22,   1995.67,   3285.89
2026-06-02,06:34:56.297,   64.47,   27.63,   65.26,   27.82,   64.49,   28.01,   62.61,   26.94,   62.23,   27.30,   62.41,   27.02,  381.46,  164.73,     18760,  546.19,   34.60,   76.71,   51.56,   78.16,   34.47,   76.63,   29.00,   76.12,   30.19,   76.33,   29.53,   75.94,  209.35,  459.87,     91180,  669.22,    590.81,    624.60,   1215.41
2026-06-02,06:34:56.348,  133.75,   70.64,  134.03,   70.11,  134.05,   71.10,  127.24,   69.43,  127.37,   68.93,  127.50,   69.29,  783.94,  419.51,     18720, 1203.45,   51.10,   90.19,   70.18,   91.97,   51.22,   89.66,   48.90,   89.55,   49.05,   90.07,   48.92,   89.95,  319.37,  541.39,     18740,  860.76,   1103.30,    960.90,   2064.20
2026-06-02,06:34:56.398,  119.77,   45.72,  120.69,   45.78,  120.80,   46.09,  117.19,   44.78,  117.38,   44.95,  117.67,   44.38,  713.50,  271.69,     23400,  985.19,   61.44,  170.19,   69.69,  171.44,   61.87,  170.45,   51.67,  169.58,   52.56,  170.20,   52.58,  169.87,  349.82, 1021.74,     98020, 1371.55,   1063.32,   1293.42,   2356.74
2026-06-02,06:34:56.448,   61.90,   34.76,   61.84,   34.62,   62.23,   35.08,   59.32,   33.58,   58.94,   33.95,   59.27,   34.02,  363.51,  205.99,     19240,  569.51,  100.87,  191.12,  104.82,  192.66,  101.09,  191.58,   88.38,  190.14,   89.25,  190.53,   88.83,  190.52,  573.25, 1146.56,    296720, 1719.81,    936.76,   1352.56,   2289.31
2026-06-02,06:34:56.498,   41.48,   31.99,   41.27,   31.68,   41.47,   32.03,   39.53,   31.51,   39.90,   32.46,   39.87,   31.43,  243.52,  191.09,     18760,  434.61,   51.10,  115.70,   74.23,  117.25,   51.44,  115.64,   47.58,  114.99,   47.70,  115.25,   47.39,  115.38,  319.44,  694.20,     18800, 1013.64,    562.96,    885.29,   1448.25
2026-06-02,06:34:56.548,   75.16,   42.43,   74.50,   41.26,   76.01,   43.54,   69.59,   40.21,   70.50,   40.77,   70.43,   40.62,  436.18,  248.83,     23360,  685.02,   67.53,  124.81,   83.45,  126.62,   67.60,  125.23,   61.06,  125.58,   61.26,  126.95,   61.21,  127.47,  402.10,  756.66,     25460, 1158.76,    838.29,   1005.49,   1843.77
2026-06-02,06:34:56.599,  129.98,   58.22,  131.06,   58.17,  130.98,   58.95,  125.89,   57.73,  124.29,   57.56,  125.34,   56.93,  767.54,  347.56,     18704, 1115.10,   80.37,  158.95,   82.09,  158.99,   80.06,  157.57,   69.80,  155.33,   70.42,  155.57,   69.60,  154.75,  452.34,  941.16,    191938, 1393.49,   1219.88,   1288.71,   2508.59
2026-06-02,06:34:56.649,   69.04,   30.43,   71.46,   30.03,   69.36,   30.76,   65.86,   29.87,   65.75,   30.31,   66.10,   29.72,  407.57,  181.12,     19200,  588.68,   85.44,  159.56,  107.96,  169.49,   86.03,  159.52,   78.35,  157.48,   81.64,  160.20,   79.44,  159.02,  518.87,  965.27,    467300, 1484.14,    926.43,   1146.39,   2072.82
2026-06-02,06:34:56.699,   54.74,   27.88,   58.06,   28.17,   54.75,   28.12,   53.45,   27.77,   52.66,   27.62,   53.32,   27.80,  326.98,  167.35,     18720,  494.33,   70.96,  103.16,  101.21,  117.09,   71.74,  103.78,   65.33,  102.84,   69.28,  106.48,   67.86,  104.72,  446.38,  638.06,    523100, 1084.44,    773.36,    805.41,   1578.78
2026-06-02,06:34:56.750,   34.89,   21.80,   38.51,   21.98,   35.57,   22.16,   34.80,   21.91,   34.54,   21.70,   34.56,   21.70,  212.87,  131.26,     19840,  344.13,   65.25,  111.03,   94.54,  124.34,   65.37,  110.62,   61.83,  110.15,   65.49,  114.36,   64.08,  112.57,  416.56,  683.07,    503820, 1099.63,    629.43,    814.33,   1443.76
2026-06-02,06:34:56.800,   71.47,   24.63,   75.24,   24.65,   71.38,   24.72,   67.31,   24.02,   66.60,   23.64,   68.26,   23.54,  420.26,  145.21,     18680,  565.46,   55.00,   80.45,   84.59,   93.87,   55.18,   80.50,   51.51,   78.99,   54.83,   82.26,   53.26,   80.93,  354.38,  496.99,    511600,  851.37,    774.64,    642.20,   1416.84
2026-06-02,06:34:56.850,   53.48,   42.38,   56.28,   41.97,   53.70,   42.75,   49.83,   41.39,   50.13,   41.76,   50.31,   41.30,  313.72,  251.54,     18720,  565.26,   66.97,  113.31,   96.47,  126.70,   66.63,  112.57,   63.49,  111.90,   66.40,  115.12,   64.82,  114.10,  424.78,  693.70,    498340, 1118.49,    738.51,    945.24,   1683.75
2026-06-02,06:34:56.900,   44.30,   37.11,   46.86,   36.97,   44.60,   37.51,   41.96,   36.07,   41.86,   36.25,   42.09,   36.15,  261.67,  220.07,     18720,  481.74,   61.69,  101.85,   91.79,  115.57,   61.38,  101.56,   57.56,  101.04,   60.96,  104.37,   59.65,  102.99,  393.04,  627.38,    502860, 1020.42,    654.71,    847.45,   1502.16
2026-06-02,06:34:56.950,   84.66,   48.50,   87.65,   48.77,   85.15,   49.10,   79.70,   47.95,   79.21,   47.09,   79.49,   47.03,  495.86,  288.44,     20800,  784.30,   56.22,   72.93,   85.23,   85.45,   55.77,   72.55,   53.38,   71.42,   56.82,   75.37,   54.98,   73.37,  362.41,  451.10,    486080,  813.51,    858.27,    739.53,   1597.80
2026-06-02,06:34:57.000,   84.50,   37.69,   87.76,   37.13,   85.07,   38.00,   81.03,   36.25,   80.75,   36.53,   80.68,   36.02,  499.79,  221.61,     22900,  721.40,   62.44,  105.56,   89.22,  116.95,   62.18,  105.15,   58.51,  104.36,   61.42,  107.43,   59.93,  106.56,  393.70,  646.02,    449020, 1039.72,    893.49,    867.64,   1761.13
2026-06-02,06:34:57.050,   40.93,   36.01,   41.38,   35.17,   41.09,   36.32,   37.78,   34.75,   38.17,   35.21,   37.76,   34.73,  237.11,  212.18,     19220,  449.30,   69.27,  137.84,   89.98,  145.02,   69.11,  137.68,   63.87,  136.44,   65.79,  139.23,   65.19,  137.89,  423.21,  834.09,    337960, 1257.30,    660.32,   1046.27,   1706.60
2026-06-02,06:34:57.101,   41.11,   40.44,   42.91,   39.80,   40.55,   40.55,   38.26,   39.37,   38.16,   39.22,   38.36,   39.31,  239.36,  238.68,     18740,  478.04,   53.51,   86.45,   87.30,   98.42,   53.10,   85.98,   48.30,   84.57,   51.13,   87.36,   50.20,   86.44,  343.54,  529.22,    441100,  872.77,    582.90,    767.90,   1350.81
2026-06-02,06:34:57.151,   72.90,   40.23,   75.55,   39.73,   73.01,   40.10,   69.24,   39.12,   69.02,   39.12,   69.79,   38.78,  429.50,  237.06,     18680,  666.56,   58.81,  114.38,   92.13,  126.69,   58.92,  114.55,   54.66,  112.77,   57.16,  115.42,   55.85,  114.09,  377.53,  697.90,    443880, 1075.43,    807.03,    934.97,   1742.00
2026-06-02,06:34:57.201,   78.51,   43.08,   81.25,   43.03,   79.67,   44.09,   76.77,   43.03,   75.65,   42.64,   76.02,   42.36,  467.87,  258.23,     18740,  726.10,   64.68,  108.95,   98.12,  121.41,   64.61,  109.18,   61.55,  107.99,   63.95,  110.93,   62.67,  109.62,  415.57,  668.07,    438800, 1083.65,    883.44,    926.30,   1809.75
2026-06-02,06:34:57.251,   76.86,   36.30,   79.81,   36.40,   77.74,   36.77,   73.19,   35.90,   72.57,   35.82,   72.13,   35.59,  452.29,  216.78,     18840,  669.08,   67.70,  139.40,  101.48,  152.06,   67.19,  139.53,   61.40,  138.67,   64.46,  141.53,   62.78,  140.10,  425.00,  851.30,    436100, 1276.30,    877.29,   1068.08,   1945.38
2026-06-02,06:34:57.301,   65.27,   32.81,   67.31,   32.71,   65.19,   33.05,   63.28,   32.39,   63.82,   32.48,   62.87,   32.40,  387.74,  195.84,     18720,  583.58,   59.26,  117.31,   93.57,  130.06,   60.31,  118.31,   54.78,  117.64,   56.68,  119.78,   56.13,  119.49,  380.73,  722.59,    433420, 1103.31,    768.47,    918.42,   1686.89
2026-06-02,06:34:57.351,  143.58,   57.33,  146.91,   57.80,  144.52,   57.85,  138.18,   56.53,  138.05,   56.20,  138.80,   56.14,  850.04,  341.85,     18720, 1191.89,   63.45,   83.29,   96.41,   95.34,   63.22,   82.56,   58.31,   80.55,   60.29,   83.36,   59.03,   81.85,  400.71,  506.96,    431420,  907.66,   1250.75,    848.81,   2099.56
2026-06-02,06:34:57.402,   84.88,   35.79,   87.98,   36.08,   85.43,   36.20,   83.44,   35.16,   82.59,   34.94,   83.20,   35.18,  507.53,  213.35,     20800,  720.87,   66.18,  114.33,   96.00,  125.00,   65.80,  113.35,   62.41,  113.11,   64.99,  115.44,   63.42,  114.43,  418.81,  695.66,    389880, 1114.47,    926.33,    909.01,   1835.35
2026-06-02,06:34:57.452,   39.51,   26.66,   41.97,   26.98,   39.98,   27.04,   38.67,   26.56,   39.14,   26.55,   38.91,   26.36,  238.19,  160.14,     19260,  398.33,   72.46,  148.75,   98.89,  159.00,   72.60,  149.57,   65.24,  147.87,   67.35,  150.04,   66.44,  149.14,  442.98,  904.37,    408400, 1347.35,    681.17,   1064.52,   1745.69
2026-06-02,06:34:57.502,   69.96,   25.25,   73.49,   25.63,   70.28,   25.61,   67.21,   24.58,   67.24,   24.77,   67.44,   24.40,  415.62,  150.24,     18427,  565.86,   55.04,  105.61,   88.12,  118.08,   54.70,  105.51,   50.28,  104.80,   52.58,  106.67,   51.86,  105.96,  352.58,  646.63,    443900,  999.21,    768.20,    796.87,   1565.07
2026-06-02,06:34:57.551,   54.33,   43.69,   56.44,   43.22,   54.80,   44.35,   51.09,   43.35,   50.92,   43.40,   50.93,   42.88,  318.49,  260.90,     18794,  579.40,   76.76,  115.30,  110.78,  128.39,   75.94,  114.97,   70.27,  113.47,   73.71,  116.31,   72.20,  115.14,  479.67,  703.60,    448814, 1183.26,    798.16,    964.50,   1762.66
2026-06-02,06:34:57.601,   64.67,   51.02,   66.94,   50.83,   65.71,   51.34,   60.98,   49.52,   61.41,   49.84,   61.05,   49.56,  380.77,  302.10,     18700,  682.87,   64.62,  101.51,   98.43,  114.20,   64.56,  101.86,   61.88,   99.90,   64.22,  102.90,   63.30,  101.35,  417.00,  621.73,    444880, 1038.73,    797.77,    923.83,   1721.60
2026-06-02,06:34:57.652,   90.06,   38.61,   93.15,   38.42,   90.23,   38.80,   87.42,   38.35,   86.80,   38.31,   87.42,   37.84,  535.09,  230.33,     18760,  765.42,   56.59,  110.31,   90.02,  122.95,   56.20,  110.12,   51.14,  108.81,   54.29,  111.43,   53.07,  110.54,  361.32,  674.16,    449220, 1035.47,    896.41,    904.48,   1800.89
2026-06-02,06:34:57.702,   23.64,   23.61,   25.82,   23.38,   23.60,   23.66,   21.44,   22.93,   22.27,   23.82,   21.59,   23.02,  138.36,  140.43,     18720,  278.79,   62.20,  103.04,   95.93,  115.55,   61.89,  102.79,   56.49,  100.96,   59.48,  103.82,   57.66,  102.20,  393.65,  628.37,    440540, 1022.02,    532.01,    768.80,   1300.81
2026-06-02,06:34:57.752,   48.81,   41.74,   50.78,   41.03,   48.86,   41.94,   46.16,   41.20,   46.15,   41.23,   45.81,   40.79,  286.57,  247.93,     18720,  534.51,   61.64,  102.44,   95.37,  115.37,   61.58,  102.88,   58.43,  101.97,   60.81,  104.51,   59.46,  103.41,  397.28,  630.57,    439080, 1027.85,    683.85,    878.51,   1562.36
2026-06-02,06:34:57.802,  147.22,   58.89,  150.59,   58.92,  148.84,   59.65,  142.39,   58.04,  141.51,   58.01,  143.11,   57.93,  873.66,  351.43,     20800, 1225.10,  106.90,  177.18,  130.47,  186.08,  106.94,  176.77,  101.30,  175.34,  103.42,  177.36,  101.67,  176.85,  650.69, 1069.59,    363100, 1720.28,   1524.35,   1421.02,   2945.37
2026-06-02,06:34:57.852,   90.88,   35.51,   93.10,   35.00,   91.32,   35.63,   86.81,   34.98,   86.80,   35.10,   86.67,   34.30,  535.60,  210.52,     21340,  746.12,   82.68,  137.71,   98.16,  143.96,   82.46,  137.72,   77.39,  136.60,   79.00,  137.85,   78.12,  137.31,  497.82,  831.15,    366340, 1328.97,   1033.41,   1041.68,   2075.09
2026-06-02,06:34:57.902,   63.02,   38.42,   65.16,   38.53,   63.74,   38.85,   60.12,   37.91,   59.52,   37.62,   59.71,   37.81,  371.27,  229.13,     21400,  600.40,   67.83,   91.03,   84.09,   97.59,   67.89,   91.29,   62.88,   89.52,   64.65,   90.89,   63.42,   90.22,  410.76,  550.53,    372780,  961.29,    782.03,    779.66,   1561.69
2026-06-02,06:34:57.953,   57.32,   43.92,   57.98,   43.50,   57.43,   44.42,   54.45,   42.92,   54.64,   43.54,   54.81,   43.68,  336.64,  261.98,     21280,  598.61,   94.10,  141.52,  106.94,  145.81,   93.48,  141.53,   90.32,  140.78,   91.67,  141.62,   91.26,  141.21,  567.77,  852.46,    351840, 1420.22,    904.40,   1114.43,   2018.84
2026-06-02,06:34:58.003,   89.41,   42.99,   90.21,   43.04,   89.42,   43.06,   84.96,   42.16,   84.69,   41.91,   85.43,   41.77,  524.12,  254.93,     18880,  779.06,   40.26,   87.59,   63.53,   90.12,   40.04,   87.59,   35.39,   86.33,   36.60,   87.47,   35.78,   87.20,  251.60,  526.30,     18860,  777.89,    775.72,    781.23,   1556.95
2026-06-02,06:34:58.053,   63.89,   37.59,   64.11,   37.50,   64.35,   38.20,   60.97,   37.38,   61.06,   37.60,   61.14,   37.52,  375.52,  225.80,     23460,  601.32,   49.31,   77.83,   65.45,   80.10,   49.09,   77.79,   44.87,   77.40,   45.75,   78.02,   45.17,   77.81,  299.63,  468.96,     91060,  768.59,    675.14,    694.76,   1369.91
2026-06-02,06:34:58.103,   37.51,   38.14,   37.66,   37.96,   37.55,   38.14,   35.81,   37.88,   36.02,   37.96,   35.58,   37.55,  220.12,  227.63,     19200,  447.76,   45.00,   66.70,   48.10,   68.65,   44.69,   66.35,   42.11,   65.48,   43.01,   66.04,   42.79,   66.00,  265.70,  399.23,    131420,  664.93,    485.83,    626.86,   1112.69
2026-06-02,06:34:58.153,   28.73,   35.11,   28.50,   35.20,   28.68,   35.29,   27.34,   34.70,   27.58,   34.90,   27.49,   34.66,  168.31,  209.87,     18720,  378.18,   27.63,   62.79,   28.96,   64.07,   28.00,   63.39,   27.32,   63.19,   27.59,   63.77,   27.07,   63.25,  166.58,  380.46,     31220,  547.03,    334.89,    590.32,    925.21
2026-06-02,06:34:58.204,   18.48,   18.32,   18.81,   18.05,   18.24,   18.20,   17.49,   17.63,   17.73,   17.97,   17.77,   17.82,  108.51,  107.98,     21360,  216.50,   48.08,   62.11,   53.29,   64.70,   48.09,   62.44,   46.04,   60.93,   46.83,   61.87,   45.99,   61.49,  288.32,  373.53,    180540,  661.85,    396.83,    481.52,    878.35
2026-06-02,06:34:58.253,   90.20,   39.97,   90.61,   39.71,   90.27,   39.94,   86.47,   38.72,   86.46,   39.11,   87.01,   38.68,  531.02,  236.13,     18540,  767.15,   42.48,  103.78,   42.34,  104.52,   41.97,  103.52,   37.16,  102.26,   37.60,  102.73,   37.26,  102.62,  238.82,  619.42,     18340,  858.24,    769.84,    855.55,   1625.39
2026-06-02,06:34:58.303,   87.66,   40.91,   88.24,   40.80,   88.01,   40.87,   86.70,   40.82,   86.50,   40.94,   86.31,   40.11,  523.43,  244.45,     18840,  767.87,   35.59,   77.81,   35.74,   78.14,   35.65,   77.92,   29.06,   76.66,   29.62,   77.37,   29.61,   76.87,  195.26,  464.76,     18840,  660.03,    718.69,    709.21,   1427.90
2026-06-02,06:34:58.353,  150.04,   46.59,  151.97,   47.65,  151.11,   47.48,  145.13,   45.83,  144.40,   45.78,  145.93,   45.66,  888.57,  278.99,     18600, 1167.57,   40.48,   83.30,   40.35,   83.38,   39.89,   82.77,   37.89,   82.48,   39.01,   83.17,   38.89,   83.23,  236.52,  498.32,     18600,  734.84,   1125.09,    777.32,   1902.41
2026-06-02,06:34:58.404,   78.42,   29.72,   80.04,   29.59,   78.29,   29.64,   76.21,   28.95,   76.01,   29.31,   76.06,   28.70,  465.04,  175.91,     18800,  640.95,   46.95,   96.50,   47.57,   97.76,   47.13,   97.12,   40.89,   96.01,   41.67,   97.27,   41.20,   97.38,  265.41,  582.05,     18760,  847.46,    730.45,    757.96,   1488.41
2026-06-02,06:34:58.454,   31.28,   20.50,   31.23,   20.51,   31.76,   20.77,   30.34,   20.17,   30.27,   20.47,   30.29,   20.48,  185.17,  122.91,     18760,  308.08,   36.03,   76.66,   36.01,   76.50,   35.19,   75.82,   32.76,   75.09,   33.51,   75.06,   33.23,   74.68,  206.74,  453.83,     18800,  660.57,    391.91,    576.74,    968.65
2026-06-02,06:34:58.504,   35.75,   26.45,   36.14,   26.28,   35.87,   26.78,   35.05,   26.23,   35.59,   26.55,   35.79,   26.26,  214.20,  158.54,     18820,  372.74,   38.93,  112.34,   39.64,  112.50,   38.48,  111.86,   33.18,  110.71,   33.92,  111.32,   33.55,  110.99,  217.69,  669.72,     18800,  887.41,    431.89,    828.26,   1260.15
2026-06-02,06:34:58.555,   90.70,   31.36,   91.45,   31.36,   91.21,   31.19,   86.57,   30.29,   85.95,   30.45,   86.24,   30.28,  532.11,  184.92,     18820,  717.02,   35.61,   81.01,   35.62,   81.40,   35.75,   81.09,   30.66,   79.97,   31.26,   80.68,   30.96,   80.44,  199.87,  484.61,     18780,  684.47,    731.97,    669.52,   1401.50
2026-06-02,06:34:58.604,   20.25,   15.86,   20.49,   16.11,   20.71,   16.10,   19.47,   15.66,   19.77,   16.24,   19.65,   16.05,  120.35,   96.02,     18420,  216.37,   34.30,   86.93,   34.29,   86.80,   34.28,   87.03,   30.25,   86.01,   31.07,   86.87,   30.60,   86.52,  194.79,  520.15,     18380,  714.94,    315.13,    616.18,    931.31
2026-06-02,06:34:58.654,   45.73,   36.17,   45.60,   36.05,   45.90,   36.63,   43.21,   35.73,   43.38,   35.83,   43.64,   35.56,  267.46,  215.99,     18820,  483.45,   48.72,  114.65,   49.37,  115.24,   48.59,  114.63,   44.47,  114.58,   45.13,  115.28,   44.94,  114.76,  281.21,  689.14,     18840,  970.35,    548.67,    905.13,   1453.80
2026-06-02,06:34:58.705,  109.81,   43.28,  110.93,   43.19,  109.90,   43.14,  104.52,   42.09,  104.21,   42.30,  105.01,   42.10,  644.37,  256.10,     18840,  900.48,   43.22,  103.37,   43.67,  103.69,   43.35,  103.40,   38.45,  101.21,   39.21,  102.41,   38.90,  101.87,  246.80,  615.94,     18820,  862.74,    891.17,    872.05,   1763.22
2026-06-02,06:34:58.755,   60.91,   41.88,   60.97,   41.61,   62.06,   42.54,   58.75,   41.52,   58.72,   41.60,   58.78,   41.34,  360.18,  250.50,     18780,  610.68,   41.68,   86.05,   41.48,   86.39,   41.07,   85.46,   37.34,   85.83,   38.02,   85.82,   37.50,   86.11,  237.09,  515.66,     18760,  752.76,    597.27,    766.17,   1363.44
2026-06-02,06:34:58.805,   49.17,   36.28,   49.00,   35.86,   49.11,   36.19,   44.98,   34.98,   45.33,   35.10,   45.66,   35.06,  283.25,  213.48,     18800,  496.73,   37.59,   73.32,   37.94,   73.84,   37.51,   73.31,   34.54,   73.22,   35.05,   73.46,   34.74,   72.82,  217.36,  439.98,     18780,  657.34,    500.62,    653.46,   1154.07
2026-06-02,06:34:58.855,   80.93,   42.49,   81.06,   41.91,   81.29,   42.23,   76.83,   41.39,   77.31,   41.49,   77.39,   41.57,  474.79,  251.09,     18840,  725.88,   36.60,   63.13,   36.52,   63.79,   36.08,   62.99,   32.99,   62.26,   33.41,   62.58,   32.94,   62.20,  208.53,  376.95,     18760,  585.48,    683.33,    628.04,   1311.37
2026-06-02,06:34:58.905,   50.62,   33.46,   50.93,   33.57,   51.13,   34.17,   49.51,   33.88,   48.81,   33.60,   49.18,   33.82,  300.17,  202.49,     18480,  502.66,   36.64,   74.09,   36.57,   74.29,   36.17,   74.08,   33.32,   74.08,   33.86,   74.70,   33.60,   74.77,  210.18,  446.00,     18360,  656.18,    510.35,    648.50,   1158.85
2026-06-02,06:34:58.955,   48.21,   40.66,   47.93,   40.22,   48.94,   41.28,   45.57,   39.78,   45.69,   40.09,   45.41,   39.83,  281.76,  241.85,     18760,  523.61,   56.87,  100.70,   57.30,  101.34,   57.12,  100.68,   53.24,  100.41,   53.46,  100.98,   52.84,  100.56,  330.82,  604.67,     18780,  935.49,    612.58,    846.52,   1459.10
2026-06-02,06:34:59.005,   43.93,   33.11,   43.49,   32.68,   43.69,   33.79,   41.59,   32.62,   41.90,   32.99,   41.54,   32.50,  256.15,  197.69,     18780,  453.84,   52.92,  130.06,   53.13,  130.32,   52.81,  130.17,   43.36,  128.21,   44.85,  129.02,   44.64,  128.58,  291.71,  776.36,     18740, 1068.07,    547.86,    974.06,   1521.91
2026-06-02,06:34:59.055,  147.12,   58.33,  148.81,   58.05,  148.44,   58.28,  140.57,   56.04,  140.51,   56.40,  141.93,   56.08,  867.38,  343.18,     18720, 1210.55,  122.28,  121.56,  122.68,  121.78,  122.15,  120.77,  111.63,  118.56,  112.50,  119.35,  112.20,  119.42,  703.44,  721.43,     18740, 1424.87,   1570.82,   1064.61,   2635.43
2026-06-02,06:34:59.106,  109.45,   42.69,  109.77,   42.38,  110.96,   44.10,  106.05,   41.95,  105.05,   42.12,  105.38,   42.24,  646.65,  255.49,     18780,  902.15,  120.03,  152.45,  120.02,  152.86,  119.12,  151.97,  112.82,  151.23,  113.73,  151.60,  113.56,  151.29,  699.29,  911.39,     18800, 1610.68,   1345.94,   1166.88,   2512.83
2026-06-02,06:34:59.156,   66.58,   46.77,   66.30,   46.62,   67.92,   48.28,   64.15,   46.63,   66.63,   49.00,   63.78,   45.91,  395.36,  283.20,     18780,  678.57,  135.55,  141.69,  136.35,  142.43,  136.85,  142.57,  126.55,  139.52,  127.19,  140.98,  128.37,  141.15,  790.86,  848.34,     18900, 1639.21,   1186.23,   1131.55,   2317.78
2026-06-02,06:34:59.205,   67.20,   64.15,   66.18,   63.05,   67.21,   64.43,   63.90,   62.89,   64.09,   63.57,   63.15,   62.22,  391.73,  380.31,     18520,  772.05,  136.50,  149.96,  145.12,  150.37,  135.21,  149.35,  128.26,  147.04,  130.29,  148.24,  128.56,  147.25,  803.94,  892.22,    110720, 1696.15,   1195.67,   1272.53,   2468.20
2026-06-02,06:34:59.255,   53.80,   49.53,   53.97,   49.08,   54.90,   50.55,   52.60,   49.13,   52.17,   49.36,   52.04,   48.74,  319.48,  296.39,     18660,  615.86,   62.48,  109.25,   85.67,  110.92,   62.31,  109.06,   56.08,  107.36,   56.52,  108.08,   56.25,  107.52,  379.32,  652.20,     18660, 1031.51,    698.79,    948.58,   1647.38
2026-06-02,06:34:59.306,   75.31,  110.32,   75.28,  110.12,   75.71,  111.44,   67.32,  109.93,   68.24,  110.67,   67.68,  110.17,  429.56,  662.64,     23920, 1092.20,   66.34,   80.85,   84.69,   82.10,   66.57,   80.89,   64.79,   79.89,   66.40,   81.42,   65.04,   80.64,  413.84,  485.79,    120460,  899.63,    843.39,   1148.44,   1991.83
2026-06-02,06:34:59.356,  165.69,   97.90,  167.17,   97.52,  166.89,   98.09,  159.85,   95.26,  158.77,   94.46,  159.91,   93.97,  978.29,  577.21,     18880, 1555.50,   57.54,   76.34,   80.90,   78.08,   57.65,   76.32,   52.70,   74.15,   53.83,   74.58,   52.74,   74.06,  355.37,  453.52,     18800,  808.89,   1333.65,   1030.73,   2364.38
2026-06-02,06:34:59.406,   77.33,   25.52,   77.97,   25.57,   76.93,   25.73,   75.21,   24.97,   74.60,   24.43,   75.02,   24.49,  457.07,  150.71,     23960,  607.78,   59.09,  121.30,   74.73,  123.99,   58.62,  120.68,   53.68,  119.80,   55.17,  121.53,   54.20,  120.31,  355.49,  727.62,    136860, 1083.11,    812.56,    878.33,   1690.89
2026-06-02,06:34:59.456,   83.65,   46.44,   84.61,   46.56,   84.10,   46.82,   81.47,   45.81,   81.03,   46.20,   81.71,   46.02,  496.56,  277.86,     18720,  774.42,   90.56,  159.31,  107.48,  162.21,   90.28,  159.28,   84.46,  157.99,   85.94,  159.82,   84.82,  158.71,  543.53,  957.31,    247540, 1500.83,   1040.09,   1235.16,   2275.25
2026-06-02,06:34:59.506,   33.76,   31.12,   33.66,   30.74,   33.34,   30.63,   31.30,   30.27,   31.70,   30.56,   31.63,   30.37,  195.40,  183.68,     18720,  379.08,   39.48,   73.82,   62.87,   75.95,   39.53,   73.66,   34.58,   72.50,   35.41,   73.02,   34.97,   72.95,  246.84,  441.89,     18740,  688.73,    442.23,    625.57,   1067.81
2026-06-02,06:34:59.556,   60.50,   40.01,   61.84,   39.92,   61.25,   40.44,   56.28,   38.95,   56.47,   38.84,   56.82,   38.85,  353.17,  237.02,     23860,  590.19,   56.19,   93.39,   68.34,   96.25,   56.33,   93.17,   54.12,   92.07,   55.02,   93.30,   53.93,   92.27,  343.94,  560.46,    206560,  904.40,    697.11,    797.48,   1494.59
2026-06-02,06:34:59.606,  105.06,   40.24,  106.05,   40.51,  105.11,   39.92,  101.83,   39.63,  101.56,   39.67,  102.19,   40.01,  621.80,  239.98,     18720,  861.78,   57.74,  123.55,   59.92,  124.28,   57.35,  122.78,   51.49,  120.50,   52.49,  121.80,   52.40,  121.69,  331.39,  734.59,     86940, 1065.99,    953.20,    974.57,   1927.77
2026-06-02,06:34:59.657,   65.18,   47.10,   64.64,   46.64,   65.49,   47.60,   62.15,   46.86,   61.49,   46.07,   61.28,   46.49,  380.24,  280.77,     18720,  661.01,   49.78,   92.64,   49.36,   92.20,   49.27,   91.67,   44.89,   91.15,   45.85,   91.61,   45.19,   91.07,  284.34,  550.33,     18740,  834.67,    664.58,    831.10,   1495.68
2026-06-02,06:34:59.707,   36.34,   35.56,   35.66,   35.36,   36.10,   35.48,   34.28,   34.77,   34.64,   35.29,   34.30,   34.91,  211.33,  211.37,     18800,  422.70,   33.87,   69.59,   34.25,   70.23,   33.59,   69.63,   29.33,   67.90,   29.65,   68.82,   29.51,   68.23,  190.20,  414.39,     18740,  604.60,    401.53,    625.77,   1027.29
2026-06-02,06:34:59.757,  107.92,   47.83,  108.76,   47.86,  108.45,   47.91,  102.44,   46.34,  101.55,   46.62,  102.71,   46.48,  631.83,  283.03,     18880,  914.86,   41.66,   93.36,   41.96,   93.48,   41.30,   92.78,   37.73,   91.87,   38.02,   92.62,   38.11,   92.74,  238.78,  556.85,     18780,  795.63,    870.61,    839.88,   1710.49
2026-06-02,06:34:59.808,   45.76,   33.63,   45.82,   33.67,   45.51,   33.93,   43.48,   33.65,   43.24,   33.31,   43.06,   33.51,  266.87,  201.69,     18840,  468.56,   40.58,   94.38,   40.61,   94.31,   40.09,   93.36,   37.02,   92.46,   37.74,   93.65,   37.27,   92.53,  233.31,  560.69,     18800,  794.01,    500.18,    762.38,   1262.56
2026-06-02,06:34:59.858,   88.50,   42.60,   88.30,   42.54,   88.84,   42.54,   83.18,   41.65,   83.10,   41.76,   83.47,   41.71,  515.40,  252.79,     18760,  768.19,   33.25,   71.53,   33.87,   72.03,   33.22,   71.37,   28.56,   69.95,   28.83,   70.49,   28.59,   70.78,  186.33,  426.16,     18820,  612.48,    701.73,    678.95,   1380.68
2026-06-02,06:34:59.907,   66.59,   36.93,   66.68,   36.61,   67.36,   37.43,   63.69,   36.04,   62.94,   36.03,   63.09,   35.73,  390.34,  218.78,     18380,  609.13,   28.34,   60.17,   28.54,   60.56,   28.42,   60.12,   27.28,   59.78,   27.82,   60.91,   27.59,   60.83,  168.00,  362.38,     18400,  530.38,    558.35,    581.16,   1139.51
2026-06-02,06:34:59.957,   40.84,   32.63,   40.55,   32.35,   40.83,   32.55,   39.84,   32.21,   40.11,   32.72,   39.88,   32.39,  242.05,  194.84,     18840,  436.89,   36.65,   80.12,   37.11,   80.10,   36.04,   78.81,   32.37,   78.07,   32.81,   78.53,   32.19,   78.39,  207.16,  474.03,     18800,  681.18,    449.21,    668.87,   1118.08
2026-06-02,06:35:00.008,   33.94,   32.22,   33.31,   31.88,   33.91,   32.39,   31.25,   31.21,   31.73,   31.36,   31.43,   31.05,  195.58,  190.11,     18800,  385.68,   35.99,   80.60,   36.08,   81.15,   35.39,   80.37,   32.18,   79.94,   32.83,   80.49,   32.26,   80.01,  204.73,  482.56,     18880,  687.29,    400.30,    672.67,   1072.97
2026-06-02,06:35:00.058,   23.63,   29.72,   23.38,   29.34,   23.86,   30.25,   21.86,   29.11,   22.02,   29.24,   21.91,   29.24,  136.66,  176.89,     18760,  313.55,   32.36,   71.17,   32.51,   71.62,   32.33,   71.35,   29.44,   70.80,   29.66,   71.11,   29.70,   71.24,  186.00,  427.30,     18820,  613.30,    322.66,    604.19,    926.85
2026-06-02,06:35:00.108,   87.62,   50.89,   87.93,   50.72,   88.07,   50.87,   83.75,   49.75,   83.86,   49.55,   84.50,   49.65,  515.74,  301.44,     18820,  817.18,   40.15,   86.14,   40.39,   86.08,   40.59,   86.32,   35.34,   84.35,   35.58,   85.01,   35.50,   84.66,  227.54,  512.56,     18760,  740.10,    743.28,    814.00,   1557.28
2026-06-02,06:35:00.158,   61.26,   34.67,   61.53,   34.58,   61.85,   34.58,   59.66,   34.09,   58.79,   34.36,   58.94,   34.00,  362.03,  206.30,     18380,  568.33,   24.87,   79.61,   24.53,   79.68,   24.69,   79.46,   20.44,   78.45,   20.95,   79.05,   20.50,   78.87,  135.98,  475.12,     18420,  611.10,    498.01,    681.41,   1179.42
2026-06-02,06:35:00.208,   33.42,   29.80,   32.97,   29.33,   33.63,   30.05,   31.16,   29.20,   30.97,   29.38,   31.08,   29.38,  193.23,  177.14,     18840,  370.36,   25.04,   71.46,   25.17,   72.05,   25.03,   71.73,   22.50,   71.07,   23.01,   71.26,   22.71,   71.36,  143.45,  428.94,     18780,  572.39,    336.68,    606.07,    942.75
2026-06-02,06:35:00.258,   88.51,   58.78,   89.53,   58.54,   89.14,   59.19,   82.59,   56.30,   83.06,   56.29,   83.98,   56.29,  516.81,  345.39,     18800,  862.20,   29.36,   89.36,   29.64,   89.62,   29.62,   89.79,   24.84,   88.35,   25.72,   89.26,   25.06,   88.47,  164.24,  534.85,     18760,  699.09,    681.05,    880.25,   1561.30
2026-06-02,06:35:00.309,  106.34,   45.17,  107.96,   46.02,  109.34,   48.03,  103.12,   44.53,  105.34,   46.40,  104.38,   45.43,  636.47,  275.58,     18840,  912.05,   38.06,  111.12,   38.59,  111.44,   38.13,  111.11,   31.93,  110.06,   33.06,  111.84,   32.88,  111.00,  212.64,  666.56,     18800,  879.20,    849.11,    942.15,   1791.25
2026-06-02,06:35:00.359,  165.27,   59.59,  166.38,   60.50,  167.53,   63.13,  155.32,   56.12,  157.42,   58.01,  155.95,   56.07,  967.87,  353.41,     18820, 1321.28,   32.31,   44.68,   33.24,   45.65,   33.04,   45.19,   29.69,   43.02,   31.51,   44.90,   30.32,   43.85,  190.11,  267.29,     18800,  457.41,   1157.98,    620.71,   1778.69
2026-06-02,06:35:00.409,   64.88,   33.85,   65.07,   33.86,   65.41,   34.53,   63.29,   33.05,   62.32,   32.28,   62.77,   32.51,  383.75,  200.07,     18468,  583.82,   26.99,  104.63,   28.01,  105.86,   27.15,  105.35,   20.50,  103.70,   21.06,  104.79,   21.02,  104.36,  144.73,  628.69,     18427,  773.42,    528.48,    828.75,   1357.24
2026-06-02,06:35:00.460,   42.01,   33.27,   42.46,   33.29,   42.60,   33.56,   40.27,   33.04,   40.81,   33.46,   40.31,   32.69,  248.46,  199.31,     18800,  447.77,   32.23,  108.24,   32.22,  108.43,   31.82,  107.81,   26.19,  107.19,   27.13,  108.15,   26.31,  107.72,  175.88,  647.54,     18880,  823.42,    424.34,    846.85,   1271.19
2026-06-02,06:35:00.510,   25.49,   21.06,   25.85,   21.21,   26.10,   22.22,   23.63,   20.20,   24.61,   21.09,   23.77,   20.32,  149.44,  126.10,     18880,  275.54,   24.46,   50.08,   24.84,   50.82,   24.45,   50.17,   20.62,   48.67,   21.92,   49.75,   21.19,   49.31,  137.48,  298.80,     18900,  436.28,    286.92,    424.90,    711.82
2026-06-02,06:35:00.561,  106.43,   38.27,  108.26,   38.31,  107.47,   39.10,  103.56,   37.79,  102.74,   37.70,  104.15,   37.56,  632.61,  228.73,     18860,  861.34,   27.71,   73.93,   27.52,   73.99,   27.31,   73.50,   24.31,   73.24,   24.99,   74.06,   24.19,   73.23,  156.03,  441.95,     18820,  597.98,    788.64,    670.68,   1459.32
2026-06-02,06:35:00.610,   41.25,   32.54,   41.03,   32.30,   41.24,   32.83,   38.64,   32.03,   39.20,   32.41,   39.26,   32.14,  240.62,  194.25,     18420,  434.87,   28.33,   71.01,   28.54,   71.59,   27.69,   70.76,   22.17,   69.94,   23.06,   70.73,   22.59,   70.12,  152.38,  424.15,     18400,  576.53,    393.00,    618.40,   1011.40
2026-06-02,06:35:00.660,   29.96,   27.20,   29.44,   26.99,   29.75,   27.40,   28.40,   26.93,   28.35,   27.10,   28.71,   26.81,  174.62,  162.43,     18800,  337.05,   20.16,   96.83,   20.18,   96.74,   19.88,   96.36,   15.50,   95.90,   15.99,   96.52,   15.43,   96.14,  107.15,  578.49,     18800,  685.64,    281.77,    740.91,   1022.69
2026-06-02,06:35:00.711,   76.28,   37.80,   76.99,   37.64,   76.96,   38.59,   73.03,   37.28,   72.81,   37.09,   72.72,   36.68,  448.79,  225.08,     18780,  673.87,   29.04,   78.83,   29.68,   79.33,   29.00,   78.59,   25.74,   77.36,   26.21,   78.62,   25.55,   77.52,  165.23,  470.26,     18800,  635.49,    614.02,    695.34,   1309.36
2026-06-02,06:35:00.761,   85.01,   37.34,   85.82,   37.01,   86.02,   37.86,   81.17,   36.55,   81.02,   36.87,   81.47,   36.45,  500.51,  222.07,     18860,  722.59,   31.78,   91.00,   31.41,   90.82,   31.63,   91.18,   27.79,   90.67,   27.81,   90.79,   27.19,   89.97,  177.61,  544.44,     18820,  722.05,    678.13,    766.51,   1444.64
2026-06-02,06:35:00.811,   66.85,   40.18,   67.13,   39.85,   67.42,   40.99,   62.58,   39.66,   62.88,   39.71,   62.56,   39.20,  389.43,  239.60,     18740,  629.03,   22.28,   64.81,   21.83,   64.67,   22.14,   64.44,   17.75,   62.64,   18.20,   63.11,   17.77,   62.86,  119.96,  382.53,     18760,  502.49,    509.40,    622.13,   1131.53
2026-06-02,06:35:00.860,   62.33,   34.27,   62.94,   34.26,   62.56,   34.39,   59.37,   33.95,   59.60,   33.60,   59.92,   33.64,  366.72,  204.11,     18400,  570.83,   24.00,   64.84,   23.90,   64.83,   23.73,   64.27,   19.02,   63.00,   19.16,   63.62,   18.58,   63.29,  128.39,  383.84,     18360,  512.23,    495.11,    587.95,   1083.06
2026-06-02,06:35:00.911,   84.26,   43.33,   84.69,   43.20,   84.88,   43.81,   81.50,   42.68,   81.13,   42.73,   82.22,   42.69,  498.68,  258.44,     18800,  757.12,   55.21,  115.19,   55.75,  115.24,   54.79,  114.84,   50.72,  113.09,   51.09,  113.67,   51.15,  113.07,  318.72,  685.11,     18800, 1003.83,    817.40,    943.55,   1760.95
2026-06-02,06:35:00.962,   53.35,   16.88,   53.81,   16.75,   53.43,   17.22,   49.99,   15.82,   50.06,   16.27,   49.83,   15.85,  310.46,   98.78,     18740,  409.25,   24.60,   66.05,   24.67,   66.19,   24.66,   65.69,   18.45,   64.22,   19.12,   64.78,   18.26,   64.59,  129.78,  391.53,     18820,  521.31,    440.24,    490.32,    930.56
2026-06-02,06:35:01.011,   37.74,   25.18,   37.76,   25.30,   37.93,   25.79,   36.78,   25.03,   36.79,   25.13,   36.49,   24.76,  223.50,  151.19,     18640,  374.69,   27.78,   98.23,   27.91,   98.30,   27.76,   98.32,   23.49,   97.63,   23.64,   98.44,   23.73,   97.84,  154.32,  588.76,     18600,  743.08,    377.82,    739.96,   1117.77
2026-06-02,06:35:01.061,   59.49,   25.28,   60.24,   25.69,   59.60,   25.88,   56.28,   24.79,   56.53,   24.80,   56.88,   24.58,  349.02,  151.01,     18800,  500.03,   30.03,   95.13,   30.14,   95.27,   29.86,   94.94,   26.45,   94.35,   26.58,   94.60,   26.13,   94.27,  169.18,  568.57,     18760,  737.75,    518.20,    719.58,   1237.78
2026-06-02,06:35:01.111,   68.27,   40.94,   68.44,   40.68,   68.40,   41.12,   65.69,   40.09,   65.40,   40.33,   65.81,   40.03,  402.02,  243.20,     18800,  645.22,   31.94,  103.97,   32.40,  104.46,   32.19,  103.95,   25.94,  103.22,   26.49,  103.37,   26.04,  103.34,  175.01,  622.31,     18820,  797.31,    577.03,    865.51,   1442.54
2026-06-02,06:35:01.162,   36.85,   28.69,   37.02,   29.10,   37.17,   29.29,   34.75,   28.66,   34.63,   28.18,   34.55,   28.02,  214.97,  171.93,     18780,  386.91,   27.04,   50.14,   26.74,   50.30,   26.82,   50.00,   24.78,   49.46,   24.85,   49.53,   24.49,   49.51,  154.72,  298.94,     18800,  453.66,    369.70,    470.87,    840.57
2026-06-02,06:35:01.212,   54.36,   29.96,   54.40,   29.43,   54.30,   29.89,   51.17,   28.22,   51.18,   28.49,   51.48,   27.93,  316.89,  173.92,     18780,  490.81,   74.29,  133.02,   75.49,  133.38,   74.57,  133.32,   67.99,  132.57,   69.09,  133.41,   68.50,  133.27,  429.94,  798.97,     70240, 1228.91,    746.82,    972.90,   1719.72
2026-06-02,06:35:01.261,   98.06,   51.55,   98.27,   51.09,   98.73,   52.25,   93.36,   51.26,   92.40,   50.54,   93.10,   50.61,  573.93,  307.30,     18560,  881.23,   27.04,   35.66,   48.50,   37.23,   26.68,   35.84,   25.07,   35.04,   25.61,   34.94,   25.56,   35.46,  178.45,  214.18,     73480,  392.63,    752.38,    521.48,   1273.86
2026-06-02,06:35:01.312,  165.29,   81.92,  165.33,   81.66,  166.22,   83.01,  159.46,   81.38,  158.83,   80.99,  159.31,   80.77,  974.43,  489.72,     24060, 1464.16,   84.36,  151.42,  102.25,  152.47,   85.59,  150.57,   77.96,  150.15,   78.57,  151.37,   78.74,  151.28,  507.47,  907.25,     69940, 1414.72,   1481.90,   1396.97,   2878.87
2026-06-02,06:35:01.362,  145.69,   44.26,  146.64,   44.08,  146.03,   44.50,  140.98,   43.23,  140.44,   42.81,  140.82,   42.87,  860.60,  261.75,     18580, 1122.35,   40.37,   93.98,   56.06,   95.48,   38.34,   93.83,   32.00,   92.30,   32.49,   92.46,   31.98,   92.30,  231.24,  560.34,     70120,  791.58,   1091.84,    822.09,   1913.93
2026-06-02,06:35:01.412,   33.79,   24.93,   33.93,   24.89,   33.77,   25.36,   32.49,   24.85,   32.06,   24.78,   31.64,   24.51,  197.68,  149.31,     18780,  346.99,   25.81,   76.56,   47.59,   78.50,   25.93,   76.56,   19.83,   75.99,   20.37,   76.61,   19.92,   76.34,  159.45,  460.57,     18780,  620.02,    357.13,    609.88,    967.01
2026-06-02,06:35:01.462,   72.12,   34.94,   73.81,   35.65,   73.08,   35.43,   68.70,   33.79,   68.42,   34.04,   69.02,   33.86,  425.14,  207.71,     23400,  632.85,   37.95,   94.73,   45.02,   96.45,   38.19,   94.83,   35.09,   93.87,   35.41,   94.53,   35.09,   94.40,  226.75,  568.81,     84300,  795.55,    651.89,    776.51,   1428.40
2026-06-02,06:35:01.512,   93.79,   42.38,   95.82,   41.87,   94.08,   42.46,   89.16,   41.67,   89.08,   41.21,   89.66,   41.42,  551.60,  251.01,     19320,  802.61,   61.64,   93.15,   71.82,   97.97,   61.69,   93.16,   56.14,   91.83,   57.24,   93.47,   56.05,   92.30,  364.57,  561.88,    306240,  926.45,    916.17,    812.89,   1729.05
2026-06-02,06:35:01.563,   77.70,   44.38,   78.71,   44.48,   80.48,   47.03,   75.36,   44.68,   74.85,   44.28,   74.63,   43.83,  461.73,  268.69,     18720,  730.42,   86.16,  120.54,  106.29,  123.75,   86.22,  120.46,   82.44,  118.96,   83.42,  119.77,   83.42,  119.76,  527.95,  723.24,    163200, 1251.18,    989.68,    991.92,   1981.60
2026-06-02,06:35:01.613,   44.95,   34.99,   44.97,   35.04,   45.45,   35.71,   43.90,   35.28,   44.50,   35.41,   43.62,   34.82,  267.39,  211.25,     18720,  478.64,   33.01,  108.54,   55.74,  110.15,   32.57,  108.09,   26.62,  106.81,   27.74,  107.81,   27.22,  107.07,  202.90,  648.47,     18720,  851.36,    470.28,    859.72,   1330.00
2026-06-02,06:35:01.663,   81.97,   42.18,   84.16,   41.83,   82.66,   42.29,   77.20,   40.49,   77.74,   41.16,   77.75,   40.47,  481.47,  248.42,     23900,  729.90,   60.70,  131.39,   72.57,  136.03,   60.21,  130.57,   54.61,  130.03,   55.89,  131.36,   54.84,  130.46,  358.83,  789.84,    290760, 1148.67,    840.31,   1038.26,   1878.57
2026-06-02,06:35:01.713,   51.80,   30.62,   52.45,   31.05,   52.27,   31.02,   50.01,   30.63,   50.46,   30.72,   50.66,   30.35,  307.66,  184.40,     18760,  492.06,   38.91,   82.08,   41.50,   83.82,   38.53,   82.29,   33.90,   81.90,   34.67,   83.62,   34.28,   83.86,  221.79,  497.58,     89560,  719.37,    529.45,    681.97,   1211.43
2026-06-02,06:35:01.763,   49.04,   40.78,   48.64,   40.51,   49.47,   41.02,   46.20,   39.97,   46.56,   40.28,   46.22,   40.27,  286.14,  242.83,     18760,  528.97,   27.80,   66.32,   28.16,   66.40,   27.21,   65.14,   26.25,   64.75,   26.39,   64.70,   25.95,   64.06,  161.77,  391.36,     18760,  553.13,    447.90,    634.20,   1082.10
2026-06-02,06:35:01.814,   88.44,   42.87,   88.56,   42.50,   88.66,   43.13,   83.10,   41.46,   83.27,   41.51,   83.24,   40.90,  515.28,  252.38,     18428,  767.66,   21.06,   62.47,   21.34,   63.36,   20.94,   62.72,   17.12,   61.72,   17.40,   62.11,   17.45,   62.65,  115.30,  375.03,     18388,  490.33,    630.57,    627.41,   1257.99
2026-06-02,06:35:01.864,   66.88,   30.83,   68.36,   31.01,   67.83,   31.14,   65.30,   30.64,   65.11,   30.32,   66.00,   30.41,  399.49,  184.35,     18800,  583.84,   27.98,   82.91,   28.81,   83.74,   28.07,   82.11,   23.36,   81.30,   23.61,   81.04,   23.09,   80.92,  154.92,  492.01,     18840,  646.93,    554.40,    676.36,   1230.77
2026-06-02,06:35:01.914,   37.86,   29.36,   38.13,   29.33,   37.71,   29.59,   36.95,   29.14,   37.18,   29.49,   37.12,   29.56,  224.96,  176.46,     18780,  401.42,   27.68,   91.08,   27.68,   91.35,   27.00,   90.42,   22.54,   89.76,   22.65,   90.29,   22.76,   91.02,  150.30,  543.92,     18800,  694.22,    375.26,    720.38,   1095.64
2026-06-02,06:35:01.965,   60.31,   28.40,   61.05,   28.50,   60.55,   28.85,   57.62,   27.40,   57.80,   27.83,   57.74,   27.41,  355.07,  168.40,     18820,  523.47,   34.01,   83.97,   34.36,   84.60,   33.65,   83.36,   27.76,   82.61,   28.27,   83.29,   28.12,   83.27,  186.17,  501.10,     18760,  687.27,    541.24,    669.50,   1210.74
2026-06-02,06:35:02.015,   59.03,   26.91,   59.89,   27.26,   59.25,   26.81,   56.95,   26.13,   56.51,   25.89,   57.15,   25.80,  348.78,  158.80,     18820,  507.59,   27.32,   99.95,   27.58,   99.99,   26.98,   99.29,   21.88,   98.85,   21.76,   99.19,   21.60,   98.68,  147.12,  595.96,     18760,  743.08,    495.91,    754.76,   1250.67
2026-06-02,06:35:02.064,   49.00,   21.86,   49.72,   22.07,   49.35,   22.05,   47.16,   21.14,   46.99,   21.32,   47.21,   21.11,  289.43,  129.54,     18420,  418.97,   18.68,   78.92,   18.76,   79.21,   18.59,   78.73,   15.94,   78.88,   16.36,   79.26,   15.91,   79.03,  104.25,  474.03,     18420,  578.28,    393.68,    603.58,    997.26
2026-06-02,06:35:02.115,   28.78,   21.14,   28.74,   21.15,   28.68,   21.29,   27.70,   20.97,   27.88,   21.18,   27.69,   21.04,  169.47,  126.75,     18760,  296.22,   28.43,  104.27,   28.92,  104.74,   27.79,  104.19,   23.94,  104.37,   24.15,  104.88,   23.86,  104.15,  157.10,  626.61,     18760,  783.71,    326.57,    753.37,   1079.93
2026-06-02,06:35:02.165,   57.77,   26.98,   58.23,   27.08,   58.02,   27.33,   54.20,   25.79,   54.01,   26.00,   54.74,   25.82,  336.97,  159.00,     18760,  495.97,   27.43,  107.17,   28.06,  107.71,   27.40,  106.78,   21.68,  106.97,   22.29,  107.13,   21.61,  107.07,  148.47,  642.84,     18760,  791.31,    485.44,    801.84,   1287.28
2026-06-02,06:35:02.215,   58.88,   30.31,   59.06,   30.27,   59.16,   30.66,   57.47,   30.55,   57.14,   30.43,   57.31,   29.95,  349.02,  182.17,     18720,  531.19,   21.66,   83.70,   21.46,   84.55,   21.47,   83.56,   17.45,   83.26,   17.90,   83.80,   17.36,   84.51,  117.29,  503.38,     18760,  620.66,    466.30,    685.55,   1151.85
2026-06-02,06:35:02.265,   22.57,   14.01,   22.77,   14.26,   23.14,   14.44,   22.00,   14.23,   22.01,   14.25,   22.09,   14.04,  134.59,   85.24,     18800,  219.83,   19.19,   50.62,   19.80,   51.05,   19.46,   50.81,   15.97,   50.04,   16.38,   50.12,   15.77,   49.70,  106.56,  302.33,     18780,  408.89,    241.15,    387.57,    628.72
2026-06-02,06:35:02.316,   56.93,   30.32,   57.62,   30.98,   57.37,   30.69,   56.37,   29.95,   56.67,   30.29,   56.56,   30.38,  341.52,  182.61,     18740,  524.13,   30.31,   92.99,   30.21,   93.18,   29.69,   92.18,   25.73,   91.23,   25.93,   91.63,   25.85,   92.12,  167.72,  553.33,     18720,  721.05,    509.24,    735.94,   1245.18
2026-06-02,06:35:02.366,  165.98,   47.66,  167.37,   48.01,  167.04,   48.56,  160.58,   46.95,  160.09,   46.38,  161.58,   46.71,  982.64,  284.28,     18840, 1266.92,   26.56,   66.41,   26.85,   66.74,   26.45,   65.91,   20.86,   65.91,   21.44,   66.34,   20.73,   66.03,  142.90,  397.34,     18800,  540.25,   1125.55,    681.62,   1807.17
2026-06-02,06:35:02.415,   41.25,   23.06,   41.61,   22.74,   41.38,   22.91,   39.92,   22.54,   39.65,   22.84,   39.75,   22.22,  243.57,  136.30,     18420,  379.86,   26.06,   85.86,   25.70,   86.25,   25.89,   85.52,   22.60,   85.08,   22.68,   84.97,   22.25,   84.89,  145.18,  512.58,     18440,  657.75,    388.74,    648.88,   1037.62
2026-06-02,06:35:02.466,   37.14,   24.56,   37.36,   24.57,   37.20,   24.66,   36.16,   24.33,   36.49,   24.82,   36.17,   24.10,  220.52,  147.04,     18800,  367.56,   27.99,   83.97,   28.64,   84.75,   27.92,   84.46,   24.03,   84.01,   24.30,   84.31,   23.53,   84.14,  156.41,  505.63,     18800,  662.04,    376.93,    652.68,   1029.61
2026-06-02,06:35:02.516,   54.02,   22.10,   54.61,   22.09,   54.52,   22.58,   51.44,   20.96,   51.26,   20.92,   51.65,   20.87,  317.49,  129.53,     18780,  447.02,   24.58,   86.95,   24.70,   87.47,   24.33,   86.51,   20.90,   86.63,   21.06,   86.72,   20.64,   86.33,  136.21,  520.61,     18760,  656.81,    453.70,    650.13,   1103.83
2026-06-02,06:35:02.566,   74.02,   33.67,   74.87,   33.62,   74.71,   33.83,   71.32,   32.73,   70.67,   32.86,   71.76,   33.03,  437.34,  199.72,     18820,  637.07,   30.28,   74.12,   30.82,   74.81,   29.93,   73.94,   24.60,   73.23,   25.07,   73.42,   24.97,   73.36,  165.67,  442.88,     18820,  608.55,    603.02,    642.60,   1245.62
2026-06-02,06:35:02.616,   44.81,   31.37,   44.86,   31.30,   45.36,   32.01,   43.16,   30.78,   43.41,   31.06,   42.47,   30.43,  264.07,  186.95,     18800,  451.02,   19.79,   70.16,   20.04,   69.80,   19.73,   70.18,   18.30,   69.58,   18.31,   69.89,   18.02,   69.38,  114.19,  418.99,     18780,  533.18,    378.26,    605.94,    984.20
2026-06-02,06:35:02.666,   23.69,   17.22,   24.03,   17.44,   24.30,   17.68,   23.21,   17.17,   23.48,   17.21,   23.46,   16.95,  142.16,  103.68,     18420,  245.84,   28.16,  102.22,   28.89,  102.16,   27.92,  101.49,   22.06,  100.35,   22.58,  101.13,   22.54,  101.05,  152.15,  608.40,     18400,  760.55,    294.31,    712.08,   1006.39
2026-06-02,06:35:02.716,   68.84,   28.13,   69.63,   28.04,   69.08,   28.23,   65.65,   27.28,   64.99,   27.41,   65.73,   27.48,  403.91,  166.56,     18840,  570.48,   21.64,   33.95,   22.37,   34.53,   22.25,   34.06,   20.16,   33.46,   20.51,   33.55,   20.08,   33.13,  127.01,  202.68,     18780,  329.68,    530.92,    369.24,    900.16
2026-06-02,06:35:02.767,   79.80,   29.04,   81.05,   28.89,   80.32,   29.33,   77.20,   28.35,   76.75,   28.39,   77.96,   27.91,  473.07,  171.91,     18820,  644.97,   31.82,   79.80,   32.13,   80.18,   31.05,   79.07,   25.68,   77.37,   26.31,   78.06,   25.42,   77.69,  172.42,  472.18,     18800,  644.59,    645.49,    644.08,   1289.57
2026-06-02,06:35:02.816,   33.62,   21.32,   34.17,   21.19,   34.06,   21.60,   31.39,   20.24,   31.67,   20.66,   31.59,   20.38,  196.50,  125.39,     18540,  321.89,   18.22,   37.96,   18.68,   38.18,   17.74,   37.23,   15.89,   36.51,   16.18,   37.07,   15.58,   36.59,  102.30,  223.54,     18540,  325.84,    298.79,    348.93,    647.73
2026-06-02,06:35:02.866,   71.98,   27.90,   73.10,   28.22,   72.21,   28.48,   69.26,   27.79,   68.67,   27.86,   69.59,   27.59,  424.83,  167.83,     18820,  592.66,   28.60,  104.60,   29.07,  105.11,   28.37,  103.88,   22.36,  103.32,   22.79,  104.26,   22.39,  103.74,  153.57,  624.91,     18800,  778.48,    578.39,    792.74,   1371.14
2026-06-02,06:35:02.917,   37.20,   28.01,   37.42,   28.12,   37.46,   27.96,   36.08,   27.22,   35.60,   27.25,   35.92,   27.23,  219.68,  165.79,     18860,  385.47,   22.53,   52.92,   22.73,   53.17,   21.91,   52.36,   17.98,   51.56,   18.70,   52.32,   18.05,   51.59,  121.90,  313.91,     18880,  435.81,    341.58,    479.70,    821.28
2026-06-02,06:35:02.967,   57.87,   36.49,   58.44,   36.70,   58.66,   37.28,   56.58,   36.34,   56.87,   36.40,   56.67,   36.28,  345.09,  219.49,     18820,  564.58,   70.52,  125.01,   70.09,  124.50,   69.73,  123.69,   64.10,  122.53,   65.31,  123.50,   64.19,  122.62,  403.93,  741.85,     18760, 1145.78,    749.02,    961.34,   1710.36
2026-06-02,06:35:03.017,   38.04,   33.92,   39.53,   35.35,   39.85,   35.49,   35.79,   33.20,   39.06,   36.35,   35.81,   33.26,  228.08,  207.57,     18500,  435.65,   54.41,   93.14,   51.06,   89.99,   50.79,   89.84,   44.32,   87.78,   45.97,   89.46,   45.82,   90.17,  292.37,  540.38,     18540,  832.74,    520.45,    747.95,   1268.40
2026-06-02,06:35:03.067,  101.31,   57.27,  105.72,   60.59,  107.96,   64.02,   99.28,   57.89,  105.79,   64.77,  100.14,   58.23,  620.21,  362.76,     18840,  982.97,   68.82,  105.93,   63.51,  101.04,   57.78,   95.29,   54.81,   93.07,   60.07,   98.18,   59.30,   96.23,  364.27,  589.74,     18760,  954.01,    984.48,    952.50,   1936.98
2026-06-02,06:35:03.117,   72.55,   32.32,   73.78,   32.92,   75.11,   34.59,   70.89,   32.44,   72.54,   34.78,   71.15,   32.44,  436.02,  199.49,     18820,  635.51,   70.43,  105.42,   67.60,  102.93,   65.00,  100.53,   58.05,   97.96,   61.23,  100.74,   59.40,   99.70,  381.71,  607.29,     18800,  989.00,    817.73,    806.78,   1624.50
2026-06-02,06:35:03.168,   60.92,   35.85,   61.40,   35.97,   61.49,   36.41,   59.83,   36.15,   59.60,   36.11,   59.69,   36.01,  362.92,  216.50,     18800,  579.42,   54.61,  122.60,   55.15,  122.63,   53.83,  121.71,   48.54,  121.15,   49.17,  121.97,   48.69,  121.03,  309.99,  731.09,     18820, 1041.08,    672.91,    947.59,   1620.50
2026-06-02,06:35:03.218,   43.12,   30.60,   43.10,   30.54,   43.64,   31.02,   41.21,   29.88,   41.02,   30.10,   41.41,   29.97,  253.51,  182.11,     18880,  435.62,  107.55,  144.74,  109.98,  144.75,  106.56,  143.88,  103.05,  144.08,  104.26,  144.68,  103.40,  144.17,  634.82,  866.32,     80880, 1501.13,    888.33,   1048.43,   1936.76
2026-06-02,06:35:03.267,   63.62,   33.92,   64.04,   33.41,   64.30,   34.01,   60.65,   33.14,   61.30,   34.27,   60.39,   32.68,  374.31,  201.43,     18360,  575.75,   46.53,   77.31,   67.18,   77.32,   46.43,   77.32,   39.13,   72.01,   40.56,   73.88,   41.73,   74.95,  281.57,  452.80,     62460,  734.37,    655.88,    654.23,   1310.11
2026-06-02,06:35:03.317,  175.71,   73.09,  177.50,   72.98,  176.58,   73.47,  170.13,   72.31,  169.30,   72.42,  170.01,   72.17, 1039.23,  436.44,     24060, 1475.66,   81.91,  129.56,   97.65,  130.66,   81.75,  129.38,   77.57,  128.28,   78.61,  129.53,   77.70,  128.56,  495.18,  775.98,     75940, 1271.16,   1534.41,   1212.42,   2746.82
2026-06-02,06:35:03.368,  137.50,   41.30,  139.09,   41.65,  138.86,   42.08,  133.24,   40.50,  133.01,   40.81,  134.10,   40.64,  815.79,  246.97,     18900, 1062.77,   52.50,  122.42,   76.09,  124.08,   52.73,  122.43,   46.00,  120.93,   46.40,  121.36,   45.74,  121.06,  319.44,  732.29,     62900, 1051.73,   1135.24,    979.26,   2114.50
2026-06-02,06:35:03.418,   77.39,   41.54,   77.41,   41.06,   78.01,   41.69,   73.91,   41.17,   73.41,   40.83,   73.52,   41.23,  453.65,  247.52,     23440,  701.17,   46.57,   78.22,   66.31,   80.09,   46.61,   78.67,   41.68,   76.59,   42.78,   77.51,   42.14,   77.16,  286.09,  468.24,     46060,  754.32,    739.74,    715.75,   1455.49
2026-06-02,06:35:03.467,   37.37,   26.07,   39.38,   26.35,   37.72,   26.49,   36.86,   26.09,   36.94,   26.01,   36.61,   25.84,  224.88,  156.84,     18840,  381.72,   69.86,  115.90,   86.95,  123.48,   70.22,  115.57,   67.31,  115.10,   69.07,  117.54,   67.96,  116.90,  431.37,  704.48,    389720, 1135.84,    656.24,    861.32,   1517.56
2026-06-02,06:35:03.518,   64.03,   40.62,   64.14,   39.59,   64.24,   40.39,   59.57,   38.64,   60.01,   39.12,   60.13,   39.01,  372.13,  237.37,     18940,  609.50,   65.63,  132.09,   70.55,  134.46,   65.08,  131.55,   59.88,  129.47,   61.29,  130.99,   61.00,  130.64,  383.43,  789.20,    174980, 1172.62,    755.56,   1026.57,   1782.13
2026-06-02,06:35:03.568,   88.18,   45.00,   89.12,   45.37,   89.57,   46.31,   84.81,   44.78,   83.90,   44.32,   85.03,   44.34,  520.61,  270.12,     18760,  790.74,   34.34,   50.67,   34.60,   51.00,   33.83,   50.12,   31.40,   49.50,   32.08,   49.93,   31.93,   49.96,  198.19,  301.17,     18760,  499.36,    718.80,    571.29,   1290.09
2026-06-02,06:35:03.619,   56.94,   32.38,   56.44,   32.16,   56.69,   32.54,   54.18,   32.04,   53.67,   31.96,   53.58,   31.55,  331.51,  192.63,     18720,  524.14,   28.75,   74.91,   29.06,   75.85,   28.79,   74.89,   24.89,   73.29,   25.89,   74.58,   25.56,   74.39,  162.93,  447.91,     18720,  610.84,    494.44,    640.54,   1134.98
2026-06-02,06:35:03.669,   35.60,   31.65,   34.96,   31.09,   36.12,   32.07,   33.16,   30.78,   33.47,   30.92,   33.67,   30.69,  206.98,  187.21,     18800,  394.19,   28.61,   65.01,   28.78,   64.90,   27.71,   63.84,   24.78,   62.82,   24.69,   63.09,   24.45,   63.11,  159.01,  382.78,     18780,  541.79,    366.00,    569.98,    935.98
2026-06-02,06:35:03.719,   72.79,   38.65,   73.70,   38.96,   73.75,   39.24,   69.98,   37.77,   69.44,   37.28,   70.34,   37.95,  430.01,  229.86,     18388,  659.87,   38.13,   70.95,   38.75,   71.66,   38.06,   70.58,   33.60,   69.28,   34.17,   70.01,   33.86,   69.78,  216.59,  422.26,     18388,  638.85,    646.60,    652.11,   1298.72
2026-06-02,06:35:03.769,   55.98,   31.09,   55.98,   31.29,   56.39,   31.35,   54.81,   31.13,   54.71,   31.42,   54.53,   31.17,  332.41,  187.45,     18774,  519.87,   41.59,  101.93,   41.98,  102.66,   41.39,  101.16,   36.96,  101.48,   37.70,  102.31,   37.51,  102.73,  237.12,  612.27,     18834,  849.39,    569.54,    799.72,   1369.26
2026-06-02,06:35:03.819,   54.54,   23.77,   55.36,   23.89,   55.40,   24.21,   52.00,   22.64,   52.29,   23.02,   52.52,   22.79,  322.11,  140.31,     18820,  462.42,   35.12,   90.09,   35.60,   90.88,   34.99,   90.12,   32.17,   89.13,   32.71,   89.77,   32.44,   89.72,  203.03,  539.71,     18660,  742.74,    525.14,    680.03,   1205.16
2026-06-02,06:35:03.869,   72.88,   32.46,   73.49,   32.55,   73.45,   32.75,   71.33,   32.03,   70.98,   32.34,   71.04,   32.11,  433.17,  194.23,     18640,  627.40,   45.50,  129.56,   45.53,  130.06,   45.30,  129.02,   38.88,  129.06,   39.97,  129.74,   39.18,  129.55,  254.36,  776.99,     18740, 1031.34,    687.53,    971.22,   1658.75
2026-06-02,06:35:03.919,   76.02,   53.18,   77.75,   53.24,   77.24,   53.87,   72.60,   52.73,   72.03,   52.84,   73.50,   53.18,  449.13,  319.04,     18840,  768.17,   64.39,  139.85,   64.73,  140.37,   64.39,  139.37,   57.79,  137.75,   58.23,  138.25,   57.90,  137.99,  367.44,  833.58,     18820, 1201.02,    816.56,   1152.62,   1969.19
2026-06-02,06:35:03.969,   74.79,   24.16,   75.24,   24.03,   75.14,   24.32,   72.86,   23.08,   72.49,   23.04,   73.52,   23.11,  444.04,  141.74,     18780,  585.78,   43.52,   79.69,   44.08,   80.60,   43.82,   79.42,   38.35,   77.75,   39.12,   77.96,   38.07,   77.32,  246.96,  472.75,     18720,  719.71,    691.00,    614.49,   1305.50
2026-06-02,06:35:04.020,   40.47,   27.41,   40.66,   27.63,   40.98,   27.67,   39.32,   27.10,   39.29,   27.30,   39.14,   27.37,  239.86,  164.47,     18760,  404.34,   38.37,  101.79,   38.70,  101.99,   38.35,  101.22,   33.99,  100.71,   34.32,  101.73,   33.77,  101.36,  217.50,  608.81,     18760,  826.31,    457.37,    773.28,   1230.65
2026-06-02,06:35:04.070,   47.91,   26.45,   49.16,   26.75,   48.58,   26.47,   46.11,   25.54,   46.11,   25.75,   46.30,   25.05,  284.18,  156.02,     18820,  440.19,   37.30,   94.71,   37.62,   95.38,   37.75,   95.31,   34.01,   93.69,   34.44,   94.45,   34.23,   93.94,  215.35,  567.48,     18740,  782.83,    499.53,    723.50,   1223.03
2026-06-02,06:35:04.120,   77.77,   35.22,   78.69,   35.54,   78.20,   35.70,   75.81,   34.90,   74.79,   35.21,   75.70,   35.02,  460.95,  211.60,     18780,  672.55,   34.41,  111.17,   35.35,  111.19,   34.38,  110.47,   28.39,  109.59,   29.22,  110.63,   28.99,  109.96,  190.73,  663.00,     18780,  853.73,    651.68,    874.59,   1526.28
2026-06-02,06:35:04.169,   24.15,   17.35,   24.63,   17.48,   24.56,   17.68,   23.75,   17.36,   23.65,   17.37,   24.00,   17.59,  144.74,  104.83,     18420,  249.57,   29.32,   49.13,   29.64,   49.75,   29.27,   49.28,   27.28,   48.77,   27.61,   49.26,   26.90,   48.91,  170.03,  295.12,     18440,  465.15,    314.78,    399.94,    714.72
2026-06-02,06:35:04.220,   14.76,   16.40,   15.28,   16.74,   15.00,   16.59,   14.50,   16.27,   14.54,   16.28,   14.70,   16.44,   88.78,   98.72,     18760,  187.50,   32.69,   97.07,   33.38,   97.50,   33.06,   96.98,   28.82,   96.17,   29.13,   96.64,   28.57,   96.40,  185.65,  580.76,     18720,  766.41,    274.44,    679.48,    953.91
2026-06-02,06:35:04.270,   82.62,   27.77,   83.58,   27.85,   83.25,   28.00,   79.40,   27.10,   78.47,   26.84,   79.72,   26.82,  487.04,  164.39,     18840,  651.42,   24.36,   42.27,   24.80,   42.94,   24.12,   42.29,   22.44,   41.08,   23.24,   41.70,   22.84,   41.23,  141.81,  251.51,     18760,  393.32,    628.85,    415.90,   1044.75
2026-06-02,06:35:04.320,  120.00,   45.19,  120.44,   45.04,  120.34,   45.45,  117.60,   44.52,  117.86,   45.16,  117.71,   45.00,  713.95,  270.36,     18920,  984.31,   54.99,  127.61,   55.36,  128.21,   54.82,  127.26,   49.12,  126.54,   49.11,  127.60,   48.99,  127.14,  312.39,  764.36,     18760, 1076.75,   1026.34,   1034.72,   2061.06
2026-06-02,06:35:04.370,  103.73,   33.52,  104.33,   34.06,  104.18,   34.05,   98.79,   32.89,   98.87,   32.62,   99.37,   32.75,  609.27,  199.89,     18780,  809.17,   46.23,  118.55,   46.52,  119.24,   46.25,  117.90,   40.27,  117.13,   41.27,  117.26,   40.51,  117.51,  261.06,  707.60,     18680,  968.66,    870.33,    907.49,   1777.83
2026-06-02,06:35:04.421,   86.02,   33.56,   87.23,   33.58,   86.58,   33.77,   83.35,   32.67,   82.92,   32.64,   83.27,   32.41,  509.37,  198.64,     18800,  708.00,   19.77,   29.73,   19.79,   29.84,   20.09,   29.90,   18.53,   28.91,   19.47,   29.94,   19.13,   29.48,  116.77,  177.81,     18820,  294.59,    626.14,    376.45,   1002.59
2026-06-02,06:35:04.471,   45.11,   40.75,   44.46,   40.32,   45.57,   40.58,   42.48,   39.65,   42.53,   39.71,   42.30,   39.61,  262.46,  240.63,     18840,  503.10,   38.33,   85.83,   37.87,   85.72,   37.75,   85.27,   32.99,   83.32,   33.49,   83.76,   32.66,   83.19,  213.09,  507.10,     18740,  720.19,    475.55,    747.73,   1223.28
2026-06-02,06:35:04.521,   39.91,   30.43,   39.48,   30.39,   39.81,   30.87,   38.74,   29.94,   38.77,   30.21,   39.04,   29.94,  235.75,  181.77,     18468,  417.52,   32.36,   60.14,   32.38,   59.98,   31.84,   59.82,   29.12,   59.27,   29.63,   59.83,   29.08,   59.84,  184.40,  358.87,     18448,  543.26,    420.14,    540.64,    960.78
2026-06-02,06:35:04.570,  115.70,   47.69,  116.60,   46.93,  116.15,   47.75,  109.77,   45.80,  109.52,   45.66,  110.36,   45.30,  678.10,  279.13,     18774,  957.23,   42.35,   88.11,   42.86,   88.71,   42.26,   87.45,   38.59,   86.15,   39.03,   86.46,   38.50,   85.95,  243.58,  522.83,     18855,  766.41,    921.68,    801.96,   1723.65
2026-06-02,06:35:04.620,   50.39,   37.86,   49.67,   37.50,   50.18,   38.28,   47.25,   37.41,   47.76,   37.43,   47.76,   37.03,  293.00,  225.50,     18780,  518.50,   38.65,   69.93,   38.61,   70.05,   38.03,   69.45,   36.64,   69.17,   36.95,   69.40,   36.74,   69.57,  225.63,  417.57,     18660,  643.20,    518.63,    643.07,   1161.70
2026-06-02,06:35:04.671,   12.95,   21.23,   12.61,   21.55,   13.13,   21.40,   11.70,   20.91,   11.76,   21.15,   11.73,   21.16,   73.88,  127.40,     18640,  201.28,   24.80,   43.96,   25.03,   44.13,   24.69,   43.84,   22.29,   42.71,   22.63,   42.89,   22.41,   43.17,  141.85,  260.70,     18740,  402.55,    215.73,    388.09,    603.83
2026-06-02,06:35:04.721,  114.21,   51.44,  115.22,   51.05,  114.70,   51.33,  110.52,   49.97,  110.10,   49.75,  111.68,   50.16,  676.42,  303.70,     18780,  980.12,   40.72,   79.99,   40.85,   80.41,   40.26,   79.69,   37.45,   78.08,   38.34,   79.30,   37.51,   79.26,  235.13,  476.74,     18780,  711.87,    911.55,    780.43,   1691.98
2026-06-02,06:35:04.771,   58.77,   46.20,   58.09,   45.54,   59.65,   46.30,   55.49,   45.27,   55.66,   45.72,   55.74,   45.57,  343.39,  274.60,     18800,  617.99,   42.06,   79.59,   41.92,   79.84,   41.36,   78.65,   38.50,   77.96,   39.12,   78.96,   38.58,   78.39,  241.54,  473.39,     18800,  714.93,    584.93,    747.99,   1332.92
2026-06-02,06:35:04.821,   66.45,   41.32,   67.51,   41.78,   66.27,   41.34,   62.16,   39.63,   62.54,   39.78,   63.42,   39.93,  388.35,  243.78,     18760,  632.13,   41.19,   84.58,   40.77,   84.09,   40.40,   83.86,   36.70,   82.30,   37.47,   83.02,   36.94,   83.07,  233.48,  500.91,     18760,  734.39,    621.83,    744.68,   1366.52
2026-06-02,06:35:04.872,   57.10,   25.00,   58.41,   24.99,   57.04,   25.11,   56.21,   24.80,   55.46,   24.56,   55.94,   24.70,  340.16,  149.16,     18820,  489.32,   31.00,   72.23,   31.66,   72.63,   30.71,   71.96,   26.33,   71.23,   26.89,   71.88,   26.35,   71.44,  172.95,  431.36,     18760,  604.30,    513.11,    580.52,   1093.63
2026-06-02,06:35:04.922,   36.36,   26.25,   36.66,   26.46,   36.51,   26.30,   35.48,   26.05,   35.31,   26.21,   35.82,   26.43,  216.13,  157.72,     18800,  373.85,   44.95,  112.77,   45.88,  112.96,   45.11,  111.98,   38.99,  111.30,   39.70,  111.95,   39.46,  112.12,  254.09,  673.09,     18800,  927.18,    470.22,    830.80,   1301.02
2026-06-02,06:35:04.971,   32.77,   23.10,   32.60,   23.00,   32.47,   23.16,   31.34,   22.37,   31.87,   22.79,   31.91,   22.91,  192.95,  137.32,     18400,  330.28,   37.90,   90.21,   38.60,   90.65,   38.25,   90.59,   35.01,   90.06,   35.94,   90.42,   35.36,   89.61,  221.06,  541.55,     18400,  762.61,    414.01,    678.87,   1092.88
2026-06-02,06:35:05.022,   25.02,   21.66,   25.16,   21.57,   24.71,   21.51,   23.45,   20.87,   23.74,   20.73,   23.88,   20.59,  145.96,  126.93,     18800,  272.89,   34.10,  104.68,   34.73,  105.56,   34.08,  104.31,   28.50,  103.81,   28.95,  104.33,   28.72,  103.98,  189.07,  626.68,     18740,  815.76,    335.03,    753.61,   1088.64
2026-06-02,06:35:05.072,   23.80,   17.27,   23.90,   17.64,   23.78,   17.53,   23.11,   17.17,   22.98,   16.99,   23.17,   16.99,  140.74,  103.58,     18780,  244.33,   21.66,   33.28,   22.20,   34.05,   21.62,   33.46,   20.71,   32.90,   21.14,   33.21,   20.69,   33.24,  128.02,  200.13,     18760,  328.14,    268.76,    303.71,    572.47
2026-06-02,06:35:05.122,   99.56,   45.95,  101.43,   46.07,  100.67,   46.18,   94.14,   44.81,   94.45,   44.76,   95.23,   44.69,  585.47,  272.46,     18780,  857.93,   53.98,  124.79,   54.86,  125.46,   53.70,  124.65,   47.64,  122.50,   48.70,  123.74,   48.24,  123.43,  307.12,  744.56,     18820, 1051.69,    892.59,   1017.02,   1909.62
2026-06-02,06:35:05.172,   92.81,   31.66,   93.90,   31.21,   92.97,   31.40,   89.60,   30.68,   88.83,   30.70,   89.91,   30.83,  548.01,  186.48,     18800,  734.49,   35.81,   49.21,   36.62,   49.76,   36.14,   48.53,   33.83,   47.55,   34.14,   48.71,   33.85,   48.10,  210.39,  291.86,     18620,  502.25,    758.40,    478.34,   1236.74
2026-06-02,06:35:05.222,   43.98,   23.60,   43.66,   23.83,   44.05,   23.84,   42.42,   23.15,   42.67,   23.64,   42.26,   22.89,  259.05,  140.96,     18620,  400.01,   93.73,  136.66,   93.12,  136.49,   93.72,  137.35,   86.67,  136.63,   87.23,  136.37,   86.74,  136.27,  541.21,  819.77,     58120, 1360.98,    800.26,    960.73,   1760.99
2026-06-02,06:35:05.272,   32.58,   21.16,   32.56,   20.94,   32.42,   20.99,   32.08,   21.37,   32.21,   20.97,   32.04,   21.44,  193.89,  126.89,     18800,  320.78,   42.32,   62.50,   63.59,   63.11,   41.51,   61.76,   40.42,   61.04,   40.58,   60.55,   40.53,   60.58,  268.95,  369.54,     86920,  638.49,    462.84,    496.43,    959.26
2026-06-02,06:35:05.322,  141.18,   61.48,  142.82,   61.57,  141.92,   62.00,  136.43,   60.56,  136.28,   60.78,  136.39,   60.40,  835.02,  366.79,     19800, 1201.81,   50.95,   93.36,   68.75,   93.34,   49.93,   92.59,   43.53,   90.15,   43.94,   91.06,   44.29,   90.96,  301.39,  551.47,     18700,  852.86,   1136.41,    918.25,   2054.66
2026-06-02,06:35:05.372,  177.54,   60.22,  178.84,   60.27,  177.65,   60.39,  170.75,   58.50,  169.67,   58.82,  170.20,   58.31, 1044.65,  356.51,     22740, 1401.16,   84.77,  146.78,   93.50,  147.62,   84.83,  146.80,   77.67,  146.15,   78.75,  146.77,   77.89,  146.03,  497.42,  880.15,    122860, 1377.58,   1542.07,   1236.67,   2778.74
2026-06-02,06:35:05.422,   41.57,   21.05,   42.06,   21.12,   41.90,   21.09,   40.57,   20.98,   40.05,   20.62,   40.76,   20.98,  246.91,  125.84,     18780,  372.75,   45.35,  109.73,   67.21,  111.31,   44.99,  109.71,   40.06,  108.72,   41.04,  109.01,   40.92,  108.87,  279.57,  657.35,     18760,  936.92,    526.48,    783.19,   1309.67
2026-06-02,06:35:05.473,   38.52,   24.94,   39.02,   24.77,   38.47,   24.95,   37.57,   24.39,   37.60,   24.56,   37.37,   24.46,  228.56,  148.06,     23400,  376.61,   49.85,  114.96,   63.06,  116.83,   50.09,  115.42,   44.77,  115.00,   46.10,  115.48,   45.62,  115.59,  299.49,  693.29,     73780,  992.77,    528.04,    841.34,   1369.39
2026-06-02,06:35:05.523,   85.23,   36.15,   88.30,   36.14,   85.86,   36.40,   81.74,   34.61,   81.45,   34.80,   81.83,   34.51,  504.41,  212.60,     19240,  717.01,   74.02,  145.60,   95.00,  154.65,   73.88,  146.15,   67.33,  145.03,   70.23,  147.31,   68.49,  146.29,  448.93,  885.03,    431520, 1333.96,    953.34,   1097.63,   2050.98
2026-06-02,06:35:05.573,   70.64,   39.30,   71.42,   39.16,   71.17,   39.62,   67.16,   38.49,   67.56,   38.75,   67.76,   38.63,  415.71,  233.95,     18700,  649.67,   82.60,  147.34,   97.03,  149.27,   82.53,  146.66,   76.39,  144.94,   77.51,  146.23,   77.33,  145.69,  493.38,  880.13,    227560, 1373.51,    909.09,   1114.09,   2023.18
2026-06-02,06:35:05.623,   36.08,   28.85,   36.28,   28.65,   36.98,   29.04,   34.70,   28.21,   35.27,   28.64,   35.52,   28.62,  214.82,  172.01,     18760,  386.83,   43.51,   75.65,   65.98,   77.54,   43.13,   76.15,   38.52,   74.30,   39.77,   75.20,   39.02,   74.77,  269.93,  453.61,     18700,  723.54,    484.76,    625.61,   1110.37
2026-06-02,06:35:05.672,   73.27,   44.48,   73.27,   43.89,   73.28,   44.84,   67.90,   42.31,   67.80,   43.07,   67.94,   42.27,  423.46,  260.86,     23360,  684.32,   70.55,  132.32,   79.78,  133.40,   71.79,  132.63,   65.46,  130.69,   67.02,  131.26,   66.48,  130.54,  421.08,  790.85,    102860, 1211.94,    844.55,   1051.71,   1896.26
2026-06-02,06:35:05.724,   96.73,   54.04,   97.84,   54.20,   97.09,   54.42,   94.19,   54.00,   93.75,   53.87,   93.92,   53.37,  573.52,  323.90,     19460,  897.42,   77.50,  137.34,   84.73,  141.58,   75.96,  138.06,   69.85,  137.34,   70.96,  137.80,   69.92,  137.69,  448.93,  829.81,    235660, 1278.74,   1022.45,   1153.71,   2176.16
2026-06-02,06:35:05.774,   27.94,   20.14,   28.00,   20.13,   28.06,   20.72,   26.45,   19.52,   27.17,   19.65,   27.19,   19.74,  164.81,  119.89,     18700,  284.70,   34.48,   79.68,   34.98,   80.45,   34.27,   79.73,   31.68,   79.16,   32.35,   79.31,   31.70,   78.99,  199.45,  477.31,     18680,  676.76,    364.26,    597.20,    961.46
2026-06-02,06:35:05.824,   95.75,   33.18,   97.06,   33.09,   96.09,   33.15,   91.54,   31.57,   90.85,   31.83,   91.77,   31.36,  563.06,  194.17,     18780,  757.23,   42.31,  100.28,   42.27,  100.69,   42.13,  100.46,   36.68,   98.87,   37.60,  100.00,   36.97,   99.85,  237.96,  600.15,     18800,  838.11,    801.02,    794.32,   1595.34
2026-06-02,06:35:05.874,   25.14,   23.12,   25.39,   23.24,   25.51,   23.65,   23.82,   22.56,   24.02,   22.77,   23.80,   22.56,  147.68,  137.89,     18780,  285.57,   39.63,  113.12,   40.04,  113.53,   39.52,  112.82,   33.46,  111.42,   34.68,  112.14,   34.02,  112.04,  221.35,  675.06,     18780,  896.41,    369.02,    812.96,   1181.98
2026-06-02,06:35:05.924,   38.85,   27.08,   39.03,   27.18,   39.04,   27.35,   37.70,   26.54,   38.22,   27.11,   37.85,   26.36,  230.70,  161.63,     18420,  392.33,   39.66,   91.37,   39.84,   92.16,   39.16,   91.21,   34.94,   90.92,   35.71,   90.85,   35.02,   91.05,  224.33,  547.57,     18400,  771.90,    455.03,    709.20,   1164.23
2026-06-02,06:35:05.974,   80.96,   27.54,   81.87,   27.97,   81.28,   28.08,   77.88,   27.10,   77.68,   27.14,   78.01,   26.97,  477.68,  164.80,     18840,  642.48,   34.12,   87.81,   34.80,   88.91,   34.18,   88.26,   30.24,   87.00,   30.79,   87.92,   30.80,   87.77,  194.92,  527.67,     18740,  722.59,    672.60,    692.47,   1365.07
2026-06-02,06:35:06.024,   48.71,   30.77,   48.68,   30.26,   49.00,   31.02,   47.03,   29.79,   47.41,   30.46,   47.33,   29.79,  288.16,  182.09,     18860,  470.25,   41.84,   86.10,   42.10,   86.34,   41.65,   85.84,   36.21,   85.73,   36.84,   86.49,   36.45,   86.64,  235.10,  517.15,     18760,  752.25,    523.26,    699.24,   1222.50
2026-06-02,06:35:06.074,   62.55,   18.91,   63.36,   19.30,   63.52,   19.20,   60.67,   17.97,   60.34,   17.96,   60.77,   17.98,  371.22,  111.32,     18660,  482.54,   23.36,   97.06,   23.60,   97.69,   23.10,   96.88,   16.86,   95.35,   18.16,   95.83,   17.70,   95.11,  122.78,  577.91,     18740,  700.69,    494.00,    689.24,   1183.24
2026-06-02,06:35:06.125,   47.39,   30.13,   47.82,   29.91,   47.58,   30.19,   45.77,   29.66,   45.73,   30.09,   45.71,   29.73,  280.01,  179.70,     18800,  459.71,   32.71,   75.87,   32.70,   76.37,   32.28,   75.59,   30.15,   74.61,   30.89,   75.10,   30.43,   75.41,  189.15,  452.94,     18800,  642.09,    469.15,    632.65,   1101.80
2026-06-02,06:35:06.175,   25.24,   17.54,   25.43,   17.85,   25.87,   18.08,   24.25,   17.19,   24.37,   17.40,   24.29,   17.24,  149.44,  105.30,     18800,  254.75,   35.93,   86.19,   36.44,   87.09,   35.90,   86.35,   31.48,   86.11,   32.04,   86.53,   31.66,   86.30,  203.46,  518.57,     18780,  722.02,    352.90,    623.87,    976.77
2026-06-02,06:35:06.224,   74.27,   30.05,   75.42,   30.23,   75.18,   30.33,   71.84,   29.28,   71.72,   29.40,   72.08,   29.17,  440.51,  178.46,     18460,  618.97,   35.18,  105.59,   35.36,  105.94,   35.15,  105.16,   29.73,  104.30,   30.33,  105.11,   30.31,  104.90,  196.06,  631.01,     18320,  827.06,    636.57,    809.47,   1446.04
2026-06-02,06:35:06.275,   63.34,   25.55,   64.52,   25.34,   63.81,   25.56,   61.38,   24.70,   60.75,   24.73,   61.42,   24.70,  375.22,  150.58,     19040,  525.79,   38.50,  113.19,   38.56,  113.39,   38.46,  112.51,   32.81,  111.86,   33.57,  112.04,   33.10,  112.92,  214.99,  675.92,     19120,  890.91,    590.21,    826.50,   1416.71
2026-06-02,06:35:06.325,   72.81,   40.58,   73.26,   40.87,   72.79,   40.63,   70.55,   40.03,   70.86,   40.08,   70.60,   39.88,  430.87,  242.07,     18440,  672.94,   45.33,   81.42,   45.51,   81.56,   44.86,   80.79,   39.71,   80.29,   40.56,   81.20,   40.12,   81.29,  256.08,  486.55,     18480,  742.63,    686.95,    728.62,   1415.57
2026-06-02,06:35:06.374,  174.69,   60.44,  176.19,   60.56,  175.34,   60.97,  166.52,   58.71,  166.15,   58.62,  166.69,   58.88, 1025.57,  358.17,     18800, 1383.74,   54.97,   95.46,   55.27,   96.29,   54.86,   95.89,   50.91,   94.73,   51.83,   95.47,   51.26,   95.16,  319.11,  572.99,     18640,  892.11,   1344.69,    931.17,   2275.85
2026-06-02,06:35:06.426,   69.99,   39.02,   69.86,   38.75,   70.13,   39.30,   67.43,   38.24,   68.10,   38.93,   67.92,   38.27,  413.44,  232.51,     18644,  645.94,   45.02,   97.17,   45.22,   98.37,   44.57,   98.03,   39.97,   97.51,   40.47,   97.76,   40.33,   97.39,  255.58,  586.22,     18763,  841.81,    669.02,    818.73,   1487.75
2026-06-02,06:35:06.476,   21.84,   19.70,   21.63,   19.57,   21.86,   19.67,   21.13,   19.31,   21.49,   19.81,   21.15,   19.46,  129.10,  117.53,     18860,  246.63,   32.63,   94.33,   33.14,   95.01,   32.41,   93.92,   27.86,   92.94,   28.76,   93.24,   28.22,   93.37,  183.03,  562.82,     18740,  745.84,    312.12,    680.35,    992.47
2026-06-02,06:35:06.526,   92.49,   45.37,   93.45,   45.23,   93.96,   46.57,   88.98,   44.45,   88.57,   44.29,   89.22,   44.08,  546.68,  269.99,     18680,  816.68,   47.00,   94.73,   47.40,   94.87,   46.91,   94.34,   41.85,   92.96,   42.17,   94.08,   41.82,   93.23,  267.14,  564.21,     18780,  831.34,    813.82,    834.20,   1648.02
2026-06-02,06:35:06.577,   67.03,   40.42,   67.32,   40.16,   68.55,   41.79,   64.21,   39.77,   64.21,   40.24,   63.42,   39.55,  394.75,  241.94,     18820,  636.68,   53.10,   96.89,   52.57,   97.04,   51.82,   96.00,   49.04,   95.66,   50.31,   96.73,   49.45,   96.31,  306.29,  578.63,     18760,  884.92,    701.03,    820.57,   1521.60
2026-06-02,06:35:06.627,   40.02,   30.29,   39.84,   29.92,   39.62,   29.99,   38.54,   29.02,   38.94,   29.65,   38.47,   29.18,  235.43,  178.04,     18800,  413.47,   30.73,   86.62,   30.67,   87.11,   30.65,   86.56,   26.24,   86.40,   27.14,   86.30,   26.43,   86.92,  171.86,  519.92,     18800,  691.77,    407.29,    697.96,   1105.25
2026-06-02,06:35:06.677,   66.79,   27.25,   67.51,   27.11,   68.21,   28.09,   64.47,   26.06,   64.36,   26.16,   64.76,   26.29,  396.10,  160.97,     18780,  557.08,   40.89,   64.52,   40.81,   65.58,   40.70,   65.45,   37.15,   64.03,   37.64,   64.64,   36.94,   64.36,  234.12,  388.57,     18760,  622.69,    630.22,    549.54,   1179.76
2026-06-02,06:35:06.728,   62.85,   23.75,   63.37,   23.61,   62.80,   23.89,   61.72,   23.51,   60.92,   23.55,   61.41,   23.33,  373.08,  141.64,     18428,  514.72,   32.43,   69.95,   32.73,   69.87,   32.00,   69.53,   29.50,   68.86,   29.97,   69.23,   29.83,   68.76,  186.46,  416.20,     18487,  602.66,    559.54,    557.84,   1117.38
2026-06-02,06:35:06.778,   70.98,   44.25,   71.01,   44.63,   71.42,   45.33,   69.42,   44.20,   69.44,   44.34,   69.14,   43.86,  421.40,  266.61,     18860,  688.01,   94.14,  157.89,   93.36,  158.65,   92.74,  157.17,   84.62,  157.16,   86.08,  157.54,   85.20,  157.16,  536.14,  945.57,     18780, 1481.71,    957.54,   1212.18,   2169.72
2026-06-02,06:35:06.828,   75.42,   30.77,   78.95,   33.19,   78.78,   33.37,   73.98,   31.53,   76.13,   34.10,   73.60,   30.88,  456.85,  193.84,     18800,  650.68,   71.39,  127.47,   68.92,  125.18,   69.62,  125.62,   60.89,  121.21,   61.98,  122.79,   62.17,  123.74,  394.97,  746.00,     18820, 1140.97,    851.82,    939.83,   1791.66
2026-06-02,06:35:06.879,   83.60,   32.26,   92.22,   39.90,   87.84,   36.52,   84.46,   33.99,   91.68,   41.30,   82.12,   30.90,  521.91,  214.86,     18840,  736.77,   49.90,   59.48,   42.16,   52.17,   47.09,   56.35,   36.33,   47.90,   41.36,   52.00,   42.77,   53.88,  259.61,  321.77,     18800,  581.38,    781.52,    536.63,   1318.15
2026-06-02,06:35:06.928,   48.41,   32.18,   50.24,   33.19,   51.92,   35.36,   47.90,   32.60,   48.91,   34.16,   47.37,   32.04,  294.75,  199.53,     18740,  494.28,   81.06,  159.71,   79.06,  158.66,   79.41,  159.28,   69.35,  156.12,   71.47,  157.44,   70.98,  157.83,  451.33,  949.04,     18580, 1400.37,    746.09,   1148.57,   1894.65
2026-06-02,06:35:06.979,   81.01,   35.00,   81.58,   35.39,   81.56,   35.30,   78.05,   34.38,   77.31,   34.22,   78.03,   34.27,  477.54,  208.56,     18740,  686.10,   44.59,   84.02,   44.47,   83.88,   44.65,   83.54,   38.97,   82.27,   39.66,   82.82,   39.12,   82.12,  251.46,  498.64,     18800,  750.11,    729.00,    707.20,   1436.20
2026-06-02,06:35:07.028,   65.61,   26.45,   66.44,   26.48,   66.37,   26.98,   63.81,   26.03,   63.20,   26.21,   63.93,   26.05,  389.36,  158.19,     18760,  547.55,   35.54,   81.93,   35.60,   82.82,   35.06,   82.30,   31.69,   80.99,   32.46,   81.37,   31.77,   81.50,  202.12,  490.90,     18640,  693.01,    591.48,    649.09,   1240.56
2026-06-02,06:35:07.081,   47.00,   26.57,   46.91,   26.61,   46.95,   26.44,   45.56,   26.55,   45.45,   26.75,   45.47,   26.33,  277.34,  159.24,     18640,  436.58,   35.71,   96.89,   36.39,   97.31,   35.49,   96.23,   31.24,   96.60,   31.75,   97.66,   31.51,   97.85,  202.09,  582.54,     18800,  784.63,    479.43,    741.78,   1221.21
2026-06-02,06:35:07.129,   51.74,   45.71,   51.38,   44.99,   51.65,   45.64,   48.15,   44.09,   48.93,   44.70,   48.85,   44.57,  300.70,  269.71,     18680,  570.41,   45.50,  107.34,   46.46,  108.64,   45.45,  107.07,   41.02,  105.36,   41.32,  105.84,   41.50,  106.44,  261.25,  640.70,     18660,  901.95,    561.95,    910.41,   1472.36
2026-06-02,06:35:07.179,   17.13,   21.27,   16.89,   21.06,   17.18,   21.82,   15.92,   21.06,   16.11,   21.18,   15.98,   20.44,   99.21,  126.84,     18740,  226.04,   29.13,   65.66,   29.27,   66.28,   29.03,   65.47,   24.95,   65.31,   25.36,   65.01,   24.89,   65.00,  162.63,  392.73,     18740,  555.36,    261.84,    519.56,    781.40
2026-06-02,06:35:07.229,   62.88,   44.61,   62.68,   43.97,   63.68,   45.08,   58.99,   42.94,   58.94,   43.49,   59.52,   43.34,  366.70,  263.44,     18780,  630.14,  115.42,  157.55,  114.53,  155.67,  112.79,  154.61,  109.30,  153.42,  109.50,  153.77,  108.77,  153.97,  670.31,  928.99,     65760, 1599.29,   1037.01,   1192.43,   2229.44
2026-06-02,06:35:07.279,   92.26,   37.98,   93.15,   38.53,   92.64,   38.69,   89.80,   39.06,   89.01,   38.57,   89.78,   38.66,  546.64,  231.48,     18800,  778.12,   48.66,   88.30,   69.57,   88.50,   48.48,   87.91,   41.76,   86.52,   41.92,   86.87,   43.33,   88.56,  293.73,  526.65,     77680,  820.38,    840.37,    758.14,   1598.50
2026-06-02,06:35:07.328,  131.63,   68.86,  132.77,   68.69,  132.19,   69.58,  128.05,   68.04,  128.66,   68.94,  127.84,   68.42,  781.14,  412.52,     18400, 1193.66,   56.92,  109.19,   73.96,  109.68,   56.57,  108.99,   51.02,  106.55,   51.26,  106.96,   51.57,  107.00,  341.29,  648.37,     18380,  989.67,   1122.44,   1060.89,   2183.33
2026-06-02,06:35:07.379,  118.18,   30.85,  118.66,   31.20,  118.52,   30.98,  114.40,   30.04,  114.05,   29.78,  114.81,   29.38,  698.64,  182.25,     18840,  880.89,   29.34,   37.16,   29.52,   37.63,   29.24,   37.22,   28.23,   36.50,   28.51,   37.20,   28.61,   37.00,  173.44,  222.70,     18920,  396.15,    872.08,    404.95,   1277.03
2026-06-02,06:35:07.429,   68.68,   28.26,   69.88,   28.15,   68.77,   28.71,   66.46,   27.79,   66.42,   28.08,   66.17,   27.51,  406.38,  168.49,     23840,  574.87,   72.92,  116.31,   77.47,  117.23,   73.04,  116.13,   69.48,  115.59,   70.59,  116.15,   70.29,  116.42,  433.78,  697.83,    116280, 1131.61,    840.16,    866.32,   1706.48
2026-06-02,06:35:07.480,   37.66,   25.22,   37.55,   25.05,   37.64,   25.46,   36.51,   25.20,   36.65,   25.18,   36.18,   24.98,  222.20,  151.08,     19000,  373.28,   41.36,  116.34,   64.50,  117.45,   40.71,  115.77,   34.77,  114.12,   35.50,  113.99,   35.12,  113.90,  251.96,  691.58,     26700,  943.53,    474.16,    842.66,   1316.81
2026-06-02,06:35:07.530,   54.15,   41.26,   54.49,   40.88,   54.18,   41.16,   52.18,   40.49,   52.48,   40.75,   52.50,   40.81,  319.99,  245.35,     23380,  565.33,   58.25,  125.32,   74.50,  127.26,   58.22,  125.47,   53.67,  124.69,   54.86,  125.29,   53.65,  124.54,  353.15,  752.56,     84580, 1105.71,    673.14,    997.90,   1671.04
2026-06-02,06:35:07.580,  114.12,   51.28,  117.65,   50.56,  114.54,   51.50,  107.76,   50.09,  106.90,   49.77,  107.52,   49.61,  668.48,  302.81,     19300,  971.29,   78.41,  118.43,  102.66,  129.04,   78.41,  118.53,   72.94,  116.70,   75.42,  119.29,   73.98,  118.39,  481.82,  720.38,    478340, 1202.19,   1150.30,   1023.18,   2173.48
2026-06-02,06:35:07.630,   86.41,   47.26,   87.50,   46.80,   86.96,   47.17,   82.76,   46.05,   82.27,   46.27,   83.11,   45.75,  509.00,  279.31,     18720,  788.31,   65.33,  126.71,   72.29,  130.78,   64.58,  126.86,   59.30,  125.65,   60.58,  126.72,   60.22,  126.29,  382.29,  763.01,    167080, 1145.30,    891.28,   1042.32,   1933.61
2026-06-02,06:35:07.679,   21.89,   20.28,   21.33,   19.82,   22.27,   20.61,   20.30,   19.75,   20.45,   20.07,   20.26,   19.74,  126.51,  120.28,     18580,  246.78,   27.89,   63.94,   28.26,   64.15,   28.22,   63.91,   26.82,   63.60,   27.07,   63.77,   26.86,   64.29,  165.14,  383.67,     18500,  548.81,    291.64,    503.95,    795.59
2026-06-02,06:35:07.731,   48.84,   37.96,   49.01,   38.16,   48.68,   38.16,   47.11,   37.31,   47.32,   37.36,   47.15,   37.40,  288.12,  226.36,     18960,  514.47,   27.83,   64.47,   27.65,   64.98,   27.35,   63.69,   24.03,   62.89,   24.64,   63.36,   23.57,   63.13,  155.07,  382.51,     19040,  537.59,    443.19,    608.87,   1052.06
2026-06-02,06:35:07.781,  119.56,   47.16,  120.75,   47.25,  120.06,   47.56,  114.68,   46.17,  113.68,   46.06,  115.07,   45.99,  703.81,  280.19,     18820,  984.00,   48.06,  114.96,   48.67,  115.68,   47.88,  114.25,   42.37,  113.48,   42.78,  113.72,   42.63,  114.10,  272.39,  686.19,     18800,  958.58,    976.20,    966.39,   1942.58
2026-06-02,06:35:07.830,   65.54,   27.25,   66.41,   27.48,   65.80,   27.65,   64.13,   26.59,   63.18,   26.89,   63.76,   26.78,  388.81,  162.63,     18460,  551.44,   40.66,  113.00,   40.93,  114.04,   40.07,  112.91,   34.32,  112.68,   35.72,  113.18,   34.97,  113.22,  226.68,  679.03,     18380,  905.71,    615.49,    841.66,   1457.15
2026-06-02,06:35:07.881,   28.64,   21.26,   28.50,   21.17,   28.87,   21.64,   28.34,   21.45,   28.32,   21.66,   28.21,   21.40,  170.87,  128.59,     18740,  299.47,   34.33,   94.35,   34.69,   95.05,   33.95,   93.58,   29.78,   93.92,   30.30,   94.22,   29.94,   94.89,  193.01,  566.00,     18800,  759.01,    363.88,    694.60,   1058.48
2026-06-02,06:35:07.931,   26.03,   20.42,   25.93,   20.45,   25.91,   20.58,   25.15,   20.27,   25.22,   20.29,   25.15,   20.30,  153.39,  122.31,     18780,  275.70,   37.31,   77.29,   37.83,   78.03,   37.19,   77.19,   32.11,   75.88,   32.90,   76.17,   32.51,   76.63,  209.86,  461.18,     18820,  671.04,    363.25,    583.49,    946.74
2026-06-02,06:35:07.981,   69.74,   32.55,   69.89,   32.11,   69.94,   32.59,   67.24,   31.41,   67.02,   31.68,   67.47,   31.46,  411.30,  191.78,     18940,  603.09,   47.37,  123.35,   47.49,  123.75,   46.75,  122.83,   40.47,  121.53,   41.38,  122.49,   40.94,  122.31,  264.40,  736.25,     18780, 1000.66,    675.71,    928.04,   1603.75
2026-06-02,06:35:08.032,   62.68,   30.17,   62.81,   30.23,   62.54,   30.22,   61.16,   29.50,   60.43,   29.22,   60.73,   29.41,  370.36,  178.74,     18860,  549.10,   39.83,  107.63,   39.90,  108.57,   39.17,  107.40,   34.35,  106.97,   35.55,  108.02,   34.86,  107.78,  223.66,  646.37,     18820,  870.03,    594.02,    825.12,   1419.13
2026-06-02,06:35:08.080,   32.45,   20.73,   32.23,   20.57,   31.98,   20.55,   31.28,   20.24,   31.43,   20.41,   31.61,   20.46,  190.98,  122.95,     18400,  313.93,   33.14,   86.75,   33.62,   87.27,   32.91,   86.28,   29.78,   85.28,   30.42,   85.99,   29.93,   85.40,  189.79,  516.96,     18320,  706.76,    380.77,    639.92,   1020.68
2026-06-02,06:35:08.132,   54.55,   28.35,   55.07,   28.32,   54.79,   28.34,   51.36,   26.85,   51.35,   27.21,   51.89,   27.31,  319.01,  166.39,     19180,  485.40,   42.31,  106.85,   42.62,  107.23,   41.92,  106.53,   37.24,  106.00,   37.66,  106.64,   37.75,  106.27,  239.51,  639.52,     19140,  879.02,    558.52,    805.90,   1364.42
2026-06-02,06:35:08.181,   90.70,   33.24,   91.88,   33.30,   90.66,   33.02,   87.59,   32.64,   87.39,   32.10,   88.04,   32.12,  536.26,  196.43,     18420,  732.68,   47.91,  117.00,   47.98,  117.29,   47.60,  116.68,   41.11,  115.75,   42.27,  116.73,   41.95,  116.07,  268.82,  699.53,     18320,  968.36,    805.08,    895.96,   1701.04
2026-06-02,06:35:08.232,   43.29,   30.69,   43.03,   30.91,   42.44,   30.52,   40.51,   29.76,   39.85,   29.62,   40.06,   29.84,  249.17,  181.34,     19100,  430.51,   36.00,  101.13,   36.44,  101.44,   35.88,  101.03,   29.49,   99.85,   30.56,  100.42,   30.25,  100.08,  198.61,  603.95,     19140,  802.56,    447.78,    785.29,   1233.07
2026-06-02,06:35:08.282,   31.63,   28.34,   31.45,   28.14,   31.11,   28.28,   29.80,   28.01,   30.05,   28.44,   29.96,   28.25,  184.00,  169.46,     18420,  353.47,   28.19,   51.31,   28.58,   51.71,   28.12,   51.31,   23.89,   50.12,   24.41,   50.34,   23.83,   50.04,  157.02,  304.84,     18440,  461.86,    341.02,    474.31,    815.33
2026-06-02,06:35:08.332,   80.77,   36.50,   81.65,   36.49,   80.64,   36.51,   76.54,   35.73,   76.64,   36.21,   77.11,   36.08,  473.36,  217.51,     19060,  690.87,   28.07,   57.91,   28.60,   57.86,   28.43,   57.90,   24.92,   57.38,   25.67,   58.20,   25.06,   57.16,  160.76,  346.40,     18980,  507.17,    634.12,    563.91,   1198.03
2026-06-02,06:35:08.382,  171.64,   61.93,  171.97,   62.24,  171.48,   62.32,  166.43,   60.80,  166.77,   60.95,  166.44,   60.79, 1014.73,  369.03,     18820, 1383.76,   32.18,   89.42,   32.73,   89.21,   32.38,   89.11,   25.73,   88.02,   26.85,   89.01,   26.27,   88.13,  176.14,  532.89,     18780,  709.03,   1190.88,    901.92,   2092.80
2026-06-02,06:35:08.432,   61.95,   43.28,   61.81,   43.06,   61.78,   43.00,   59.44,   42.06,   59.56,   42.52,   59.88,   42.17,  364.42,  256.08,     18480,  620.50,   26.94,   77.51,   26.65,   77.08,   26.18,   76.50,   21.49,   75.27,   22.07,   76.12,   21.67,   75.89,  145.00,  458.36,     18400,  603.37,    509.42,    714.44,   1223.86
2026-06-02,06:35:08.482,   35.06,   33.16,   34.88,   33.13,   35.66,   33.22,   34.40,   32.50,   34.08,   33.09,   34.42,   33.13,  208.50,  198.23,     18680,  406.73,   27.62,   54.01,   27.89,   54.14,   27.19,   54.06,   23.04,   53.06,   23.40,   53.41,   23.02,   53.00,  152.15,  321.67,     18740,  473.82,    360.65,    519.90,    880.55
2026-06-02,06:35:08.532,   58.14,   37.96,   58.57,   38.25,   58.53,   38.13,   55.18,   36.73,   55.08,   36.80,   55.63,   36.59,  341.14,  224.46,     18740,  565.60,   25.18,   78.05,   25.46,   77.68,   25.09,   77.15,   20.98,   77.09,   21.85,   78.19,   21.22,   77.36,  139.78,  465.53,     18800,  605.31,    480.92,    689.99,   1170.90
2026-06-02,06:35:08.582,   84.65,   59.71,   84.25,   58.98,   85.04,   59.93,   80.57,   58.87,   80.43,   59.01,   80.85,   58.91,  495.80,  355.40,     18800,  851.20,   36.13,   87.54,   36.65,   88.16,   36.43,   87.37,   31.19,   85.72,   31.60,   86.39,   31.09,   85.78,  203.09,  520.96,     18720,  724.04,    698.89,    876.35,   1575.24
2026-06-02,06:35:08.633,   46.95,   39.49,   46.73,   39.33,   47.03,   39.69,   44.43,   38.38,   44.75,   38.92,   44.51,   38.68,  274.40,  234.50,     18780,  508.90,   25.99,   72.44,   26.23,   72.41,   25.83,   72.01,   21.82,   71.23,   22.14,   71.85,   22.01,   71.86,  144.02,  431.79,     18800,  575.82,    418.43,    666.29,   1084.72
2026-06-02,06:35:08.684,   31.77,   46.38,   31.44,   46.35,   31.87,   46.47,   28.89,   45.14,   28.88,   45.50,   29.21,   45.09,  182.06,  274.93,     18760,  456.99,   17.74,   35.65,   17.91,   36.01,   17.34,   35.19,   14.23,   35.05,   14.58,   35.16,   13.86,   35.08,   95.66,  212.15,     18780,  307.81,    277.72,    487.08,    764.80
2026-06-02,06:35:08.732,  107.21,   73.30,  107.85,   73.24,  107.53,   73.14,  102.57,   71.30,  102.22,   71.70,  103.28,   71.86,  630.66,  434.53,     18740, 1065.19,   35.18,   74.00,   35.31,   74.39,   34.92,   74.06,   30.54,   72.72,   31.22,   73.60,   31.33,   73.05,  198.49,  441.82,     18600,  640.31,    829.14,    876.35,   1705.49
2026-06-02,06:35:08.783,   93.17,   44.81,   92.84,   44.40,   92.05,   44.43,   87.60,   43.13,   87.84,   43.67,   87.72,   43.38,  541.23,  263.82,     18780,  805.04,   27.99,   81.38,   28.30,   81.71,   28.33,   80.96,   23.37,   80.05,   23.90,   80.31,   23.44,   80.39,  155.33,  484.79,     18800,  640.13,    696.56,    748.61,   1445.17
2026-06-02,06:35:08.833,   41.75,   35.25,   42.36,   34.98,   41.84,   35.03,   40.25,   34.21,   40.13,   34.47,   40.23,   34.32,  246.55,  208.28,     18800,  454.83,   29.42,   94.34,   30.06,   95.12,   29.00,   93.86,   23.43,   93.74,   23.99,   94.22,   23.89,   94.21,  159.79,  565.50,     18780,  725.29,    406.35,    773.77,   1180.12
2026-06-02,06:35:08.883,   40.66,   31.41,   40.30,   31.29,   40.68,   31.60,   39.30,   31.23,   39.70,   31.32,   39.27,   30.98,  239.91,  187.82,     18800,  427.74,   23.11,   29.43,   23.27,   30.12,   23.28,   29.48,   20.78,   28.75,   21.40,   29.39,   20.72,   28.86,  132.56,  176.02,     18820,  308.59,    372.48,    363.85,    736.33
2026-06-02,06:35:08.934,   28.49,   26.17,   28.42,   26.42,   28.32,   26.13,   28.04,   25.81,   28.19,   26.27,   27.91,   26.13,  169.36,  156.93,     18760,  326.29,   27.41,   91.11,   27.18,   90.37,   26.56,   90.24,   21.02,   89.38,   21.43,   89.88,   21.20,   89.54,  144.80,  540.52,     18760,  685.32,    314.16,    697.45,   1011.61
2026-06-02,06:35:08.983,   92.66,   49.32,   93.26,   49.01,   92.91,   49.06,   89.23,   47.73,   89.16,   48.21,   88.93,   48.09,  546.16,  291.42,     18440,  837.58,   19.71,   70.73,   20.23,   71.55,   20.24,   71.14,   15.51,   69.57,   15.90,   70.43,   15.30,   69.65,  106.89,  423.08,     18420,  529.97,    653.05,    714.50,   1367.55
2026-06-02,06:35:09.033,   18.22,   22.95,   18.20,   22.89,   18.05,   22.84,   17.14,   22.58,   17.36,   22.92,   17.26,   22.53,  106.23,  136.70,     18840,  242.93,   19.67,   51.08,   19.71,   51.08,   19.51,   50.98,   14.59,   49.81,   15.01,   50.12,   14.72,   49.95,  103.22,  303.02,     18760,  406.24,    209.45,    439.73,    649.17
2026-06-02,06:35:09.084,   76.00,   55.01,   76.47,   54.78,   76.07,   54.82,   71.85,   53.20,   71.26,   53.46,   71.53,   53.13,  443.19,  324.39,     18760,  767.58,   27.94,   85.40,   28.41,   85.68,   27.97,   84.76,   22.87,   85.02,   23.21,   85.32,   23.01,   85.07,  153.40,  511.26,     18800,  664.66,    596.59,    835.65,   1432.24
2026-06-02,06:35:09.134,   58.05,   40.71,   58.21,   40.98,   58.19,   41.00,   56.47,   40.45,   55.97,   40.58,   56.06,   40.11,  342.94,  243.82,     18800,  586.77,   32.04,   71.34,   31.88,   71.23,   31.99,   71.00,   29.51,   70.60,   30.48,   71.09,   30.06,   70.94,  185.96,  426.20,     18780,  612.16,    528.90,    670.03,   1198.93
2026-06-02,06:35:09.184,   25.17,   26.07,   25.49,   26.44,   25.14,   26.58,   24.50,   26.13,   24.43,   26.22,   24.44,   26.20,  149.16,  157.64,     18760,  306.81,   22.53,   86.45,   22.73,   86.50,   22.81,   86.29,   17.76,   85.51,   17.95,   86.08,   17.31,   85.93,  121.09,  516.76,     18760,  637.85,    270.25,    674.41,    944.66
2026-06-02,06:35:09.234,   36.13,   34.31,   35.98,   33.87,   36.24,   34.28,   31.75,   33.06,   31.96,   33.28,   31.88,   32.94,  203.92,  201.75,     18480,  405.67,  116.88,  113.69,  117.03,  114.22,  119.44,  116.04,  113.31,  113.57,  112.25,  112.76,  112.81,  113.24,  691.72,  683.51,     36420, 1375.23,    895.64,    885.26,   1780.91
2026-06-02,06:35:09.283,   81.89,   42.34,   81.85,   41.75,   82.01,   42.48,   79.05,   41.59,   79.76,   42.08,   79.55,   41.31,  484.10,  251.55,     18780,  735.65,   51.20,   91.12,   62.68,   90.56,   50.08,   90.09,   44.13,   88.65,   44.21,   88.41,   44.32,   88.89,  296.63,  537.72,    104080,  834.34,    780.73,    789.26,   1569.99
2026-06-02,06:35:09.334,   86.58,   47.89,   87.15,   48.20,   86.43,   48.32,   83.81,   47.20,   83.66,   47.66,   83.63,   47.44,  511.25,  286.70,     22140,  797.95,   23.95,   55.42,   43.67,   56.28,   23.42,   55.48,   18.31,   53.04,   18.65,   53.39,   18.94,   53.92,  146.95,  327.53,     18860,  474.48,    658.20,    614.23,   1272.43
2026-06-02,06:35:09.385,  208.21,   98.83,  210.14,   98.82,  209.83,   99.18,  198.79,   96.25,  199.13,   96.79,  200.17,   97.16, 1226.27,  587.02,     20700, 1813.30,   95.43,  137.58,  112.97,  138.18,   95.87,  136.94,   88.23,  132.70,   89.21,  133.79,   88.01,  132.94,  569.72,  812.13,    124420, 1381.85,   1795.99,   1399.15,   3195.14
2026-06-02,06:35:09.435,   94.52,   61.52,   94.48,   60.85,   94.15,   61.70,   90.09,   60.14,   89.60,   60.65,   90.00,   59.87,  552.84,  364.72,     18740,  917.56,   26.00,   60.11,   48.57,   61.31,   25.74,   59.96,   22.60,   59.08,   23.15,   59.42,   22.31,   58.97,  168.36,  358.84,     18680,  527.20,    721.20,    723.56,   1444.77
2026-06-02,06:35:09.485,   39.94,   42.82,   41.18,   42.01,   40.22,   42.76,   38.90,   42.50,   38.99,   42.67,   38.65,   42.11,  237.89,  254.87,     23920,  492.75,   57.42,   84.70,   73.01,   90.97,   57.39,   84.36,   54.88,   84.78,   56.34,   86.05,   54.69,   85.29,  353.73,  516.15,    336920,  869.88,    591.61,    771.01,   1362.63
2026-06-02,06:35:09.535,   92.87,   58.69,   96.27,   58.40,   93.03,   58.13,   87.80,   56.18,   87.88,   57.30,   88.17,   56.68,  546.02,  345.37,     18680,  891.40,   66.78,   96.67,   88.90,  106.28,   66.74,   96.25,   63.96,   96.74,   67.00,   99.57,   65.22,   97.83,  418.60,  593.34,    456460, 1011.94,    964.62,    938.71,   1903.33
2026-06-02,06:35:09.585,   47.52,   52.16,   47.71,   51.99,   48.22,   52.36,   45.54,   51.62,   45.31,   51.78,   44.74,   50.92,  279.06,  310.84,     18720,  589.90,   65.25,  118.53,   81.24,  120.45,   64.88,  118.42,   59.63,  118.25,   60.33,  118.31,   59.71,  118.04,  391.04,  711.99,    179240, 1103.03,    670.09,   1022.83,   1692.93
2026-06-02,06:35:09.635,   45.77,   49.52,   45.78,   48.90,   45.68,   49.51,   43.95,   48.37,   44.19,   48.98,   43.80,   48.19,  269.17,  293.47,     18720,  562.64,   25.84,   59.10,   48.36,   60.06,   25.75,   58.21,   22.36,   57.84,   22.92,   58.63,   22.04,   58.08,  167.29,  351.93,     18680,  519.21,    436.46,    645.40,   1081.85
2026-06-02,06:35:09.685,   93.41,   56.03,   95.47,   56.02,   94.46,   55.93,   89.70,   53.95,   89.68,   54.48,   90.32,   54.09,  553.04,  330.49,     23840,  883.54,   56.59,   90.83,   67.83,   93.90,   56.92,   91.36,   53.17,   91.25,   54.43,   91.82,   52.80,   91.16,  341.76,  550.32,    202380,  892.08,    894.80,    880.82,   1775.62
2026-06-02,06:35:09.735,   81.50,   63.70,   82.88,   63.48,   81.80,   63.84,   76.74,   62.13,   75.65,   62.12,   75.80,   62.02,  474.37,  377.30,     21340,  851.67,   74.16,   95.18,   86.16,   99.29,   74.00,   95.15,   68.08,   92.89,   70.22,   95.04,   68.92,   93.83,  441.53,  571.38,    303560, 1012.91,    915.91,    948.68,   1864.58
2026-06-02,06:35:09.786,   85.19,   60.11,   86.28,   59.75,   86.14,   60.52,   80.89,   58.79,   80.98,   59.02,   81.38,   58.87,  500.86,  357.05,     20400,  857.91,   62.54,  123.87,   70.34,  126.93,   62.62,  123.89,   56.63,  123.55,   57.53,  124.58,   56.98,  123.33,  366.65,  746.16,    214580, 1112.81,    867.50,   1103.22,   1970.72
2026-06-02,06:35:09.835,   76.09,   42.25,   78.11,   42.45,   76.81,   42.33,   74.17,   41.76,   73.89,   41.71,   74.08,   41.52,  453.16,  252.02,     22360,  705.18,   61.24,  112.66,   70.99,  116.18,   60.99,  112.45,   56.42,  111.99,   57.90,  113.49,   57.08,  112.70,  364.61,  679.46,    325260, 1044.07,    817.77,    931.48,   1749.25
2026-06-02,06:35:09.885,   59.90,   49.89,   61.97,   49.64,   60.61,   50.06,   56.90,   48.73,   56.68,   49.00,   56.86,   48.61,  352.93,  295.93,     21180,  648.86,   69.98,  116.08,   86.96,  122.27,   69.49,  115.35,   64.44,  115.41,   65.77,  116.40,   65.32,  115.86,  421.97,  701.38,    384580, 1123.35,    774.89,    997.31,   1772.21
2026-06-02,06:35:09.935,   66.31,   50.64,   68.74,   50.41,   67.08,   51.12,   63.06,   49.99,   62.12,   49.72,   62.35,   49.67,  389.67,  301.56,     18660,  691.23,   63.89,  115.94,   91.37,  125.53,   63.49,  115.17,   58.27,  114.58,   60.41,  116.62,   59.52,  115.73,  396.94,  703.58,    424920, 1100.52,    786.61,   1005.14,   1791.75
2026-06-02,06:35:09.985,   83.75,   52.30,   86.63,   52.61,   84.45,   52.63,   80.51,   51.82,   79.53,   51.72,   80.07,   51.83,  494.94,  312.91,     19720,  807.86,   62.92,  114.85,   86.98,  123.79,   62.09,  114.51,   57.79,  113.91,   59.35,  116.01,   58.57,  114.96,  387.70,  698.02,    468940, 1085.72,    882.65,   1010.94,   1893.58
2026-06-02,06:35:10.036,   63.95,   48.31,   66.25,   48.75,   64.86,   48.53,   61.16,   47.36,   60.66,   47.53,   61.17,   47.64,  378.05,  288.12,     20280,  666.16,   72.05,  124.63,   93.11,  130.35,   71.22,  124.02,   66.45,  123.15,   67.48,  124.09,   66.87,  123.48,  437.19,  749.72,    359200, 1186.91,    815.24,   1037.84,   1853.07
2026-06-02,06:35:10.085,   66.57,   53.81,   65.71,   53.14,   66.94,   54.25,   62.88,   52.77,   63.07,   53.26,   62.66,   52.78,  387.84,  320.01,     18680,  707.85,   34.57,   83.18,   56.67,   83.91,   34.55,   82.64,   29.13,   81.37,   29.42,   81.89,   28.64,   81.59,  212.98,  494.58,     18600,  707.56,    600.82,    814.59,   1415.41
2026-06-02,06:35:10.137,   44.18,   53.72,   43.48,   52.99,   43.80,   53.78,   41.73,   52.51,   42.17,   53.02,   40.79,   51.99,  256.16,  318.01,     24180,  574.17,   43.22,   72.89,   57.65,   74.71,   43.25,   72.59,   40.07,   72.40,   40.84,   73.34,   39.65,   72.39,  264.68,  438.32,    131320,  703.00,    520.84,    756.33,   1277.18
2026-06-02,06:35:10.186,   98.62,   57.37,  100.03,   57.36,   99.68,   57.79,   95.23,   56.41,   94.96,   56.73,   94.54,   55.97,  583.05,  341.64,     21320,  924.68,   54.80,   80.70,   61.70,   83.99,   54.23,   80.94,   50.71,   81.38,   51.88,   82.11,   50.77,   81.98,  324.09,  491.10,    256720,  815.19,    907.14,    832.74,   1739.87
2026-06-02,06:35:10.236,   87.03,   56.13,   87.46,   55.83,   87.40,   56.23,   81.95,   54.59,   81.29,   55.30,   81.51,   54.79,  506.63,  332.87,     18580,  839.50,   24.64,   50.77,   24.86,   50.92,   24.53,   50.39,   21.04,   49.15,   21.39,   49.38,   21.32,   48.88,  137.78,  299.49,     18700,  437.27,    644.41,    632.36,   1276.77
2026-06-02,06:35:10.287,   37.73,   42.64,   37.70,   42.59,   37.89,   42.85,   35.83,   42.04,   36.26,   41.89,   35.98,   41.89,  221.38,  253.89,     18840,  475.27,   26.86,   76.32,   26.64,   76.78,   26.45,   76.49,   21.25,   76.30,   21.75,   76.60,   21.13,   76.18,  144.08,  458.66,     18760,  602.74,    365.46,    712.55,   1078.01
2026-06-02,06:35:10.337,   51.44,   43.51,   51.60,   44.16,   51.74,   44.19,   50.60,   43.49,   51.39,   43.94,   50.64,   43.64,  307.41,  262.93,     18740,  570.34,   29.03,   63.19,   28.83,   62.56,   28.98,   62.48,   26.78,   62.00,   27.02,   62.63,   26.62,   61.79,  167.26,  374.66,     18680,  541.92,    474.67,    637.59,   1112.26
2026-06-02,06:35:10.387,  163.17,   59.09,  164.19,   59.26,  163.81,   59.14,  159.08,   57.46,  157.58,   57.72,  158.05,   57.03,  965.87,  349.71,     18780, 1315.57,   27.53,   80.25,   27.30,   80.37,   27.61,   80.29,   22.24,   79.88,   22.87,   80.43,   22.44,   80.12,  149.98,  481.35,     18760,  631.33,   1115.85,    831.06,   1946.90
2026-06-02,06:35:10.437,   65.33,   35.17,   65.79,   35.40,   65.62,   35.39,   64.19,   34.40,   63.38,   34.47,   64.19,   34.48,  388.50,  209.30,     18760,  597.80,   23.97,   30.34,   23.61,   30.18,   23.55,   30.29,   21.04,   29.11,   21.96,   29.74,   21.23,   29.34,  135.37,  179.01,     18780,  314.39,    523.87,    388.32,    912.19
2026-06-02,06:35:10.487,   71.63,   45.86,   72.32,   46.36,   71.52,   45.90,   68.60,   44.64,   68.50,   45.50,   68.80,   44.78,  421.37,  273.03,     18880,  694.40,   30.67,   89.00,   31.19,   89.04,   31.12,   89.83,   23.72,   88.23,   24.50,   89.28,   24.40,   88.94,  165.60,  534.32,     18740,  699.92,    586.97,    807.35,   1394.32
2026-06-02,06:35:10.538,   30.84,   32.31,   30.75,   32.47,   30.83,   32.38,   29.98,   32.38,   30.13,   32.41,   29.97,   32.19,  182.50,  194.14,     18780,  376.63,   21.02,   57.38,   21.33,   57.63,   20.92,   56.34,   16.24,   55.11,   16.97,   55.14,   16.36,   55.04,  112.84,  336.65,     18780,  449.49,    295.34,    530.78,    826.12
2026-06-02,06:35:10.587,   81.19,   66.65,   80.80,   65.80,   82.16,   67.25,   77.99,   65.40,   77.67,   65.74,   77.74,   65.32,  477.56,  396.17,     18400,  873.73,   79.93,   93.60,   79.62,   93.54,   79.42,   93.62,   75.09,   91.45,   75.43,   92.10,   74.90,   91.61,  464.40,  555.92,     18420, 1020.32,    941.96,    952.09,   1894.05
2026-06-02,06:35:10.637,  109.12,   64.00,  109.24,   62.91,  112.49,   66.82,  104.05,   62.87,  104.93,   64.64,  102.38,   60.81,  642.20,  382.04,     18780, 1024.24,   51.89,   93.68,   50.46,   92.34,   48.77,   90.52,   42.38,   88.28,   44.09,   89.69,   43.02,   88.64,  280.61,  543.15,     18600,  823.76,    922.81,    925.19,   1848.01
2026-06-02,06:35:10.687,   51.29,   45.58,   47.00,   41.38,   53.91,   48.10,   50.34,   45.71,   54.25,   49.88,   49.03,   44.42,  305.82,  275.08,     18940,  580.89,   61.23,   63.12,   56.77,   59.38,   53.31,   55.74,   52.31,   56.67,   54.37,   58.76,   51.51,   56.28,  329.49,  349.95,     19080,  679.45,    635.31,    625.03,   1260.34
2026-06-02,06:35:10.737,   86.74,   52.33,   87.47,   52.38,   87.05,   52.72,   83.73,   50.41,   83.32,   51.15,   83.81,   50.97,  512.11,  309.96,     18580,  822.07,   59.09,  107.69,   59.32,  108.55,   58.62,  107.61,   51.71,  105.98,   53.44,  106.29,   52.72,  105.96,  334.89,  642.07,     18560,  976.96,    847.00,    952.03,   1799.03
2026-06-02,06:35:10.788,   71.81,   47.99,   72.55,   47.67,   72.93,   48.36,   70.75,   47.27,   70.41,   48.27,   70.69,   47.54,  429.14,  287.09,     18840,  716.24,   35.78,   95.79,   35.45,   95.61,   35.57,   96.39,   28.64,   95.24,   29.67,   95.41,   29.12,   94.87,  194.24,  573.32,     18800,  767.55,    623.38,    860.41,   1483.79
2026-06-02,06:35:10.838,   67.31,   41.09,   67.85,   41.32,   67.53,   41.46,   64.22,   40.46,   64.82,   41.06,   65.06,   40.80,  396.79,  246.18,     18920,  642.97,   26.22,   84.81,   26.16,   85.07,   25.82,   84.97,   20.53,   84.74,   21.09,   84.35,   20.73,   84.18,  140.55,  508.12,     18860,  648.66,    537.33,    754.30,   1291.63
2026-06-02,06:35:10.888,   29.09,   28.54,   29.25,   28.47,   29.36,   28.47,   28.60,   28.09,   28.93,   28.46,   28.72,   28.23,  173.94,  170.27,     18440,  344.21,   22.72,   46.16,   22.56,   46.20,   22.66,   46.21,   18.70,   45.26,   19.20,   45.95,   18.53,   45.45,  124.38,  275.23,     18480,  399.61,    298.32,    445.50,    743.82
2026-06-02,06:35:10.938,   74.82,   41.76,   75.55,   41.59,   75.24,   41.69,   71.39,   39.96,   71.19,   40.35,   71.45,   40.04,  439.65,  245.38,     18800,  685.03,   24.77,   52.03,   24.78,   52.11,   24.37,   52.28,   22.11,   51.73,   22.80,   51.69,   22.45,   51.33,  141.29,  311.18,     18760,  452.46,    580.94,    556.56,   1137.50
2026-06-02,06:35:10.988,   75.26,   48.04,   75.45,   47.88,   75.36,   47.97,   72.06,   46.65,   72.24,   47.64,   71.92,   47.02,  442.29,  285.20,     18820,  727.49,   29.47,   91.05,   29.61,   91.83,   29.59,   91.54,   23.34,   91.15,   23.65,   91.05,   23.24,   90.86,  158.90,  547.49,     18880,  706.39,    601.19,    832.69,   1433.88
2026-06-02,06:35:11.039,   53.90,   34.89,   53.88,   34.75,   54.34,   35.23,   52.79,   35.00,   52.20,   35.33,   52.16,   34.90,  319.27,  210.09,     18780,  529.36,   18.30,   42.91,   18.16,   43.19,   17.93,   43.13,   13.19,   42.24,   13.97,   42.38,   13.50,   41.91,   95.06,  255.76,     18800,  350.82,    414.33,    465.85,    880.17
2026-06-02,06:35:11.089,   66.69,   44.24,   67.16,   44.37,   66.89,   44.66,   63.03,   43.49,   62.93,   43.73,   63.30,   43.75,  390.00,  264.24,     18800,  654.24,   22.69,   58.16,   23.07,   58.37,   22.93,   58.07,   19.73,   56.69,   20.25,   57.08,   19.65,   57.11,  128.31,  345.48,     18760,  473.79,    518.32,    609.72,   1128.03
2026-06-02,06:35:11.138,   25.69,   25.39,   26.16,   25.44,   26.05,   25.29,   24.63,   24.84,   25.05,   25.06,   25.10,   25.09,  152.68,  151.10,     18440,  303.79,   32.46,   84.81,   32.42,   84.75,   32.09,   84.45,   27.38,   83.82,   28.07,   84.87,   27.33,   84.10,  179.76,  506.79,     18480,  686.55,    332.44,    657.89,    990.33
2026-06-02,06:35:11.193,   74.90,   49.75,   76.09,   49.95,   75.71,   49.87,   72.13,   48.30,   72.04,   49.08,   72.15,   48.79,  443.02,  295.74,     18780,  738.76,   36.70,   88.57,   36.54,   87.67,   36.42,   88.22,   30.43,   86.87,   30.87,   87.07,   30.77,   86.24,  201.73,  524.63,     18780,  726.36,    644.76,    820.37,   1465.13
2026-06-02,06:35:11.240,  101.97,   46.84,  101.89,   45.58,  100.64,   45.34,   93.03,   41.97,   93.03,   42.77,   93.93,   42.19,  584.49,  264.68,     18900,  849.18,  141.88,  157.69,  157.07,  174.74,  156.04,  174.13,  142.69,  165.88,  132.80,  155.41,  136.84,  159.97,  867.32,  987.82,     36720, 1855.14,   1451.81,   1252.51,   2704.32
2026-06-02,06:35:11.289,   51.01,   30.77,   51.54,   30.52,   51.04,   30.49,   49.50,   30.37,   49.23,   30.55,   48.89,   30.13,  301.21,  182.82,     18700,  484.04,   46.05,   60.13,   63.38,   60.39,   45.60,   59.90,   44.18,   58.47,   43.93,   58.24,   43.69,   58.04,  286.82,  355.17,    102520,  641.99,    588.04,    537.99,   1126.03
2026-06-02,06:35:11.337,   52.12,   35.75,   53.27,   36.06,   51.63,   35.67,   50.35,   35.64,   49.59,   35.38,   50.10,   35.38,  307.06,  213.89,     18420,  520.95,   30.60,   56.02,   52.36,   56.71,   30.52,   55.78,   22.57,   53.96,   22.85,   53.89,   23.39,   54.58,  182.29,  330.94,     18320,  513.23,    489.36,    544.82,   1034.18
2026-06-02,06:35:11.389,  237.17,  122.03,  238.97,  122.19,  239.23,  123.68,  229.04,  121.30,  228.52,  121.63,  228.64,  121.19, 1401.57,  732.02,     24260, 2133.59,   99.96,  161.78,  118.23,  163.92,   99.67,  162.81,   92.68,  161.44,   94.47,  162.98,   92.86,  162.00,  597.88,  974.93,    124540, 1572.81,   1999.45,   1706.95,   3706.40
2026-06-02,06:35:11.439,   84.29,   45.58,   85.49,   45.44,   84.68,   45.27,   82.52,   44.81,   81.99,   45.58,   81.96,   44.60,  500.93,  271.29,     18600,  772.23,   26.86,   57.34,   49.43,   58.00,   26.59,   56.07,   21.38,   54.29,   22.29,   54.62,   21.24,   54.03,  167.78,  334.33,     18600,  502.11,    668.71,    605.63,   1274.34
2026-06-02,06:35:11.489,   47.20,   38.84,   49.43,   38.82,   47.39,   38.30,   46.12,   38.12,   45.93,   38.18,   45.63,   37.70,  281.71,  229.96,     23840,  511.68,   60.09,  113.02,   78.73,  120.08,   60.69,  112.98,   54.31,  111.45,   56.56,  113.44,   54.98,  112.54,  365.36,  683.50,    347040, 1048.86,    647.07,    913.47,   1560.54
2026-06-02,06:35:11.539,   66.85,   74.35,   69.48,   73.81,   67.67,   74.95,   63.63,   73.28,   63.85,   74.26,   63.79,   74.03,  395.27,  444.68,     18740,  839.95,   82.74,  117.43,  109.37,  128.78,   82.69,  116.97,   78.97,  116.64,   81.83,  119.98,   80.02,  118.41,  515.61,  718.21,    491000, 1233.83,    910.88,   1162.89,   2073.77
2026-06-02,06:35:11.589,   83.11,   58.64,   83.72,   57.88,   83.68,   58.54,   78.59,   56.30,   78.52,   56.55,   78.64,   56.41,  486.26,  344.31,     18720,  830.57,   73.66,  113.48,   86.05,  115.21,   73.60,  113.06,   70.05,  112.63,   71.05,  113.48,   70.53,  113.44,  444.94,  681.31,    231600, 1126.25,    931.20,   1025.63,   1956.82
2026-06-02,06:35:11.640,  117.95,   67.73,  119.32,   67.72,  119.12,   67.89,  113.44,   66.47,  112.92,   67.01,  113.22,   66.80,  695.98,  403.62,     18700, 1099.60,   33.83,   63.21,   56.55,   64.16,   33.42,   62.82,   29.38,   61.56,   29.60,   61.78,   28.73,   61.85,  211.50,  375.39,     18680,  586.89,    907.48,    779.01,   1686.49
2026-06-02,06:35:11.690,   60.77,   54.24,   60.75,   54.10,   60.72,   54.55,   56.53,   53.25,   56.79,   53.72,   55.98,   53.14,  351.55,  323.00,     23920,  674.55,   52.41,   72.24,   65.91,   74.41,   52.59,   72.04,   49.50,   71.28,   50.28,   71.68,   49.65,   71.70,  320.34,  433.35,    176780,  753.68,    671.89,    756.35,   1428.23
2026-06-02,06:35:11.740,   52.99,   56.38,   52.33,   55.58,   52.94,   56.34,   51.18,   55.20,   51.31,   55.84,   50.65,   54.60,  311.40,  333.94,     18760,  645.33,   39.75,   88.03,   42.70,   89.38,   39.54,   87.96,   34.78,   87.07,   35.58,   87.26,   35.23,   87.20,  227.57,  526.90,     89480,  754.48,    538.97,    860.84,   1399.81
2026-06-02,06:35:11.790,   45.06,   48.71,   45.52,   48.34,   45.98,   48.49,   44.27,   47.48,   43.94,   47.92,   44.41,   48.23,  269.17,  289.18,     18740,  558.35,   25.28,   74.23,   25.25,   74.32,   25.23,   74.06,   20.55,   72.46,   20.94,   73.04,   20.03,   72.56,  137.27,  440.67,     18760,  577.94,    406.44,    729.86,   1136.30
2026-06-02,06:35:11.841,   92.50,   65.33,   93.72,   65.19,   92.59,   65.05,   85.28,   62.92,   85.35,   63.38,   85.84,   62.74,  535.28,  384.61,     18760,  919.89,   29.66,   50.54,   29.53,   50.86,   29.33,   50.48,   26.03,   49.11,   26.85,   49.94,   26.35,   49.57,  167.74,  300.49,     18760,  468.24,    703.02,    685.10,   1388.13
2026-06-02,06:35:11.891,   45.84,   47.39,   45.43,   47.33,   46.24,   48.12,   43.35,   47.01,   43.27,   47.27,   42.97,   46.54,  267.11,  283.67,     18780,  550.78,   21.92,   49.00,   21.79,   48.68,   21.28,   48.84,   17.23,   47.84,   17.75,   48.08,   17.30,   47.57,  117.28,  290.01,     18760,  407.29,    384.39,    573.68,    958.07
2026-06-02,06:35:11.941,   36.61,   44.26,   36.22,   43.90,   36.89,   44.18,   34.94,   43.15,   35.05,   43.63,   35.00,   43.51,  214.71,  262.62,     18760,  477.34,   23.06,   48.85,   22.96,   49.35,   22.42,   48.70,   20.32,   48.71,   20.53,   48.81,   19.77,   48.42,  129.06,  292.84,     18820,  421.90,    343.77,    555.47,    899.24
2026-06-02,06:35:11.990,  121.31,   64.18,  122.40,   63.95,  121.83,   64.07,  117.64,   62.72,  116.69,   63.11,  117.33,   62.60,  717.18,  380.63,     18560, 1097.81,   29.98,   56.05,   30.02,   56.25,   29.78,   55.85,   25.67,   54.90,   26.42,   55.51,   25.88,   55.00,  167.75,  333.56,     18440,  501.31,    884.93,    714.19,   1599.12
2026-06-02,06:35:12.041,   43.81,   29.76,   44.45,   30.04,   43.75,   29.79,   42.49,   29.39,   42.39,   29.70,   42.74,   29.31,  259.64,  178.00,     18800,  437.64,   23.61,   73.34,   23.58,   72.96,   22.88,   73.25,   18.76,   72.90,   19.52,   73.24,   18.85,   72.81,  127.20,  438.50,     18780,  565.70,    386.84,    616.50,   1003.34
2026-06-02,06:35:12.091,   66.95,   44.78,   67.69,   45.02,   67.41,   44.73,   64.46,   43.96,   64.38,   44.40,   64.76,   44.03,  395.65,  266.92,     18760,  662.57,   27.18,   75.52,   27.22,   75.67,   26.88,   75.83,   22.17,   75.20,   22.70,   75.88,   22.01,   74.89,  148.16,  452.99,     18780,  601.15,    543.80,    719.91,   1263.71
2026-06-02,06:35:12.141,   74.99,   49.67,   75.80,   49.65,   75.17,   49.36,   72.34,   48.75,   71.46,   49.17,   71.66,   48.73,  441.43,  295.33,     18800,  736.76,   27.44,   62.22,   27.44,   62.09,   26.96,   62.10,   22.75,   61.25,   23.25,   61.57,   23.11,   61.57,  150.94,  370.80,     18800,  521.74,    592.37,    666.12,   1258.49
2026-06-02,06:35:12.192,   48.55,   44.46,   48.67,   44.60,   49.39,   44.87,   45.74,   43.93,   46.04,   44.27,   46.17,   44.14,  284.56,  266.27,     18800,  550.83,   34.79,   91.59,   35.26,   91.37,   34.78,   91.50,   29.27,   90.23,   29.67,   90.27,   28.92,   89.58,  192.68,  544.53,     18800,  737.20,    477.24,    810.80,   1288.03
2026-06-02,06:35:12.241,   45.83,   38.22,   44.95,   37.27,   45.61,   38.18,   42.97,   36.83,   43.42,   37.68,   42.84,   37.04,  265.60,  225.22,     18440,  490.82,   21.09,   52.83,   21.17,   52.56,   20.59,   52.44,   16.55,   51.21,   16.47,   52.41,   16.18,   52.17,  112.06,  313.63,     18400,  425.69,    377.66,    538.85,    916.52
2026-06-02,06:35:12.291,   86.99,   58.12,   87.48,   57.53,   86.80,   57.63,   83.06,   55.58,   83.05,   56.17,   83.83,   55.74,  511.21,  340.78,     18800,  851.99,   24.79,   65.68,   24.31,   65.12,   24.47,   65.30,   20.76,   64.47,   21.37,   64.88,   21.21,   64.12,  136.92,  389.58,     18800,  526.50,    648.12,    730.37,   1378.49
2026-06-02,06:35:12.342,   77.89,   58.82,   78.12,   58.37,   78.80,   58.57,   73.59,   57.11,   73.74,   57.78,   73.35,   57.25,  455.49,  347.90,     18800,  803.39,   36.53,   66.82,   36.83,   67.12,   36.04,   66.64,   33.64,   65.57,   34.29,   66.52,   33.79,   65.57,  211.13,  398.25,     18880,  609.37,    666.62,    746.14,   1412.76
2026-06-02,06:35:12.392,  220.68,   96.21,  222.59,   96.34,  221.81,   96.51,  211.02,   94.47,  210.51,   95.24,  211.17,   94.43, 1297.77,  573.21,     18900, 1870.98,   37.32,   69.14,   38.01,   69.34,   37.18,   68.84,   33.10,   67.97,   33.73,   69.25,   33.86,   68.75,  213.19,  413.29,     18760,  626.48,   1510.96,    986.49,   2497.45
2026-06-02,06:35:12.442,   97.04,   51.40,   97.76,   51.84,   97.04,   51.33,   93.59,   50.36,   92.89,   50.59,   94.05,   50.42,  572.37,  305.95,     18780,  878.32,   26.01,   36.68,   26.29,   36.97,   25.51,   36.90,   22.33,   35.64,   22.68,   36.08,   22.88,   36.07,  145.70,  218.35,     18780,  364.05,    718.07,    524.29,   1242.37
2026-06-02,06:35:12.493,   67.09,   37.95,   67.98,   38.30,   67.76,   37.79,   64.68,   37.22,   64.47,   37.29,   64.58,   37.38,  396.56,  225.92,     18388,  622.48,   26.28,   78.35,   26.74,   77.87,   26.31,   77.69,   21.73,   76.13,   22.36,   77.07,   21.75,   76.36,  145.18,  463.48,     18408,  608.66,    541.74,    689.40,   1231.14
2026-06-02,06:35:12.543,   37.42,   30.80,   38.13,   30.81,   37.86,   30.73,   36.26,   30.07,   35.76,   30.07,   35.78,   30.23,  221.22,  182.71,     18820,  403.93,   19.96,   48.45,   20.39,   48.57,   19.67,   48.09,   14.49,   46.55,   14.86,   47.47,   14.52,   46.94,  103.90,  286.06,     18820,  389.96,    325.12,    468.78,    793.89
2026-06-02,06:35:12.593,   83.30,   60.71,   83.81,   60.69,   84.26,   61.50,   79.51,   59.87,   79.29,   60.25,   78.99,   59.71,  489.16,  362.74,     18840,  851.90,   35.82,   75.81,   36.07,   75.60,   35.73,   75.48,   32.63,   74.44,   33.41,   76.15,   32.69,   74.79,  206.35,  452.27,     18780,  658.62,    695.51,    815.01,   1510.52
2026-06-02,06:35:12.644,   55.21,   34.47,   56.13,   34.45,   55.77,   34.60,   53.28,   33.96,   53.18,   33.84,   53.39,   33.97,  326.96,  205.29,     18820,  532.24,   25.21,   81.60,   25.05,   81.69,   25.11,   81.28,   19.90,   80.07,   20.45,   80.36,   19.93,   80.09,  135.65,  485.08,     18880,  620.73,    462.61,    690.37,   1152.97
2026-06-02,06:35:12.694,   59.10,   45.33,   59.03,   45.20,   59.34,   44.94,   56.93,   44.01,   56.79,   44.57,   56.71,   44.07,  347.89,  268.11,     18428,  616.00,   19.24,   26.59,   19.67,   27.02,   19.53,   26.75,   17.52,   25.58,   18.00,   26.54,   17.29,   25.81,  111.25,  158.30,     18428,  269.55,    459.14,    426.41,    885.55
2026-06-02,06:35:12.743,   48.69,   33.97,   49.71,   34.16,   49.40,   34.31,   45.79,   33.04,   46.14,   33.18,   45.68,   33.37,  285.40,  202.03,     18752,  487.43,   26.20,   85.19,   26.68,   85.01,   25.91,   84.87,   20.12,   84.25,   20.74,   84.49,   20.32,   83.94,  139.96,  507.74,     18794,  647.70,    425.36,    709.77,   1135.14
2026-06-02,06:35:12.794,   52.86,   35.50,   53.38,   35.74,   53.11,   35.48,   50.12,   34.82,   50.54,   34.81,   50.26,   34.75,  310.27,  211.11,     18780,  521.38,   20.07,   31.22,   19.86,   31.18,   20.02,   31.36,   17.46,   30.56,   18.27,   30.89,   17.72,   30.30,  113.40,  185.51,     18800,  298.91,    423.67,    396.62,    820.29
2026-06-02,06:35:12.844,   37.86,   34.84,   38.37,   35.05,   38.06,   34.88,   36.90,   34.85,   36.97,   35.16,   36.77,   34.94,  224.93,  209.74,     18780,  434.67,   16.38,   45.44,   16.04,   45.52,   15.88,   45.55,   11.79,   45.00,   12.44,   45.70,   12.05,   45.47,   84.57,  272.68,     18740,  357.26,    309.51,    482.42,    791.93
2026-06-02,06:35:12.894,   40.25,   35.89,   40.43,   36.03,   40.36,   36.00,   39.18,   35.52,   39.38,   35.69,   39.40,   35.48,  239.00,  214.61,     18800,  453.61,   35.41,   76.63,   35.55,   76.00,   35.24,   75.54,   29.62,   73.17,   30.60,   73.95,   29.76,   73.14,  196.18,  448.44,     18800,  644.62,    435.19,    663.05,   1098.23
2026-06-02,06:35:12.944,   87.87,   52.35,   89.10,   52.36,   89.21,   53.02,   84.01,   50.68,   82.90,   50.93,   83.63,   50.48,  516.71,  309.83,     18760,  826.54,   30.04,   63.78,   29.90,   63.66,   29.77,   63.69,   26.74,   62.79,   27.25,   63.59,   26.84,   63.09,  170.54,  380.61,     18760,  551.15,    687.25,    690.43,   1377.68
2026-06-02,06:35:12.994,   60.96,   38.46,   61.57,   38.41,   61.93,   38.67,   59.80,   38.18,   58.87,   38.41,   59.34,   38.04,  362.46,  230.17,     18440,  592.63,   27.31,   90.03,   27.93,   91.02,   27.86,   90.50,   22.03,   89.98,   22.32,   89.92,   22.21,   89.49,  149.67,  540.95,     18420,  690.62,    512.12,    771.12,   1283.25
2026-06-02,06:35:13.044,   61.70,   38.88,   62.86,   39.17,   62.47,   39.45,   58.65,   38.58,   58.70,   39.19,   58.48,   38.68,  362.85,  233.95,     18780,  596.81,   27.49,   65.58,   27.62,   65.54,   27.61,   65.04,   23.12,   64.36,   23.47,   64.80,   23.54,   65.69,  152.86,  391.01,     18780,  543.87,    515.71,    624.97,   1140.67
2026-06-02,06:35:13.095,   74.26,   37.10,   75.02,   37.21,   74.83,   36.92,   71.23,   35.87,   70.99,   36.27,   70.72,   35.39,  437.05,  218.75,     18880,  655.80,   25.68,   57.81,   26.29,   57.93,   25.97,   57.15,   19.99,   56.39,   21.02,   56.89,   20.36,   56.59,  139.31,  342.76,     18880,  482.07,    576.36,    561.51,   1137.87
2026-06-02,06:35:13.145,   46.24,   40.78,   46.93,   41.00,   46.74,   40.98,   44.84,   39.91,   44.41,   40.19,   44.67,   40.20,  273.83,  243.07,     18800,  516.90,   23.71,   55.39,   24.21,   55.47,   23.72,   55.07,   20.95,   54.22,   21.62,   55.23,   21.16,   54.58,  135.37,  329.96,     18840,  465.33,    409.20,    573.03,    982.23
2026-06-02,06:35:13.195,   69.12,   47.56,   69.73,   47.60,   69.71,   47.66,   64.71,   46.67,   64.49,   46.78,   65.00,   46.89,  402.76,  283.14,     18880,  685.91,   31.70,   76.40,   32.03,   76.59,   31.49,   75.90,   27.67,   75.82,   28.17,   76.30,   27.90,   76.16,  178.95,  457.17,     18780,  636.12,    581.71,    740.31,   1322.02
2026-06-02,06:35:13.245,  110.95,   73.23,  110.87,   73.56,  113.30,   75.47,  103.61,   69.62,  103.64,   70.69,  103.49,   70.30,  645.86,  432.86,     18460, 1078.72,  177.09,  144.58,  181.49,  149.47,  193.04,  161.78,  192.27,  163.02,  170.00,  140.81,  177.02,  148.02, 1090.90,  907.68,     80940, 1998.58,   1736.76,   1340.54,   3077.30
2026-06-02,06:35:13.294,   81.35,   48.50,   81.43,   47.86,   80.44,   47.92,   78.06,   47.37,   77.51,   47.51,   77.88,   46.94,  476.67,  286.12,     18880,  762.79,   49.48,   54.71,   60.95,   54.61,   48.82,   54.31,   43.43,   53.05,   43.62,   52.68,   43.89,   53.73,  290.19,  323.08,    103980,  613.28,    766.87,    609.20,   1376.07
2026-06-02,06:35:13.344,   94.73,   54.70,   95.51,   55.06,   94.00,   55.03,   89.69,   53.87,   89.19,   54.49,   90.07,   54.51,  553.19,  327.67,     18520,  880.86,   34.00,   66.34,   45.89,   66.52,   33.11,   65.85,   31.93,   64.98,   31.73,   65.44,   32.62,   65.90,  209.29,  395.03,     18600,  604.32,    762.48,    722.70,   1485.17
2026-06-02,06:35:13.395,  222.74,   85.66,  224.32,   85.39,  223.16,   84.99,  216.02,   83.78,  215.56,   84.25,  216.59,   83.43, 1318.39,  507.50,     24140, 1825.89,   83.37,  120.84,  101.35,  122.28,   83.45,  120.52,   76.26,  119.90,   77.06,  120.23,   76.79,  119.36,  498.28,  723.13,    122240, 1221.41,   1816.67,   1230.63,   3047.30
2026-06-02,06:35:13.445,   60.64,   32.19,   61.95,   32.30,   61.23,   32.08,   58.88,   31.21,   58.53,   31.29,   59.51,   31.05,  360.75,  190.12,     18780,  550.87,   26.20,   59.94,   48.87,   61.68,   26.33,   59.66,   20.21,   58.60,   21.03,   59.27,   20.37,   59.17,  163.00,  358.32,     18800,  521.32,    523.75,    548.44,   1072.19
2026-06-02,06:35:13.496,   72.47,   53.47,   74.54,   53.50,   73.45,   53.68,   68.93,   52.55,   68.98,   53.32,   69.03,   52.60,  427.38,  319.12,     24000,  746.51,   61.90,  101.13,   78.73,  107.49,   62.70,  101.29,   59.19,  100.29,   60.83,  102.63,   59.04,  101.55,  382.39,  614.38,    325060,  996.77,    809.77,    933.51,   1743.28
2026-06-02,06:35:13.546,   66.41,   50.74,   69.99,   50.71,   67.37,   50.81,   63.37,   49.72,   63.53,   50.47,   63.62,   50.12,  394.29,  302.58,     18700,  696.87,   57.47,   92.36,   86.06,  104.64,   56.73,   92.20,   53.56,   91.73,   56.48,   94.33,   55.46,   92.74,  365.76,  568.02,    512120,  933.78,    760.05,    870.59,   1630.65
2026-06-02,06:35:13.596,   83.71,   53.05,   84.80,   53.45,   84.25,   53.01,   79.39,   52.03,   79.23,   51.99,   79.49,   52.36,  490.88,  315.89,     18700,  806.78,   52.78,   70.63,   58.10,   72.91,   52.82,   70.55,   47.74,   69.20,   48.52,   70.02,   47.97,   69.52,  307.94,  422.84,    171000,  730.77,    798.82,    738.73,   1537.55
2026-06-02,06:35:13.646,   86.58,   46.72,   86.45,   46.77,   86.66,   46.80,   81.70,   45.71,   81.50,   45.84,   81.87,   45.57,  504.77,  277.41,     18428,  782.18,   27.72,   74.82,   28.00,   75.34,   27.80,   75.06,   23.84,   74.40,   24.43,   75.24,   24.13,   74.68,  155.93,  449.54,     18368,  605.47,    660.70,    726.95,   1387.65
2026-06-02,06:35:13.697,   39.21,   29.19,   39.63,   28.98,   39.23,   29.03,   37.27,   28.80,   37.54,   28.61,   37.78,   28.63,  230.65,  173.25,     18780,  403.90,   19.58,   73.70,   19.90,   73.81,   19.42,   73.35,   14.75,   72.32,   15.29,   72.98,   14.96,   72.61,  103.89,  438.77,     18800,  542.66,    334.54,    612.02,    946.56
2026-06-02,06:35:13.747,   64.25,   44.81,   65.21,   45.13,   65.04,   45.22,   61.25,   44.18,   61.17,   44.58,   60.81,   43.99,  377.73,  267.91,     18800,  645.64,   31.46,   56.98,   31.39,   57.28,   31.44,   56.71,   26.17,   55.39,   26.75,   56.02,   26.63,   55.80,  173.84,  338.18,     18780,  512.02,    551.57,    606.09,   1157.66
2026-06-02,06:35:13.797,   80.58,   51.71,   81.21,   51.51,   80.90,   51.44,   75.94,   50.38,   75.61,   50.64,   76.44,   50.87,  470.68,  306.54,     18800,  777.22,   36.09,   95.04,   36.52,   95.22,   36.44,   95.01,   30.32,   94.94,   30.60,   94.45,   30.16,   94.75,  200.13,  569.40,     18820,  769.53,    670.81,    875.94,   1546.76
2026-06-02,06:35:13.848,   45.74,   39.34,   45.56,   39.22,   45.28,   39.33,   43.14,   38.69,   43.43,   39.13,   43.57,   38.68,  266.72,  234.37,     18820,  501.09,   28.93,   83.87,   29.37,   84.17,   29.13,   84.44,   24.68,   84.06,   24.91,   84.74,   24.34,   84.18,  161.37,  505.46,     18800,  666.83,    428.09,    739.83,   1167.92
2026-06-02,06:35:13.898,   30.94,   27.82,   31.37,   28.15,   31.26,   28.18,   30.92,   27.88,   31.21,   28.19,   31.14,   28.12,  186.83,  168.34,     18428,  355.16,   20.33,   61.64,   20.76,   62.13,   20.54,   61.16,   17.81,   60.60,   17.94,   61.05,   17.62,   61.13,  115.01,  367.71,     18428,  482.72,    301.84,    536.04,    837.88
2026-06-02,06:35:13.947,   71.81,   41.76,   73.04,   41.61,   72.76,   41.43,   69.00,   40.55,   68.50,   40.86,   68.98,   40.31,  424.09,  246.53,     18794,  670.62,   28.16,   73.82,   28.85,   74.50,   28.16,   73.61,   23.38,   73.79,   23.63,   73.63,   23.22,   74.14,  155.41,  443.48,     18773,  598.88,    579.49,    690.01,   1269.50
2026-06-02,06:35:13.998,   81.99,   45.84,   82.61,   46.16,   82.55,   45.62,   78.87,   44.70,   79.03,   44.95,   79.26,   45.18,  484.30,  272.45,     18820,  756.76,   21.69,   55.98,   21.91,   56.31,   21.61,   56.21,   16.39,   55.43,   17.09,   56.17,   16.55,   55.70,  115.24,  335.81,     18800,  451.05,    599.55,    608.26,   1207.81
2026-06-02,06:35:14.048,   39.66,   33.72,   39.93,   33.91,   39.41,   33.81,   37.56,   32.98,   37.54,   33.45,   37.38,   33.13,  231.49,  201.00,     18840,  432.49,   20.04,   77.17,   20.28,   77.37,   19.66,   76.73,   15.73,   77.52,   15.88,   76.71,   15.40,   77.09,  106.98,  462.59,     18860,  569.58,    338.48,    663.59,   1002.07
2026-06-02,06:35:14.098,   83.94,   41.21,   85.08,   41.47,   84.59,   40.84,   79.22,   39.48,   79.39,   39.61,   79.93,   39.23,  492.15,  241.84,     18408,  733.99,   26.65,   60.93,   26.96,   61.84,   26.58,   61.36,   23.91,   60.10,   24.49,   59.99,   23.92,   60.07,  152.51,  364.30,     18408,  516.81,    644.66,    606.14,   1250.80
2026-06-02,06:35:14.149,   36.94,   34.10,   36.89,   33.91,   37.03,   33.87,   35.42,   33.40,   35.12,   33.53,   35.68,   33.73,  217.08,  202.55,     18800,  419.63,   18.66,   37.23,   18.84,   37.37,   18.66,   37.34,   14.01,   36.27,   14.61,   36.80,   14.49,   36.63,   99.28,  221.65,     18800,  320.93,    316.36,    424.20,    740.55
2026-06-02,06:35:14.199,   28.70,   32.23,   29.30,   32.47,   29.34,   32.07,   28.64,   32.27,   28.36,   32.27,   28.35,   31.90,  172.69,  193.22,     18740,  365.90,   22.07,   66.75,   22.48,   67.32,   22.33,   67.33,   19.20,   66.51,   19.79,   67.08,   18.92,   66.91,  124.79,  401.90,     18740,  526.69,    297.47,    595.12,    892.59
2026-06-02,06:35:14.250,   47.48,   39.72,   48.84,   40.11,   47.96,   39.79,   45.34,   38.78,   45.08,   38.94,   45.44,   39.09,  280.13,  236.43,     18840,  516.56,   25.21,   63.45,   25.22,   64.12,   25.36,   63.93,   21.26,   62.98,   21.71,   62.94,   21.13,   62.90,  139.90,  380.31,     18780,  520.21,    420.03,    616.74,   1036.77
2026-06-02,06:35:14.304,  111.21,   60.62,  113.16,   61.24,  112.80,   61.55,  108.02,   60.79,  106.82,   60.76,  108.16,   60.50,  660.16,  365.46,     18584, 1025.62,   27.31,   47.05,   27.90,   47.50,   27.83,   47.28,   22.66,   45.91,   23.12,   46.43,   22.50,   46.24,  151.31,  280.40,     18526,  431.72,    811.47,    645.86,   1457.33
2026-06-02,06:35:14.349,   69.62,   46.81,   70.36,   46.76,   69.83,   46.70,   68.40,   46.32,   67.19,   46.37,   67.76,   46.40,  413.16,  279.35,     18793,  692.51,   35.68,   57.21,   35.76,   57.86,   35.25,   57.52,   31.99,   56.97,   32.68,   57.48,   32.15,   57.19,  203.51,  344.23,     18774,  547.74,    616.67,    623.59,   1240.26
2026-06-02,06:35:14.399,  210.96,   94.44,  212.14,   94.63,  212.78,   95.78,  204.62,   93.34,  203.47,   93.70,  203.92,   92.95, 1247.89,  564.84,     18840, 1812.73,   88.55,  122.48,   88.51,  122.48,   87.93,  121.64,   80.67,  119.75,   81.79,  119.59,   80.49,  118.68,  507.93,  724.62,     18880, 1232.55,   1755.82,   1289.46,   3045.27
2026-06-02,06:35:14.450,  100.27,   44.27,   99.94,   43.10,  102.13,   45.80,   96.97,   43.05,   99.07,   45.76,   97.13,   42.65,  595.51,  264.63,     18760,  860.14,   36.03,   66.30,   35.45,   65.54,   35.00,   64.66,   29.60,   62.91,   29.90,   63.35,   30.43,   63.92,  196.41,  386.69,     18760,  583.09,    791.92,    651.32,   1443.24
2026-06-02,06:35:14.500,  123.53,   71.53,  123.37,   70.42,  126.22,   73.89,  118.99,   70.91,  120.35,   72.83,  118.58,   70.51,  731.03,  430.08,     18740, 1161.12,   71.73,  118.59,   69.47,  116.31,   68.64,  115.57,   63.55,  113.60,   64.55,  113.89,   64.16,  113.92,  402.10,  691.88,     18760, 1093.97,   1133.13,   1121.96,   2255.09
2026-06-02,06:35:14.550,   79.37,   46.03,   79.88,   45.95,   80.93,   46.83,   77.91,   45.74,   77.30,   45.87,   77.40,   45.55,  472.79,  275.97,     18780,  748.76,   33.73,   54.77,   33.81,   55.43,   33.35,   54.68,   28.97,   53.68,   29.32,   54.20,   29.26,   53.78,  188.42,  326.54,     18760,  514.96,    661.21,    602.51,   1263.72
2026-06-02,06:35:14.601,   28.64,   26.74,   28.93,   26.90,   28.85,   26.90,   27.72,   26.32,   28.12,   26.59,   28.24,   26.73,  170.50,  160.17,     18760,  330.67,   23.03,   69.65,   24.02,   69.80,   23.48,   69.50,   20.33,   69.30,   20.73,   69.48,   20.11,   69.68,  131.71,  417.41,     18760,  549.12,    302.21,    577.58,    879.79
2026-06-02,06:35:14.650,   74.28,   49.32,   75.64,   49.64,   75.09,   49.05,   71.83,   48.25,   71.29,   48.60,   71.87,   48.24,  440.01,  293.11,     18580,  733.12,   29.22,   78.02,   29.96,   78.71,   29.62,   77.47,   24.94,   76.98,   25.35,   77.66,   24.98,   77.19,  164.07,  466.04,     18600,  630.11,    604.08,    759.14,   1363.22
2026-06-02,06:35:14.701,   56.80,   34.63,   57.58,   34.82,   57.43,   34.87,   55.56,   34.40,   55.28,   34.14,   55.17,   34.41,  337.83,  207.27,     18920,  545.10,   20.98,   86.99,   21.30,   87.90,   21.27,   87.19,   15.97,   86.77,   16.30,   86.94,   15.89,   86.96,  111.72,  522.75,     18860,  634.47,    449.54,    730.03,   1179.57
2026-06-02,06:35:14.751,   51.95,   44.81,   52.54,   45.25,   52.16,   44.85,   50.55,   44.45,   50.53,   44.73,   50.41,   44.84,  308.13,  268.93,     18800,  577.06,   22.11,   45.51,   22.52,   45.92,   22.26,   45.54,   17.84,   44.37,   18.17,   44.91,   17.74,   45.10,  120.63,  271.35,     18780,  391.98,    428.76,    540.27,    969.04
2026-06-02,06:35:14.800,   78.80,   44.59,   80.46,   45.02,   79.88,   45.06,   75.00,   43.63,   74.72,   44.41,   74.79,   43.97,  463.65,  266.67,     18440,  730.32,   30.67,   68.25,   31.03,   68.70,   30.72,   68.67,   26.70,   67.26,   27.21,   68.00,   26.39,   67.00,  172.72,  407.88,     18420,  580.60,    636.38,    674.55,   1310.93
2026-06-02,06:35:14.850,   46.02,   34.10,   46.62,   34.71,   46.44,   34.14,   44.75,   33.43,   44.84,   33.52,   44.51,   33.43,  273.18,  203.35,     18800,  476.53,   20.57,   63.11,   20.77,   63.00,   20.42,   62.78,   17.09,   62.22,   17.75,   63.40,   17.35,   62.48,  113.96,  377.00,     18800,  490.96,    387.14,    580.35,    967.49
2026-06-02,06:35:14.901,   85.04,   48.24,   87.35,   48.86,   86.58,   48.84,   81.45,   47.56,   81.23,   48.13,   81.91,   48.10,  503.56,  289.73,     18820,  793.29,   27.72,   72.26,   28.22,   72.68,   27.48,   71.50,   23.32,   71.77,   23.76,   72.69,   23.20,   72.04,  153.69,  432.94,     18800,  586.63,    657.25,    722.68,   1379.92
2026-06-02,06:35:14.951,   40.16,   35.78,   39.95,   35.79,   39.37,   35.69,   37.98,   35.51,   37.39,   35.10,   37.05,   35.00,  231.89,  212.87,     18760,  444.76,   26.85,   43.79,   27.11,   44.17,   26.63,   43.50,   22.79,   43.02,   23.75,   43.72,   22.97,   43.23,  150.10,  261.43,     18760,  411.53,    381.98,    474.30,    856.28
2026-06-02,06:35:15.003,   41.37,   30.56,   42.14,   30.54,   42.19,   30.52,   39.87,   30.15,   39.96,   30.41,   39.53,   29.78,  245.06,  181.95,     18820,  427.01,   26.08,   81.09,   26.69,   81.73,   26.52,   81.02,   21.07,   80.97,   21.38,   81.29,   20.91,   80.76,  142.64,  486.85,     18760,  629.50,    387.70,    668.81,   1056.51
2026-06-02,06:35:15.051,   66.30,   35.35,   67.33,   35.35,   66.13,   35.26,   64.28,   33.88,   63.50,   34.04,   64.27,   33.82,  391.81,  207.69,     18620,  599.51,   27.83,   62.70,   27.98,   63.29,   27.95,   62.96,   25.21,   62.60,   25.80,   63.29,   25.17,   62.74,  159.93,  377.58,     18600,  537.52,    551.74,    585.28,   1137.02
2026-06-02,06:35:15.102,   55.72,   40.95,   56.48,   40.99,   55.98,   40.87,   53.84,   40.83,   53.46,   41.13,   53.15,   40.64,  328.65,  245.42,     19000,  574.07,   20.84,   67.10,   21.21,   67.78,   21.07,   67.08,   16.63,   66.46,   17.06,   66.77,   16.79,   66.73,  113.60,  401.93,     18940,  515.52,    442.25,    647.35,   1089.60
2026-06-02,06:35:15.151,   79.88,   48.29,   80.66,   48.03,   80.08,   48.32,   75.43,   47.36,   75.30,   47.39,   75.20,   47.13,  466.55,  286.54,     18420,  753.09,   28.23,   59.81,   28.63,   60.06,   28.45,   59.36,   22.66,   58.31,   23.08,   58.91,   22.35,   58.64,  153.40,  355.10,     18380,  508.49,    619.94,    641.64,   1261.58
2026-06-02,06:35:15.201,   78.25,   47.20,   79.47,   47.53,   78.48,   47.19,   74.71,   46.50,   74.28,   46.90,   74.02,   46.65,  459.22,  281.97,     18800,  741.18,   29.82,   63.36,   30.10,   63.61,   30.13,   63.17,   26.76,   62.53,   27.52,   63.44,   26.79,   62.81,  171.12,  378.92,     18800,  550.05,    630.34,    660.89,   1291.23
2026-06-02,06:35:15.252,   51.89,   40.17,   52.01,   40.43,   52.19,   40.28,   50.46,   39.85,   50.16,   39.82,   50.01,   39.78,  306.73,  240.32,     18780,  547.05,  186.50,  213.29,  187.42,  214.18,  186.86,  214.56,  179.33,  213.46,  179.60,  212.78,  179.81,  213.68, 1099.52, 1281.95,    130680, 2381.47,   1406.25,   1522.27,   2928.52
2026-06-02,06:35:15.301,   21.36,   21.76,   21.66,   21.69,   21.50,   21.71,   21.72,   22.24,   21.68,   22.16,   21.62,   22.10,  129.54,  131.66,     18840,  261.20,   25.44,   35.72,   45.43,   35.01,   23.74,   34.17,   18.88,   32.47,   19.14,   32.63,   19.13,   32.70,  151.76,  202.70,     79120,  354.46,    281.30,    334.36,    615.66
2026-06-02,06:35:15.351,   84.61,   65.69,   86.68,   66.05,   84.39,   65.59,   80.66,   64.61,   80.99,   65.23,   81.27,   64.86,  498.61,  392.02,     23620,  890.63,   50.87,   93.60,   67.31,   92.46,   49.18,   92.18,   45.00,   90.60,   45.97,   90.75,   45.61,   90.29,  303.94,  549.88,     29760,  853.82,    802.54,    941.90,   1744.45
2026-06-02,06:35:15.402,  201.92,   91.22,  203.21,   92.10,  202.87,   92.28,  194.55,   90.29,  193.99,   90.61,  195.30,   90.13, 1191.84,  546.62,     18820, 1738.46,   82.82,  134.36,  103.38,  134.61,   81.76,  134.15,   74.65,  133.36,   74.94,  133.82,   73.69,  132.08,  491.24,  802.38,    111160, 1293.62,   1683.07,   1349.01,   3032.08
2026-06-02,06:35:15.452,   97.14,   51.61,   98.23,   51.73,   97.65,   51.44,   95.08,   50.93,   94.68,   51.38,   95.80,   51.04,  578.59,  308.14,     21800,  886.72,   30.34,   70.32,   50.67,   71.67,   30.15,   70.16,   24.76,   68.27,   25.41,   68.36,   25.03,   68.43,  186.36,  417.20,     18740,  603.56,    764.95,    725.34,   1490.29
2026-06-02,06:35:15.502,   95.16,   56.18,   98.33,   56.15,   95.68,   56.12,   89.88,   54.97,   89.43,   55.08,   89.64,   54.74,  558.13,  333.25,     20880,  891.38,   71.72,  130.02,   94.28,  139.78,   72.46,  130.91,   66.63,  130.12,   68.88,  131.96,   67.65,  130.51,  441.62,  793.30,    454360, 1234.92,    999.75,   1126.55,   2126.30
2026-06-02,06:35:15.552,   34.19,   48.56,   36.27,   48.08,   33.95,   48.74,   30.63,   47.69,   31.10,   48.32,   31.21,   47.97,  197.34,  289.36,     18640,  486.71,   60.29,   95.93,   84.41,  106.32,   59.69,   95.40,   55.36,   94.61,   58.63,   97.24,   56.73,   95.40,  375.11,  584.91,    494140,  960.03,    572.46,    874.28,   1446.74
2026-06-02,06:35:15.602,   94.43,   64.99,   97.90,   65.13,   94.94,   65.17,   91.07,   63.96,   90.78,   63.95,   91.34,   63.91,  560.45,  387.11,     18760,  947.56,   51.54,   74.16,   77.16,   84.71,   50.63,   73.65,   47.53,   73.05,   50.63,   76.31,   48.71,   73.96,  326.20,  455.83,    494780,  782.03,    886.65,    842.94,   1729.59
2026-06-02,06:35:15.652,   64.89,   44.13,   68.06,   43.54,   65.48,   44.11,   60.84,   42.93,   61.43,   43.78,   61.32,   43.26,  382.02,  261.75,     19160,  643.77,   51.83,   77.09,   80.67,   89.63,   51.61,   76.51,   46.74,   75.44,   49.61,   78.88,   47.91,   76.81,  328.38,  474.36,    506540,  802.74,    710.40,    736.11,   1446.50
2026-06-02,06:35:15.703,   83.86,   71.05,   86.78,   70.49,   84.10,   71.18,   79.69,   70.43,   79.40,   70.89,   80.12,   70.36,  493.95,  424.40,     18760,  918.35,   52.06,   90.59,   81.67,  103.56,   52.10,   91.00,   47.36,   89.59,   50.52,   93.18,   48.92,   91.30,  332.63,  559.22,    504440,  891.85,    826.58,    983.62,   1810.20
2026-06-02,06:35:15.753,   95.53,   58.19,   99.26,   57.95,   95.70,   58.38,   89.53,   56.80,   88.94,   56.52,   89.79,   56.53,  558.75,  344.38,     18760,  903.13,   54.72,   86.26,   84.02,   98.61,   54.40,   85.59,   49.89,   84.06,   53.21,   87.81,   51.55,   85.76,  347.80,  528.09,    502700,  875.89,    906.55,    872.47,   1779.01
2026-06-02,06:35:15.803,   89.32,   57.78,   93.11,   57.94,   89.83,   57.79,   85.84,   57.07,   85.69,   57.61,   85.24,   57.18,  529.03,  345.36,     19300,  874.39,   53.81,   90.43,   82.83,  102.81,   53.17,   89.93,   49.08,   89.22,   52.24,   92.04,   50.47,   90.22,  341.59,  554.66,    495440,  896.25,    870.62,    900.02,   1770.64
2026-06-02,06:35:15.853,   78.54,   60.90,   81.04,   60.45,   77.71,   60.65,   73.12,   60.22,   72.59,   60.19,   73.26,   59.98,  456.26,  362.39,     21940,  818.65,   52.25,   77.05,   80.89,   89.26,   52.00,   76.79,   48.81,   74.60,   51.62,   77.20,   50.54,   75.93,  336.12,  470.83,    487160,  806.95,    792.38,    833.22,   1625.60
2026-06-02,06:35:15.904,   56.94,   63.80,   57.06,   62.88,   57.55,   63.97,   54.59,   62.04,   55.00,   63.09,   54.84,   62.52,  335.97,  378.30,     20280,  714.28,   39.78,   70.93,   44.59,   72.20,   39.39,   70.71,   35.90,   69.84,   37.12,   70.92,   36.53,   70.25,  233.30,  424.85,     92680,  658.15,    569.28,    803.15,   1372.43
2026-06-02,06:35:15.954,  100.66,   60.55,  101.41,   60.31,  100.73,   60.07,   96.28,   58.78,   95.76,   59.39,   96.75,   58.67,  591.59,  357.76,     18388,  949.35,   28.04,   66.99,   27.74,   66.77,   27.13,   66.12,   23.15,   64.80,   24.07,   65.82,   23.26,   65.56,  153.39,  396.06,     18466,  549.45,    744.98,    753.82,   1498.79
2026-06-02,06:35:16.005,   79.42,   44.08,   80.34,   43.70,   79.34,   43.92,   75.74,   42.91,   75.44,   42.92,   76.15,   42.62,  466.42,  260.14,     18860,  726.57,   28.08,   71.13,   27.76,   70.65,   27.70,   70.91,   23.17,   70.37,   24.02,   71.30,   22.87,   70.11,  153.60,  424.48,     18820,  578.08,    620.02,    684.62,   1304.65
2026-06-02,06:35:16.059,   43.49,   34.95,   43.32,   34.95,   43.44,   34.93,   41.93,   34.29,   42.00,   34.60,   41.84,   34.30,  256.03,  208.03,     18800,  464.05,   22.83,   87.32,   23.01,   86.83,   23.03,   86.19,   17.54,   85.83,   18.21,   87.20,   17.58,   86.50,  122.20,  519.86,     18680,  642.06,    378.22,    727.89,   1106.12
2026-06-02,06:35:16.105,   94.46,   49.45,   95.82,   49.58,   95.22,   49.31,   89.56,   47.70,   88.97,   47.98,   89.61,   47.84,  553.64,  291.87,     18820,  845.51,   29.69,   61.51,   29.82,   61.77,   29.48,   61.25,   24.15,   60.03,   24.57,   60.47,   23.95,   60.46,  161.67,  365.48,     18820,  527.15,    715.31,    657.35,   1372.66
2026-06-02,06:35:16.155,   70.03,   45.28,   70.90,   45.26,   70.36,   45.47,   67.89,   44.26,   67.53,   44.64,   67.65,   43.85,  414.35,  268.77,     18700,  683.12,   28.22,   79.49,   27.89,   79.29,   27.80,   78.81,   23.23,   77.90,   24.12,   78.76,   23.40,   78.23,  154.66,  472.48,     18700,  627.14,    569.01,    741.25,   1310.26
2026-06-02,06:35:16.207,   55.80,   34.50,   56.56,   34.73,   56.21,   34.71,   52.73,   33.61,   52.23,   33.61,   52.26,   33.78,  325.80,  204.93,     18740,  530.73,   24.37,   80.90,   24.99,   81.58,   24.66,   81.03,   19.46,   81.10,   20.29,   81.63,   19.39,   81.52,  133.17,  487.76,     18840,  620.93,    458.96,    692.69,   1151.65
2026-06-02,06:35:16.255,   72.75,   47.84,   73.84,   47.91,   72.44,   47.74,   69.83,   47.20,   69.53,   47.40,   69.98,   47.31,  428.38,  285.39,     18480,  713.77,   30.47,   80.30,   30.42,   80.48,   29.95,   80.00,   25.23,   78.85,   26.55,   79.61,   26.04,   79.62,  168.66,  478.86,     18440,  647.51,    597.03,    764.25,   1361.28
2026-06-02,06:35:16.305,   66.57,   44.31,   67.73,   44.69,   67.06,   44.91,   64.04,   43.85,   63.58,   44.10,   63.60,   43.75,  392.58,  265.61,     18780,  658.18,   26.98,   65.22,   26.71,   65.67,   26.81,   65.26,   22.09,   64.01,   22.89,   64.49,   22.04,   64.09,  147.52,  388.73,     18860,  536.26,    540.10,    654.34,   1194.44
2026-06-02,06:35:16.356,   54.40,   43.05,   55.31,   43.24,   54.44,   42.72,   52.64,   42.51,   52.35,   42.71,   52.16,   42.73,  321.31,  256.95,     18920,  578.26,   27.92,   80.58,   28.18,   80.58,   27.49,   80.51,   21.92,   78.91,   22.58,   79.78,   21.90,   79.03,  149.98,  479.39,     18800,  629.37,    471.29,    736.34,   1207.63
2026-06-02,06:35:16.405,  167.82,   73.87,  169.69,   74.56,  168.85,   74.59,  162.79,   73.30,  162.02,   72.89,  162.38,   73.34,  993.56,  442.55,     18780, 1436.10,   39.44,   82.09,   39.29,   81.90,   39.23,   81.82,   33.31,   80.74,   34.34,   81.42,   33.56,   80.83,  219.18,  488.81,     18520,  707.99,   1212.73,    931.36,   2144.09
2026-06-02,06:35:16.455,   89.65,   42.47,   90.77,   42.88,   90.22,   42.66,   88.14,   41.75,   87.42,   41.74,   88.65,   41.89,  534.85,  253.39,     18540,  788.23,   30.08,   39.30,   30.25,   39.53,   30.25,   39.60,   27.03,   38.12,   27.85,   38.89,   27.48,   37.90,  172.95,  233.34,     18660,  406.29,    707.79,    486.73,   1194.52
2026-06-02,06:35:16.505,   29.33,   28.60,   29.51,   28.97,   29.41,   28.59,   28.87,   28.71,   29.08,   28.59,   28.86,   28.92,  175.06,  172.37,     18720,  347.43,   21.53,   75.58,   21.67,   75.27,   21.09,   75.74,   16.48,   75.89,   17.05,   76.95,   16.72,   76.37,  114.54,  455.80,     18760,  570.33,    289.60,    628.17,    917.76
2026-06-02,06:35:16.556,   59.12,   52.44,   59.13,   52.19,   59.18,   52.63,   56.05,   50.78,   56.01,   51.20,   56.10,   51.14,  345.59,  310.39,     18740,  655.98,   57.35,   79.90,   57.02,   79.32,   56.77,   79.04,   51.93,   77.10,   52.53,   77.83,   52.33,   76.61,  327.92,  469.80,     18720,  797.72,    673.51,    780.19,   1453.70
2026-06-02,06:35:16.606,  108.06,   78.54,  108.21,   77.84,  108.44,   78.51,  101.98,   77.23,  101.93,   78.03,  102.04,   77.30,  630.66,  467.45,     18800, 1098.11,   37.73,   84.60,   37.80,   84.27,   37.61,   84.35,   31.92,   82.29,   32.46,   82.93,   31.61,   81.50,  209.13,  499.93,     18760,  709.06,    839.80,    967.38,   1807.17
2026-06-02,06:35:16.656,   83.58,   48.36,   84.90,   48.19,   84.31,   48.31,   81.29,   47.84,   80.88,   48.17,   81.38,   47.90,  496.33,  288.77,     18740,  785.11,   22.09,   47.97,   22.29,   48.07,   21.92,   47.67,   17.32,   46.32,   17.43,   46.89,   17.28,   46.35,  118.34,  283.28,     18800,  401.62,    614.68,    572.05,   1186.73
2026-06-02,06:35:16.709,   79.93,   43.39,   80.64,   43.38,   80.01,   43.53,   75.81,   42.37,   76.18,   42.12,   76.03,   42.46,  468.60,  257.26,     18980,  725.86,   39.38,   85.63,   39.65,   86.10,   39.41,   85.72,   34.32,   84.55,   34.42,   84.87,   34.32,   84.13,  221.50,  510.99,     18800,  732.50,    690.10,    768.25,   1458.36
2026-06-02,06:35:16.756,   98.74,   70.82,   98.33,   70.17,   98.27,   70.71,   91.80,   68.58,   91.92,   69.63,   91.40,   68.66,  570.47,  418.58,     18620,  989.05,   33.27,   66.54,   33.27,   66.27,   33.07,   65.58,   30.12,   64.67,   30.01,   65.12,   30.30,   64.75,  190.04,  392.93,     18580,  582.97,    760.50,    811.52,   1572.02
2026-06-02,06:35:16.807,   81.92,   53.24,   81.32,   52.38,   81.20,   52.56,   75.63,   51.13,   75.65,   51.62,   76.00,   51.13,  471.72,  312.06,     18820,  783.78,   23.18,   64.30,   22.90,   64.48,   22.80,   64.15,   18.15,   62.78,   18.84,   62.96,   18.44,   62.73,  124.31,  381.39,     18840,  505.69,    596.03,    693.45,   1289.47
2026-06-02,06:35:16.857,   74.78,   47.20,   74.82,   47.17,   75.23,   47.41,   70.67,   46.34,   70.48,   46.05,   70.97,   46.27,  436.96,  280.44,     18940,  717.39,   20.81,   23.89,   20.78,   24.38,   20.77,   24.26,   18.74,   22.98,   19.36,   23.83,   18.62,   23.23,  119.09,  142.57,     18640,  261.66,    556.04,    423.00,    979.05
2026-06-02,06:35:16.907,   52.35,   52.33,   51.82,   51.70,   52.38,   52.33,   47.82,   51.40,   48.34,   52.54,   48.01,   52.54,  300.72,  312.84,     18620,  613.56,   23.98,   56.38,   23.76,   56.09,   23.71,   56.23,   20.37,   55.09,   20.53,   55.05,   20.18,   55.07,  132.54,  333.92,     18820,  466.46,    433.26,    646.76,   1080.02
2026-06-02,06:35:16.957,   81.09,   54.26,   81.79,   54.12,   81.76,   54.16,   77.25,   52.96,   76.99,   52.87,   77.37,   51.89,  476.24,  320.26,     18526,  796.50,   21.58,   31.33,   21.54,   31.28,   20.99,   31.22,   18.16,   30.62,   18.87,   31.12,   18.39,   30.56,  119.52,  186.13,     18466,  305.66,    595.77,    506.39,   1102.15
2026-06-02,06:35:17.007,   77.64,   35.80,   78.87,   35.71,   78.03,   35.74,   75.16,   35.28,   74.22,   35.11,   74.66,   35.03,  458.57,  212.67,     18874,  671.24,   24.80,   74.57,   24.39,   74.19,   24.23,   73.62,   20.55,   73.00,   20.77,   73.50,   20.30,   73.15,  135.04,  442.03,     18814,  577.07,    593.61,    654.70,   1248.31
2026-06-02,06:35:17.057,   51.35,   41.14,   52.14,   41.09,   52.21,   41.23,   49.94,   40.37,   49.16,   40.77,   50.04,   40.61,  304.86,  245.21,     18760,  550.07,   20.06,   37.65,   20.17,   38.22,   19.72,   37.69,   15.92,   36.47,   16.69,   37.04,   15.95,   36.65,  108.51,  223.73,     18760,  332.24,    413.37,    468.94,    882.31
2026-06-02,06:35:17.107,   75.78,   45.29,   77.25,   45.68,   76.85,   45.49,   72.34,   44.67,   71.69,   44.71,   71.89,   44.58,  445.79,  270.42,     18800,  716.21,   30.32,   78.43,   30.44,   78.81,   30.15,   78.46,   24.61,   77.96,   25.29,   79.05,   24.67,   77.90,  165.49,  470.61,     18760,  636.09,    611.28,    741.02,   1352.30
2026-06-02,06:35:17.158,   48.53,   37.58,   49.45,   37.96,   49.36,   37.55,   47.06,   36.89,   46.15,   36.80,   47.13,   37.24,  287.68,  224.02,     18780,  511.70,   26.85,   69.52,   26.60,   69.81,   26.44,   69.39,   22.84,   68.64,   23.40,   69.27,   22.64,   68.62,  148.78,  415.26,     18820,  564.04,    436.46,    639.27,   1075.74
2026-06-02,06:35:17.207,   15.40,   23.47,   15.50,   23.49,   15.71,   23.72,   15.04,   23.64,   15.13,   23.90,   14.95,   23.65,   91.73,  141.86,     18420,  233.59,   15.41,   54.09,   15.35,   54.06,   15.03,   53.69,   12.80,   53.51,   13.16,   53.71,   12.68,   53.89,   84.41,  322.96,     18440,  407.37,    176.14,    464.82,    640.96
2026-06-02,06:35:17.269,   94.12,   65.63,   94.53,   64.93,   94.73,   65.18,   89.25,   63.22,   89.26,   64.09,   89.50,   63.82,  551.39,  386.87,     20586,  938.26,  189.41,  188.42,  191.11,  186.90,  188.24,  186.79,  181.95,  185.99,  182.20,  186.61,  181.93,  186.35, 1114.83, 1121.07,    139179, 2235.90,   1666.22,   1507.94,   3174.16
2026-06-02,06:35:17.318,   86.57,   49.12,   88.30,   49.30,   86.94,   49.31,   84.38,   49.02,   83.68,   49.56,   84.42,   48.65,  514.30,  294.97,     18500,  809.27,   35.47,   47.50,   56.35,   47.64,   34.63,   46.82,   27.87,   45.31,   28.30,   45.09,   28.83,   45.46,  211.45,  277.82,     36820,  489.27,    725.75,    572.78,   1298.53
2026-06-02,06:35:17.368,  123.78,   65.01,  125.34,   65.41,  124.21,   65.52,  121.93,   65.10,  120.72,   64.73,  121.79,   65.13,  737.77,  390.91,     26260, 1128.67,   71.85,  149.20,   88.29,  148.93,   70.53,  148.99,   65.63,  147.77,   65.39,  148.51,   65.94,  148.56,  427.62,  891.97,    119060, 1319.59,   1165.39,   1282.88,   2448.26
2026-06-02,06:35:17.419,  152.95,   64.38,  153.82,   64.55,  153.29,   64.44,  146.00,   62.83,  144.72,   62.79,  146.27,   62.75,  897.05,  381.73,     18740, 1278.78,   40.98,   67.22,   63.92,   68.57,   40.52,   66.47,   35.57,   65.29,   36.14,   65.85,   35.80,   65.30,  252.92,  398.71,     18900,  651.62,   1149.97,    780.44,   1930.40
2026-06-02,06:35:17.469,   84.79,   46.38,   85.19,   46.74,   84.95,   46.59,   81.64,   45.52,   81.62,   45.84,   82.35,   45.55,  500.54,  276.62,     23400,  777.16,   36.00,   74.27,   53.75,   75.14,   36.05,   73.86,   32.64,   73.34,   34.07,   75.30,   32.95,   73.67,  225.47,  445.58,     45880,  671.05,    726.01,    722.20,   1448.21
2026-06-02,06:35:17.519,   84.40,   48.88,   87.60,   48.95,   85.04,   49.60,   81.72,   48.59,   81.00,   48.56,   81.64,   48.54,  501.41,  293.12,     19340,  794.53,   65.55,  115.95,   90.55,  126.30,   64.99,  115.05,   59.71,  114.34,   62.42,  118.01,   61.05,  116.26,  404.27,  705.92,    503040, 1110.19,    905.68,    999.04,   1904.72
2026-06-02,06:35:17.569,   46.41,   39.37,   49.59,   39.74,   46.95,   39.19,   45.58,   39.02,   45.53,   39.28,   45.58,   39.24,  279.64,  235.83,     18720,  515.47,   59.77,   82.95,   82.85,   92.42,   58.94,   81.92,   54.98,   81.13,   57.84,   84.52,   56.13,   82.82,  370.52,  505.75,    468540,  876.26,    650.15,    741.58,   1391.74
2026-06-02,06:35:17.620,   56.25,   62.16,   58.16,   61.11,   56.47,   62.00,   53.34,   60.56,   53.72,   61.54,   53.07,   60.75,  331.01,  368.14,     18740,  699.15,   66.58,  107.79,   93.19,  118.80,   66.44,  107.47,   61.62,  106.03,   64.74,  110.16,   63.06,  108.52,  415.63,  658.77,    494920, 1074.41,    746.64,   1026.91,   1773.56
2026-06-02,06:35:17.670,  102.63,   57.47,  107.10,   57.51,  103.22,   57.54,   98.59,   55.89,   97.93,   56.08,   98.95,   56.13,  608.42,  340.62,     19320,  949.04,   60.82,  110.98,   88.86,  122.69,   61.09,  110.06,   54.94,  109.11,   58.74,  113.91,   56.74,  111.53,  381.18,  678.28,    494220, 1059.46,    989.60,   1018.90,   2008.50
2026-06-02,06:35:17.720,   39.07,   41.91,   41.60,   42.30,   38.77,   41.70,   37.15,   41.75,   37.26,   41.95,   36.92,   41.54,  230.77,  251.16,     18760,  481.92,   51.26,   80.28,   79.69,   92.58,   50.22,   79.71,   47.65,   78.69,   51.20,   82.34,   49.36,   80.29,  329.38,  493.89,    503780,  823.27,    560.15,    745.05,   1305.20
2026-06-02,06:35:17.770,   90.51,   72.21,   93.69,   71.89,   91.05,   72.46,   85.59,   71.14,   85.42,   71.10,   85.66,   70.83,  531.91,  429.63,     18740,  961.54,   65.47,   85.32,   90.87,   96.23,   65.16,   85.19,   61.30,   84.09,   64.44,   86.84,   62.60,   85.49,  409.84,  523.15,    473220,  933.00,    941.76,    952.78,   1894.54
2026-06-02,06:35:17.820,  103.13,   63.10,  106.30,   63.39,  102.89,   63.10,   97.49,   62.14,   98.03,   62.89,   97.86,   62.29,  605.70,  376.91,     18898,  982.61,   52.54,   92.89,   80.40,  104.38,   52.10,   92.36,   47.48,   90.92,   50.54,   93.72,   49.26,   91.90,  332.32,  566.17,    482467,  898.49,    938.02,    943.08,   1881.10
2026-06-02,06:35:17.870,   46.59,   54.50,   49.54,   54.21,   46.95,   54.23,   45.38,   54.35,   45.25,   54.45,   45.47,   54.57,  279.18,  326.31,     21860,  605.48,   48.32,   88.04,   77.02,   99.50,   47.43,   87.41,   42.86,   86.01,   46.06,   89.96,   44.68,   87.57,  306.37,  538.50,    476620,  844.86,    585.54,    864.80,   1450.34
2026-06-02,06:35:17.921,   97.19,   55.80,  100.20,   55.23,   97.79,   55.46,   92.17,   53.99,   91.63,   54.51,   91.66,   53.67,  570.64,  328.67,     20300,  899.31,   69.48,  125.67,   93.24,  133.78,   70.58,  126.25,   64.20,  124.85,   66.61,  127.72,   64.95,  125.98,  429.06,  764.26,    381020, 1193.31,    999.70,   1092.92,   2092.62
2026-06-02,06:35:17.972,  110.21,   67.45,  112.70,   67.15,  110.49,   67.42,  103.48,   65.91,  102.47,   65.80,  102.76,   65.27,  642.11,  399.00,     18980, 1041.11,   55.27,   98.42,   86.86,  109.22,   55.25,   98.52,   49.83,   96.14,   52.42,   99.29,   51.32,   97.40,  350.94,  598.99,    424300,  949.93,    993.05,    997.99,   1991.03
2026-06-02,06:35:18.022,   81.26,   58.14,   81.44,   57.32,   81.55,   58.22,   76.67,   56.65,   77.12,   57.03,   77.16,   56.67,  475.19,  344.02,     21380,  819.21,   88.44,   97.34,   94.05,   99.77,   87.91,   97.08,   78.84,   94.06,   80.35,   95.46,   79.67,   95.11,  509.25,  578.81,    163700, 1088.06,    984.44,    922.83,   1907.27
2026-06-02,06:35:18.072,   62.67,   48.25,   62.98,   48.41,   62.87,   48.21,   60.91,   48.10,   60.24,   48.55,   60.22,   48.08,  369.89,  289.60,     18388,  659.50,   24.89,   54.65,   24.64,   54.48,   24.51,   54.00,   21.09,   53.30,   21.71,   54.04,   21.25,   53.77,  138.09,  324.22,     18368,  462.31,    507.98,    613.82,   1121.80
2026-06-02,06:35:18.121,   82.25,   56.64,   82.93,   56.55,   83.21,   56.95,   76.89,   55.35,   76.57,   55.97,   77.24,   55.35,  479.09,  336.81,     18752,  815.90,   27.67,   44.57,   27.90,   44.69,   27.63,   44.55,   25.05,   44.07,   25.44,   45.06,   24.91,   44.74,  158.61,  267.68,     18754,  426.29,    637.70,    604.49,   1242.19
2026-06-02,06:35:18.172,  119.54,   68.31,  120.27,   68.50,  119.59,   68.16,  113.32,   66.79,  113.23,   66.71,  114.30,   66.85,  700.26,  405.32,     18800, 1105.58,   76.44,  103.28,   75.09,  102.56,   74.69,  101.80,   67.76,  100.20,   69.52,  101.83,   67.95,  100.67,  431.45,  610.34,     18820, 1041.79,   1131.71,   1015.66,   2147.37
2026-06-02,06:35:18.222,   97.55,   56.39,   98.55,   57.02,   99.40,   57.57,   93.74,   55.43,   93.43,   55.88,   93.63,   55.62,  576.30,  337.91,     18900,  914.21,   49.43,  106.83,   48.65,  105.10,   48.36,  105.22,   41.89,  103.13,   43.02,  104.17,   42.57,  102.90,  273.92,  627.34,     18820,  901.26,    850.23,    965.25,   1815.47
2026-06-02,06:35:18.272,   79.01,   54.61,   74.80,   49.27,   74.27,   49.75,   71.64,   49.25,   72.79,   51.20,   70.88,   48.55,  443.39,  302.64,     18880,  746.03,   67.26,  128.88,   64.01,  126.08,   66.41,  127.00,   57.44,  123.66,   58.31,  124.40,   58.04,  124.87,  371.47,  754.89,     18840, 1126.36,    814.86,   1057.53,   1872.39
2026-06-02,06:35:18.322,   67.85,   63.60,   68.39,   63.63,   69.77,   65.13,   64.88,   61.82,   65.34,   63.13,   64.35,   61.58,  400.59,  378.88,     18860,  779.47,   73.59,  125.62,   71.45,  122.54,   71.81,  123.32,   65.12,  120.99,   66.45,  122.75,   64.76,  120.52,  413.17,  735.74,     18760, 1148.91,    813.76,   1114.62,   1928.38
2026-06-02,06:35:18.372,  120.47,   61.68,  121.48,   61.57,  122.22,   62.42,  117.17,   61.11,  116.77,   61.29,  116.63,   60.99,  714.74,  369.08,     18400, 1083.81,   42.36,   57.53,   41.90,   57.66,   42.11,   57.36,   37.18,   55.76,   37.84,   56.79,   37.59,   56.49,  238.98,  341.59,     18380,  580.56,    953.71,    710.66,   1664.38
2026-06-02,06:35:18.422,  164.83,   62.36,  165.59,   62.50,  164.99,   62.28,  159.54,   61.16,  158.91,   61.17,  159.56,   61.09,  973.42,  370.57,     18800, 1343.99,   30.46,   75.01,   30.42,   75.07,   30.71,   74.98,   26.52,   74.13,   27.35,   74.99,   26.72,   74.85,  172.16,  449.03,     18780,  621.19,   1145.58,    819.60,   1965.18
2026-06-02,06:35:18.472,   73.47,   44.22,   74.20,   44.18,   74.04,   44.47,   71.10,   43.32,   71.03,   43.50,   70.40,   42.75,  434.24,  262.44,     18800,  696.67,   29.74,   89.92,   29.74,   89.36,   29.71,   89.30,   23.99,   87.94,   24.61,   88.70,   23.84,   88.04,  161.63,  533.28,     18780,  694.91,    595.87,    795.72,   1391.58
2026-06-02,06:35:18.523,   81.47,   44.19,   82.23,   44.22,   81.63,   43.97,   77.53,   43.78,   76.98,   43.12,   77.50,   43.51,  477.33,  262.80,     18800,  740.13,   25.53,   56.33,   25.85,   56.74,   25.59,   56.46,   19.37,   55.42,   20.25,   56.25,   19.60,   55.30,  136.20,  336.50,     18840,  472.70,    613.53,    599.30,   1212.83
2026-06-02,06:35:18.573,   56.28,   45.91,   57.00,   45.98,   56.62,   45.70,   53.88,   45.15,   53.10,   45.37,   53.26,   45.15,  330.13,  273.25,     18780,  603.39,   31.11,   79.52,   31.05,   79.73,   31.05,   79.08,   26.22,   77.51,   26.59,   78.01,   25.97,   78.42,  171.98,  472.26,     18780,  644.25,    502.12,    745.52,   1247.64
2026-06-02,06:35:18.622,   51.96,   32.93,   52.23,   32.62,   52.26,   32.94,   49.05,   31.65,   48.62,   31.59,   48.55,   31.62,  302.67,  193.36,     18580,  496.03,   23.95,   66.01,   23.75,   65.59,   23.98,   65.60,   20.66,   65.96,   21.19,   66.68,   20.37,   66.05,  133.91,  395.89,     18400,  529.80,    436.58,    589.25,   1025.82
2026-06-02,06:35:18.673,   30.60,   36.13,   30.95,   36.41,   31.13,   36.30,   30.02,   36.02,   29.97,   36.07,   29.93,   35.67,  182.59,  216.60,     18820,  399.19,   31.05,   85.41,   30.91,   84.96,   30.55,   84.81,   26.10,   84.10,   26.52,   85.42,   26.16,   83.96,  171.29,  508.66,     18780,  679.95,    353.88,    725.26,   1079.14
2026-06-02,06:35:18.723,   40.17,   36.09,   40.58,   36.13,   40.56,   36.12,   39.49,   35.49,   39.77,   36.41,   39.64,   36.36,  240.22,  216.60,     18760,  456.82,   31.32,   97.21,   31.26,   97.25,   30.99,   96.88,   24.53,   95.59,   25.13,   96.61,   24.86,   96.35,  168.10,  579.89,     18800,  747.98,    408.32,    796.49,   1204.81
2026-06-02,06:35:18.773,   93.66,   46.52,   94.48,   46.50,   94.27,   46.69,   90.04,   45.18,   89.11,   44.90,   90.15,   44.76,  551.72,  274.55,     18860,  826.27,   26.22,   78.52,   26.18,   78.69,   26.02,   78.03,   20.60,   76.50,   21.21,   77.62,   20.50,   76.74,  140.74,  466.10,     18820,  606.84,    692.46,    740.65,   1433.11
2026-06-02,06:35:18.824,   61.30,   37.22,   61.79,   37.46,   61.46,   37.19,   59.72,   36.97,   58.29,   36.99,   59.00,   36.31,  361.56,  222.14,     18880,  583.71,   16.60,   28.68,   16.97,   28.84,   16.69,   28.64,   13.75,   27.61,   14.63,   28.27,   14.11,   27.76,   92.75,  169.81,     18820,  262.56,    454.32,    391.95,    846.27
2026-06-02,06:35:18.874,   22.99,   30.52,   23.50,   30.57,   23.18,   30.67,   22.12,   30.50,   22.05,   30.71,   22.23,   30.48,  136.09,  183.44,     18368,  319.53,   29.65,   77.73,   29.57,   77.56,   29.23,   76.94,   25.20,   77.21,   25.44,   77.84,   24.75,   77.20,  163.84,  464.49,     18408,  628.33,    299.93,    647.93,    947.86
2026-06-02,06:35:18.924,   79.88,   65.92,   80.36,   66.23,   80.28,   65.86,   75.42,   64.22,   75.45,   64.59,   75.43,   64.50,  466.80,  391.32,     18840,  858.12,   29.19,   35.91,   29.44,   36.74,   29.33,   36.07,   26.55,   35.51,   26.69,   35.86,   26.08,   35.45,  167.28,  215.53,     18800,  382.81,    634.08,    606.85,   1240.93
2026-06-02,06:35:18.977,   87.87,   41.49,   88.10,   41.56,   87.67,   41.25,   85.57,   41.67,   85.30,   41.76,   85.02,   41.43,  519.53,  249.16,     18760,  768.68,   24.68,   64.68,   24.58,   64.34,   24.06,   63.92,   20.80,   63.43,   21.79,   64.38,   20.81,   63.18,  136.72,  383.93,     18760,  520.64,    656.24,    633.09,   1289.33
2026-06-02,06:35:19.025,   51.78,   40.91,   52.33,   40.77,   52.57,   40.90,   50.40,   40.09,   50.08,   40.14,   49.61,   39.87,  306.76,  242.68,     18920,  549.45,   30.97,   80.35,   31.24,   80.01,   30.55,   79.47,   25.14,   78.87,   25.87,   80.35,   25.43,   78.91,  169.19,  477.96,     18880,  647.16,    475.96,    720.65,   1196.61
2026-06-02,06:35:19.077,   55.09,   38.78,   55.95,   38.66,   55.46,   38.60,   51.48,   37.34,   51.19,   37.47,   51.53,   37.35,  320.71,  228.19,     18440,  548.89,   18.48,   39.15,   18.54,   39.08,   17.94,   38.46,   13.66,   37.28,   14.38,   38.06,   13.81,   37.25,   96.82,  229.29,     18460,  326.11,    417.52,    457.48,    875.00
2026-06-02,06:35:19.125,   69.54,   44.82,   70.39,   44.81,   70.41,   45.09,   66.45,   43.68,   66.12,   43.97,   65.99,   43.78,  408.90,  266.16,     18680,  675.05,   26.98,   71.52,   27.47,   71.50,   26.96,   71.28,   23.15,   71.15,   23.91,   72.02,   23.31,   71.33,  151.79,  428.79,     18760,  580.58,    560.69,    694.95,   1255.63
2026-06-02,06:35:19.175,   80.31,   49.49,   81.31,   49.54,   80.82,   50.02,   76.05,   49.53,   75.68,   49.42,   75.87,   49.78,  470.05,  297.79,     18720,  767.84,   33.90,   80.05,   34.40,   80.06,   33.62,   79.81,   29.79,   77.77,   30.30,   78.92,   29.77,   77.83,  191.78,  474.44,     18660,  666.22,    661.82,    772.23,   1434.05
2026-06-02,06:35:19.225,   57.02,   40.65,   57.24,   40.58,   57.53,   40.42,   54.19,   39.01,   54.31,   39.13,   53.58,   38.33,  333.87,  238.10,     18760,  571.98,   23.90,   78.69,   23.86,   78.36,   23.70,   78.67,   18.41,   78.35,   18.97,   79.83,   18.37,   78.83,  127.20,  472.73,     18780,  599.93,    461.07,    710.83,   1171.90
2026-06-02,06:35:19.276,   74.33,   51.03,   74.86,   50.78,   74.70,   51.04,   70.53,   49.28,   70.10,   50.01,   70.99,   49.99,  435.51,  302.13,     19300,  737.64,  231.39,  185.62,  228.72,  183.33,  229.88,  183.24,  224.52,  181.07,  225.46,  181.69,  225.69,  180.88, 1365.64, 1095.83,    121400, 2461.47,   1801.15,   1397.96,   3199.11
2026-06-02,06:35:19.324,   53.37,   38.76,   53.77,   38.72,   53.59,   39.08,   52.08,   38.75,   51.44,   38.41,   51.46,   38.63,  315.71,  232.34,     18580,  548.05,   37.70,   53.46,   57.51,   54.12,   37.46,   53.24,   30.73,   51.83,   30.97,   51.61,   32.24,   53.33,  226.60,  317.59,     84700,  544.19,    542.31,    549.93,   1092.24
2026-06-02,06:35:19.374,  114.66,   60.00,  116.20,   60.26,  115.17,   60.50,  110.60,   60.22,  110.60,   60.07,  110.36,   60.23,  677.59,  361.29,     21920, 1038.87,   43.06,  109.02,   63.34,  109.57,   42.68,  108.57,   35.49,  105.77,   35.64,  106.59,   36.11,  106.24,  256.31,  645.76,     18760,  902.07,    933.90,   1007.04,   1940.95
2026-06-02,06:35:19.425,  188.15,   83.11,  189.22,   83.29,  189.39,   84.03,  179.16,   81.33,  178.17,   81.61,  179.22,   81.14, 1103.31,  494.52,     20780, 1597.83,   82.28,  141.50,  101.10,  142.53,   82.90,  141.52,   74.77,  139.66,   76.04,  141.36,   75.15,  140.66,  492.25,  847.24,    124840, 1339.48,   1595.55,   1341.75,   2937.31
2026-06-02,06:35:19.476,   62.87,   45.53,   63.77,   45.21,   63.55,   45.12,   62.46,   45.23,   61.78,   45.67,   62.34,   45.65,  376.77,  272.41,     18740,  649.18,   25.88,   57.10,   48.31,   58.47,   25.93,   57.15,   23.15,   56.33,   23.78,   56.79,   23.17,   56.71,  170.21,  342.56,     18720,  512.77,    546.98,    614.97,   1161.95
2026-06-02,06:35:19.526,  100.97,   65.28,  103.28,   65.23,  101.15,   65.22,   95.79,   63.91,   94.75,   63.97,   95.18,   63.25,  591.11,  386.86,     23960,  977.97,   71.37,  117.26,   90.29,  124.69,   72.45,  116.87,   66.10,  115.54,   67.84,  118.31,   66.53,  117.10,  434.57,  709.77,    382440, 1144.34,   1025.68,   1096.63,   2122.31
2026-06-02,06:35:19.576,   53.48,   39.70,   56.66,   39.40,   53.52,   39.78,   51.04,   38.67,   50.30,   38.57,   50.86,   38.93,  315.86,  235.05,     18720,  550.91,   62.47,  114.18,   88.30,  125.41,   62.67,  114.48,   57.16,  113.72,   59.95,  116.87,   58.42,  115.19,  388.96,  699.85,    493880, 1088.81,    704.82,    934.91,   1639.72
2026-06-02,06:35:19.626,   79.10,   53.08,   82.65,   52.85,   79.35,   53.06,   75.39,   52.07,   75.43,   52.46,   75.27,   52.09,  467.20,  315.60,     18700,  782.80,   62.83,  100.93,   88.05,  112.03,   62.84,  100.47,   59.59,   99.49,   62.65,  103.39,   60.86,  101.09,  396.83,  617.40,    492580, 1014.23,    864.03,    933.00,   1797.03
2026-06-02,06:35:19.676,   68.20,   57.88,   71.51,   57.31,   69.05,   58.12,   65.50,   57.02,   65.57,   57.89,   65.26,   57.16,  405.09,  345.37,     19300,  750.46,   52.69,   78.13,   80.60,   90.80,   51.75,   78.04,   48.68,   77.88,   52.14,   81.22,   50.20,   79.56,  336.05,  485.64,    507600,  821.69,    741.15,    831.01,   1572.15
2026-06-02,06:35:19.726,  105.72,   77.08,  108.25,   76.64,  106.35,   76.60,  100.05,   75.02,  100.25,   76.20,  100.43,   75.57,  621.05,  457.11,     19280, 1078.16,   81.99,  136.09,   96.92,  141.38,   82.36,  135.30,   76.20,  134.06,   78.08,  136.25,   77.17,  135.00,  492.72,  818.08,    362660, 1310.80,   1113.77,   1275.19,   2388.96
2026-06-02,06:35:19.777,   92.42,   44.73,   95.33,   44.93,   92.44,   44.66,   89.44,   43.91,   88.60,   44.00,   89.54,   43.49,  547.77,  265.74,     18720,  813.51,   58.04,  123.07,   92.03,  134.53,   58.29,  122.34,   51.54,  120.93,   53.81,  124.44,   52.78,  123.76,  366.49,  749.07,    427780, 1115.56,    914.26,   1014.81,   1929.07
2026-06-02,06:35:19.827,   58.47,   99.48,   61.14,   99.11,   58.31,   99.48,   53.47,   97.99,   53.25,   98.09,   53.55,   97.80,  338.20,  591.94,     19260,  930.14,   42.44,   51.34,   71.19,   61.42,   42.42,   51.10,   39.90,   49.88,   42.60,   53.08,   41.61,   51.94,  280.17,  318.75,    400820,  598.91,    618.36,    910.69,   1529.05
2026-06-02,06:35:19.877,  101.56,   78.73,  104.58,   78.67,  102.44,   79.45,   99.07,   78.10,   98.58,   77.86,   99.02,   77.67,  605.25,  470.47,     18700, 1075.73,   61.38,   79.79,   95.18,   91.82,   61.44,   79.39,   55.09,   77.78,   57.40,   80.13,   56.14,   79.41,  386.64,  488.33,    442920,  874.96,    991.89,    958.80,   1950.69
2026-06-02,06:35:19.927,   99.01,   62.42,  100.77,   62.11,   99.11,   62.12,   92.22,   60.50,   92.18,   61.15,   92.75,   60.51,  576.04,  368.81,     20820,  944.85,   62.22,  118.34,   77.94,  124.75,   61.62,  118.27,   55.92,  116.91,   57.89,  118.17,   57.03,  117.69,  372.63,  714.14,    288960, 1086.76,    948.67,   1082.95,   2031.61
2026-06-02,06:35:19.977,   25.37,   32.44,   25.23,   32.20,   25.38,   32.63,   24.15,   32.17,   24.35,   32.25,   24.46,   32.43,  148.94,  194.11,     18740,  343.05,   22.94,   54.19,   23.14,   54.29,   22.72,   54.11,   20.65,   53.42,   20.97,   53.92,   20.35,   53.55,  130.78,  323.49,     18720,  454.27,    279.72,    517.60,    797.33
2026-06-02,06:35:20.028,  105.08,   71.11,  105.41,   70.25,  105.91,   70.82,  100.95,   69.15,  101.22,   70.04,  101.57,   69.59,  620.14,  420.95,     18800, 1041.09,   38.25,   67.58,   37.70,   67.67,   38.27,   67.95,   34.56,   66.71,   35.21,   67.44,   34.33,   67.03,  218.31,  404.38,     18760,  622.69,    838.45,    825.34,   1663.79
2026-06-02,06:35:20.078,   74.20,   42.64,   75.13,   43.00,   74.15,   42.69,   71.49,   42.20,   70.46,   41.99,   71.00,   42.22,  436.42,  254.74,     18408,  691.16,   26.15,   79.49,   25.69,   79.40,   26.15,   79.28,   20.88,   78.43,   21.58,   79.06,   20.56,   78.64,  141.00,  474.31,     18487,  615.31,    577.42,    729.05,   1306.47
2026-06-02,06:35:20.127,   65.76,   55.77,   66.60,   55.76,   66.63,   55.96,   63.62,   55.25,   63.54,   55.98,   63.63,   55.53,  389.79,  334.26,     18813,  724.05,   36.65,   90.34,   36.89,   90.42,   36.83,   90.27,   31.46,   89.51,   31.91,   89.95,   31.42,   89.55,  205.15,  540.04,     18753,  745.20,    594.95,    874.30,   1469.25
2026-06-02,06:35:20.177,   83.53,   47.48,   84.37,   47.40,   83.35,   47.39,   79.27,   46.19,   78.81,   46.36,   78.84,   46.05,  488.18,  280.87,     18880,  769.05,   24.38,   53.10,   24.11,   53.27,   24.01,   53.16,   20.91,   52.80,   21.55,   52.95,   20.90,   52.63,  135.87,  317.90,     18800,  453.77,    624.04,    598.78,   1222.82
2026-06-02,06:35:20.228,   52.08,   47.26,   52.25,   46.91,   52.25,   47.81,   48.41,   46.61,   48.27,   46.34,   48.53,   46.40,  301.79,  281.33,     18820,  583.11,   25.61,   67.00,   26.25,   67.58,   25.84,   67.16,   19.74,   65.87,   20.21,   66.28,   19.71,   65.91,  137.35,  399.79,     18820,  537.14,    439.14,    681.11,   1120.25
2026-06-02,06:35:20.278,   61.31,   33.81,   61.75,   34.18,   61.79,   33.98,   58.92,   33.34,   58.41,   33.63,   58.31,   33.60,  360.49,  202.55,     18800,  563.05,   28.33,   93.33,   28.58,   93.77,   28.49,   93.78,   22.53,   92.50,   22.78,   93.24,   22.06,   92.12,  152.78,  558.74,     18820,  711.52,    513.27,    761.30,   1274.57
2026-06-02,06:35:20.327,   80.63,   45.42,   81.34,   45.36,   80.77,   45.41,   76.95,   44.33,   76.59,   44.23,   77.13,   44.12,  473.41,  268.87,     18460,  742.28,   29.99,   79.82,   29.77,   79.72,   30.18,   79.76,   26.12,   78.99,   26.43,   79.48,   26.02,   79.11,  168.52,  476.88,     18440,  645.40,    641.93,    745.74,   1387.68
2026-06-02,06:35:20.378,   73.36,   52.20,   73.85,   52.04,   73.82,   52.31,   71.42,   51.56,   71.29,   51.73,   70.89,   51.39,  434.64,  311.22,     18780,  745.86,   39.03,   78.07,   39.39,   78.46,   38.92,   78.27,   35.07,   77.93,   35.30,   77.68,   34.73,   77.20,  222.46,  467.60,     18800,  690.06,    657.09,    778.83,   1435.92
2026-06-02,06:35:20.428,  124.25,   56.35,  124.58,   56.65,  124.67,   56.17,  119.26,   54.95,  119.36,   54.91,  119.66,   54.97,  731.78,  334.00,     18840, 1065.78,   28.80,   40.20,   29.04,   39.88,   28.30,   39.33,   23.74,   38.39,   24.11,   39.13,   24.04,   38.55,  158.03,  235.49,     18780,  393.52,    889.81,    569.49,   1459.30
2026-06-02,06:35:20.478,   86.44,   46.07,   86.64,   46.15,   86.34,   45.69,   83.87,   44.86,   83.13,   45.23,   84.29,   45.01,  510.70,  273.00,     18820,  783.70,   26.47,   75.77,   26.54,   75.80,   26.19,   75.67,   22.26,   74.36,   22.42,   75.28,   22.17,   74.45,  146.05,  451.33,     18820,  597.38,    656.75,    724.33,   1381.08
2026-06-02,06:35:20.532,   34.05,   29.16,   33.86,   29.14,   33.31,   29.05,   32.13,   28.78,   32.78,   29.14,   32.75,   29.50,  198.89,  174.77,     18800,  373.65,   18.93,   58.97,   19.05,   58.80,   18.83,   59.06,   14.27,   58.73,   14.89,   59.85,   14.48,   59.21,  100.45,  354.63,     18800,  455.07,    299.33,    529.39,    828.73
2026-06-02,06:35:20.578,  342.98,  158.19,  345.10,  158.40,  344.58,  158.97,  326.66,  145.89,  327.49,  146.07,  329.85,  146.27, 2016.65,  913.80,     18680, 2930.45,   37.88,   54.36,   37.36,   53.98,   37.50,   54.39,   34.62,   52.11,   35.15,   52.10,   34.27,   51.02,  216.79,  317.95,     18500,  534.74,   2233.44,   1231.76,   3465.20
2026-06-02,06:35:20.629,  523.03,  183.31,  524.71,  184.32,  521.33,  182.37,  509.63,  173.08,  509.64,  173.05,  511.42,  173.43, 3099.77, 1069.57,     18780, 4169.34,   37.83,   70.00,   38.27,   70.77,   38.05,   70.51,   30.66,   69.18,   31.53,   70.34,   31.30,   70.16,  207.64,  420.97,     18760,  628.61,   3307.41,   1490.54,   4797.95
2026-06-02,06:35:20.679,   83.39,   36.64,   84.56,   37.02,   83.52,   36.33,   81.95,   34.82,   81.43,   35.22,   82.71,   35.38,  497.55,  215.42,     18860,  712.97,   26.59,   66.32,   26.52,   66.45,   26.24,   65.62,   21.30,   63.90,   21.88,   64.57,   21.64,   63.35,  144.18,  390.21,     18880,  534.39,    641.73,    605.63,   1247.35
2026-06-02,06:35:20.729,   71.35,   44.48,   72.54,   44.48,   71.49,   44.19,   68.29,   42.74,   67.98,   43.14,   68.67,   43.16,  420.32,  262.19,     18800,  682.50,   27.22,   51.10,   27.33,   51.39,   27.13,   51.26,   25.14,   50.89,   25.35,   51.12,   25.19,   50.68,  157.37,  306.45,     18800,  463.82,    577.69,    568.63,   1146.32
2026-06-02,06:35:20.779,   46.77,   35.17,   47.03,   35.30,   47.01,   35.19,   45.51,   34.89,   45.61,   35.65,   45.59,   35.20,  277.52,  211.39,     18400,  488.91,   26.53,   84.19,   26.65,   84.27,   26.50,   84.66,   20.88,   83.91,   21.46,   83.59,   20.75,   83.17,  142.76,  503.79,     18400,  646.55,    420.28,    715.18,   1135.46
2026-06-02,06:35:20.829,   58.98,   40.69,   60.32,   40.82,   59.77,   41.09,   56.57,   39.26,   56.76,   39.63,   56.92,   39.50,  349.32,  240.99,     18820,  590.30,   30.04,   95.69,   30.01,   95.92,   29.91,   95.48,   24.28,   95.07,   24.72,   95.87,   23.94,   95.08,  162.90,  573.10,     18800,  736.00,    512.22,    814.09,   1326.31
2026-06-02,06:35:20.880,   38.18,   29.82,   38.84,   29.99,   38.12,   29.66,   37.05,   29.19,   36.48,   29.35,   37.33,   29.43,  226.00,  177.44,     18860,  403.44,   19.39,   51.86,   19.00,   51.68,   19.36,   51.99,   14.56,   51.01,   15.34,   51.09,   14.45,   50.87,  102.09,  308.52,     18880,  410.61,    328.09,    485.95,    814.04
2026-06-02,06:35:20.930,   83.36,   52.58,   84.45,   52.93,   84.08,   52.90,   80.05,   51.17,   79.64,   51.42,   80.02,   50.99,  491.61,  312.00,     18527,  803.61,   31.84,   62.09,   32.30,   62.07,   31.92,   61.94,   29.12,   60.73,   29.55,   61.72,   29.47,   61.03,  184.20,  369.57,     18448,  553.78,    675.81,    681.57,   1357.38
2026-06-02,06:35:20.979,   73.10,   44.44,   73.69,   44.65,   72.54,   44.09,   70.31,   43.97,   69.90,   44.78,   69.74,   44.36,  429.27,  266.29,     18794,  695.56,   29.75,   97.06,   30.18,   97.47,   29.59,   97.30,   22.99,   95.93,   23.41,   96.19,   23.53,   96.56,  159.45,  580.51,     18793,  739.96,    588.72,    846.80,   1435.52
2026-06-02,06:35:21.030,   38.98,   34.50,   39.27,   34.84,   39.44,   35.03,   37.49,   34.15,   37.55,   34.65,   37.75,   34.12,  230.48,  207.29,     18820,  437.77,   21.57,   45.17,   21.46,   45.37,   21.32,   44.79,   16.96,   44.18,   17.86,   44.59,   16.90,   44.10,  116.07,  268.20,     18800,  384.27,    346.55,    475.49,    822.04
2026-06-02,06:35:21.080,   37.76,   37.58,   38.16,   38.04,   38.19,   37.98,   36.69,   36.96,   36.70,   37.36,   36.81,   37.20,  224.30,  225.11,     18800,  449.42,   21.61,   63.83,   21.88,   63.72,   21.69,   63.11,   19.05,   61.72,   19.44,   63.05,   19.24,   62.35,  122.92,  377.79,     18800,  500.71,    347.23,    602.90,    950.13
2026-06-02,06:35:21.130,  107.24,   58.60,  108.39,   58.63,  108.71,   59.06,  103.05,   55.93,  102.94,   56.44,  103.77,   56.44,  634.10,  345.10,     19060,  979.20,   30.22,   95.35,   30.99,   96.61,   30.62,   95.15,   25.21,   95.21,   25.84,   95.80,   25.46,   96.27,  168.33,  574.38,     18780,  742.72,    802.43,    919.49,   1721.91
2026-06-02,06:35:21.180,   92.40,   55.44,   93.60,   55.54,   92.31,   55.48,   86.52,   54.39,   86.46,   54.50,   86.70,   54.51,  537.99,  329.85,     18780,  867.84,   31.98,   36.92,   31.49,   36.65,   31.48,   36.38,   30.00,   35.27,   29.96,   35.98,   29.62,   35.29,  184.53,  216.49,     18680,  401.02,    722.52,    546.34,   1268.86
2026-06-02,06:35:21.230,   60.48,   45.62,   60.46,   45.63,   60.57,   45.37,   58.18,   44.46,   58.44,   45.23,   58.41,   44.97,  356.55,  271.29,     18800,  627.83,   24.07,   69.26,   24.06,   69.51,   23.90,   69.01,   19.33,   67.61,   20.01,   68.45,   19.33,   67.73,  130.71,  411.57,     18760,  542.28,    487.26,    682.86,   1170.12
2026-06-02,06:35:21.280,   52.87,   43.52,   53.00,   43.59,   53.53,   44.11,   51.85,   43.26,   51.74,   43.51,   52.12,   43.23,  315.11,  261.21,     18680,  576.31,  107.69,  101.52,  107.44,  101.83,  108.09,  101.65,  104.60,   99.55,  105.51,  100.98,  104.42,  100.46,  637.74,  605.97,    115580, 1243.71,    952.85,    867.18,   1820.03
2026-06-02,06:35:21.329,   71.67,   41.27,   71.92,   41.35,   71.59,   41.49,   68.01,   39.62,   67.87,   40.27,   68.40,   39.93,  419.45,  243.94,     18520,  663.39,   39.27,   83.42,   47.87,   83.66,   38.74,   82.34,   32.12,   80.35,   32.61,   80.62,   33.35,   81.51,  223.96,  491.90,     18460,  715.86,    643.41,    735.85,   1379.25
2026-06-02,06:35:21.380,  145.15,   95.68,  146.08,   94.58,  145.72,   95.22,  139.63,   93.73,  139.74,   94.11,  139.87,   93.64,  856.19,  566.95,     24000, 1423.14,   83.25,  128.97,  100.23,  131.02,   83.65,  129.41,   77.53,  127.68,   77.29,  127.44,   77.96,  128.38,  499.90,  772.90,    123220, 1272.80,   1356.09,   1339.85,   2695.94
2026-06-02,06:35:21.430,  154.43,   78.73,  154.93,   78.17,  154.98,   78.61,  148.89,   76.45,  148.68,   77.02,  149.07,   76.10,  911.00,  465.09,     18680, 1376.08,   32.45,   73.73,   54.97,   74.85,   32.10,   73.48,   26.91,   71.56,   27.69,   72.45,   26.97,   71.82,  201.09,  437.91,     18640,  638.99,   1112.08,    902.99,   2015.07
2026-06-02,06:35:21.480,   73.25,   48.54,   74.30,   48.44,   73.76,   48.87,   72.14,   47.74,   71.70,   48.02,   71.67,   47.50,  436.82,  289.12,     23420,  725.93,   52.74,  102.89,   69.02,  104.67,   53.39,  103.09,   47.95,  102.70,   48.80,  103.33,   47.91,  102.81,  319.80,  619.50,    101080,  939.31,    756.62,    908.62,   1665.24
2026-06-02,06:35:21.530,   66.23,   67.60,   68.89,   66.90,   67.39,   68.51,   63.20,   66.27,   63.47,   66.93,   63.99,   67.00,  393.17,  403.20,     19220,  796.38,   81.23,  113.26,  107.22,  124.28,   82.30,  112.72,   76.33,  110.97,   79.02,  114.35,   77.36,  113.05,  503.47,  688.63,    489060, 1192.10,    896.64,   1091.84,   1988.48
2026-06-02,06:35:21.581,   87.33,   65.48,   87.94,   64.87,   89.39,   67.13,   82.46,   64.33,   82.42,   64.55,   82.72,   64.06,  512.26,  390.42,     18760,  902.68,   88.50,  137.77,   99.95,  139.03,   86.42,  137.12,   79.87,  135.51,   80.14,  135.93,   79.75,  135.37,  514.61,  820.73,    222760, 1335.34,   1026.87,   1211.15,   2238.02
2026-06-02,06:35:21.631,  104.66,   57.27,  105.42,   57.05,  105.07,   56.84,  101.42,   55.86,  101.33,   56.55,  102.20,   56.33,  620.10,  339.89,     18740,  959.99,   37.76,   86.19,   60.58,   87.91,   37.54,   86.16,   32.26,   84.80,   32.90,   85.10,   32.72,   85.45,  233.76,  515.61,     18760,  749.38,    853.86,    855.50,   1709.37
2026-06-02,06:35:21.681,   32.66,   27.34,   33.45,   27.48,   32.60,   27.40,   31.41,   27.12,   31.21,   26.98,   31.45,   27.22,  192.78,  163.55,     23920,  356.33,   50.64,  105.74,   65.24,  108.69,   50.61,  105.85,   45.51,  105.15,   46.73,  106.30,   45.76,  105.58,  304.49,  637.30,    185920,  941.79,    497.27,    800.85,   1298.12
2026-06-02,06:35:21.731,   51.75,   53.11,   55.23,   53.07,   52.19,   53.50,   49.88,   52.22,   50.06,   52.82,   50.53,   52.64,  309.64,  317.36,     19780,  627.00,   64.80,  115.01,   93.01,  127.31,   64.49,  115.18,   60.30,  114.32,   63.07,  117.51,   61.04,  115.32,  406.71,  704.64,    500800, 1111.35,    716.35,   1021.99,   1738.35
2026-06-02,06:35:21.781,  118.62,   58.26,  122.22,   57.74,  119.26,   57.63,  113.88,   56.50,  113.59,   57.14,  114.25,   56.66,  701.82,  343.94,     18720, 1045.76,   56.20,   91.33,   83.15,  103.14,   55.73,   90.45,   51.98,   89.39,   55.20,   92.69,   53.16,   91.20,  355.42,  558.19,    495120,  913.61,   1057.24,    902.13,   1959.38
2026-06-02,06:35:21.831,   82.25,   61.12,   84.59,   59.97,   82.85,   61.10,   77.70,   58.98,   77.50,   59.71,   77.59,   59.46,  482.48,  360.35,     19320,  842.82,   59.34,   90.39,   79.97,   99.13,   59.02,   89.47,   54.87,   87.94,   57.58,   91.14,   55.58,   89.59,  366.36,  547.67,    431980,  914.02,    848.84,    908.01,   1756.85
2026-06-02,06:35:21.882,   26.04,   39.88,   27.60,   39.26,   26.64,   40.05,   23.74,   38.48,   24.07,   39.05,   23.68,   38.73,  151.76,  235.45,     19240,  387.21,   52.05,   85.46,   78.14,   94.70,   51.73,   85.10,   48.15,   84.44,   50.17,   86.86,   49.07,   85.56,  329.31,  522.13,    438340,  851.44,    481.07,    757.58,   1238.65
2026-06-02,06:35:21.932,   44.03,   47.83,   45.42,   47.92,   43.64,   47.92,   42.58,   46.90,   43.12,   47.83,   42.49,   47.37,  261.28,  285.78,     18660,  547.06,   54.54,   96.94,   80.38,  106.11,   54.51,   96.39,   49.89,   95.65,   52.03,   98.04,   50.46,   96.81,  341.81,  589.95,    433900,  931.76,    603.09,    875.72,   1478.82
2026-06-02,06:35:21.982,   78.08,   79.16,   80.94,   79.31,   78.85,   79.13,   76.37,   78.22,   75.82,   78.36,   75.83,   78.31,  465.89,  472.49,     20840,  938.37,  110.07,  130.58,  129.82,  138.32,  108.74,  128.80,  101.95,  127.69,  103.72,  129.29,  101.83,  127.75,  656.14,  782.42,    447340, 1438.56,   1122.03,   1254.90,   2376.93
2026-06-02,06:35:22.032,  106.96,   53.80,  109.45,   53.43,  108.41,   55.27,  100.86,   52.79,  101.00,   53.62,  101.69,   53.14,  628.37,  322.05,     21360,  950.42,   84.00,  126.54,  100.24,  132.49,   83.53,  125.95,   78.47,  124.55,   79.69,  125.89,   78.72,  125.17,  504.65,  760.58,    396280, 1265.23,   1133.02,   1082.63,   2215.65
2026-06-02,06:35:22.082,  102.42,   66.80,  104.97,   66.65,  103.38,   66.62,   98.09,   65.41,   98.03,   66.37,   98.44,   65.47,  605.32,  397.32,     21360, 1002.64,   85.77,  136.47,   96.88,  141.97,   86.60,  137.52,   81.26,  136.24,   82.59,  137.58,   81.55,  136.65,  514.64,  826.44,    314340, 1341.09,   1119.97,   1223.76,   2343.73
2026-06-02,06:35:22.134,  122.03,   77.51,  124.08,   77.17,  124.07,   78.79,  117.69,   76.75,  116.42,   77.28,  117.44,   77.26,  721.73,  464.74,     19240, 1186.47,  101.77,  127.66,  114.86,  132.27,  101.40,  126.66,   96.58,  125.32,   98.36,  126.45,   97.42,  125.42,  610.38,  763.78,    282540, 1374.16,   1332.10,   1228.52,   2560.63
2026-06-02,06:35:22.189,   95.67,   39.16,   97.97,   38.72,   95.51,   38.74,   91.27,   37.91,   90.11,   37.83,   91.39,   37.94,  561.92,  230.29,     20320,  792.22,   54.96,  103.58,   80.39,  112.38,   54.33,  102.84,   49.43,  102.64,   51.52,  104.96,   50.62,  104.07,  341.25,  630.46,    436080,  971.71,    903.17,    860.75,   1763.92
2026-06-02,06:35:22.233,   82.88,   66.84,   85.63,   65.77,   82.83,   66.47,   78.04,   65.17,   77.79,   66.02,   78.78,   66.41,  485.95,  396.68,     18780,  882.63,   63.53,  112.22,   87.13,  121.99,   63.36,  112.09,   58.35,  110.31,   59.82,  111.77,   59.20,  111.58,  391.38,  679.96,    484180, 1071.34,    877.34,   1076.63,   1953.97
2026-06-02,06:35:22.283,   82.69,   38.55,   85.74,   38.40,   82.76,   38.41,   78.44,   37.93,   78.23,   38.32,   78.34,   37.80,  486.21,  229.40,     18700,  715.61,   46.56,   91.24,   69.44,  101.28,   46.38,   91.39,   41.86,   89.98,   43.08,   91.41,   42.34,   90.86,  289.65,  556.15,    485440,  845.81,    775.86,    785.55,   1561.41
2026-06-02,06:35:22.335,   47.74,   48.22,   50.03,   47.54,   47.59,   47.70,   45.37,   46.60,   45.26,   47.07,   45.54,   46.52,  281.53,  283.65,     18740,  565.18,   58.21,   97.87,   81.18,  107.97,   57.74,   97.19,   53.55,   96.67,   55.05,   98.38,   54.36,   97.47,  360.09,  595.55,    486300,  955.65,    641.62,    879.20,   1520.82
2026-06-02,06:35:22.383,  102.29,   81.24,  104.28,   81.18,  102.95,   81.10,   99.18,   80.05,   99.21,   80.04,   99.20,   80.21,  607.11,  483.81,     19720, 1090.92,   66.39,   59.89,   82.37,   65.53,   66.12,   60.18,   64.25,   58.65,   66.06,   60.89,   65.29,   59.76,  410.47,  364.90,    358260,  775.37,   1017.58,    848.71,   1866.29
2026-06-02,06:35:22.433,  157.93,   68.24,  160.51,   68.63,  157.68,   68.13,  151.90,   66.35,  152.67,   67.24,  152.92,   66.66,  933.62,  405.25,     19800, 1338.87,   56.88,  101.45,   81.91,  109.25,   56.77,  100.78,   51.16,  100.11,   52.79,  101.98,   52.11,  100.50,  351.61,  614.07,    424580,  965.68,   1285.23,   1019.32,   2304.55
2026-06-02,06:35:22.483,   83.70,   46.66,   86.94,   47.01,   83.56,   46.63,   81.12,   45.59,   80.12,   46.23,   80.83,   45.58,  496.28,  277.70,     19220,  773.98,   53.59,   75.88,   74.71,   84.66,   52.48,   76.68,   48.42,   75.96,   50.57,   78.36,   49.83,   77.93,  329.60,  469.48,    443340,  799.08,    825.88,    747.18,   1573.06
2026-06-02,06:35:22.533,   44.35,   47.94,   44.28,   47.66,   44.53,   47.87,   41.53,   47.18,   42.08,   47.67,   42.15,   47.71,  258.93,  286.02,     19240,  544.94,   39.07,   46.07,   40.84,   46.29,   38.56,   45.16,   36.94,   43.75,   37.66,   43.71,   37.16,   43.12,  230.24,  268.11,     50680,  498.34,    489.16,    554.12,   1043.29
2026-06-02,06:35:22.583,   29.51,   44.34,   29.06,   44.14,   30.13,   44.64,   27.86,   43.80,   28.38,   43.80,   28.39,   43.77,  173.33,  264.49,     18780,  437.82,   24.42,   72.42,   24.46,   72.90,   24.23,   73.01,   18.91,   71.89,   19.87,   72.57,   18.99,   71.71,  130.89,  434.49,     18740,  565.39,    304.23,    698.98,   1003.21
2026-06-02,06:35:22.634,  130.43,   69.58,  131.16,   69.29,  129.43,   68.73,  123.73,   68.01,  122.48,   67.82,  123.89,   67.59,  761.12,  411.02,     18800, 1172.14,   28.04,   52.72,   28.12,   53.12,   28.13,   53.10,   23.00,   51.01,   24.04,   51.88,   23.19,   51.58,  154.52,  313.42,     18800,  467.94,    915.64,    724.44,   1640.08
2026-06-02,06:35:22.684,   40.01,   31.52,   40.08,   31.24,   40.14,   31.21,   38.72,   30.81,   38.23,   30.99,   38.81,   31.09,  235.99,  186.86,     18840,  422.85,   21.96,   54.70,   22.27,   55.47,   21.70,   55.00,   18.77,   54.50,   19.23,   54.94,   18.36,   54.28,  122.29,  328.89,     18780,  451.18,    358.29,    515.75,    874.03
2026-06-02,06:35:22.734,   28.88,   32.57,   29.35,   32.59,   29.42,   33.12,   28.03,   32.16,   27.94,   32.32,   28.36,   32.11,  171.98,  194.87,     18428,  366.85,   28.24,   82.83,   28.39,   83.34,   28.38,   82.67,   23.79,   82.12,   23.94,   82.29,   23.48,   82.26,  156.21,  495.51,     18507,  651.72,    328.18,    690.38,   1018.57
2026-06-02,06:35:22.785,   35.77,   35.67,   35.89,   35.82,   35.84,   35.58,   34.73,   34.50,   34.25,   34.67,   34.77,   34.86,  211.25,  211.10,     18780,  422.36,   27.17,   95.19,   27.10,   95.18,   27.11,   94.71,   21.31,   93.76,   21.68,   94.00,   21.57,   93.96,  145.94,  566.80,     18820,  712.74,    357.19,    777.91,   1135.10
2026-06-02,06:35:22.838,   74.00,   39.65,   75.29,   40.03,   74.85,   39.58,   71.00,   37.91,   70.38,   38.15,   71.92,   38.26,  437.44,  233.58,     18900,  671.02,   25.57,   67.99,   25.51,   68.53,   25.97,   68.07,   21.34,   67.37,   22.29,   68.06,   21.39,   67.61,  142.06,  407.63,     18800,  549.69,    579.50,    641.20,   1220.70
2026-06-02,06:35:22.886,   65.26,   47.74,   65.12,   47.31,   65.47,   47.97,   62.94,   47.01,   61.99,   47.44,   63.13,   47.55,  383.91,  285.02,     18584,  668.93,   26.57,   46.02,   26.92,   46.04,   26.28,   45.80,   22.40,   44.74,   22.67,   45.30,   22.51,   45.23,  147.35,  273.13,     18605,  420.48,    531.26,    558.15,   1089.41
2026-06-02,06:35:22.937,   25.32,   28.84,   25.90,   29.03,   25.73,   29.26,   24.77,   28.23,   24.50,   28.65,   25.10,   28.57,  151.31,  172.58,     18980,  323.90,   26.12,   80.22,   26.09,   80.43,   25.70,   80.08,   21.82,   79.58,   22.31,   79.68,   21.64,   79.14,  143.68,  479.13,     19020,  622.81,    295.00,    651.71,    946.71
2026-06-02,06:35:22.987,   52.46,   30.24,   53.17,   30.36,   53.30,   30.44,   50.08,   28.79,   49.79,   28.88,   50.30,   28.80,  309.10,  177.52,     18800,  486.62,   22.78,   79.66,   22.96,   79.93,   22.19,   79.00,   17.72,   78.20,   18.26,   78.66,   17.78,   78.40,  121.68,  473.85,     18800,  595.53,    430.77,    651.38,   1082.15
2026-06-02,06:35:23.036,   73.54,   40.57,   74.48,   40.31,   73.90,   40.24,   71.10,   39.90,   70.62,   40.41,   71.34,   40.25,  434.98,  241.69,     18400,  676.67,   18.56,   39.37,   18.76,   39.07,   18.41,   38.94,   14.22,   37.60,   14.39,   38.24,   14.06,   37.56,   98.39,  230.76,     18420,  329.15,    533.38,    472.45,   1005.83
2026-06-02,06:35:23.086,   45.66,   50.23,   45.57,   50.22,   45.79,   50.44,   42.48,   49.08,   42.33,   49.49,   42.73,   49.41,  264.56,  298.88,     18800,  563.44,   31.37,   79.35,   31.21,   79.54,   30.86,   79.54,   26.41,   78.79,   27.24,   79.42,   26.48,   78.80,  173.58,  475.44,     18780,  649.02,    438.14,    774.32,   1212.45
2026-06-02,06:35:23.137,   43.08,   49.33,   42.45,   48.74,   43.04,   49.15,   41.30,   48.39,   41.28,   48.76,   40.94,   48.32,  252.10,  292.69,     18800,  544.79,   21.51,   61.26,   21.20,   61.71,   20.95,   60.57,   18.20,   60.72,   18.64,   60.75,   18.09,   60.99,  118.59,  366.01,     18800,  484.60,    370.69,    658.70,   1029.39
2026-06-02,06:35:23.187,  122.99,   59.37,  124.49,   59.20,  124.01,   59.55,  119.04,   58.19,  117.20,   57.95,  119.34,   58.02,  727.07,  352.29,     18740, 1079.36,   33.08,   80.03,   33.03,   80.17,   33.16,   79.91,   28.57,   78.56,   28.97,   79.09,   28.25,   78.54,  185.06,  476.29,     18800,  661.35,    912.13,    828.58,   1740.70
2026-06-02,06:35:23.237,   46.99,   35.09,   47.76,   35.37,   47.03,   35.15,   46.30,   35.05,   46.12,   36.01,   46.14,   35.26,  280.34,  211.92,     18840,  492.26,   32.62,   90.47,   32.93,   91.06,   32.65,   90.98,   26.93,   89.68,   27.22,   90.57,   27.08,   89.68,  179.42,  542.45,     18780,  721.87,    459.76,    754.37,   1214.13
2026-06-02,06:35:23.286,   53.88,   45.55,   53.33,   45.34,   54.23,   45.96,   50.36,   44.85,   50.21,   44.94,   50.48,   45.05,  312.49,  271.69,     18400,  584.18,  112.12,  105.87,  111.12,  105.34,  111.91,  105.75,  108.54,  104.92,  109.38,  105.10,  108.33,  104.63,  661.40,  631.62,     67680, 1293.02,    973.89,    903.31,   1877.20
2026-06-02,06:35:23.337,   78.30,   69.73,   78.57,   69.16,   79.05,   70.24,   75.10,   68.03,   74.87,   68.85,   74.81,   68.48,  460.71,  414.49,     19000,  875.19,   57.19,   84.91,   56.13,   84.60,   56.81,   84.99,   48.83,   82.38,   49.45,   82.71,   49.25,   82.57,  317.67,  502.16,     70300,  819.82,    778.37,    916.65,   1695.02
2026-06-02,06:35:23.386,  125.62,  100.06,  125.74,   99.81,  125.72,  100.32,  122.88,   98.78,  122.66,   98.84,  121.65,   98.29,  744.26,  596.09,     23620, 1340.35,   62.36,   85.89,   62.42,   85.38,   61.41,   85.57,   54.95,   82.71,   55.68,   83.82,   54.90,   83.20,  351.72,  506.59,     29400,  858.32,   1095.99,   1102.68,   2198.67
2026-06-02,06:35:23.437,  286.17,  117.99,  288.21,  118.54,  286.41,  118.41,  276.93,  115.24,  276.99,  116.15,  277.55,  114.96, 1692.25,  701.30,     18840, 2393.55,   89.04,  147.69,   88.64,  147.37,   87.76,  146.20,   79.34,  145.19,   80.90,  146.32,   80.23,  145.71,  505.91,  878.48,    112700, 1384.39,   2198.16,   1579.78,   3777.94
2026-06-02,06:35:23.488,   77.63,   39.53,   78.57,   39.76,   77.58,   38.83,   76.69,   38.78,   76.41,   39.20,   77.27,   39.02,  464.14,  235.12,     20174,  699.26,   28.51,   84.73,   28.56,   85.24,   28.36,   84.75,   23.42,   84.28,   24.17,   84.91,   23.63,   84.20,  156.64,  508.10,     18663,  664.74,    620.78,    743.22,   1364.00
2026-06-02,06:35:23.538,   40.11,   42.61,   42.52,   42.47,   40.50,   42.44,   39.29,   42.05,   39.13,   42.68,   39.49,   42.40,  241.03,  254.64,     22340,  495.67,   88.80,  123.48,   89.06,  123.46,   88.67,  122.73,   84.12,  121.49,   85.10,  123.19,   84.27,  122.67,  520.02,  737.02,    382240, 1257.04,    761.05,    991.66,   1752.71
2026-06-02,06:35:23.588,   44.44,   41.25,   46.65,   41.25,   45.10,   41.32,   43.85,   40.31,   43.71,   40.76,   43.80,   40.59,  267.55,  245.49,     18760,  513.05,   80.69,  132.01,   80.65,  131.74,   79.91,  131.92,   74.76,  130.69,   75.34,  130.78,   75.49,  131.02,  466.85,  788.16,    308420, 1255.00,    734.40,   1033.65,   1768.05
2026-06-02,06:35:23.639,   94.06,   40.10,   96.33,   40.56,   95.69,   40.53,   92.97,   39.27,   92.29,   39.79,   93.32,   39.83,  564.65,  240.08,     18800,  804.73,   26.46,   84.76,   26.32,   84.67,   26.22,   84.51,   21.01,   83.65,   21.84,   84.38,   21.11,   83.51,  142.96,  505.48,     18760,  648.45,    707.61,    745.56,   1453.17
2026-06-02,06:35:23.689,   45.38,   36.95,   45.39,   36.78,   44.74,   36.48,   42.69,   36.08,   42.87,   36.26,   43.05,   35.95,  264.13,  218.49,     18740,  482.62,   31.11,   92.87,   31.62,   92.78,   31.12,   92.19,   25.84,   90.40,   26.58,   91.41,   26.43,   90.93,  172.71,  550.57,     18760,  723.28,    436.84,    769.06,   1205.90
2026-06-02,06:35:23.739,   32.28,   50.91,   31.97,   50.09,   32.20,   50.72,   29.30,   49.37,   30.07,   50.27,   30.38,   50.07,  186.20,  301.44,     18740,  487.64,   35.73,   81.89,   35.60,   81.78,   35.54,   80.99,   30.15,   79.13,   30.63,   79.94,   30.47,   80.07,  198.12,  483.81,     18720,  681.93,    384.32,    785.25,   1169.57
2026-06-02,06:35:23.789,   95.75,   67.53,   96.10,   66.74,   95.00,   66.40,   89.41,   65.05,   89.42,   65.52,   89.82,   65.07,  555.50,  396.32,     18760,  951.82,   26.76,   74.58,   26.96,   74.52,   27.15,   74.46,   22.09,   72.86,   22.25,   73.42,   22.11,   72.98,  147.30,  442.82,     18780,  590.12,    702.80,    839.15,   1541.95
2026-06-02,06:35:23.840,   80.80,   52.15,   81.35,   51.51,   81.08,   51.86,   78.92,   51.58,   78.18,   52.09,   78.67,   51.61,  479.00,  310.80,     18800,  789.80,   28.91,   58.30,   28.86,   58.22,   29.08,   58.33,   24.34,   57.42,   24.83,   57.56,   24.08,   57.62,  160.10,  347.46,     18800,  507.56,    639.10,    658.26,   1297.36
2026-06-02,06:35:23.890,   49.25,   48.61,   49.03,   48.18,   49.53,   48.75,   45.94,   47.31,   46.21,   47.92,   46.41,   47.61,  286.38,  288.38,     18408,  574.76,   27.30,   58.90,   27.39,   59.41,   27.11,   58.64,   24.18,   58.55,   24.77,   58.76,   24.04,   58.67,  154.79,  352.93,     18428,  507.72,    441.16,    641.31,   1082.47
2026-06-02,06:35:23.940,   64.10,   53.72,   64.12,   52.23,   64.20,   53.28,   58.45,   49.91,   58.70,   50.67,   59.75,   50.82,  369.32,  310.62,     18820,  679.94,   47.09,   90.55,   47.59,   91.43,   47.50,   90.34,   41.79,   89.80,   42.18,   90.41,   41.46,   90.24,  267.61,  542.77,     18720,  810.39,    636.93,    853.40,   1490.32
2026-06-02,06:35:23.990,   97.84,   59.44,   98.27,   59.31,   98.41,   59.48,   92.35,   58.12,   91.95,   58.02,   92.93,   58.03,  571.75,  352.41,     18700,  924.15,   26.01,   71.05,   25.80,   70.74,   25.80,   70.71,   22.02,   69.74,   22.25,   69.86,   21.69,   69.92,  143.57,  422.01,     18720,  565.58,    715.32,    774.41,   1489.73
2026-06-02,06:35:24.041,   65.14,   48.57,   65.05,   48.09,   65.24,   48.48,   62.46,   48.25,   62.36,   48.15,   62.66,   47.97,  382.91,  289.50,     18860,  672.40,   34.27,   82.79,   34.47,   83.15,   34.25,   82.29,   28.81,   80.86,   29.38,   81.72,   28.67,   81.02,  189.84,  491.84,     18800,  681.68,    572.74,    781.34,   1354.08
2026-06-02,06:35:24.091,   42.89,   50.42,   42.31,   49.94,   43.07,   50.48,   40.15,   49.15,   40.49,   49.66,   40.61,   49.62,  249.51,  299.28,     18840,  548.79,   25.57,   70.26,   25.82,   70.59,   25.24,   69.74,   21.38,   69.30,   21.32,   69.44,   21.04,   69.28,  140.37,  418.60,     18800,  558.98,    389.89,    717.88,   1107.77
2026-06-02,06:35:24.141,   41.63,   53.00,   40.93,   52.70,   41.67,   53.34,   39.41,   52.44,   40.03,   52.65,   39.91,   52.19,  243.59,  316.31,     18840,  559.90,   22.04,   36.75,   22.05,   36.84,   21.82,   36.57,   19.38,   35.67,   19.50,   35.88,   18.77,   35.60,  123.54,  217.31,     18780,  340.85,    367.13,    533.62,    900.76
2026-06-02,06:35:24.192,   93.78,   45.55,   95.03,   45.47,   93.76,   45.13,   90.17,   44.55,   89.27,   44.19,   90.51,   44.60,  552.53,  269.50,     18820,  822.03,   25.14,   61.55,   24.92,   61.27,   24.93,   61.41,   21.18,   61.04,   21.39,   61.22,   20.89,   60.99,  138.44,  367.49,     18800,  505.93,    690.97,    636.99,   1327.96
2026-06-02,06:35:24.242,   47.91,   48.78,   47.64,   48.35,   48.22,   49.12,   45.02,   48.08,   45.04,   48.39,   45.45,   48.44,  279.29,  291.15,     18368,  570.44,   26.83,   49.34,   26.63,   49.02,   26.89,   48.68,   24.78,   48.94,   24.79,   48.84,   24.16,   48.95,  154.09,  293.78,     18408,  447.87,    433.37,    584.93,   1018.31
2026-06-02,06:35:24.292,   39.39,   50.29,   38.38,   49.29,   39.29,   49.92,   36.53,   48.47,   37.14,   49.49,   37.23,   48.71,  227.96,  296.16,     18820,  524.12,   19.19,   48.62,   19.08,   49.02,   19.31,   48.76,   16.58,   48.31,   16.60,   48.86,   15.91,   48.42,  106.67,  291.99,     18780,  398.66,    334.63,    588.15,    922.78
2026-06-02,06:35:24.343,  108.78,   54.93,  109.81,   54.63,  108.83,   54.90,  102.76,   53.46,  102.36,   53.45,  103.65,   53.92,  636.18,  325.29,     18860,  961.47,   36.01,   78.59,   35.96,   79.17,   35.98,   78.51,   31.31,   78.22,   31.98,   79.29,   31.16,   78.16,  202.38,  471.93,     18760,  674.32,    838.57,    797.22,   1635.79
2026-06-02,06:35:24.393,   67.33,   32.46,   68.43,   32.68,   68.39,   32.83,   67.01,   31.89,   66.60,   31.84,   67.90,   31.87,  405.65,  193.57,     18820,  599.22,   26.17,   65.80,   26.07,   65.61,   25.67,   65.02,   21.96,   65.10,   22.47,   65.19,   22.33,   65.03,  144.68,  391.74,     18780,  536.41,    550.32,    585.31,   1135.63
2026-06-02,06:35:24.443,   19.25,   26.72,   19.08,   26.49,   18.52,   26.50,   17.03,   25.50,   16.51,   25.83,   16.67,   25.77,  107.07,  156.81,     18800,  263.88,   22.65,   48.78,   22.71,   48.49,   22.45,   48.17,   17.44,   47.28,   17.82,   47.98,   17.26,   47.69,  120.33,  288.39,     18800,  408.71,    227.39,    445.20,    672.59
2026-06-02,06:35:24.493,   34.98,   34.94,   35.33,   34.98,   35.30,   35.03,   34.11,   34.18,   33.85,   34.15,   34.21,   33.82,  207.78,  207.10,     18780,  414.88,   28.04,   76.11,   28.20,   77.11,   27.78,   76.12,   24.52,   75.75,   24.98,   75.82,   24.97,   75.47,  158.49,  456.38,     18800,  614.86,    366.26,    663.48,   1029.74
2026-06-02,06:35:24.543,   38.31,   33.41,   38.74,   33.22,   38.76,   33.18,   36.03,   32.05,   36.29,   32.28,   36.51,   32.37,  224.63,  196.50,     18380,  421.13,   23.20,   73.69,   23.55,   73.88,   23.52,   74.05,   18.70,   72.46,   19.03,   72.25,   18.52,   72.25,  126.52,  438.58,     18340,  565.10,    351.14,    635.08,    986.22
2026-06-02,06:35:24.593,   92.04,   45.92,   93.12,   46.14,   91.88,   45.74,   90.06,   45.24,   89.51,   45.61,   90.48,   45.14,  547.08,  273.79,     18760,  820.87,   26.29,   37.74,   26.42,   37.85,   26.26,   37.79,   23.78,   36.81,   24.27,   37.36,   23.73,   36.44,  150.75,  223.99,     18780,  374.74,    697.83,    497.78,   1195.61
2026-06-02,06:35:24.643,   27.86,   28.72,   28.28,   28.78,   28.17,   28.68,   27.20,   28.44,   27.20,   28.69,   26.86,   28.82,  165.56,  172.14,     18840,  337.69,   23.02,   76.99,   23.46,   77.06,   23.44,   76.88,   18.13,   75.99,   18.59,   76.65,   18.10,   76.44,  124.74,  460.01,     18840,  584.75,    290.30,    632.15,    922.44
2026-06-02,06:35:24.693,   15.85,   22.49,   16.25,   22.30,   16.51,   22.53,   15.92,   22.47,   16.07,   22.19,   16.32,   22.38,   96.92,  134.35,     18740,  231.27,   19.83,   43.04,   20.19,   43.60,   19.94,   43.15,   15.74,   42.56,   16.54,   42.89,   15.89,   42.31,  108.13,  257.56,     18760,  365.69,    205.05,    391.91,    596.96
2026-06-02,06:35:24.744,  104.64,   51.91,  106.13,   52.20,  104.60,   51.62,   99.26,   49.69,   99.18,   50.15,  100.05,   49.85,  613.87,  305.42,     18820,  919.29,   29.74,   72.80,   30.22,   73.00,   29.80,   72.68,   26.77,   71.72,   27.29,   72.37,   26.89,   71.84,  170.72,  434.42,     18760,  605.14,    784.59,    739.84,   1524.43
2026-06-02,06:35:24.794,   40.00,   34.30,   40.41,   34.04,   40.10,   34.07,   39.09,   33.34,   39.15,   33.78,   39.11,   33.85,  237.87,  203.38,     18800,  441.25,   21.59,   69.19,   21.80,   70.40,   21.40,   69.86,   16.12,   69.77,   16.80,   70.31,   16.40,   70.44,  114.11,  419.97,     18760,  534.08,    351.98,    623.35,    975.33
2026-06-02,06:35:24.844,   62.15,   39.13,   62.97,   39.44,   62.24,   39.08,   58.80,   38.15,   58.63,   38.37,   58.99,   38.21,  363.79,  232.37,     18486,  596.15,   22.81,   35.24,   22.87,   34.47,   22.51,   34.05,   20.11,   32.62,   20.33,   32.93,   20.14,   32.47,  128.77,  201.79,     18448,  330.56,    492.56,    434.15,    926.71
2026-06-02,06:35:24.895,   42.90,   32.40,   43.51,   32.41,   42.91,   32.24,   40.68,   31.57,   40.68,   31.89,   40.68,   31.67,  251.36,  192.20,     18780,  443.56,   20.55,   48.07,   20.79,   48.41,   20.48,   48.00,   15.38,   46.45,   16.51,   47.46,   15.94,   47.07,  109.65,  285.46,     18780,  395.11,    361.01,    477.66,    838.67
2026-06-02,06:35:24.945,   52.70,   46.10,   53.59,   46.17,   53.36,   46.15,   50.72,   45.67,   50.04,   45.66,   50.60,   45.53,  311.00,  275.27,     18780,  586.27,   29.12,   60.13,   29.11,   60.36,   28.34,   59.33,   26.80,   59.02,   26.92,   59.24,   26.91,   58.95,  167.21,  357.03,     18780,  524.23,    478.21,    632.30,   1110.51
2026-06-02,06:35:24.995,   44.77,   46.25,   44.03,   45.50,   44.81,   46.41,   42.62,   44.99,   43.13,   45.60,   43.03,   45.57,  262.39,  274.32,     18820,  536.71,   31.90,   68.77,   31.92,   68.58,   31.49,   68.27,   27.21,   67.23,   27.69,   67.84,   27.28,   67.44,  177.49,  408.12,     18780,  585.61,    439.87,    682.44,   1122.32
2026-06-02,06:35:25.046,   29.48,   42.34,   29.54,   42.23,   29.73,   42.25,   28.35,   41.97,   28.82,   42.38,   28.55,   41.94,  174.47,  253.10,     18760,  427.57,   15.88,   30.27,   16.05,   30.25,   15.85,   30.06,   12.82,   28.79,   13.20,   29.64,   12.60,   29.26,   86.39,  178.28,     18800,  264.67,    260.86,    431.38,    692.24
2026-06-02,06:35:25.096,   90.24,   53.08,   91.22,   52.70,   90.70,   52.76,   86.74,   51.39,   86.20,   51.83,   86.79,   51.55,  531.91,  313.30,     18820,  845.21,   17.25,   39.04,   17.16,   38.81,   17.06,   38.56,   15.70,   38.63,   16.18,   39.08,   15.51,   38.36,   98.86,  232.47,     18740,  331.33,    630.77,    545.77,   1176.54
2026-06-02,06:35:25.146,   47.70,   48.48,   47.49,   48.63,   47.81,   48.60,   44.73,   48.25,   44.86,   48.59,   45.20,   48.54,  277.80,  291.09,     18820,  568.89,   28.51,   56.29,   28.59,   55.86,   28.45,   56.10,   25.28,   55.35,   25.17,   56.04,   24.91,   55.49,  160.90,  335.13,     18760,  496.03,    438.70,    626.22,   1064.92
2026-06-02,06:35:25.195,   40.07,   48.63,   39.56,   47.78,   40.06,   48.52,   38.02,   47.75,   38.19,   47.98,   38.31,   47.49,  234.21,  288.15,     18480,  522.36,   19.28,   17.49,   19.23,   17.05,   19.54,   17.07,   18.37,   16.34,   18.40,   17.04,   17.92,   16.28,  112.74,  101.28,     18440,  214.02,    346.95,    389.43,    736.38
2026-06-02,06:35:25.246,  115.58,   57.73,  116.09,   57.47,  116.08,   57.16,  110.41,   56.42,  110.45,   56.96,  110.64,   56.42,  679.25,  342.16,     18780, 1021.41,   34.13,   65.67,   34.65,   65.64,   34.43,   65.99,   31.13,   65.42,   31.96,   66.33,   31.75,   65.54,  198.06,  394.59,     18760,  592.65,    877.31,    736.75,   1614.06
2026-06-02,06:35:25.295,   64.80,   35.89,   65.17,   35.84,   65.15,   36.43,   62.96,   35.92,   62.93,   36.10,   62.89,   35.70,  383.90,  215.88,     18800,  599.78,  134.13,  120.30,  130.62,  116.86,  130.88,  116.62,  126.90,  114.39,  127.44,  115.32,  127.43,  115.45,  777.39,  698.94,    108640, 1476.33,   1161.29,    914.82,   2076.12
2026-06-02,06:35:25.346,   33.21,   27.83,   33.31,   27.84,   33.32,   27.72,   33.66,   28.04,   33.36,   28.11,   33.90,   28.06,  200.76,  167.60,     18900,  368.36,   31.87,   73.97,   31.08,   73.02,   30.98,   73.50,   24.67,   72.03,   24.76,   72.02,   26.66,   73.88,  170.01,  438.41,     18860,  608.42,    370.77,    606.01,    976.78
2026-06-02,06:35:25.395,   35.33,   44.15,   35.34,   43.56,   35.06,   43.65,   34.07,   43.33,   34.38,   43.73,   34.33,   43.33,  208.50,  261.75,     23640,  470.25,   65.59,   96.10,   65.17,   95.35,   64.96,   95.74,   60.20,   93.14,   60.54,   93.98,   60.18,   93.17,  376.64,  567.46,     83520,  944.10,    585.14,    829.21,   1414.35
2026-06-02,06:35:25.446,   35.86,   41.24,   35.78,   40.94,   35.72,   41.03,   33.67,   40.38,   34.10,   40.77,   34.29,   40.24,  209.43,  244.59,     18900,  454.02,   26.43,   61.31,   26.67,   61.08,   26.21,   61.03,   23.77,   60.46,   24.13,   60.91,   23.40,   59.87,  150.61,  364.65,     45600,  515.26,    360.04,    609.24,    969.28
2026-06-02,06:35:25.496,   43.91,   58.89,   43.82,   58.06,   44.17,   58.99,   40.99,   57.45,   41.89,   58.20,   41.23,   57.79,  255.99,  349.38,     23360,  605.37,   36.23,   58.13,   36.36,   57.59,   35.94,   57.33,   33.16,   56.40,   33.70,   56.81,   32.88,   55.97,  208.27,  342.23,     45400,  550.51,    464.27,    691.61,   1155.88
2026-06-02,06:35:25.547,  101.28,   61.42,  103.74,   61.69,  101.56,   61.46,   96.76,   60.31,   97.10,   60.50,   97.94,   60.46,  598.38,  365.84,     19260,  964.22,   98.78,  142.76,  100.20,  143.14,   99.13,  142.57,   93.60,  141.41,   93.68,  142.46,   93.21,  141.69,  578.59,  854.03,    332100, 1432.63,   1176.98,   1219.87,   2396.84
2026-06-02,06:35:25.597,   29.58,   24.73,   32.46,   25.09,   29.76,   24.84,   29.37,   24.87,   29.33,   25.04,   29.57,   24.97,  180.07,  149.52,     18700,  329.59,   77.47,  131.33,   77.56,  131.16,   77.31,  131.14,   72.13,  129.86,   72.76,  130.72,   73.07,  130.23,  450.31,  784.45,    445640, 1234.75,    630.38,    933.97,   1564.35
2026-06-02,06:35:25.647,   43.15,   42.43,   43.63,   42.47,   43.78,   42.55,   42.07,   41.25,   42.04,   41.53,   42.30,   41.42,  256.97,  251.65,     18720,  508.62,   54.35,  109.70,   54.32,  108.89,   53.72,  109.20,   47.95,  108.10,   48.60,  109.12,   48.25,  107.54,  307.20,  652.56,     54740,  959.76,    564.17,    904.20,   1468.38
2026-06-02,06:35:25.697,   99.64,   47.65,  101.16,   47.80,  100.10,   47.72,   95.87,   45.81,   95.47,   46.41,   96.13,   45.87,  588.38,  281.27,     18740,  869.64,   23.42,   87.51,   23.40,   87.53,   23.32,   87.14,   17.78,   86.39,   18.43,   86.82,   17.93,   86.87,  124.29,  522.26,     18740,  646.55,    712.66,    803.53,   1516.19
2026-06-02,06:35:25.747,   80.58,   49.33,   81.69,   49.22,   81.17,   49.35,   78.31,   48.71,   78.47,   49.28,   78.55,   48.81,  478.78,  294.71,     18780,  773.48,   39.55,   63.37,   39.71,   63.80,   39.25,   63.24,   34.23,   62.57,   34.30,   63.14,   33.65,   62.43,  220.70,  378.56,     18800,  599.26,    699.48,    673.27,   1372.74
2026-06-02,06:35:25.797,   84.62,   54.77,   86.06,   54.78,   86.49,   56.12,   80.75,   53.96,   80.32,   54.26,   81.03,   53.57,  499.28,  327.46,     18740,  826.73,   65.38,  100.38,   64.87,   99.04,   64.49,   99.10,   58.45,   96.13,   59.19,   97.33,   57.96,   95.90,  370.34,  587.88,     18660,  958.22,    869.62,    915.33,   1784.95
2026-06-02,06:35:25.847,   82.99,   43.73,   87.62,   46.77,   84.21,   44.52,   80.99,   43.09,   82.60,   45.34,   82.50,   44.18,  500.91,  267.63,     18520,  768.54,   43.02,   87.50,   39.59,   83.76,   41.07,   85.00,   35.92,   83.39,   37.15,   84.65,   36.28,   83.89,  233.03,  508.19,     18580,  741.22,    733.94,    775.83,   1509.77
2026-06-02,06:35:25.897,   88.36,   79.15,   90.06,   80.21,   88.71,   78.72,   83.23,   77.05,   84.67,   78.77,   84.58,   77.67,  519.61,  471.57,     18660,  991.18,   74.51,  118.36,   71.66,  115.02,   70.68,  114.64,   65.80,  112.76,   67.46,  113.80,   66.19,  112.35,  416.29,  686.92,     18680, 1103.21,    935.90,   1158.48,   2094.39
2026-06-02,06:35:25.947,   57.99,  112.12,   57.54,  111.31,   58.07,  112.26,   53.82,  111.28,   53.63,  111.62,   53.73,  111.09,  334.78,  669.68,     18720, 1004.46,   38.41,   36.17,   38.14,   36.46,   38.33,   35.54,   36.79,   34.86,   37.53,   35.72,   37.32,   35.49,  226.51,  214.25,     18720,  440.76,    561.29,    883.93,   1445.21
2026-06-02,06:35:25.997,   31.94,   46.23,   31.89,   46.12,   31.49,   46.18,   31.28,   46.00,   30.84,   45.45,   31.06,   45.50,  188.49,  275.48,     18740,  463.97,   23.73,   87.72,   23.92,   87.67,   23.67,   87.65,   18.03,   86.97,   18.51,   87.21,   18.08,   87.16,  125.93,  524.38,     18760,  650.31,    314.42,    799.86,   1114.28
2026-06-02,06:35:26.047,   12.54,   20.58,   13.02,   20.74,   12.91,   20.98,   12.56,   20.60,   12.13,   20.41,   12.36,   20.48,   75.52,  123.80,     18760,  199.32,   17.79,   59.02,   18.30,   59.40,   18.31,   58.83,   12.35,   58.02,   12.84,   58.69,   12.38,   58.39,   91.97,  352.35,     18740,  444.32,    167.50,    476.15,    643.64
2026-06-02,06:35:26.097,   25.94,   30.01,   26.30,   30.23,   26.12,   30.09,   25.98,   30.05,   25.75,   30.17,   25.93,   30.07,  156.02,  180.62,     18660,  336.64,   22.16,   71.82,   22.28,   72.13,   22.22,   71.94,   18.15,   70.31,   18.93,   71.05,   18.28,   69.97,  122.02,  427.22,     18660,  549.24,    278.05,    607.83,    885.88
2026-06-02,06:35:26.148,   28.44,   31.97,   29.06,   32.40,   29.48,   32.82,   28.22,   31.62,   28.23,   32.47,   27.81,   31.52,  171.24,  192.80,     18660,  364.04,   25.10,   66.52,   25.04,   66.62,   25.20,   66.70,   21.89,   66.32,   21.81,   66.25,   21.52,   66.52,  140.56,  398.92,     18640,  539.48,    311.80,    591.72,    903.52
2026-06-02,06:35:26.198,   22.81,   26.50,   23.46,   26.99,   22.91,   26.62,   22.25,   25.86,   22.17,   25.89,   22.32,   25.86,  135.92,  157.72,     18800,  293.64,   30.78,   89.49,   30.61,   89.86,   30.43,   89.48,   25.93,   89.18,   26.42,   89.16,   25.77,   88.75,  169.94,  535.91,     18800,  705.85,    305.86,    693.63,    999.49
2026-06-02,06:35:26.248,   21.63,   18.70,   21.97,   18.89,   22.08,   19.28,   21.50,   18.38,   21.61,   18.32,   21.35,   18.32,  130.14,  111.89,     18780,  242.04,   22.79,   92.36,   22.74,   92.60,   22.89,   92.16,   16.97,   91.08,   17.34,   91.07,   17.08,   91.20,  119.80,  550.46,     18760,  670.26,    249.94,    662.36,    912.30
2026-06-02,06:35:26.299,   73.93,   38.38,   75.07,   38.50,   74.17,   38.03,   71.31,   37.33,   71.20,   37.65,   71.51,   37.51,  437.20,  227.41,     18880,  664.61,   23.25,   72.04,   23.26,   72.18,   23.26,   72.42,   18.76,   71.46,   18.84,   71.87,   18.56,   71.57,  125.93,  431.54,     18800,  557.48,    563.13,    658.95,   1222.08
2026-06-02,06:35:26.349,   59.51,   41.38,   59.62,   41.13,   59.45,   41.27,   57.09,   40.12,   57.16,   40.54,   57.18,   40.07,  350.00,  244.51,     18800,  594.51,   32.06,   67.49,   32.08,   68.12,   32.07,   68.11,   26.05,   66.40,   26.70,   66.91,   25.91,   66.28,  174.87,  403.32,     18820,  578.19,    524.87,    647.83,   1172.70
2026-06-02,06:35:26.398,   29.78,   27.95,   30.07,   27.93,   30.07,   28.22,   29.27,   28.13,   29.47,   28.56,   29.30,   28.36,  177.96,  169.16,     18400,  347.11,   22.25,   59.74,   22.15,   59.83,   21.86,   60.03,   19.69,   59.90,   19.76,   60.06,   19.42,   59.49,  125.13,  359.05,     18420,  484.18,    303.09,    528.21,    831.29
2026-06-02,06:35:26.449,   38.44,   38.08,   38.33,   37.63,   38.52,   37.93,   36.86,   36.91,   36.87,   37.15,   36.93,   36.65,  225.94,  224.36,     18840,  450.30,   29.48,   75.50,   29.53,   76.14,   29.20,   75.06,   24.62,   73.73,   25.44,   74.62,   24.79,   73.96,  163.06,  449.01,     18820,  612.07,    389.00,    673.37,   1062.37
2026-06-02,06:35:26.499,   98.52,   55.75,   99.23,   55.60,   98.76,   55.58,   94.03,   54.65,   93.60,   54.99,   94.36,   54.95,  578.50,  331.53,     18780,  910.02,   25.12,   36.41,   25.78,   37.03,   25.53,   37.17,   21.81,   35.87,   21.92,   36.53,   21.51,   35.91,  141.68,  218.92,     18720,  360.60,    720.18,    550.44,   1270.62
2026-06-02,06:35:26.548,   65.49,   56.31,   65.09,   55.66,   67.72,   58.37,   63.29,   55.54,   63.12,   55.66,   62.76,   55.53,  387.47,  337.07,     18720,  724.55,   44.38,   72.86,   44.20,   73.03,   43.60,   72.19,   39.27,   71.64,   39.92,   72.29,   39.53,   71.47,  250.90,  433.49,     18540,  684.40,    638.38,    770.57,   1408.94
2026-06-02,06:35:26.600,   47.65,   44.56,   47.71,   44.86,   48.36,   45.02,   46.86,   44.42,   46.90,   44.15,   46.38,   44.19,  283.86,  267.19,     18546,  551.05,   33.02,   76.00,   32.55,   76.18,   32.57,   76.05,   28.93,   76.10,   29.36,   76.36,   28.68,   76.01,  185.11,  456.71,     18724,  641.82,    468.97,    723.89,   1192.86
2026-06-02,06:35:26.649,  111.09,   53.62,  112.07,   53.96,  111.42,   53.49,  106.53,   52.61,  106.37,   53.23,  106.38,   52.65,  653.86,  319.56,     18834,  973.42,   24.16,   63.18,   24.27,   63.55,   24.33,   63.58,   20.72,   62.67,   21.34,   63.07,   20.75,   62.85,  135.57,  378.90,     18815,  514.47,    789.43,    698.46,   1487.89
2026-06-02,06:35:26.699,   59.28,   36.92,   59.90,   36.93,   59.78,   37.51,   57.45,   36.66,   57.25,   36.56,   57.22,   36.47,  350.88,  221.05,     18840,  571.93,   32.00,   57.93,   32.03,   58.35,   32.33,   58.54,   26.60,   56.71,   26.80,   57.07,   26.35,   56.98,  176.11,  345.58,     18840,  521.69,    526.99,    566.63,   1093.62
2026-06-02,06:35:26.750,   31.41,   30.12,   31.71,   30.16,   31.46,   30.21,   30.86,   30.46,   30.89,   30.67,   30.60,   30.27,  186.94,  181.88,     18740,  368.82,   28.26,   75.98,   28.29,   76.33,   28.54,   76.00,   24.18,   75.48,   24.67,   76.00,   24.46,   75.57,  158.39,  455.36,     18760,  613.75,    345.33,    637.24,    982.57
2026-06-02,06:35:26.800,   31.46,   32.06,   31.81,   32.07,   31.85,   32.29,   31.43,   31.52,   31.28,   31.79,   30.89,   31.46,  188.72,  191.18,     18820,  379.90,   20.13,   74.13,   19.87,   74.37,   19.70,   74.01,   16.42,   73.77,   16.64,   73.73,   16.26,   74.15,  109.02,  444.15,     18760,  553.18,    297.74,    635.34,    933.08
2026-06-02,06:35:26.850,  104.25,   53.67,  105.56,   53.66,  104.59,   53.21,   99.53,   51.71,   99.45,   51.98,  100.03,   51.85,  613.41,  316.06,     18620,  929.47,   22.28,   47.99,   22.81,   48.44,   22.52,   47.69,   17.68,   46.62,   17.81,   47.13,   17.40,   46.81,  120.50,  284.67,     18680,  405.17,    733.91,    600.73,   1334.64
2026-06-02,06:35:26.900,  130.83,   62.82,  130.72,   63.14,  131.31,   63.04,  125.30,   61.63,  125.68,   62.34,  125.36,   61.87,  769.20,  374.85,     18820, 1144.05,   34.56,   58.64,   34.92,   58.91,   34.21,   58.74,   31.47,   57.62,   32.15,   58.52,   31.83,   57.99,  199.13,  350.42,     18740,  549.55,    968.33,    725.26,   1693.60
2026-06-02,06:35:26.950,   96.64,   52.50,   97.63,   51.96,   97.28,   52.55,   92.36,   51.37,   91.97,   51.02,   92.47,   51.06,  568.35,  310.46,     18840,  878.81,   38.42,   94.13,   39.06,   94.49,   38.47,   93.75,   32.56,   92.26,   32.87,   93.15,   32.95,   92.90,  214.33,  560.68,     18760,  775.02,    782.69,    871.14,   1653.83
2026-06-02,06:35:27.000,   27.17,   30.50,   27.00,   30.52,   27.32,   30.49,   26.28,   30.25,   26.34,   30.21,   26.19,   30.10,  160.31,  182.07,     18800,  342.38,   10.18,   26.53,   10.36,   27.20,   10.17,   26.35,    7.54,   26.38,    8.07,   26.79,    7.62,   26.49,   53.94,  159.73,     18780,  213.67,    214.25,    341.80,    556.05
2026-06-02,06:35:27.051,   42.72,   52.79,   42.56,   52.29,   43.24,   52.87,   39.69,   51.57,   39.94,   51.42,   40.18,   51.74,  248.33,  312.69,     18348,  561.02,   25.76,   52.60,   25.26,   52.68,   25.44,   52.48,   22.68,   51.11,   23.13,   51.23,   22.34,   51.18,  144.61,  311.27,     18447,  455.88,    392.94,    623.96,   1016.90
2026-06-02,06:35:27.100,  132.88,   74.34,  133.80,   73.96,  133.28,   73.76,  124.61,   71.91,  124.60,   72.31,  125.26,   72.06,  774.43,  438.35,     18773, 1212.78,   26.50,   63.35,   26.49,   63.64,   26.23,   63.30,   21.63,   62.59,   21.76,   63.23,   21.56,   62.99,  144.17,  379.10,     18734,  523.27,    918.60,    817.44,   1736.04
2026-06-02,06:35:27.150,   72.87,   50.37,   72.89,   49.96,   72.81,   49.86,   70.03,   49.34,   69.34,   49.45,   69.48,   49.11,  427.43,  298.08,     18800,  725.51,   25.03,   63.91,   25.79,   64.14,   25.49,   63.88,   20.51,   62.33,   20.61,   62.25,   20.33,   61.99,  137.75,  378.48,     18780,  516.24,    565.18,    676.57,   1241.75
2026-06-02,06:35:27.200,   19.20,   24.30,   19.80,   24.73,   19.37,   24.62,   18.25,   23.74,   18.40,   23.73,   18.22,   23.64,  113.24,  144.76,     18760,  258.00,   22.24,   53.36,   22.42,   53.18,   21.75,   52.79,   20.63,   52.11,   20.84,   53.15,   20.29,   52.13,  128.19,  316.71,     18780,  444.90,    241.42,    461.47,    702.90
2026-06-02,06:35:27.251,   63.25,   40.52,   64.02,   40.68,   63.72,   40.86,   60.59,   39.37,   60.93,   39.92,   61.26,   39.70,  373.77,  241.07,     18800,  614.84,   38.22,  105.54,   38.79,  105.94,   38.30,  105.50,   32.51,  104.43,   32.73,  105.50,   32.43,  104.76,  212.98,  631.67,     18820,  844.65,    586.75,    872.74,   1459.49
2026-06-02,06:35:27.300,   86.75,   51.75,   86.53,   50.91,   85.57,   51.08,   82.37,   48.70,   83.36,   49.24,   82.98,   48.68,  507.56,  300.37,     18780,  807.93,  107.25,  102.12,  117.87,  114.72,  117.43,  114.12,  108.18,  106.27,  100.99,   98.43,  105.17,  103.36,  656.90,  639.01,    116380, 1295.91,   1164.46,    939.38,   2103.84
2026-06-02,06:35:27.350,   56.56,   28.20,   56.74,   28.31,   55.75,   27.90,   52.38,   27.47,   53.52,   27.65,   52.89,   27.19,  327.85,  166.73,     18460,  494.58,   36.46,   85.78,   34.69,   83.86,   34.51,   83.54,   27.66,   82.14,   27.72,   81.79,   28.04,   81.70,  189.06,  498.80,     18420,  687.87,    516.92,    665.53,   1182.44
2026-06-02,06:35:27.399,   66.18,   44.38,   66.78,   43.92,   65.84,   43.99,   62.43,   43.01,   63.02,   43.60,   63.04,   43.39,  387.29,  262.30,     24119,  649.59,   67.45,  133.49,   66.33,  132.50,   67.02,  132.46,   61.44,  131.34,   61.66,  131.60,   61.46,  132.04,  385.36,  793.42,    114651, 1178.78,    772.65,   1055.72,   1828.37
2026-06-02,06:35:27.450,   27.65,   26.84,   28.07,   26.78,   27.77,   26.77,   26.70,   26.59,   26.57,   26.45,   27.09,   26.60,  163.85,  160.04,     19000,  323.89,   25.56,   54.67,   25.19,   55.00,   25.15,   54.40,   19.89,   53.05,   20.87,   53.86,   19.81,   53.32,  136.47,  324.31,     19060,  460.78,    300.33,    484.34,    784.67
2026-06-02,06:35:27.501,   29.91,   33.95,   30.30,   34.31,   30.20,   33.88,   29.71,   33.48,   30.07,   34.06,   29.64,   33.60,  179.83,  203.29,     23440,  383.12,   29.89,   57.89,   30.44,   58.45,   30.25,   58.53,   28.36,   58.30,   29.15,   58.84,   28.59,   58.40,  176.69,  350.41,     44440,  527.11,    356.52,    553.70,    910.22
2026-06-02,06:35:27.551,   26.26,   32.30,   29.25,   32.22,   26.08,   32.02,   25.88,   31.93,   26.17,   32.38,   25.89,   31.74,  159.54,  192.57,     19280,  352.11,   79.85,  111.78,   80.00,  112.26,   78.93,  111.08,   74.52,  110.72,   75.10,  110.76,   74.33,  110.87,  462.73,  667.49,    465120, 1130.22,    622.27,    860.06,   1482.33
2026-06-02,06:35:27.601,   45.49,   49.24,   46.74,   49.76,   47.12,   50.55,   45.29,   48.94,   45.11,   49.27,   44.61,   48.80,  274.36,  296.57,     18680,  570.93,   70.91,  124.32,   70.96,  124.64,   70.87,  124.53,   64.77,  122.13,   65.64,  122.58,   64.99,  123.15,  408.14,  741.35,    130820, 1149.49,    682.50,   1037.92,   1720.42
2026-06-02,06:35:27.651,   93.12,   38.39,   94.51,   38.26,   93.25,   38.20,   90.04,   37.10,   89.53,   37.21,   90.83,   37.39,  551.27,  226.55,     18760,  777.82,   26.26,   87.24,   26.36,   87.45,   26.16,   86.44,   20.91,   85.73,   21.46,   86.56,   20.96,   86.34,  142.11,  519.78,     18740,  661.89,    693.38,    746.33,   1439.71
2026-06-02,06:35:27.701,   33.16,   29.96,   33.70,   30.54,   33.29,   29.91,   32.31,   29.82,   32.43,   30.36,   32.34,   30.18,  197.23,  180.76,     18388,  377.99,   29.36,   90.39,   29.12,   90.73,   29.14,   90.06,   24.47,   89.34,   25.14,   89.88,   24.36,   89.51,  161.60,  539.91,     18368,  701.51,    358.83,    720.68,   1079.50
2026-06-02,06:35:27.751,   35.89,   34.55,   36.38,   34.49,   36.20,   34.83,   35.78,   34.41,   35.52,   34.36,   35.70,   34.45,  215.48,  207.08,     18793,  422.56,   27.67,   70.25,   27.43,   69.72,   27.33,   70.22,   23.52,   68.66,   23.89,   69.21,   23.43,   68.09,  153.29,  416.16,     18794,  569.44,    368.76,    623.24,    992.00
2026-06-02,06:35:27.801,   98.33,   45.75,   99.82,   45.74,   99.07,   45.63,   94.86,   44.19,   94.23,   44.31,   95.25,   44.08,  581.55,  269.70,     18820,  851.25,   25.38,   91.45,   25.79,   90.21,   25.15,   90.70,   19.40,   89.59,   19.97,   90.38,   19.93,   89.18,  135.61,  541.51,     18860,  677.12,    717.16,    811.21,   1528.37
2026-06-02,06:35:27.851,   87.37,   57.75,   87.54,   57.71,   87.25,   57.82,   86.01,   57.67,   86.46,   58.18,   86.00,   57.62,  520.62,  346.75,     18840,  867.36,   33.34,   90.23,   33.75,   90.26,   33.48,   89.78,   27.30,   88.57,   27.92,   89.88,   27.27,   88.70,  183.06,  537.42,     18760,  720.49,    703.68,    884.17,   1587.85
2026-06-02,06:35:27.902,  230.37,   97.35,  232.02,   96.74,  231.32,   96.90,  220.99,   95.21,  220.83,   95.79,  222.29,   95.48, 1357.82,  577.46,     18820, 1935.28,   42.19,   58.54,   42.82,   58.22,   41.98,   58.25,   36.06,   56.69,   36.97,   58.28,   36.39,   56.75,  236.42,  346.73,     18800,  583.16,   1594.25,    924.19,   2518.44
2026-06-02,06:35:27.952,  204.63,   64.29,  206.77,   64.62,  205.07,   64.26,  197.12,   62.19,  196.11,   62.15,  196.92,   61.70, 1206.61,  379.21,     18488, 1585.82,   40.05,   81.84,   40.73,   82.12,   40.25,   80.92,   34.87,   79.09,   35.28,   80.34,   35.06,   79.93,  226.24,  484.25,     18368,  710.49,   1432.85,    863.46,   2296.30
2026-06-02,06:35:28.002,   58.76,   50.38,   59.08,   49.70,   59.10,   50.21,   56.32,   49.01,   56.01,   49.45,   56.66,   49.36,  345.93,  298.11,     18920,  644.04,   33.85,   78.36,   34.71,   79.16,   33.55,   78.22,   29.49,   77.09,   29.90,   78.30,   29.56,   77.69,  191.07,  468.83,     18860,  659.90,    537.00,    766.94,   1303.94
2026-06-02,06:35:28.053,   35.73,   45.37,   35.49,   44.89,   36.14,   45.65,   33.67,   44.63,   33.86,   45.16,   34.15,   44.71,  209.03,  270.41,     18780,  479.44,   24.31,   53.12,   24.20,   52.85,   23.85,   52.41,   21.91,   51.80,   22.22,   52.57,   22.00,   52.09,  138.48,  314.85,     18820,  453.32,    347.51,    585.25,    932.76
2026-06-02,06:35:28.103,   81.30,   48.65,   82.14,   48.33,   81.80,   48.44,   77.79,   46.68,   77.73,   46.93,   78.35,   47.03,  479.11,  286.06,     18780,  765.17,   21.29,   50.20,   21.40,   50.29,   21.06,   49.48,   18.03,   48.84,   18.68,   50.10,   17.96,   49.10,  118.41,  298.00,     18800,  416.42,    597.52,    584.06,   1181.58
2026-06-02,06:35:28.153,   86.04,   60.33,   86.26,   60.02,   85.91,   60.24,   80.95,   58.43,   80.48,   58.64,   81.25,   58.63,  500.89,  356.28,     18480,  857.17,   27.39,   59.82,   27.48,   59.29,   27.02,   58.80,   23.19,   57.59,   23.46,   58.64,   23.19,   58.28,  151.73,  352.42,     18420,  504.15,    652.62,    708.70,   1361.32
2026-06-02,06:35:28.203,   50.96,   38.99,   51.20,   38.95,   51.44,   39.66,   49.63,   38.82,   49.25,   38.76,   49.38,   38.22,  301.85,  233.40,     18900,  535.26,   28.85,   78.61,   29.22,   78.75,   28.40,   78.14,   23.51,   77.47,   24.19,   78.44,   24.03,   78.12,  158.21,  469.53,     18840,  627.74,    460.06,    702.93,   1162.99
2026-06-02,06:35:28.253,   22.63,   25.03,   22.60,   24.88,   22.83,   25.43,   22.54,   24.86,   22.41,   25.09,   22.65,   24.94,  135.65,  150.24,     18780,  285.89,   17.58,   55.73,   17.46,   55.74,   16.98,   55.49,   12.43,   55.34,   13.17,   56.12,   12.52,   55.58,   90.14,  334.01,     18800,  424.15,    225.79,    484.25,    710.05
2026-06-02,06:35:28.304,   33.95,   32.15,   34.17,   32.25,   34.15,   32.19,   33.54,   31.54,   33.41,   31.99,   33.87,   32.00,  203.09,  192.13,     18780,  395.22,   28.65,   84.52,   28.76,   83.88,   28.14,   83.38,   23.38,   81.94,   23.72,   82.60,   23.26,   81.70,  155.91,  498.02,     18780,  653.93,    359.00,    690.15,   1049.15
2026-06-02,06:35:28.354,  100.29,   59.27,  101.25,   59.35,  100.72,   59.96,   95.49,   58.65,   94.56,   59.22,   95.33,   59.05,  587.64,  355.49,     18620,  943.12,   34.13,   73.77,   34.77,   74.30,   33.97,   73.63,   30.21,   72.46,   31.16,   73.21,   31.17,   72.82,  195.42,  440.19,     18600,  635.61,    783.05,    795.68,   1578.73
2026-06-02,06:35:28.403,   63.88,   37.48,   64.41,   37.43,   63.89,   37.24,   60.87,   35.77,   61.24,   36.43,   61.43,   35.94,  375.72,  220.29,     18520,  596.01,   30.18,   71.42,   30.01,   71.28,   29.21,   70.25,   25.75,   70.30,   26.53,   71.05,   25.74,   70.17,  167.43,  424.45,     18540,  591.88,    543.15,    644.74,   1187.89
2026-06-02,06:35:28.453,   60.14,   42.29,   60.15,   42.50,   59.41,   41.97,   57.48,   41.38,   57.10,   41.64,   57.58,   41.59,  351.86,  251.37,     18900,  603.23,   23.16,   67.78,   23.03,   67.80,   22.28,   67.40,   17.80,   67.15,   18.51,   67.74,   18.39,   67.75,  123.17,  405.61,     18820,  528.78,    475.03,    656.98,   1132.01
2026-06-02,06:35:28.504,   24.99,   24.59,   25.49,   24.69,   25.28,   24.81,   24.56,   24.48,   24.60,   25.13,   24.98,   24.49,  149.91,  148.19,     18800,  298.10,   23.95,   72.06,   23.79,   71.84,   23.47,   71.13,   17.62,   69.87,   18.02,   70.09,   17.47,   69.21,  124.33,  424.21,     18780,  548.54,    274.23,    572.40,    846.63
2026-06-02,06:35:28.554,   44.03,   31.75,   44.93,   32.07,   44.78,   31.89,   41.48,   30.09,   41.81,   30.70,   41.83,   30.71,  258.86,  187.21,     18780,  446.07,   27.12,   64.60,   26.97,   64.90,   26.55,   64.56,   24.08,   63.91,   25.03,   64.71,   24.54,   64.10,  154.30,  386.78,     18780,  541.07,    413.16,    573.98,    987.14
2026-06-02,06:35:28.604,   84.51,   49.75,   85.21,   49.90,   83.82,   49.58,   82.17,   49.11,   81.04,   49.20,   82.27,   49.36,  499.01,  296.92,     18880,  795.93,   28.24,   80.14,   28.43,   79.94,   27.73,   79.54,   23.07,   78.50,   23.63,   79.84,   23.21,   78.77,  154.33,  476.73,     18800,  631.06,    653.33,    773.66,   1426.99
2026-06-02,06:35:28.654,   35.16,   27.50,   35.20,   27.62,   35.06,   27.21,   33.75,   27.21,   33.60,   27.36,   33.94,   27.44,  206.71,  164.35,     18400,  371.06,   20.20,   66.42,   20.51,   66.33,   20.22,   65.87,   16.18,   65.47,   16.29,   66.19,   16.23,   65.78,  109.64,  396.05,     18440,  505.69,    316.36,    560.40,    876.75
2026-06-02,06:35:28.704,   39.96,   39.75,   40.30,   39.86,   40.79,   40.08,   39.06,   39.43,   39.08,   39.73,   39.37,   39.65,  238.57,  238.49,     18780,  477.07,   28.18,   45.53,   28.36,   46.18,   27.39,   45.20,   24.04,   44.55,   24.17,   44.52,   24.01,   44.56,  156.16,  270.55,     18780,  426.71,    394.73,    509.04,    903.77
2026-06-02,06:35:28.755,   90.53,   52.21,   91.71,   52.56,   91.13,   52.42,   86.90,   50.96,   86.36,   51.38,   86.95,   51.10,  533.58,  310.63,     18860,  844.21,   33.27,   87.10,   33.09,   87.90,   32.79,   87.20,   28.50,   86.44,   29.06,   86.85,   28.80,   86.90,  185.51,  522.39,     18860,  707.90,    719.09,    833.02,   1552.11
2026-06-02,06:35:28.805,   59.65,   41.84,   60.13,   41.77,   59.60,   41.96,   56.48,   41.27,   56.51,   41.77,   56.78,   41.45,  349.16,  250.05,     18466,  599.21,   21.14,   48.64,   21.42,   48.94,   20.61,   47.95,   16.20,   47.12,   16.77,   47.60,   16.15,   46.99,  112.28,  287.25,     18448,  399.53,    461.44,    537.30,    998.74
2026-06-02,06:35:28.855,  129.12,   74.60,  129.60,   74.69,  129.33,   74.81,  122.56,   73.45,  123.18,   73.86,  123.18,   73.97,  756.98,  445.38,     18820, 1202.36,   43.56,   62.34,   43.49,   62.80,   43.45,   61.99,   40.83,   60.80,   41.27,   61.35,   40.78,   61.36,  253.38,  370.64,     18820,  624.02,   1010.36,    816.02,   1826.38
2026-06-02,06:35:28.906,  231.14,   85.21,  232.46,   85.70,  230.71,   84.93,  222.11,   83.33,  222.96,   83.88,  223.01,   83.22, 1362.39,  506.25,     18820, 1868.65,   44.66,  100.91,   44.48,  102.65,   44.31,  101.41,   36.47,   99.29,   37.32,   99.59,   36.66,  100.00,  243.90,  603.84,     18860,  847.74,   1606.29,   1110.10,   2716.39
2026-06-02,06:35:28.956,  136.67,   51.82,  137.64,   51.83,  136.52,   51.92,  131.06,   50.71,  130.46,   50.60,  131.79,   50.38,  804.15,  307.25,     18600, 1111.40,   35.93,   61.61,   35.96,   61.87,   35.69,   61.40,   29.38,   59.48,   30.62,   60.19,   29.86,   59.70,  197.43,  364.24,     18580,  561.67,   1001.58,    671.49,   1673.07
2026-06-02,06:35:29.006,   81.41,   35.93,   82.26,   36.52,   81.72,   36.22,   79.94,   35.54,   79.64,   35.41,   80.10,   35.21,  485.06,  214.82,     18860,  699.88,   21.00,   55.24,   21.20,   55.62,   20.67,   55.18,   19.20,   54.82,   19.35,   55.19,   18.95,   54.33,  120.39,  330.40,     18820,  450.78,    605.44,    545.22,   1150.67
2026-06-02,06:35:29.056,   47.52,   39.78,   48.01,   39.84,   47.60,   40.02,   46.01,   38.99,   45.87,   39.38,   45.97,   39.23,  280.98,  237.24,     18900,  518.22,   27.37,   73.61,   27.40,   74.17,   27.74,   74.34,   21.98,   73.09,   22.32,   73.03,   22.02,   73.24,  148.84,  441.47,     18820,  590.31,    429.82,    678.71,   1108.53
2026-06-02,06:35:29.107,   28.21,   29.99,   28.35,   30.13,   28.23,   29.80,   27.29,   29.83,   27.20,   30.07,   27.57,   30.00,  166.86,  179.82,     18780,  346.68,   22.90,   49.27,   23.07,   49.43,   22.73,   49.05,   18.24,   48.28,   18.89,   48.83,   18.12,   47.98,  123.94,  292.83,     18800,  416.78,    290.81,    472.66,    763.46
2026-06-02,06:35:29.157,   28.86,   30.71,   29.03,   30.82,   29.20,   30.63,   28.53,   30.27,   28.57,   30.66,   28.60,   30.52,  172.77,  183.61,     18448,  356.38,   23.00,   69.69,   22.89,   69.42,   22.69,   69.08,   19.73,   68.56,   20.16,   69.30,   19.83,   68.34,  128.31,  414.39,     18408,  542.70,    301.08,    598.00,    899.08
2026-06-02,06:35:29.207,  106.07,   47.04,  107.62,   48.14,  106.46,   48.03,  101.64,   47.21,  101.30,   47.47,  101.37,   47.28,  624.46,  285.16,     18820,  909.62,   33.80,   72.37,   34.45,   72.86,   33.64,   72.13,   28.07,   72.00,   28.64,   73.20,   28.28,   72.37,  186.89,  434.93,     18780,  621.81,    811.35,    720.09,   1531.44
2026-06-02,06:35:29.257,  236.58,   91.54,  238.74,   91.15,  237.86,   90.56,  231.48,   89.17,  231.81,   89.66,  231.91,   89.23, 1408.39,  541.31,     18820, 1949.70,   78.88,   87.55,   78.65,   86.92,   78.34,   86.63,   74.24,   85.45,   75.35,   86.06,   74.84,   85.33,  460.30,  517.94,     18800,  978.25,   1868.69,   1059.25,   2927.94
2026-06-02,06:35:29.307,  214.92,   91.75,  216.02,   91.43,  215.85,   91.40,  206.36,   89.59,  207.66,   90.63,  206.61,   89.26, 1267.41,  544.07,     18700, 1811.48,  137.49,  172.07,  137.18,  170.48,  137.22,  170.69,  127.30,  166.79,  127.48,  167.47,  126.85,  166.86,  793.53, 1014.34,    111220, 1807.87,   2060.94,   1558.41,   3619.35
2026-06-02,06:35:29.357,  150.32,   63.31,  151.10,   62.85,  149.65,   63.22,  144.10,   61.73,  145.37,   62.14,  145.64,   61.66,  886.19,  374.91,     18860, 1261.10,   40.82,   59.59,   37.11,   56.16,   37.33,   56.53,   30.09,   54.54,   30.74,   54.91,   30.83,   54.81,  206.93,  336.54,     18780,  543.47,   1093.12,    711.45,   1804.57
2026-06-02,06:35:29.408,  105.12,   81.71,  106.05,   81.22,  105.22,   81.88,  100.80,   80.43,  100.89,   80.95,   99.98,   79.10,  618.06,  485.30,     23980, 1103.36,   89.13,  149.41,   88.62,  149.15,   87.99,  148.20,   79.47,  146.36,   81.03,  147.07,   80.91,  147.40,  507.14,  887.59,    110420, 1394.73,   1125.20,   1372.89,   2498.09
2026-06-02,06:35:29.458,   55.31,   41.96,   55.29,   41.59,   55.19,   41.79,   54.24,   41.32,   53.83,   41.44,   53.84,   41.74,  327.70,  249.85,     18700,  577.55,   29.36,   86.16,   29.29,   86.35,   29.34,   86.15,   24.15,   84.59,   24.82,   85.48,   24.08,   84.79,  161.04,  513.51,     18700,  674.55,    488.74,    763.36,   1252.10
2026-06-02,06:35:29.508,   91.08,   49.78,   93.02,   50.33,   91.67,   49.60,   87.00,   48.43,   86.72,   48.53,   87.22,   48.44,  536.71,  295.11,     23940,  831.82,   54.07,   88.03,   54.65,   89.21,   54.70,   88.55,   50.14,   87.53,   50.59,   87.20,   49.95,   87.87,  314.10,  528.39,    105440,  842.49,    850.81,    823.50,   1674.31
2026-06-02,06:35:29.559,   47.50,   48.56,   50.33,   48.40,   47.66,   48.34,   45.93,   48.02,   45.27,   48.10,   45.38,   47.96,  282.07,  289.38,     18720,  571.46,  105.99,  138.91,  106.10,  139.34,  104.57,  138.06,   99.51,  137.34,  101.14,  137.73,  100.17,  137.72,  617.48,  829.09,    436940, 1446.58,    899.56,   1118.48,   2018.04
2026-06-02,06:35:29.609,   75.26,   59.82,   76.14,   59.24,   76.82,   60.76,   72.81,   59.16,   72.54,   59.31,   72.85,   58.94,  446.42,  357.22,     18680,  803.64,  114.00,  170.47,  113.73,  170.78,  113.93,  170.52,  108.49,  169.28,  108.57,  168.98,  107.32,  167.97,  666.06, 1017.99,    233720, 1684.04,   1112.47,   1375.21,   2487.68
2026-06-02,06:35:29.658,  107.89,   55.69,  107.05,   54.41,  107.55,   55.73,  102.00,   53.46,  101.92,   53.93,  102.91,   53.94,  629.31,  327.16,     18640,  956.47,   49.63,  107.51,   50.73,  108.66,   50.63,  107.78,   44.59,  105.34,   45.32,  106.44,   45.63,  106.90,  286.52,  642.62,     18620,  929.14,    915.83,    969.78,   1885.61
2026-06-02,06:35:29.708,   89.48,   60.32,   89.22,   59.40,   92.23,   62.95,   86.45,   58.99,   85.86,   59.48,   86.67,   59.33,  529.92,  360.48,     18660,  890.40,   78.37,  144.55,   78.22,  144.55,   77.59,  143.67,   70.27,  140.57,   71.29,  141.88,   70.25,  141.62,  446.00,  856.84,     18620, 1302.84,    975.92,   1217.31,   2193.23
2026-06-02,06:35:29.758,   39.69,   27.79,   39.64,   27.65,   40.42,   28.68,   38.52,   27.60,   38.69,   27.81,   38.66,   27.81,  235.63,  167.35,     18680,  402.97,   41.52,  104.82,   41.79,  105.46,   41.26,  104.85,   35.22,  103.63,   36.02,  104.64,   35.40,  103.97,  231.21,  627.37,     18760,  858.58,    466.84,    794.71,   1261.55
2026-06-02,06:35:29.809,   94.19,   53.50,   94.79,   53.39,   93.65,   52.80,   90.99,   51.23,   90.53,   51.78,   90.91,   51.48,  555.05,  314.18,     18780,  869.24,   29.66,   86.46,   29.74,   86.69,   29.49,   85.85,   24.13,   84.75,   24.66,   84.99,   24.03,   85.35,  161.71,  514.09,     18780,  675.80,    716.77,    828.27,   1545.04
2026-06-02,06:35:29.859,   38.88,   30.74,   38.95,   31.22,   38.44,   30.60,   37.95,   31.00,   37.85,   31.11,   38.13,   30.87,  230.21,  185.53,     18760,  415.75,   25.98,   53.89,   26.19,   54.33,   26.00,   53.66,   21.11,   52.57,   21.79,   52.81,   20.85,   52.52,  141.92,  319.78,     18760,  461.70,    372.13,    505.31,    877.45
2026-06-02,06:35:29.909,   29.47,   25.03,   29.30,   24.85,   29.21,   24.88,   28.60,   24.56,   28.91,   24.94,   28.67,   24.84,  174.16,  149.11,     18780,  323.27,   23.62,   88.41,   23.59,   88.92,   23.29,   88.21,   17.57,   88.09,   17.98,   87.94,   17.64,   87.79,  123.69,  529.35,     18780,  653.04,    297.85,    678.46,    976.31
2026-06-02,06:35:29.960,   81.01,   46.55,   82.29,   46.60,   81.78,   46.49,   77.43,   44.64,   77.29,   45.00,   77.90,   44.52,  477.70,  273.82,     18800,  751.51,   36.21,   89.19,   35.96,   89.20,   35.99,   88.97,   30.83,   88.25,   31.88,   89.57,   30.95,   88.49,  201.83,  533.66,     18820,  735.49,    679.53,    807.48,   1487.00
2026-06-02,06:35:30.009,   73.31,   45.29,   74.67,   45.86,   73.85,   45.77,   70.48,   44.53,   69.93,   44.66,   70.38,   44.81,  432.63,  270.91,     18500,  703.54,   31.08,   75.64,   30.78,   75.81,   30.71,   75.85,   26.76,   74.99,   27.37,   75.32,   26.73,   74.54,  173.43,  452.14,     18460,  625.58,    606.06,    723.05,   1329.11
2026-06-02,06:35:30.059,   55.91,   37.99,   56.54,   38.01,   56.45,   37.82,   54.63,   37.75,   54.77,   38.15,   54.20,   37.72,  332.50,  227.44,     18820,  559.94,   26.47,   87.81,   26.38,   87.51,   26.00,   87.02,   20.94,   86.23,   21.27,   86.57,   20.60,   85.98,  141.67,  521.13,     18780,  662.80,    474.17,    748.57,   1222.74
2026-06-02,06:35:30.110,   36.70,   35.28,   37.87,   35.82,   37.19,   35.46,   34.68,   34.35,   34.78,   34.84,   34.62,   34.41,  215.85,  210.15,     18880,  426.00,   27.89,   95.15,   28.00,   94.62,   27.94,   95.20,   21.71,   93.73,   21.62,   93.83,   21.35,   93.09,  148.52,  565.62,     18800,  714.14,    364.37,    775.77,   1140.14
2026-06-02,06:35:30.160,   80.45,   47.81,   81.55,   48.15,   81.32,   47.97,   78.54,   47.42,   78.33,   47.98,   79.16,   47.48,  479.35,  286.81,     18980,  766.16,   28.41,   83.58,   28.62,   83.35,   28.04,   83.65,   22.65,   83.03,   23.20,   82.98,   22.99,   82.34,  153.92,  498.93,     18820,  652.85,    633.27,    785.74,   1419.01
2026-06-02,06:35:30.209,   23.88,   25.55,   23.69,   25.44,   24.07,   25.57,   22.99,   25.47,   22.73,   25.25,   22.55,   25.26,  139.92,  152.53,     18420,  292.46,   15.28,   34.15,   15.31,   34.59,   14.93,   34.07,   11.91,   33.59,   12.25,   33.51,   11.89,   33.17,   81.57,  203.07,     18420,  284.64,    221.50,    355.60,    577.10
2026-06-02,06:35:30.260,   27.49,   27.78,   27.51,   27.70,   27.68,   28.01,   27.31,   27.40,   26.91,   27.89,   26.93,   27.20,  163.82,  165.98,     18780,  329.80,   25.50,   82.34,   25.64,   82.23,   25.55,   82.43,   19.59,   81.74,   19.91,   82.62,   19.58,   81.98,  135.76,  493.35,     18740,  629.11,    299.58,    659.33,    958.91
2026-06-02,06:35:30.310,  114.26,   52.41,  114.86,   52.38,  114.52,   52.44,  108.92,   51.20,  108.71,   51.38,  109.41,   51.36,  670.66,  311.17,     18820,  981.84,   34.48,   83.44,   34.54,   83.38,   34.54,   83.80,   30.00,   82.38,   30.54,   82.74,   29.82,   82.23,  193.93,  497.97,     18820,  691.90,    864.59,    809.14,   1673.73
2026-06-02,06:35:30.360,   77.52,   48.11,   77.71,   47.90,   76.95,   48.15,   75.42,   47.79,   75.09,   48.19,   75.00,   47.48,  457.69,  287.61,     18800,  745.30,   26.18,   66.19,   25.90,   66.03,   25.77,   65.15,   22.52,   64.69,   23.32,   65.12,   22.89,   65.16,  146.59,  392.35,     18840,  538.94,    604.29,    679.95,   1284.24
2026-06-02,06:35:30.411,   21.50,   24.99,   22.25,   25.08,   21.83,   24.84,   20.74,   24.54,   20.58,   24.60,   20.92,   24.97,  127.82,  149.01,     18820,  276.84,   22.13,   40.00,   22.34,   40.36,   21.60,   40.01,   17.69,   38.79,   18.06,   39.09,   17.96,   38.52,  119.78,  236.76,     18760,  356.55,    247.60,    385.78,    633.38
2026-06-02,06:35:30.461,   78.77,   46.92,   79.49,   46.96,   79.05,   46.52,   74.36,   44.83,   74.23,   45.31,   74.88,   44.87,  460.78,  275.40,     18820,  736.19,   27.72,   86.20,   27.67,   86.23,   27.51,   86.44,   21.55,   85.40,   21.76,   85.87,   21.23,   85.32,  147.44,  515.45,     18780,  662.89,    608.22,    790.85,   1399.08
2026-06-02,06:35:30.510,   52.07,   42.43,   52.14,   42.64,   52.38,   42.69,   50.60,   42.52,   50.46,   42.84,   50.81,   42.60,  308.46,  255.72,     18480,  564.18,   27.90,   74.25,   27.43,   74.06,   27.35,   74.08,   23.29,   73.50,   23.91,   73.69,   23.38,   73.40,  153.25,  442.98,     18420,  596.23,    461.71,    698.70,   1160.41
2026-06-02,06:35:30.561,   28.52,   27.76,   28.86,   27.95,   28.49,   27.69,   28.38,   27.61,   28.08,   27.63,   28.18,   27.86,  170.52,  166.50,     18800,  337.02,   26.44,   68.72,   26.08,   68.87,   26.20,   68.71,   22.15,   67.80,   22.79,   67.58,   22.02,   67.69,  145.68,  409.37,     18800,  555.06,    316.20,    575.88,    892.08
2026-06-02,06:35:30.611,   69.54,   39.63,   70.29,   39.64,   69.66,   39.52,   66.59,   38.34,   66.27,   38.60,   66.38,   37.81,  408.73,  233.54,     18800,  642.27,   26.33,   89.68,   26.27,   89.55,   25.88,   89.57,   20.55,   88.60,   20.65,   88.72,   20.27,   87.81,  139.95,  533.92,     18780,  673.87,    548.68,    767.46,   1316.14
2026-06-02,06:35:30.661,   93.19,   53.33,   94.40,   53.33,   94.45,   53.27,   89.05,   52.67,   88.72,   52.75,   88.43,   52.40,  548.24,  317.76,     18720,  866.00,   31.10,   50.27,   31.18,   50.47,   30.64,   49.44,   25.29,   48.03,   25.86,   49.27,   25.39,   48.52,  169.47,  296.00,     18620,  465.47,    717.71,    613.76,   1331.46
2026-06-02,06:35:30.711,   66.72,   34.92,   67.03,   35.04,   66.21,   34.44,   63.76,   34.25,   63.00,   34.28,   63.13,   33.90,  389.85,  206.83,     18620,  596.68,   21.89,   76.02,   21.56,   76.02,   21.29,   75.77,   16.72,   75.79,   17.34,   76.36,   16.73,   76.10,  115.52,  456.06,     18780,  571.58,    505.37,    662.89,   1168.26
2026-06-02,06:35:30.761,   46.39,   41.94,   46.46,   41.89,   46.77,   42.22,   44.64,   41.62,   44.93,   41.96,   44.93,   41.84,  274.12,  251.46,     18820,  525.58,   33.39,   62.15,   33.30,   62.01,   32.96,   61.79,   30.29,   59.93,   30.57,   60.17,   30.12,   59.63,  190.64,  365.68,     18700,  556.31,    464.76,    617.14,   1081.89
2026-06-02,06:35:30.812,   57.80,   36.82,   58.30,   36.91,   57.36,   36.72,   54.52,   35.59,   54.64,   36.21,   54.45,   36.55,  337.07,  218.80,     18780,  555.87,   27.34,   92.53,   27.14,   92.32,   26.73,   91.84,   20.95,   90.09,   21.35,   90.78,   20.84,   90.32,  144.34,  547.87,     18760,  692.21,    481.41,    766.67,   1248.08
2026-06-02,06:35:30.862,   50.23,   38.36,   50.71,   38.17,   50.66,   38.26,   49.20,   37.93,   48.92,   37.89,   49.15,   36.78,  298.87,  227.39,     18860,  526.26,   18.44,   31.64,   18.74,   32.33,   18.08,   31.36,   14.78,   30.37,   15.31,   31.28,   15.18,   31.02,  100.53,  188.01,     18880,  288.54,    399.40,    415.40,    814.80
2026-06-02,06:35:30.911,   36.12,   35.53,   36.31,   35.66,   35.97,   35.47,   35.39,   35.27,   35.60,   35.35,   35.46,   35.49,  214.86,  212.77,     18480,  427.63,   27.08,   69.88,   26.92,   69.61,   26.87,   69.42,   23.52,   69.32,   23.76,   69.45,   23.57,   69.12,  151.73,  416.80,     18420,  568.54,    366.59,    629.58,    996.17
2026-06-02,06:35:30.962,   24.87,   27.94,   25.32,   27.94,   24.97,   28.24,   24.52,   27.43,   24.31,   27.98,   24.22,   27.33,  148.21,  166.86,     18780,  315.07,   24.57,   83.10,   24.75,   82.89,   24.51,   82.90,   19.76,   81.56,   20.07,   82.46,   20.15,   81.89,  133.82,  494.81,     18780,  628.62,    282.02,    661.67,    943.70
2026-06-02,06:35:31.012,   29.08,   32.04,   29.31,   32.10,   29.22,   32.07,   28.12,   31.12,   28.34,   31.91,   28.13,   31.18,  172.20,  190.42,     18800,  362.63,   25.96,   96.26,   25.87,   96.17,   25.28,   95.87,   19.71,   94.96,   19.93,   95.38,   19.52,   95.48,  136.27,  574.12,     18780,  710.39,    308.47,    764.54,   1073.01
2026-06-02,06:35:31.062,  107.85,   49.35,  108.67,   49.85,  107.72,   49.16,  102.84,   48.19,  102.31,   48.35,  103.04,   48.06,  632.42,  292.96,     18820,  925.38,   20.47,   35.50,   20.99,   35.86,   20.44,   35.09,   16.41,   34.07,   16.97,   34.75,   16.41,   34.37,  111.69,  209.66,     18820,  321.35,    744.11,    502.62,   1246.73
2026-06-02,06:35:31.113,   42.15,   32.90,   42.33,   32.84,   42.19,   32.69,   41.29,   32.81,   40.97,   32.99,   41.20,   32.84,  250.13,  197.08,     18860,  447.21,   18.56,   49.27,   18.84,   49.06,   18.36,   48.92,   16.55,   48.44,   16.99,   49.00,   16.54,   48.12,  105.82,  292.80,     18780,  398.63,    355.95,    489.88,    845.83
2026-06-02,06:35:31.162,   38.48,   34.36,   38.52,   34.17,   38.67,   34.36,   37.54,   34.17,   37.47,   34.26,   37.78,   34.30,  228.47,  205.62,     18460,  434.09,   29.93,   94.31,   29.48,   94.16,   29.21,   93.70,   23.16,   93.19,   24.27,   94.05,   23.65,   93.86,  159.71,  563.27,     18440,  722.98,    388.17,    768.89,   1157.07
2026-06-02,06:35:31.212,   26.21,   22.91,   26.35,   23.19,   26.38,   23.22,   26.12,   23.21,   25.94,   23.51,   25.49,   23.23,  156.50,  139.26,     18780,  295.76,   19.06,   41.28,   19.42,   41.70,   18.96,   41.32,   14.98,   40.42,   15.60,   40.82,   14.88,   40.12,  102.92,  245.67,     18800,  348.59,    259.42,    384.93,    644.35
2026-06-02,06:35:31.262,   52.58,   33.37,   53.34,   32.84,   52.83,   32.72,   49.95,   31.20,   50.17,   31.52,   50.56,   31.15,  309.42,  192.80,     18780,  502.23,   36.48,   85.29,   36.83,   85.92,   36.48,   85.46,   33.99,   84.76,   35.28,   85.67,   34.31,   85.02,  213.37,  512.11,     18760,  725.49,    522.80,    704.92,   1227.71
2026-06-02,06:35:31.312,   98.95,   62.69,   98.85,   62.35,   98.90,   62.34,   94.91,   61.60,   94.24,   61.87,   95.09,   61.70,  580.94,  372.55,     18800,  953.49,  148.72,  141.37,  147.05,  138.97,  147.00,  139.02,  138.59,  135.93,  137.80,  136.03,  139.64,  137.03,  858.81,  828.37,    103600, 1687.18,   1439.75,   1200.92,   2640.67
2026-06-02,06:35:31.361,   51.32,   42.87,   51.30,   43.02,   51.06,   42.78,   51.04,   43.09,   50.70,   43.29,   51.11,   43.39,  306.52,  258.44,     18480,  564.96,   38.16,   74.13,   37.48,   73.20,   37.69,   72.84,   33.95,   71.22,   34.93,   71.69,   35.15,   72.18,  217.37,  435.26,     18440,  652.63,    523.89,    693.70,   1217.59
2026-06-02,06:35:31.412,   28.46,   34.13,   29.03,   34.18,   28.29,   33.87,   27.53,   33.62,   27.81,   33.82,   27.89,   33.94,  169.01,  203.56,     24000,  372.57,   62.11,  111.25,   71.35,  111.78,   61.88,  110.61,   56.30,  109.95,   57.27,  110.45,   56.69,  110.00,  365.60,  664.03,    121540, 1029.63,    534.61,    867.59,   1402.20
2026-06-02,06:35:31.463,  107.15,   64.43,  108.17,   63.98,  107.82,   64.11,  101.28,   62.39,  101.76,   63.09,  101.83,   62.45,  628.02,  380.45,     19040, 1008.47,   42.11,   85.02,   65.51,   87.01,   42.51,   84.75,   37.27,   83.50,   37.49,   84.22,   36.87,   83.78,  261.77,  508.26,     18980,  770.03,    889.79,    888.71,   1778.50
2026-06-02,06:35:31.513,   66.44,   55.57,   66.83,   54.85,   66.72,   55.36,   63.27,   53.83,   63.21,   54.39,   63.22,   53.87,  389.70,  327.87,     23940,  717.58,   56.99,  106.06,   73.63,  109.02,   57.41,  105.87,   52.52,  105.01,   53.68,  107.08,   52.46,  105.55,  346.69,  638.58,    171000,  985.26,    736.39,    966.45,   1702.84
2026-06-02,06:35:31.563,   64.23,   67.04,   65.97,   65.82,   65.06,   67.49,   61.35,   66.12,   61.81,   66.28,   61.29,   66.58,  379.71,  399.33,     18720,  779.04,   77.80,  128.99,  102.16,  139.96,   77.63,  129.12,   72.37,  128.11,   75.38,  131.12,   73.68,  129.27,  479.02,  786.57,    485120, 1265.60,    858.74,   1185.90,   2044.64
2026-06-02,06:35:31.614,   85.10,   54.59,   86.62,   54.49,   85.83,   54.95,   80.68,   52.80,   80.65,   53.18,   81.09,   53.10,  499.97,  323.12,     18720,  823.09,   60.71,  114.75,   69.32,  117.49,   60.83,  114.22,   55.87,  113.03,   57.25,  114.60,   56.10,  113.66,  360.08,  687.75,    255260, 1047.83,    860.05,   1010.87,   1870.92
2026-06-02,06:35:31.664,   55.83,   42.25,   55.85,   42.20,   56.12,   42.22,   54.02,   41.79,   53.52,   42.20,   53.64,   41.70,  328.97,  252.35,     18720,  581.33,   34.08,   99.47,   34.11,   99.68,   33.67,   99.32,   26.55,   97.72,   27.67,   98.83,   27.16,   98.24,  183.23,  593.26,     18720,  776.49,    512.21,    845.61,   1357.82
2026-06-02,06:35:31.714,   37.32,   37.06,   37.23,   37.48,   37.37,   37.14,   36.02,   36.23,   36.59,   36.86,   36.34,   36.82,  220.86,  221.59,     18428,  442.46,   32.09,   91.17,   32.72,   91.87,   31.39,   90.76,   26.04,   89.83,   26.37,   90.57,   26.12,   90.03,  174.74,  544.23,     18468,  718.98,    395.60,    765.83,   1161.43
2026-06-02,06:35:31.764,   59.72,   40.78,   60.22,   40.42,   60.56,   40.83,   56.40,   39.32,   56.42,   39.65,   56.84,   39.67,  350.16,  240.67,     18820,  590.83,   23.08,   52.56,   23.60,   53.26,   23.45,   52.79,   19.05,   52.46,   19.20,   52.59,   18.65,   52.49,  127.03,  316.14,     18720,  443.18,    477.20,    556.82,   1034.01
2026-06-02,06:35:31.815,  119.96,   67.28,  121.07,   67.36,  120.30,   67.17,  115.47,   66.23,  115.67,   66.89,  116.46,   66.57,  708.93,  401.51,     18880, 1110.44,   39.71,   99.88,   39.28,  100.19,   39.77,   99.65,   33.54,   97.78,   33.89,   98.57,   33.31,   98.32,  219.50,  594.39,     18760,  813.89,    928.43,    995.90,   1924.33
2026-06-02,06:35:31.865,   42.54,   34.98,   42.38,   35.11,   42.11,   34.88,   40.82,   34.28,   40.89,   34.94,   40.99,   35.08,  249.74,  209.27,     18760,  459.01,   27.14,   78.75,   26.84,   78.71,   26.95,   78.64,   22.41,   78.15,   23.13,   78.75,   22.43,   78.33,  148.91,  471.33,     18780,  620.24,    398.65,    680.60,   1079.26
2026-06-02,06:35:31.915,   36.66,   37.26,   36.52,   37.10,   36.79,   37.24,   35.33,   36.13,   35.73,   36.76,   35.96,   36.82,  217.00,  221.31,     18820,  438.31,   30.25,   85.34,   30.08,   85.58,   29.99,   85.08,   26.20,   84.63,   26.24,   84.79,   25.69,   84.38,  168.44,  509.79,     18840,  678.23,    385.43,    731.10,   1116.53
2026-06-02,06:35:31.965,   33.00,   31.55,   32.80,   31.16,   32.83,   31.20,   32.26,   30.65,   32.25,   31.11,   32.18,   31.20,  195.32,  186.87,     18700,  382.19,   28.70,   91.38,   29.26,   91.52,   29.04,   91.09,   23.23,   89.41,   23.71,   89.99,   23.14,   89.49,  157.09,  542.88,     18680,  699.97,    352.40,    729.75,   1082.16
2026-06-02,06:35:32.016,  106.60,   61.32,  108.62,   61.62,  107.84,   61.36,  102.01,   59.16,  101.15,   59.98,  102.65,   59.79,  628.87,  363.24,     18408,  992.11,   38.24,   89.62,   37.86,   89.96,   37.75,   89.44,   31.58,   87.96,   32.35,   88.96,   31.64,   88.13,  209.42,  534.09,     18388,  743.51,    838.29,    897.32,   1735.61
2026-06-02,06:35:32.065,   28.83,   38.81,   28.26,   38.16,   28.75,   38.97,   25.70,   38.45,   26.11,   38.71,   26.52,   38.35,  164.17,  231.44,     18815,  395.61,   25.62,   57.00,   25.65,   57.23,   25.29,   56.73,   20.37,   55.50,   20.93,   55.98,   20.42,   55.58,  138.29,  338.02,     18794,  476.31,    302.45,    569.46,    871.91
2026-06-02,06:35:32.115,   39.98,   43.79,   40.08,   43.57,   40.30,   43.86,   39.00,   42.88,   39.53,   43.69,   38.96,   43.16,  237.84,  260.95,     18820,  498.79,   18.66,   46.83,   18.94,   47.43,   18.65,   47.00,   16.27,   45.71,   16.73,   46.43,   16.26,   46.44,  105.51,  279.83,     18800,  385.34,    343.35,    540.78,    884.14
2026-06-02,06:35:32.166,  103.93,   54.69,  104.72,   54.69,  103.90,   54.41,   98.84,   53.35,   98.59,   53.80,   99.06,   53.24,  609.03,  324.19,     18800,  933.22,   31.22,   66.57,   31.64,   67.33,   31.19,   66.80,   25.90,   65.26,   26.78,   66.11,   26.20,   65.67,  172.92,  397.73,     18760,  570.65,    781.95,    721.92,   1503.87
2026-06-02,06:35:32.216,   60.48,   37.19,   61.34,   37.08,   61.27,   37.27,   59.30,   36.20,   59.42,   37.06,   59.44,   36.37,  361.25,  221.16,     18940,  582.41,   27.92,   82.49,   27.79,   83.01,   27.57,   82.61,   23.06,   81.82,   24.07,   82.65,   23.32,   81.91,  153.74,  494.49,     18820,  648.22,    514.98,    715.65,   1230.63
2026-06-02,06:35:32.266,   36.35,   30.81,   36.19,   30.88,   36.51,   30.63,   35.21,   30.13,   35.55,   30.61,   35.70,   30.64,  215.52,  183.69,     18408,  399.21,   22.76,   86.54,   22.85,   86.13,   22.85,   86.42,   17.48,   85.31,   18.38,   85.93,   17.67,   85.36,  122.00,  515.68,     18388,  637.68,    337.51,    699.38,   1036.89
2026-06-02,06:35:32.317,   67.83,   39.72,   68.92,   39.89,   68.31,   39.34,   64.16,   38.43,   64.14,   38.83,   64.81,   38.51,  398.18,  234.73,     18760,  632.91,   23.93,   81.29,   24.22,   81.11,   24.15,   81.66,   19.03,   80.36,   19.15,   80.80,   18.88,   79.84,  129.35,  485.07,     18820,  614.42,    527.52,    719.80,   1247.32
2026-06-02,06:35:32.367,  105.98,   59.40,  106.28,   58.93,  106.08,   59.18,  101.84,   58.19,  102.08,   58.94,  102.59,   58.63,  624.84,  353.27,     18820,  978.11,   39.39,   66.62,   39.26,   66.51,   38.81,   66.33,   32.87,   65.05,   33.50,   65.56,   33.09,   64.81,  216.93,  394.87,     18840,  611.80,    841.77,    748.14,   1589.91
2026-06-02,06:35:32.417,  167.11,   67.44,  167.81,   67.09,  166.06,   67.05,  159.52,   65.33,  159.90,   66.22,  159.75,   65.58,  980.16,  398.71,     18900, 1378.87,   29.49,   63.26,   29.23,   63.05,   29.23,   63.42,   26.36,   62.88,   26.79,   63.35,   26.40,   62.72,  167.49,  378.68,     18840,  546.17,   1147.65,    777.40,   1925.04
2026-06-02,06:35:32.468,   65.10,   38.42,   65.64,   38.60,   65.49,   38.54,   63.25,   37.42,   62.96,   38.05,   63.36,   37.36,  385.79,  228.39,     18780,  614.18,   19.55,   46.26,   19.35,   46.77,   19.26,   46.56,   14.55,   45.57,   15.04,   45.84,   14.56,   45.14,  102.31,  276.14,     18760,  378.46,    488.10,    504.53,    992.63
2026-06-02,06:35:32.517,   21.56,   26.79,   21.51,   26.90,   21.73,   26.91,   20.34,   26.05,   20.26,   26.19,   20.53,   26.37,  125.93,  159.21,     18420,  285.14,   22.15,   57.57,   22.30,   57.75,   22.17,   58.01,   20.00,   56.73,   20.49,   57.46,   19.94,   56.47,  127.04,  344.00,     18480,  471.04,    252.97,    503.21,    756.18
2026-06-02,06:35:32.567,   57.95,   41.15,   58.42,   41.04,   58.45,   40.99,   54.33,   39.39,   54.30,   39.71,   54.52,   39.40,  337.96,  241.69,     18780,  579.65,   30.13,   92.19,   30.44,   92.40,   30.49,   92.48,   24.36,   91.80,   24.66,   91.99,   24.36,   91.88,  164.44,  552.74,     18760,  717.18,    502.41,    794.43,   1296.84
2026-06-02,06:35:32.619,   73.48,   45.63,   74.38,   45.63,   73.86,   45.91,   70.78,   44.52,   70.58,   45.44,   71.10,   45.16,  434.19,  272.29,     18800,  706.48,   32.13,   91.89,   32.24,   92.66,   32.06,   91.99,   26.14,   91.24,   26.56,   91.36,   25.91,   91.09,  175.04,  550.23,     18840,  725.27,    609.23,    822.53,   1431.75
2026-06-02,06:35:32.673,   75.98,   54.73,   75.86,   54.61,   75.32,   54.20,   72.28,   53.47,   72.16,   53.67,   72.45,   53.57,  444.05,  324.25,     18720,  768.30,   33.46,   44.65,   33.29,   45.12,   33.14,   44.44,   29.88,   43.15,   30.41,   44.18,   29.58,   43.16,  189.76,  264.69,     18740,  454.46,    633.81,    588.94,   1222.75
2026-06-02,06:35:32.719,   45.66,   49.96,   44.91,   49.14,   45.81,   49.84,   43.00,   48.85,   43.78,   49.21,   43.23,   48.76,  266.40,  295.76,     18820,  562.16,   23.34,   63.91,   23.62,   63.67,   23.46,   63.78,   20.00,   62.13,   20.34,   62.31,   20.18,   62.23,  130.95,  378.03,     18800,  508.98,    397.35,    673.79,   1071.13
2026-06-02,06:35:32.773,   19.93,   35.71,   19.88,   35.79,   20.09,   35.97,   18.24,   35.06,   18.19,   35.23,   18.37,   35.17,  114.70,  212.92,     18560,  327.62,   17.72,   16.88,   17.78,   17.20,   17.52,   16.82,   15.89,   16.04,   16.36,   16.60,   15.85,   16.35,  101.11,   99.90,     18500,  201.01,    215.81,    312.82,    528.64
2026-06-02,06:35:32.819,   70.38,   52.28,   70.37,   51.46,   70.14,   51.85,   66.62,   50.21,   66.56,   50.87,   66.71,   50.57,  410.78,  307.24,     18980,  718.02,   22.83,   54.00,   22.49,   54.54,   22.39,   53.47,   19.36,   52.67,   19.98,   53.60,   19.23,   52.77,  126.28,  321.05,     18980,  447.32,    537.06,    628.28,   1165.34
2026-06-02,06:35:32.868,  104.25,   66.92,  104.15,   65.77,  104.47,   66.77,   98.42,   65.33,   98.12,   65.40,   99.07,   65.26,  608.49,  395.45,     18480, 1003.94,   30.50,   60.96,   30.75,   61.06,   30.69,   61.30,   27.03,   59.98,   27.00,   60.64,   26.37,   60.38,  172.35,  364.33,     18500,  536.67,    780.83,    759.78,   1540.61
2026-06-02,06:35:32.918,   95.86,   62.64,   96.14,   62.29,   96.15,   62.62,   89.70,   61.01,   89.05,   61.27,   89.63,   60.59,  556.53,  370.42,     18880,  926.94,   28.16,   42.10,   27.58,   41.86,   27.80,   41.82,   23.00,   40.12,   23.33,   40.45,   23.55,   40.61,  153.43,  246.96,     18760,  400.39,    709.95,    617.38,   1327.33
2026-06-02,06:35:32.968,   74.58,   53.14,   75.25,   52.76,   74.96,   53.23,   72.28,   51.89,   71.27,   52.21,   71.72,   52.08,  440.07,  315.31,     18720,  755.37,   21.35,   47.52,   21.26,   47.34,   21.10,   47.15,   19.17,   45.93,   19.62,   46.74,   19.40,   46.42,  121.91,  281.10,     18640,  403.01,    561.98,    596.41,   1158.39
2026-06-02,06:35:33.019,   32.05,   31.37,   32.25,   31.68,   32.22,   31.94,   31.10,   31.35,   30.82,   31.07,   30.94,   31.00,  189.38,  188.41,     18740,  377.79,   22.48,   73.96,   22.18,   73.99,   22.02,   73.99,   17.91,   73.06,   17.99,   72.99,   17.53,   72.98,  120.12,  440.96,     18760,  561.08,    309.50,    629.37,    938.87
2026-06-02,06:35:33.069,   73.43,   46.06,   74.26,   46.18,   73.49,   46.20,   70.37,   44.89,   70.25,   45.19,   70.60,   44.86,  432.40,  273.40,     18880,  705.80,   36.75,   93.53,   36.86,   94.33,   37.10,   94.01,   31.00,   93.09,   31.54,   93.23,   31.10,   93.37,  204.35,  561.56,     18760,  765.90,    636.75,    834.95,   1471.70
2026-06-02,06:35:33.119,   88.78,   37.79,   89.09,   37.99,   88.32,   38.45,   84.30,   37.78,   84.29,   38.24,   84.71,   38.31,  519.49,  228.56,     18820,  748.05,   29.23,   69.20,   29.69,   69.96,   29.47,   69.35,   22.99,   67.70,   23.34,   68.28,   23.22,   68.26,  157.95,  412.75,     18820,  570.70,    677.44,    641.32,   1318.75
2026-06-02,06:35:33.170,   41.63,   32.80,   41.96,   32.34,   41.62,   32.36,   39.95,   31.30,   39.55,   31.40,   39.94,   31.07,  244.63,  191.27,     18760,  435.90,   26.85,   86.17,   27.04,   86.88,   26.76,   86.39,   22.09,   86.08,   22.50,   86.30,   22.11,   85.88,  147.35,  517.70,     18780,  665.05,    391.98,    708.97,   1100.95
2026-06-02,06:35:33.219,   17.88,   25.34,   18.10,   25.37,   17.94,   25.31,   17.00,   25.06,   17.03,   25.06,   16.99,   24.77,  104.95,  150.92,     18380,  255.87,   19.08,   53.05,   19.00,   52.46,   18.66,   52.26,   16.66,   50.92,   16.89,   51.86,   16.41,   50.94,  106.70,  311.49,     18400,  418.19,    211.65,    462.41,    674.06
2026-06-02,06:35:33.269,   70.36,   46.74,   71.07,   46.79,   70.67,   46.41,   66.71,   45.32,   66.62,   45.78,   67.08,   45.68,  412.50,  276.73,     18840,  689.23,   68.99,  130.02,   69.59,  130.69,   69.84,  130.42,   64.62,  130.71,   65.49,  131.34,   65.70,  131.55,  404.23,  784.73,     18780, 1188.96,    816.72,   1061.46,   1878.18
2026-06-02,06:35:33.319,  100.91,   64.24,  101.04,   63.74,  101.46,   64.33,   96.10,   62.87,   96.08,   63.79,   96.28,   63.14,  591.87,  382.11,     18820,  973.98,  140.27,  104.32,  146.04,  105.57,  141.23,  105.79,  138.00,  103.86,  136.13,  102.03,  136.70,  102.37,  838.35,  623.94,    106660, 1462.30,   1430.22,   1006.06,   2436.28
2026-06-02,06:35:33.369,   99.13,   64.67,   99.13,   64.24,   99.38,   64.97,   97.95,   64.62,   98.42,   64.83,   97.43,   63.96,  591.45,  387.28,     18880,  978.73,   76.87,   99.09,   90.12,   99.45,   77.01,   99.10,   69.81,   95.34,   70.28,   95.70,   70.20,   95.21,  454.28,  583.89,     28840, 1038.17,   1045.73,    971.17,   2016.90
2026-06-02,06:35:33.419,  222.92,   93.99,  224.45,   93.59,  222.64,   94.36,  212.54,   91.69,  212.57,   91.75,  213.20,   91.14, 1308.32,  556.51,     23720, 1864.83,  116.24,  184.02,  128.65,  184.24,  115.88,  184.01,  108.35,  181.58,  108.87,  181.14,  108.86,  181.45,  686.84, 1096.45,    122940, 1783.29,   1995.16,   1652.96,   3648.13
2026-06-02,06:35:33.470,   65.13,   67.19,   64.73,   66.12,   65.78,   67.39,   61.08,   65.43,   60.99,   66.10,   60.89,   65.13,  378.60,  397.36,     18940,  775.95,   63.18,  109.66,   85.23,  110.08,   62.13,  108.48,   56.52,  107.03,   57.90,  107.91,   56.27,  106.92,  381.22,  650.08,     19020, 1031.30,    759.82,   1047.44,   1807.25
2026-06-02,06:35:33.520,   56.03,   49.74,   55.75,   49.07,   55.99,   49.80,   54.13,   49.60,   54.34,   49.66,   53.71,   49.22,  329.94,  297.10,     23420,  627.03,   43.23,   67.24,   60.49,   68.84,   42.95,   67.12,   40.03,   66.85,   40.81,   67.52,   40.21,   67.30,  267.71,  404.88,     45560,  672.58,    597.64,    701.97,   1299.61
2026-06-02,06:35:33.570,  105.13,   60.40,  108.09,   59.78,  105.61,   59.84,  100.71,   58.15,  100.22,   58.55,  100.91,   58.26,  620.66,  354.98,     19240,  975.65,   65.81,  114.38,   86.88,  122.48,   65.97,  114.25,   61.53,  114.03,   63.07,  116.01,   62.18,  114.72,  405.45,  695.88,    464800, 1101.32,   1026.11,   1050.86,   2076.97
2026-06-02,06:35:33.620,   76.10,   51.39,   78.67,   50.94,   76.48,   51.68,   74.23,   50.32,   73.81,   50.38,   74.59,   50.74,  453.88,  305.45,     19240,  759.33,   68.41,  114.69,   87.40,  122.93,   67.22,  114.44,   61.69,  113.63,   64.23,  116.56,   63.01,  114.97,  411.96,  697.21,    406940, 1109.17,    865.84,   1002.66,   1868.50
2026-06-02,06:35:33.671,   19.57,   21.79,   19.57,   21.93,   20.00,   22.06,   18.77,   21.49,   18.60,   21.40,   18.66,   21.42,  115.18,  130.09,     19260,  245.26,   44.76,  102.41,   47.75,  103.99,   44.77,  101.95,   39.63,  101.07,   40.74,  101.49,   39.91,  101.22,  257.55,  612.12,    145080,  869.67,    372.72,    742.21,   1114.94
2026-06-02,06:35:33.721,   49.22,   55.60,   49.36,   55.21,   49.17,   55.49,   46.50,   53.82,   47.09,   54.66,   46.86,   54.56,  288.20,  329.34,     18740,  617.54,   37.09,   70.06,   36.67,   69.99,   36.54,   69.96,   31.16,   68.31,   31.33,   68.24,   30.95,   68.03,  203.74,  414.59,     18760,  618.33,    491.94,    743.93,   1235.87
2026-06-02,06:35:33.771,   77.75,   61.97,   78.05,   61.00,   78.13,   61.41,   73.10,   59.57,   72.85,   59.66,   73.24,   59.48,  453.12,  363.09,     18368,  816.21,   28.27,   72.86,   28.08,   72.45,   28.05,   73.27,   23.52,   71.77,   23.87,   72.61,   23.29,   70.85,  155.09,  433.81,     18368,  588.90,    608.21,    796.90,   1405.11
2026-06-02,06:35:33.820,   93.49,   52.37,   94.04,   52.39,   93.12,   52.81,   89.67,   52.13,   89.55,   52.35,   90.49,   51.96,  550.35,  314.02,     18854,  864.36,   31.07,   79.58,   31.14,   79.39,   30.70,   79.03,   26.76,   78.18,   27.79,   79.28,   27.04,   78.13,  174.51,  473.59,     18774,  648.09,    724.86,    787.60,   1512.46
2026-06-02,06:35:33.871,   33.38,   32.38,   33.61,   32.58,   33.89,   32.57,   32.49,   31.92,   32.71,   32.21,   32.97,   32.29,  199.06,  193.96,     18760,  393.02,   21.56,   72.08,   21.56,   71.89,   21.76,   71.83,   17.83,   70.67,   18.55,   71.22,   17.68,   70.60,  118.94,  428.29,     18800,  547.23,    318.01,    622.25,    940.25
2026-06-02,06:35:33.921,   24.60,   30.24,   24.69,   30.16,   24.76,   30.45,   23.56,   29.67,   23.83,   29.93,   24.07,   29.98,  145.51,  180.44,     18780,  325.94,   32.16,   96.08,   31.85,   96.64,   31.54,   95.81,   26.17,   95.08,   26.48,   95.42,   26.01,   95.31,  174.22,  574.33,     18760,  748.55,    319.72,    754.77,   1074.49
2026-06-02,06:35:33.976,  107.02,   61.39,  107.88,   61.26,  106.68,   60.93,  101.56,   59.31,  101.26,   59.66,  102.21,   59.73,  626.60,  362.28,     18800,  988.88,   38.78,   94.58,   38.47,   94.50,   38.42,   94.15,   32.39,   93.38,   33.04,   94.09,   32.69,   93.55,  213.79,  564.24,     18780,  778.03,    840.39,    926.52,   1766.91
2026-06-02,06:35:34.021,   47.76,   37.06,   47.80,   36.69,   47.88,   36.94,   45.65,   36.72,   45.31,   36.68,   45.58,   36.20,  279.97,  220.29,     18680,  500.26,   18.21,   35.10,   18.32,   35.17,   17.67,   34.95,   14.78,   33.70,   15.26,   34.29,   14.53,   33.17,   98.77,  206.38,     18620,  305.15,    378.74,    426.67,    805.41
2026-06-02,06:35:34.072,   45.14,   43.64,   45.15,   43.53,   45.06,   44.08,   43.05,   43.32,   43.42,   43.73,   43.41,   43.94,  265.22,  262.25,     18780,  527.46,   28.68,   80.65,   28.38,   80.83,   27.86,   80.06,   22.64,   79.90,   23.65,   80.62,   22.97,   79.96,  154.17,  482.01,     18820,  636.18,    419.39,    744.26,   1163.65
2026-06-02,06:35:34.122,   26.18,   19.38,   25.95,   19.20,   26.28,   19.41,   25.33,   18.48,   25.24,   18.31,   25.27,   18.14,  154.24,  112.92,     18447,  267.16,   21.90,   80.36,   22.21,   80.27,   21.94,   80.21,   16.92,   79.75,   17.68,   80.30,   17.04,   80.22,  117.68,  481.10,     18428,  598.78,    271.92,    594.02,    865.95
2026-06-02,06:35:34.172,   86.02,   47.54,   86.61,   47.37,   86.27,   47.43,   82.51,   45.96,   82.20,   46.42,   82.51,   45.73,  506.13,  280.45,     18780,  786.58,   29.88,   79.62,   29.37,   79.91,   29.19,   79.15,   25.27,   78.82,   25.96,   78.81,   25.26,   78.41,  164.92,  474.71,     18760,  639.64,    671.05,    755.16,   1426.21
2026-06-02,06:35:34.222,   40.21,   40.79,   40.50,   40.69,   40.50,   40.72,   38.55,   39.56,   38.45,   40.30,   38.69,   40.04,  236.90,  242.09,     18840,  479.00,   23.85,   61.83,   23.67,   61.67,   23.55,   61.65,   20.20,   61.01,   20.92,   61.75,   19.77,   61.12,  131.96,  369.03,     18780,  500.99,    368.87,    611.12,    979.99
2026-06-02,06:35:34.273,   31.61,   28.32,   32.14,   28.09,   31.60,   28.09,   30.80,   27.56,   30.79,   27.80,   30.97,   27.64,  187.92,  167.50,     18820,  355.42,   26.15,   90.42,   25.97,   89.96,   25.67,   90.23,   20.07,   88.83,   20.68,   89.11,   19.92,   88.45,  138.48,  537.01,     18800,  675.48,    326.39,    704.51,   1030.90
2026-06-02,06:35:34.323,   30.19,   36.33,   30.29,   36.56,   30.42,   36.98,   29.63,   36.07,   30.55,   36.68,   30.05,   36.31,  181.14,  218.94,     18760,  400.08,   26.93,   87.82,   26.56,   88.38,   26.08,   87.92,   21.17,   87.76,   21.54,   87.75,   20.90,   87.63,  143.18,  527.26,     18760,  670.44,    324.32,    746.20,   1070.52
2026-06-02,06:35:34.373,  119.77,   65.31,  120.77,   65.05,  119.95,   65.22,  115.10,   63.99,  115.38,   64.60,  115.70,   63.52,  706.67,  387.68,     18500, 1094.36,   28.31,   45.23,   28.02,   45.05,   28.25,   44.99,   24.04,   43.47,   23.98,   43.34,   23.31,   43.12,  155.92,  265.20,     18560,  421.12,    862.59,    652.88,   1515.48
2026-06-02,06:35:34.423,  167.97,   57.45,  169.16,   57.51,  167.59,   57.03,  160.75,   56.11,  161.79,   56.33,  162.17,   56.19,  989.43,  340.62,     18740, 1330.04,   28.03,   50.32,   28.16,   50.58,   28.03,   50.46,   25.71,   49.73,   25.92,   50.30,   25.42,   49.86,  161.27,  301.26,     18760,  462.53,   1150.70,    641.87,   1792.57
2026-06-02,06:35:34.473,   46.79,   38.35,   46.62,   38.57,   46.70,   38.54,   44.90,   37.70,   45.73,   38.20,   45.65,   37.84,  276.39,  229.22,     18840,  505.60,   23.74,   46.36,   24.09,   46.65,   23.89,   46.47,   18.84,   45.54,   19.35,   45.89,   18.80,   45.35,  128.71,  276.26,     18780,  404.97,    405.09,    505.48,    910.57
2026-06-02,06:35:34.524,   24.50,   24.94,   24.93,   25.16,   24.97,   25.37,   24.61,   25.03,   24.26,   25.30,   24.77,   25.10,  148.03,  150.91,     18820,  298.94,   24.31,   78.01,   24.00,   78.31,   23.78,   78.26,   19.83,   78.15,   20.28,   78.22,   19.74,   77.90,  131.94,  468.85,     18800,  600.79,    279.96,    619.77,    899.73
2026-06-02,06:35:34.574,   55.22,   34.98,   55.90,   35.13,   55.69,   35.00,   52.34,   33.56,   52.97,   34.13,   53.52,   34.12,  325.64,  206.92,     18840,  532.56,   18.74,   44.95,   18.42,   45.67,   18.14,   44.79,   17.58,   45.66,   17.79,   45.77,   17.07,   45.53,  107.75,  272.38,     18800,  380.13,    433.39,    479.30,    912.69
2026-06-02,06:35:34.623,   83.70,   48.10,   84.57,   48.27,   84.21,   48.27,   80.57,   47.51,   80.04,   47.84,   80.08,   47.40,  493.16,  287.40,     18420,  780.56,   33.66,   86.20,   33.42,   86.51,   33.07,   86.16,   27.80,   85.72,   28.66,   86.27,   28.29,   86.19,  184.89,  517.06,     18420,  701.95,    678.05,    804.45,   1482.51
2026-06-02,06:35:34.674,   24.22,   27.32,   24.64,   27.60,   24.74,   27.67,   23.76,   27.43,   23.73,   27.38,   23.77,   27.23,  144.86,  164.63,     18820,  309.49,   17.73,   60.63,   17.80,   60.81,   17.58,   61.21,   12.61,   61.03,   13.52,   61.39,   12.49,   61.17,   91.72,  366.24,     18800,  457.96,    236.58,    530.87,    767.45
2026-06-02,06:35:34.724,   28.30,   32.72,   28.29,   32.81,   28.45,   32.64,   27.63,   32.45,   27.78,   32.59,   27.47,   32.35,  167.91,  195.56,     18800,  363.47,   19.70,   45.70,   20.05,   45.87,   19.24,   44.88,   18.06,   44.35,   18.24,   44.79,   17.86,   43.92,  113.15,  269.51,     18800,  382.66,    281.06,    465.08,    746.14
2026-06-02,06:35:34.774,   30.55,   31.11,   30.47,   31.10,   30.61,   31.35,   30.04,   30.91,   30.10,   31.10,   30.00,   30.66,  181.76,  186.22,     18760,  367.98,   24.81,   82.26,   24.84,   82.39,   24.31,   82.27,   19.73,   81.65,   20.02,   81.38,   19.25,   81.10,  132.96,  491.05,     18760,  624.01,    314.71,    677.28,    991.99
2026-06-02,06:35:34.824,   79.90,   42.19,   80.93,   42.41,   81.17,   42.27,   78.12,   41.83,   77.82,   41.96,   78.75,   41.73,  476.70,  252.39,     18840,  729.09,   20.30,   52.63,   20.27,   52.73,   20.12,   52.15,   14.64,   51.53,   14.96,   51.57,   14.52,   51.29,  104.81,  311.90,     18800,  416.71,    581.50,    564.30,   1145.80
2026-06-02,06:35:34.874,   25.36,   29.08,   25.49,   29.13,   25.22,   29.32,   23.84,   28.80,   23.10,   28.70,   23.08,   28.51,  146.10,  173.54,     18720,  319.64,   21.18,   59.88,   21.25,   60.28,   21.42,   60.41,   19.09,   59.50,   19.15,   59.84,   18.33,   59.59,  120.43,  359.49,     18640,  479.92,    266.53,    533.03,    799.56
2026-06-02,06:35:34.925,   32.06,   34.08,   32.35,   33.62,   32.05,   33.89,   31.54,   33.28,   31.49,   33.56,   31.33,   33.30,  190.83,  201.74,     18820,  392.57,   19.79,   65.97,   19.59,   66.37,   19.64,   65.94,   15.71,   65.35,   16.29,   65.41,   15.85,   65.52,  106.86,  394.55,     18760,  501.41,    297.69,    596.29,    893.98
2026-06-02,06:35:34.974,  103.44,   46.84,  104.78,   47.14,  104.32,   46.48,   98.25,   45.69,   97.85,   46.03,   98.82,   45.49,  607.46,  277.67,     18500,  885.13,   24.81,   50.36,   24.86,   50.08,   24.60,   50.25,   19.79,   49.04,   20.12,   49.08,   19.60,   48.63,  133.78,  297.43,     18420,  431.22,    741.24,    575.11,   1316.35
2026-06-02,06:35:35.025,   47.82,   38.25,   48.03,   38.14,   48.01,   38.23,   46.60,   38.11,   46.02,   38.01,   46.10,   37.92,  282.57,  228.67,     18880,  511.24,   23.52,   57.20,   23.19,   57.46,   23.28,   57.28,   20.46,   56.54,   21.20,   57.32,   20.38,   56.89,  132.03,  342.68,     18860,  474.72,    414.60,    571.35,    985.96
2026-06-02,06:35:35.075,   21.80,   15.31,   22.01,   15.38,   21.72,   15.30,   21.22,   14.84,   21.42,   15.19,   21.24,   14.84,  129.40,   90.87,     18780,  220.28,   14.65,   52.00,   14.87,   52.46,   14.47,   51.92,   10.05,   52.31,   10.75,   52.61,   10.11,   52.56,   74.90,  313.85,     18760,  388.75,    204.30,    404.72,    609.02
2026-06-02,06:35:35.125,   13.17,   20.46,   13.22,   20.23,   13.44,   20.30,   12.74,   20.02,   12.61,   20.15,   12.69,   20.14,   77.87,  121.31,     18800,  199.18,   21.76,   76.74,   21.88,   76.41,   21.71,   75.78,   16.66,   74.38,   17.19,   74.64,   17.11,   74.07,  116.32,  452.02,     18760,  568.34,    194.19,    573.33,    767.52
2026-06-02,06:35:35.175,   60.30,   33.84,   60.97,   34.11,   60.41,   34.10,   57.91,   33.20,   57.42,   33.18,   57.91,   32.78,  354.94,  201.21,     18760,  556.14,   23.56,   60.21,   23.82,   60.45,   23.57,   60.29,   20.69,   59.65,   21.51,   60.83,   20.76,   59.66,  133.91,  361.09,     18820,  495.00,    488.84,    562.30,   1051.15
2026-06-02,06:35:35.225,   71.04,   45.31,   71.80,   45.37,   71.55,   45.24,   69.35,   44.66,   69.03,   44.73,   69.28,   44.62,  422.05,  269.93,     18420,  691.98,   25.15,   73.68,   24.88,   73.56,   24.77,   73.80,   20.42,   73.38,   21.41,   74.22,   20.64,   73.26,  137.27,  441.90,     18420,  579.17,    559.33,    711.83,   1271.16
2026-06-02,06:35:35.275,   31.47,   33.01,   31.45,   33.18,   31.56,   32.83,   31.05,   32.67,   31.01,   32.87,   30.76,   32.83,  187.30,  197.40,     18780,  384.70,   41.67,   94.55,   41.88,   95.05,   41.12,   94.12,   36.72,   93.50,   37.62,   93.94,   36.98,   94.25,  235.99,  565.40,     51420,  801.39,    423.30,    762.80,   1186.09
2026-06-02,06:35:35.325,   38.46,   42.73,   38.70,   42.10,   38.77,   42.05,   36.42,   41.35,   36.68,   41.91,   36.59,   41.27,  225.62,  251.42,     18760,  477.04,  175.18,  129.22,  178.54,  130.52,  178.31,  132.27,  173.40,  129.37,  172.35,  127.95,  172.29,  128.41, 1050.07,  777.74,     91340, 1827.81,   1275.69,   1029.16,   2304.85
2026-06-02,06:35:35.374,  100.95,   62.40,  101.04,   61.61,  100.61,   61.85,   97.05,   60.94,   98.75,   62.20,   97.00,   60.76,  595.41,  369.76,     18600,  965.17,   47.68,   90.46,   65.41,   89.93,   47.59,   89.74,   39.22,   86.51,   39.22,   86.97,   39.89,   86.92,  279.02,  530.53,     63640,  809.55,    874.43,    900.29,   1774.71
2026-06-02,06:35:35.425,  154.57,   69.67,  156.26,   69.76,  154.95,   69.54,  149.23,   68.76,  149.68,   69.22,  150.14,   68.47,  914.82,  415.42,     24000, 1330.24,   72.12,   99.63,   88.35,  100.64,   71.73,   99.68,   65.15,   97.63,   66.49,   98.53,   66.04,   98.43,  429.89,  594.54,     99840, 1024.43,   1344.72,   1009.95,   2354.67
2026-06-02,06:35:35.476,  101.23,   44.76,  102.12,   44.89,  100.79,   44.70,   99.09,   43.62,   98.57,   44.03,   98.43,   43.68,  600.23,  265.67,     18820,  865.90,   35.08,   93.51,   57.72,   93.86,   34.76,   93.02,   28.93,   91.46,   29.22,   92.78,   28.78,   91.92,  214.48,  556.56,     40200,  771.05,    814.71,    822.23,   1636.94
2026-06-02,06:35:35.526,   47.39,   49.50,   47.51,   49.03,   47.61,   49.59,   44.43,   48.32,   44.98,   49.30,   44.71,   48.83,  276.63,  294.58,     23480,  571.21,   39.40,   93.04,   58.09,   94.20,   39.26,   92.60,   34.86,   91.81,   35.22,   92.78,   34.93,   92.22,  241.75,  556.65,     45220,  798.40,    518.38,    851.23,   1369.61
2026-06-02,06:35:35.576,   70.20,   57.53,   72.83,   56.93,   70.21,   57.45,   65.58,   54.96,   66.09,   56.07,   66.35,   55.79,  411.26,  338.71,     19280,  749.97,   62.48,   91.80,   81.75,  100.20,   62.55,   91.46,   60.04,   91.31,   62.27,   93.41,   60.42,   92.58,  389.51,  560.77,    443080,  950.28,    800.77,    899.48,   1700.25
2026-06-02,06:35:35.626,   85.62,   50.46,   88.61,   50.12,   86.43,   50.67,   81.85,   49.42,   82.89,   49.99,   82.79,   49.82,  508.20,  300.49,     19760,  808.69,   52.77,   82.22,   77.90,   92.57,   53.00,   81.84,   49.72,   81.60,   52.66,   84.88,   50.86,   82.75,  336.91,  505.86,    484840,  842.77,    845.11,    806.35,   1651.46
2026-06-02,06:35:35.676,   85.22,   65.32,   86.26,   64.51,   85.14,   65.08,   79.89,   63.73,   79.91,   64.03,   79.75,   63.57,  496.17,  386.24,     19840,  882.41,   60.21,   98.20,   71.99,  103.38,   60.04,   98.07,   56.31,   97.30,   57.66,   98.70,   56.92,   97.67,  363.14,  593.31,    297800,  956.45,    859.31,    979.55,   1838.86
2026-06-02,06:35:35.727,   43.58,   48.01,   43.16,   47.94,   44.06,   48.10,   41.24,   46.77,   42.24,   47.59,   42.05,   47.53,  256.34,  285.93,     18408,  542.27,   31.70,   83.30,   31.45,   83.04,   31.56,   83.16,   26.67,   81.35,   27.16,   81.81,   26.65,   81.75,  175.20,  494.41,     18408,  669.61,    431.54,    780.34,   1211.88
2026-06-02,06:35:35.776,   61.63,   48.68,   62.04,   48.79,   61.68,   48.93,   58.67,   47.10,   58.55,   47.53,   58.44,   46.96,  361.00,  287.99,     18753,  648.99,   19.39,   49.84,   19.85,   50.41,   19.99,   50.57,   16.16,   49.27,   16.37,   49.40,   16.20,   49.31,  107.95,  298.80,     18774,  406.75,    468.96,    586.79,   1055.75
2026-06-02,06:35:35.826,   96.58,   59.41,   97.29,   59.28,   96.98,   59.52,   92.10,   58.51,   91.77,   58.77,   92.37,   58.33,  567.10,  353.82,     18740,  920.92,   25.53,   54.36,   25.83,   55.33,   25.64,   54.85,   22.04,   54.55,   22.20,   55.50,   21.73,   55.19,  142.97,  329.78,     18760,  472.75,    710.07,    683.60,   1393.67
2026-06-02,06:35:35.877,   40.26,   38.20,   40.36,   37.83,   40.72,   38.36,   38.57,   36.77,   38.95,   37.68,   38.84,   37.23,  237.71,  226.08,     18840,  463.79,   28.51,   73.43,   28.65,   73.75,   28.40,   73.03,   23.06,   71.88,   23.58,   71.94,   22.98,   71.64,  155.19,  435.67,     18800,  590.86,    392.90,    661.75,   1054.65
2026-06-02,06:35:35.927,   35.99,   45.13,   35.97,   44.50,   35.93,   44.99,   33.60,   43.63,   33.56,   44.08,   33.72,   43.79,  208.76,  266.13,     18760,  474.89,   23.00,   70.84,   23.11,   71.12,   22.68,   70.74,   19.56,   70.42,   19.72,   70.38,   19.11,   70.38,  127.17,  423.88,     18800,  551.06,    335.94,    690.01,   1025.94
2026-06-02,06:35:35.977,   35.24,   38.64,   35.10,   38.35,   35.10,   38.53,   33.36,   37.13,   34.12,   37.68,   33.39,   37.28,  206.32,  227.61,     18860,  433.93,   20.88,   57.15,   20.75,   57.22,   20.89,   56.73,   18.76,   56.48,   18.87,   56.50,   18.35,   55.86,  118.50,  339.94,     18780,  458.44,    324.82,    567.55,    892.36
2026-06-02,06:35:36.027,   90.11,   53.43,   90.47,   52.82,   90.72,   53.78,   84.74,   51.91,   84.21,   52.53,   85.18,   52.43,  525.44,  316.90,     18420,  842.33,   21.02,   51.97,   20.86,   52.03,   21.28,   52.48,   17.99,   51.96,   18.17,   51.81,   17.99,   51.47,  117.31,  311.72,     18440,  429.03,    642.75,    628.61,   1271.37
2026-06-02,06:35:36.077,   48.42,   45.69,   48.17,   44.89,   49.03,   45.46,   44.89,   43.42,   45.16,   44.02,   45.04,   43.35,  280.72,  266.82,     18800,  547.54,   24.32,   68.47,   24.24,   68.39,   23.96,   68.81,   19.85,   67.92,   20.19,   67.82,   19.50,   67.04,  132.07,  408.45,     18780,  540.52,    412.79,    675.27,   1088.06
2026-06-02,06:35:36.127,   42.97,   48.33,   42.69,   47.69,   43.07,   48.08,   41.39,   47.09,   41.68,   47.56,   41.45,   47.50,  253.25,  286.26,     18780,  539.50,   22.12,   48.99,   22.36,   49.51,   21.84,   48.89,   19.70,   49.41,   19.75,   49.34,   19.57,   49.15,  125.34,  295.30,     18780,  420.64,    378.59,    581.55,    960.14
2026-06-02,06:35:36.177,   30.74,   41.42,   30.22,   41.11,   30.38,   41.22,   28.36,   40.06,   28.07,   40.40,   28.31,   40.15,  176.09,  244.36,     18820,  420.45,   18.43,   31.97,   18.25,   32.28,   18.35,   32.37,   15.03,   31.21,   15.42,   31.07,   14.98,   31.13,  100.47,  190.04,     18820,  290.51,    276.56,    434.40,    710.96
2026-06-02,06:35:36.228,   43.10,   53.09,   42.52,   52.86,   42.58,   52.95,   39.74,   51.55,   40.47,   52.17,   40.27,   51.71,  248.69,  314.32,     18800,  563.02,   24.81,   50.39,   24.60,   50.62,   24.87,   51.34,   21.97,   50.97,   22.41,   50.95,   21.44,   50.37,  140.10,  304.64,     18780,  444.74,    388.79,    618.97,   1007.76
2026-06-02,06:35:36.278,   78.61,   53.92,   79.65,   53.69,   79.31,   53.92,   75.86,   52.36,   75.98,   52.68,   76.90,   52.23,  466.30,  318.80,     18820,  785.11,   29.02,   74.15,   29.90,   74.95,   29.78,   74.75,   24.51,   74.37,   24.77,   74.58,   24.37,   73.96,  162.35,  446.77,     18760,  609.13,    628.66,    765.58,   1394.23
2026-06-02,06:35:36.327,   49.70,   40.22,   49.87,   40.08,   49.34,   39.94,   48.47,   40.03,   48.24,   40.15,   48.00,   39.86,  293.61,  240.28,     18440,  533.89,   22.70,   65.76,   23.25,   66.76,   22.60,   66.36,   19.70,   65.49,   20.31,   65.75,   19.88,   65.61,  128.44,  395.73,     18420,  524.17,    422.05,    636.01,   1058.06
2026-06-02,06:35:36.378,   61.44,   46.36,   61.80,   46.39,   61.17,   46.35,   60.11,   45.66,   61.22,   46.37,   60.56,   45.74,  366.30,  276.87,     18860,  643.17,   39.42,  102.47,   40.02,  103.43,   39.64,  102.39,   33.42,  101.95,   33.68,  101.72,   33.79,  102.18,  219.98,  614.13,     18800,  834.11,    586.28,    891.00,   1477.28
2026-06-02,06:35:36.428,  105.20,   47.88,  106.14,   47.88,  105.70,   48.02,  101.19,   46.11,  101.34,   46.48,  101.63,   46.33,  621.20,  282.71,     18940,  903.91,   25.29,   86.23,   25.67,   87.32,   25.33,   86.65,   19.75,   85.42,   19.50,   85.77,   19.03,   85.94,  134.56,  517.33,     18840,  651.90,    755.76,    800.04,   1555.80
2026-06-02,06:35:36.478,   95.33,   42.64,   95.62,   43.26,   94.57,   42.90,   92.07,   42.12,   91.20,   42.06,   92.12,   41.65,  560.92,  254.62,     18800,  815.54,   17.26,   38.30,   17.32,   38.89,   17.25,   38.43,   13.31,   37.38,   14.15,   38.14,   13.40,   37.85,   92.68,  228.99,     18820,  321.67,    653.60,    483.61,   1137.21
2026-06-02,06:35:36.529,   49.04,   53.23,   49.09,   53.13,   50.65,   54.47,   46.66,   52.68,   46.96,   53.08,   46.74,   52.85,  289.15,  319.44,     18800,  608.59,   39.89,   83.22,   40.05,   83.54,   39.68,   82.70,   36.59,   81.52,   36.85,   82.17,   36.22,   81.77,  229.28,  494.92,     18800,  724.20,    518.43,    814.37,   1332.80
2026-06-02,06:35:36.578,   55.67,   54.39,   55.49,   54.17,   56.32,   55.39,   52.02,   52.88,   52.45,   53.20,   52.08,   52.83,  324.03,  322.86,     18560,  646.89,   36.92,   85.44,   37.03,   86.57,   37.21,   86.70,   30.66,   85.02,   31.57,   86.08,   30.74,   86.01,  204.14,  515.82,     18560,  719.95,    528.17,    838.67,   1366.84
2026-06-02,06:35:36.629,  100.38,   67.74,  100.85,   67.07,  100.92,   67.76,   95.40,   65.73,   95.44,   65.71,   95.82,   65.88,  588.81,  399.90,     18760,  988.71,   22.82,   31.53,   22.77,   31.48,   22.93,   30.92,   20.82,   29.65,   21.09,   29.80,   20.57,   29.31,  130.99,  182.68,     18740,  313.68,    719.80,    582.58,   1302.39
2026-06-02,06:35:36.679,   65.33,   34.48,   65.62,   34.23,   65.05,   34.63,   64.03,   33.79,   64.06,   34.20,   64.01,   34.07,  388.11,  205.41,     18760,  593.51,   24.05,   47.67,   24.09,   48.33,   24.39,   48.37,   20.32,   47.78,   21.22,   48.53,   20.70,   48.72,  134.77,  289.40,     18760,  424.17,    522.87,    494.81,   1017.68
2026-06-02,06:35:36.729,   56.35,   39.83,   56.96,   40.23,   56.55,   39.74,   53.32,   38.78,   53.14,   38.64,   53.84,   38.88,  330.16,  236.09,     18840,  566.26,   31.30,   53.59,   31.21,   54.05,   31.49,   53.80,   27.81,   52.38,   27.83,   52.55,   27.75,   52.25,  177.39,  318.62,     18760,  496.01,    507.55,    554.71,   1062.26
2026-06-02,06:35:36.779,   65.81,   40.12,   66.43,   39.99,   64.96,   39.60,   62.73,   39.53,   61.85,   39.69,   62.01,   39.32,  383.78,  238.25,     18760,  622.04,   22.41,   81.62,   22.78,   82.70,   22.59,   81.74,   17.49,   80.50,   17.78,   80.77,   17.53,   80.97,  120.57,  488.29,     18760,  608.86,    504.36,    726.54,   1230.89
2026-06-02,06:35:36.829,   44.96,   34.13,   44.86,   34.34,   44.67,   33.99,   42.99,   33.26,   42.84,   33.30,   42.44,   33.06,  262.76,  202.09,     18500,  464.85,   17.45,   66.97,   17.88,   67.08,   17.63,   66.95,   13.57,   66.72,   13.67,   66.89,   13.39,   66.53,   93.58,  401.15,     18440,  494.72,    356.34,    603.23,    959.58
2026-06-02,06:35:36.879,   38.94,   33.68,   39.66,   33.72,   38.95,   33.66,   37.69,   32.94,   37.58,   32.89,   37.31,   32.86,  230.14,  199.75,     18780,  429.89,   17.91,   43.17,   18.57,   43.84,   18.11,   43.18,   13.71,   42.34,   14.32,   42.94,   13.76,   42.63,   96.38,  258.10,     18800,  354.48,    326.51,    457.85,    784.36
2026-06-02,06:35:36.929,   35.16,   30.69,   35.32,   30.66,   35.23,   30.92,   34.52,   30.33,   34.68,   30.80,   34.87,   30.64,  209.78,  184.03,     18880,  393.81,   24.76,   71.15,   24.96,   71.96,   24.39,   70.91,   21.64,   70.74,   22.04,   70.91,   21.68,   70.98,  139.49,  426.65,     18800,  566.14,    349.26,    610.68,    959.95
2026-06-02,06:35:36.982,   19.78,   13.20,   19.85,   13.38,   19.49,   13.30,   19.24,   13.36,   19.28,   13.51,   18.94,   13.69,  116.58,   80.44,     18800,  197.02,   18.32,   84.19,   18.98,   84.63,   18.37,   84.29,   13.19,   83.92,   13.26,   83.85,   13.51,   84.05,   95.62,  504.92,     18760,  600.54,    212.20,    585.36,    797.56
2026-06-02,06:35:37.029,   16.78,   21.26,   16.91,   21.14,   17.14,   20.94,   16.58,   20.29,   16.52,   20.67,   16.55,   20.04,  100.49,  124.34,     18640,  224.83,   12.01,   29.03,   12.16,   29.98,   11.83,   29.69,    9.48,   28.92,    9.91,   29.34,    9.41,   28.78,   64.80,  175.74,     18640,  240.54,    165.29,    300.08,    465.37
2026-06-02,06:35:37.080,   27.89,   25.70,   28.68,   25.82,   28.41,   25.43,   26.35,   24.56,   25.75,   24.46,   26.03,   24.48,  163.11,  150.46,     18760,  313.56,   21.35,   76.41,   21.75,   76.53,   21.19,   76.03,   17.24,   75.50,   17.26,   75.57,   16.89,   75.79,  115.69,  455.83,     18760,  571.52,    278.80,    606.29,    885.09
2026-06-02,06:35:37.130,  114.28,   65.47,  115.26,   65.95,  115.07,   65.97,  111.34,   65.04,  110.84,   65.21,  111.48,   64.69,  678.28,  392.33,     18468, 1070.61,   74.32,  134.58,   74.41,  134.70,   73.53,  134.32,   65.89,  133.42,   67.18,  134.33,   66.28,  133.42,  421.62,  804.77,     18487, 1226.39,   1099.90,   1197.10,   2297.00
2026-06-02,06:35:37.181,   50.32,   41.94,   49.90,   40.68,   49.67,   40.53,   48.39,   40.45,   49.14,   41.52,   47.81,   40.15,  295.22,  245.28,     18840,  540.50,   38.90,   35.71,   39.44,   36.09,   43.84,   40.42,   36.31,   34.86,   36.17,   35.05,   37.37,   36.11,  232.04,  218.25,     18820,  450.29,    527.26,    463.53,    990.79
2026-06-02,06:35:37.231,   46.22,   45.81,   49.15,   48.31,   48.48,   48.02,   47.80,   47.89,   50.71,   50.51,   46.08,   45.68,  288.44,  286.22,     18760,  574.66,   44.63,   97.92,   43.31,   96.52,   49.05,  102.09,   37.55,   93.98,   38.23,   94.70,   39.63,   96.67,  252.40,  581.88,     18760,  834.28,    540.84,    868.10,   1408.94
2026-06-02,06:35:37.281,  149.28,   82.91,  150.05,   82.92,  150.72,   83.53,  142.30,   81.83,  141.85,   81.59,  142.64,   81.44,  876.85,  494.21,     18880, 1371.06,  128.93,  114.56,  128.64,  114.46,  127.91,  113.47,  124.18,  112.35,  125.41,  113.39,  124.98,  112.19,  760.06,  680.42,     86100, 1440.48,   1636.91,   1174.63,   2811.54
2026-06-02,06:35:37.330,  113.33,   73.18,  113.23,   72.78,  112.92,   73.01,  109.16,   71.69,  109.01,   72.25,  109.45,   71.98,  667.09,  434.90,     18820, 1101.99,  186.06,  205.75,  183.40,  203.26,  184.67,  204.33,  178.26,  203.05,  177.61,  203.39,  177.69,  202.70, 1087.70, 1222.47,    117260, 2310.17,   1754.79,   1657.37,   3412.15
2026-06-02,06:35:37.381,   54.42,   38.29,   54.44,   38.21,   54.18,   38.16,   52.83,   38.07,   53.70,   38.22,   53.32,   38.40,  322.88,  229.35,     18820,  552.23,   22.43,   28.22,   22.28,   28.08,   22.73,   28.61,   18.85,   27.78,   18.71,   27.40,   18.72,   27.40,  123.72,  167.49,     18840,  291.22,    446.61,    396.84,    843.45
2026-06-02,06:35:37.432,  134.22,   70.33,  135.25,   70.50,  134.83,   71.04,  129.18,   68.95,  128.93,   69.18,  129.48,   68.82,  791.89,  418.81,     23722, 1210.70,   84.47,  144.38,   84.63,  144.27,   84.21,  144.10,   76.11,  142.51,   76.35,  143.84,   76.14,  142.95,  481.90,  862.06,    112782, 1343.97,   1273.79,   1280.88,   2554.67
2026-06-02,06:35:37.482,   91.51,   38.01,   92.91,   37.90,   91.77,   38.05,   89.32,   37.67,   88.78,   37.54,   89.94,   37.45,  544.23,  226.62,     18996,  770.84,   29.67,  100.19,   29.87,  100.27,   29.84,   99.75,   23.83,   99.34,   24.20,  100.23,   23.58,   99.57,  161.00,  599.35,     18997,  760.35,    705.23,    825.97,   1531.20
2026-06-02,06:35:37.532,   43.99,   42.08,   44.43,   42.29,   44.19,   42.09,   42.73,   41.72,   42.64,   41.65,   42.43,   41.48,  260.41,  251.30,     23400,  511.71,   53.70,  108.71,   54.54,  109.59,   54.19,  109.25,   49.01,  108.31,   49.49,  108.57,   48.83,  108.50,  309.77,  652.93,     87280,  962.69,    570.18,    904.23,   1474.41
2026-06-02,06:35:37.582,   46.02,   46.36,   49.35,   46.22,   46.64,   46.59,   44.68,   45.45,   45.15,   45.90,   44.93,   45.59,  276.77,  276.11,     19160,  552.88,   86.53,  132.54,   87.41,  132.86,   85.87,  131.60,   81.95,  131.53,   82.41,  131.71,   81.81,  131.80,  505.97,  792.04,    444180, 1298.01,    782.75,   1068.15,   1850.89
2026-06-02,06:35:37.637,   77.25,   54.30,   80.12,   54.34,   77.99,   54.31,   72.83,   52.71,   73.09,   53.02,   73.51,   53.19,  454.79,  321.87,     19220,  776.66,   47.85,   97.70,   65.18,  106.37,   48.25,   97.95,   43.61,   96.56,   45.86,   98.80,   44.82,   97.72,  295.57,  595.12,    342740,  890.69,    750.36,    916.99,   1667.35
2026-06-02,06:35:37.682,   70.59,   43.86,   72.55,   43.44,   70.29,   43.44,   67.99,   42.53,   67.92,   42.71,   67.58,   42.15,  416.93,  258.14,     20360,  675.07,   61.10,  107.57,   75.77,  114.46,   61.24,  107.99,   57.32,  106.68,   58.91,  108.29,   58.20,  107.99,  372.54,  652.98,    372040, 1025.52,    789.48,    911.12,   1700.59
2026-06-02,06:35:37.732,   67.14,   44.56,   67.57,   44.32,   66.98,   44.10,   64.47,   43.13,   64.57,   43.53,   64.51,   43.31,  395.24,  262.94,     18720,  658.18,   35.07,  106.37,   35.28,  106.50,   34.68,  106.62,   28.07,  105.72,   29.06,  106.09,   28.83,  105.40,  190.99,  636.71,     18720,  827.70,    586.22,    899.65,   1485.88
2026-06-02,06:35:37.782,   29.47,   28.66,   29.71,   28.68,   29.68,   29.00,   28.95,   28.38,   28.61,   28.52,   28.96,   28.67,  175.37,  171.91,     18760,  347.29,   26.34,   93.86,   26.47,   93.80,   25.96,   93.79,   20.66,   93.18,   20.94,   93.37,   20.34,   92.59,  140.71,  560.59,     18760,  701.30,    316.08,    732.50,   1048.59
2026-06-02,06:35:37.833,   90.54,   52.29,   91.05,   51.94,   90.23,   51.59,   84.58,   49.96,   85.40,   50.72,   85.67,   50.44,  527.46,  306.95,     18448,  834.41,   17.87,   77.74,   18.57,   78.55,   17.85,   77.61,   13.98,   76.58,   13.97,   76.79,   13.43,   76.28,   95.67,  463.55,     18408,  559.22,    623.14,    770.49,   1393.63
2026-06-02,06:35:37.883,   32.47,   38.38,   31.99,   37.74,   32.33,   37.84,   30.22,   37.88,   30.32,   38.44,   30.38,   38.29,  187.71,  228.57,     18760,  416.28,   20.39,   46.90,   20.24,   46.90,   19.83,   46.40,   15.16,   44.95,   15.69,   45.36,   14.70,   44.71,  106.00,  275.22,     18760,  381.22,    293.71,    503.79,    797.50
2026-06-02,06:35:37.933,   61.59,   62.14,   60.68,   61.22,   61.33,   61.81,   59.05,   61.27,   59.93,   61.89,   59.69,   61.84,  362.26,  370.16,     18820,  732.42,   26.68,   78.01,   26.70,   77.96,   26.52,   77.81,   23.06,   77.79,   23.79,   78.78,   23.13,   77.91,  149.87,  468.25,     18780,  618.13,    512.13,    838.41,   1350.54
2026-06-02,06:35:37.984,   58.72,   70.21,   59.06,   69.64,   58.33,   70.00,   53.86,   68.25,   53.78,   68.25,   54.37,   68.51,  338.12,  414.85,     18800,  752.97,   26.19,   71.06,   25.75,   70.81,   26.28,   70.85,   22.72,   70.64,   23.19,   71.19,   22.75,   71.17,  146.88,  425.74,     18780,  572.62,    485.00,    840.59,   1325.59
2026-06-02,06:35:38.034,  108.49,   65.32,  108.50,   64.97,  107.56,   64.81,  105.45,   64.20,  105.61,   65.02,  105.75,   64.55,  641.36,  388.87,     18840, 1030.22,   19.83,   75.09,   20.38,   75.56,   19.67,   74.85,   15.64,   73.92,   16.13,   74.25,   15.99,   74.50,  107.64,  448.17,     18780,  555.81,    749.00,    837.04,   1586.04
2026-06-02,06:35:38.084,   38.95,   51.16,   37.81,   50.62,   38.68,   50.81,   35.78,   50.05,   36.16,   50.76,   36.08,   50.47,  223.45,  303.86,     18780,  527.32,   19.27,   55.76,   19.75,   56.27,   19.60,   55.67,   16.17,   54.69,   16.41,   54.76,   16.24,   55.20,  107.44,  332.35,     18800,  439.80,    330.90,    636.22,    967.11
2026-06-02,06:35:38.134,   79.87,   67.56,   79.46,   66.42,   79.44,   66.85,   74.59,   65.59,   75.26,   65.87,   75.33,   65.62,  463.95,  397.92,     18520,  861.87,   23.95,   60.74,   23.77,   60.70,   23.94,   60.18,   20.25,   59.55,   21.09,   60.30,   20.65,   60.61,  133.65,  362.09,     18440,  495.74,    597.60,    760.01,   1357.61
2026-06-02,06:35:38.184,   82.19,   58.01,   81.89,   57.65,   81.10,   57.63,   79.12,   57.77,   79.44,   58.59,   79.83,   58.34,  483.57,  347.99,     18800,  831.55,   23.24,   64.95,   23.24,   64.94,   23.21,   64.74,   17.17,   62.48,   17.77,   63.07,   16.69,   62.79,  121.33,  382.97,     18760,  504.30,    604.89,    730.96,   1335.85
2026-06-02,06:35:38.234,   64.09,   51.19,   64.14,   50.82,   63.66,   50.74,   62.60,   50.06,   62.78,   50.80,   62.32,   50.09,  379.60,  303.70,     18840,  683.30,   23.54,   80.58,   23.36,   81.30,   23.66,   80.56,   18.47,   79.59,   18.90,   80.47,   18.24,   80.09,  126.16,  482.59,     18840,  608.76,    505.76,    786.30,   1292.06
2026-06-02,06:35:38.285,   32.59,   34.02,   33.05,   34.20,   32.60,   33.57,   31.91,   32.84,   32.21,   33.54,   32.22,   33.16,  194.58,  201.33,     18780,  395.91,   20.51,   72.18,   20.12,   72.67,   19.92,   72.28,   17.34,   72.31,   18.16,   72.95,   17.45,   72.58,  113.49,  434.97,     18780,  548.46,    308.07,    636.29,    944.36
2026-06-02,06:35:38.335,   43.72,   43.44,   43.70,   43.46,   43.49,   43.50,   42.78,   42.49,   42.88,   43.12,   42.92,   42.85,  259.50,  258.86,     18800,  518.36,   27.57,   91.17,   27.57,   91.70,   27.49,   91.11,   22.52,   90.77,   23.48,   91.30,   22.69,   91.39,  151.32,  547.43,     18760,  698.75,    410.82,    806.29,   1217.11
2026-06-02,06:35:38.384,  102.36,   67.56,  102.44,   67.26,  102.08,   67.15,   98.07,   66.25,   98.88,   66.78,   98.98,   66.80,  602.80,  401.79,     18400, 1004.60,   27.16,   80.74,   27.64,   81.08,   27.19,   80.78,   21.83,   79.97,   22.25,   80.27,   21.95,   80.37,  148.01,  483.22,     18420,  631.23,    750.82,    885.01,   1635.83
2026-06-02,06:35:38.435,  167.40,   59.84,  168.45,   59.78,  167.65,   59.64,  160.43,   58.58,  160.70,   59.02,  161.78,   59.05,  986.42,  355.91,     18820, 1342.32,   22.06,   41.84,   22.37,   42.38,   22.23,   41.88,   17.59,   40.50,   18.05,   40.99,   17.53,   40.92,  119.83,  248.52,     18820,  368.35,   1106.25,    604.42,   1710.68
2026-06-02,06:35:38.485,   72.99,   53.27,   72.86,   53.59,   72.56,   53.00,   69.73,   51.83,   69.46,   52.32,   69.86,   51.78,  427.46,  315.80,     18720,  743.26,   26.49,   86.13,   26.37,   86.61,   26.78,   86.46,   21.79,   86.07,   21.94,   86.18,   21.59,   85.76,  144.97,  517.21,     18720,  662.18,    572.43,    833.01,   1405.44
2026-06-02,06:35:38.535,   47.04,   43.97,   47.16,   44.04,   47.09,   43.69,   46.02,   42.77,   46.35,   43.56,   46.09,   43.19,  279.75,  261.22,     18880,  540.96,   23.02,   91.91,   23.69,   92.75,   23.06,   92.28,   18.50,   91.58,   19.24,   91.42,   18.65,   91.41,  126.16,  551.35,     18800,  677.51,    405.91,    812.56,   1218.47
2026-06-02,06:35:38.586,   49.64,   49.05,   49.92,   48.84,   49.74,   49.03,   48.33,   48.61,   48.18,   48.74,   48.22,   48.64,  294.02,  292.91,     18900,  586.93,   24.58,   69.91,   24.93,   70.21,   25.11,   69.94,   20.44,   68.53,   20.63,   69.63,   20.07,   68.94,  135.75,  417.16,     18800,  552.91,    429.77,    710.07,   1139.83
2026-06-02,06:35:38.635,   20.30,   13.15,   20.48,   13.54,   20.33,   13.07,   19.30,   12.49,   19.57,   12.78,   19.80,   12.48,  119.78,   77.52,     18400,  197.30,   11.93,   15.02,   12.02,   15.27,   11.86,   15.27,   10.17,   14.63,   10.70,   15.00,   10.14,   14.64,   66.81,   89.83,     18400,  156.64,    186.59,    167.35,    353.94
2026-06-02,06:35:38.685,   80.85,   47.36,   81.42,   47.12,   80.70,   46.85,   76.11,   45.66,   76.02,   46.05,   76.54,   45.77,  471.65,  278.81,     18800,  750.45,   23.26,   84.48,   23.30,   85.15,   23.08,   84.72,   17.18,   83.58,   17.18,   83.55,   17.03,   83.57,  121.03,  505.05,     18740,  626.08,    592.68,    783.86,   1376.53
2026-06-02,06:35:38.735,   53.59,   49.82,   53.56,   49.62,   53.21,   49.52,   51.31,   49.44,   51.85,   50.45,   51.73,   49.74,  315.26,  298.58,     18800,  613.85,   22.38,   54.17,   22.43,   54.42,   22.45,   54.06,   17.71,   52.94,   18.09,   53.11,   17.51,   52.84,  120.58,  321.53,     18800,  442.11,    435.84,    620.12,   1055.96
2026-06-02,06:35:38.786,   34.55,   39.77,   34.48,   39.88,   34.28,   39.57,   33.98,   39.38,   34.23,   40.00,   34.50,   39.78,  206.02,  238.38,     18800,  444.40,   19.36,   63.66,   19.42,   64.21,   19.12,   63.39,   16.47,   63.51,   16.71,   63.88,   16.22,   64.12,  107.30,  382.78,     18820,  490.08,    313.32,    621.16,    934.48
2026-06-02,06:35:38.836,   61.79,   46.10,   62.22,   46.06,   61.78,   45.48,   58.24,   44.59,   58.86,   45.21,   58.85,   44.61,  361.73,  272.05,     18760,  633.78,   20.38,   75.09,   20.34,   75.64,   20.19,   74.92,   16.17,   75.50,   16.54,   75.82,   16.20,   75.64,  109.82,  452.60,     18760,  562.41,    471.55,    724.65,   1196.19
2026-06-02,06:35:38.886,   53.00,   52.69,   53.01,   52.48,   52.50,   52.24,   51.03,   51.50,   50.98,   52.14,   51.19,   51.81,  311.71,  312.86,     18780,  624.57,   28.91,   98.78,   29.13,   99.32,   28.65,   97.72,   23.22,   97.89,   23.97,   98.40,   23.40,   98.92,  157.28,  591.03,     18800,  748.31,    468.99,    903.89,   1372.89
2026-06-02,06:35:38.936,   33.58,   40.34,   33.56,   40.32,   33.35,   40.30,   32.84,   39.88,   33.57,   41.21,   33.05,   40.45,  199.95,  242.51,     18440,  442.46,   21.29,   86.73,   21.44,   87.95,   21.22,   86.88,   16.73,   86.28,   17.15,   86.26,   16.60,   86.68,  114.42,  520.78,     18400,  635.20,    314.37,    763.28,   1077.65
2026-06-02,06:35:38.986,   23.76,   30.44,   24.00,   30.47,   23.79,   30.14,   22.97,   30.35,   23.32,   31.12,   23.20,   30.87,  141.03,  183.40,     18780,  324.43,   16.25,   51.28,   16.64,   51.52,   16.44,   51.13,   10.71,   49.90,   11.28,   50.29,   10.83,   50.35,   82.15,  304.46,     18780,  386.62,    223.18,    487.87,    711.05
2026-06-02,06:35:39.036,   73.72,   45.55,   75.11,   45.81,   73.87,   45.28,   70.25,   43.77,   70.50,   44.07,   71.17,   43.65,  434.62,  268.14,     18820,  702.76,   24.38,   82.04,   24.70,   82.61,   23.93,   81.94,   19.99,   81.54,   20.37,   82.19,   20.32,   81.56,  133.70,  491.88,     18780,  625.57,    568.32,    760.01,   1328.33
2026-06-02,06:35:39.087,   51.65,   41.96,   52.01,   42.21,   51.42,   41.81,   50.33,   41.33,   50.52,   41.98,   50.18,   41.21,  306.11,  250.51,     18800,  556.62,   17.99,   76.65,   17.91,   77.10,   17.49,   75.85,   14.51,   75.93,   14.85,   76.51,   14.49,   76.68,   97.23,  458.72,     18800,  555.95,    403.34,    709.23,   1112.57
2026-06-02,06:35:39.137,   25.49,   25.99,   25.63,   25.99,   25.37,   25.71,   24.68,   25.40,   24.73,   25.78,   24.80,   25.74,  150.71,  154.60,     18780,  305.32,   13.57,   24.81,   14.05,   25.26,   13.67,   24.97,   11.23,   24.45,   11.23,   24.57,   11.08,   24.70,   74.83,  148.78,     18780,  223.60,    225.54,    303.38,    528.92
2026-06-02,06:35:39.187,   74.74,   52.17,   75.87,   52.80,   74.79,   52.31,   69.76,   50.82,   70.47,   51.44,   70.57,   50.90,  436.20,  310.44,     18760,  746.64,   27.84,   87.67,   28.46,   88.70,   27.75,   87.14,   22.54,   86.17,   23.12,   86.98,   22.93,   87.03,  152.64,  523.70,     18820,  676.34,    588.84,    834.14,   1422.98
2026-06-02,06:35:39.237,   67.29,   47.67,   67.50,   47.36,   67.59,   46.97,   65.09,   47.22,   65.32,   48.13,   65.76,   47.49,  398.55,  284.84,     18540,  683.39,   18.85,   54.41,   19.21,   54.57,   18.66,   53.90,   13.43,   53.34,   14.10,   54.32,   13.68,   53.69,   97.93,  324.24,     18420,  422.17,    496.48,    609.07,   1105.56
2026-06-02,06:35:39.287,   33.09,   39.89,   33.06,   39.95,   32.97,   39.62,   32.27,   39.56,   32.29,   40.06,   32.43,   40.07,  196.11,  239.15,     18780,  435.26,   87.09,  103.55,   87.25,  103.73,   87.56,  103.65,   87.08,  103.84,   88.09,  104.84,   88.28,  104.85,  525.35,  624.45,     96720, 1149.80,    721.46,    863.60,   1585.06
2026-06-02,06:35:39.337,   63.00,   55.49,   62.99,   55.33,   62.63,   54.78,   61.11,   54.55,   61.91,   55.73,   61.58,   55.05,  373.22,  330.92,     18740,  704.14,  182.22,  206.95,  185.03,  206.34,  179.45,  205.54,  171.04,  203.89,  171.58,  204.59,  171.65,  204.99, 1060.97, 1232.32,    120500, 2293.28,   1434.18,   1563.24,   2997.43
2026-06-02,06:35:39.386,  114.82,   45.22,  114.71,   44.77,  114.63,   45.63,  107.70,   44.82,  108.01,   44.80,  108.47,   44.99,  668.34,  270.22,     18500,  938.57,   34.67,   45.74,   54.55,   46.04,   34.38,   45.35,   28.32,   43.37,   27.87,   43.55,   29.01,   44.52,  208.79,  268.56,     18480,  477.36,    877.13,    538.79,   1415.92
2026-06-02,06:35:39.437,  151.63,   78.93,  153.27,   79.50,  152.05,   78.90,  146.49,   78.45,  146.83,   78.47,  146.47,   77.74,  896.74,  471.98,     24040, 1368.72,   60.36,  113.33,   77.05,  114.31,   59.32,  112.61,   53.99,  112.23,   55.21,  112.31,   54.91,  112.48,  360.84,  677.27,    120820, 1038.12,   1257.58,   1149.26,   2406.84
2026-06-02,06:35:39.488,  113.27,   68.44,  113.65,   68.54,  112.65,   68.06,  108.12,   66.89,  107.76,   67.38,  108.50,   66.83,  663.93,  406.15,     18920, 1070.08,   31.23,   84.06,   54.04,   85.43,   30.97,   84.39,   26.56,   83.61,   27.13,   85.08,   26.24,   83.85,  196.17,  506.42,     18980,  702.59,    860.10,    912.57,   1772.67
2026-06-02,06:35:39.538,   57.80,   63.20,   57.34,   62.54,   58.15,   63.06,   55.23,   61.84,   56.03,   63.18,   55.31,   62.31,  339.87,  376.14,     22957,  716.01,   40.85,   80.05,   56.31,   81.79,   40.78,   80.35,   38.32,   79.91,   39.14,   80.23,   38.40,   79.93,  253.81,  482.25,     83390,  736.06,    593.68,    858.39,   1452.06
2026-06-02,06:35:39.589,   55.14,   61.91,   57.95,   61.44,   54.92,   61.36,   53.15,   60.78,   53.59,   61.20,   53.04,   60.87,  327.78,  367.57,     19233,  695.35,   52.14,   84.67,   81.61,   97.60,   52.08,   84.68,   49.45,   84.86,   51.57,   87.42,   50.09,   86.64,  336.94,  525.88,    521977,  862.82,    664.72,    893.44,   1558.16
2026-06-02,06:35:39.640,  107.50,   65.97,  111.12,   65.35,  107.92,   65.57,  102.47,   64.46,  102.35,   65.14,  102.71,   64.36,  634.08,  390.86,     20351, 1024.93,   51.59,   82.53,   79.06,   94.62,   51.54,   82.67,   48.30,   82.20,   50.84,   85.48,   49.69,   83.99,  331.03,  511.48,    493409,  842.51,    965.11,    902.34,   1867.45
2026-06-02,06:35:39.690,   57.99,   62.34,   57.98,   62.26,   58.10,   62.29,   55.18,   61.61,   55.56,   62.26,   55.48,   62.05,  340.30,  372.81,     19320,  713.11,   47.76,   93.16,   51.67,   95.34,   47.39,   93.32,   43.37,   93.00,   44.10,   93.03,   43.47,   93.16,  277.76,  561.01,    133180,  838.76,    618.06,    933.82,   1551.87
2026-06-02,06:35:39.741,   92.45,   59.56,   93.61,   59.49,   92.82,   59.56,   88.82,   58.52,   89.04,   58.69,   88.97,   58.36,  545.71,  354.18,     18800,  899.89,   30.26,  101.46,   30.87,  102.17,   29.77,  101.88,   24.19,  100.69,   24.41,  101.38,   24.21,  101.43,  163.71,  609.01,     18760,  772.73,    709.42,    963.20,   1672.62
2026-06-02,06:35:39.791,   61.76,   49.92,   62.33,   50.13,   61.91,   49.45,   58.82,   48.81,   59.72,   49.80,   59.92,   49.61,  364.46,  297.72,     18720,  662.18,   22.21,   77.99,   22.08,   77.95,   22.33,   77.83,   17.48,   76.86,   17.77,   76.87,   17.23,   76.87,  119.10,  464.37,     18740,  583.47,    483.57,    762.09,   1245.66
2026-06-02,06:35:39.841,   69.86,   49.58,   69.89,   49.14,   70.13,   49.21,   67.16,   48.98,   67.31,   49.76,   67.18,   49.34,  411.53,  296.01,     18800,  707.54,   26.10,   65.80,   25.69,   65.61,   24.97,   65.19,   19.45,   63.88,   20.30,   63.87,   19.37,   63.65,  135.88,  388.00,     18820,  523.88,    547.40,    684.01,   1231.42
2026-06-02,06:35:39.891,   72.50,   65.98,   72.64,   65.59,   72.32,   65.73,   68.40,   64.45,   68.51,   64.67,   68.91,   64.38,  423.28,  390.79,     18760,  814.07,   28.32,   78.42,   28.69,   78.72,   28.17,   78.75,   24.26,   77.42,   24.23,   77.54,   23.99,   77.18,  157.65,  468.03,     18760,  625.68,    580.93,    858.82,   1439.75
2026-06-02,06:35:39.942,   81.64,   59.61,   81.63,   58.78,   81.92,   59.92,   75.74,   57.59,   75.81,   57.95,   76.32,   57.89,  473.06,  351.73,     18780,  824.79,   26.92,   64.11,   26.68,   63.86,   26.37,   64.01,   24.03,   63.60,   24.46,   64.13,   23.82,   63.35,  152.28,  383.07,     18780,  535.35,    625.34,    734.80,   1360.14
2026-06-02,06:35:39.991,   90.51,   60.07,   90.54,   59.93,   90.68,   60.01,   86.49,   58.68,   87.29,   59.49,   86.60,   58.51,  532.12,  356.69,     18480,  888.81,   23.97,   60.89,   23.52,   61.42,   23.65,   61.17,   21.02,   61.19,   21.39,   61.31,   20.91,   61.19,  134.46,  367.17,     18440,  501.63,    666.58,    723.86,   1390.44
2026-06-02,06:35:40.042,   55.39,   49.56,   55.00,   49.04,   55.86,   48.87,   53.05,   48.09,   53.60,   48.75,   53.67,   48.79,  326.58,  293.10,     18780,  619.68,   23.03,   77.36,   23.20,   77.33,   22.80,   77.22,   17.95,   76.41,   18.75,   76.96,   18.02,   76.16,  123.76,  461.43,     18780,  585.19,    450.34,    754.54,   1204.88
2026-06-02,06:35:40.092,   53.01,   51.98,   52.96,   51.78,   52.96,   51.58,   51.02,   50.88,   51.11,   51.67,   51.03,   50.92,  312.10,  308.81,     18800,  620.91,   23.22,   82.38,   22.68,   82.65,   22.55,   82.75,   17.27,   82.17,   17.64,   82.16,   17.16,   81.67,  120.53,  493.78,     18800,  614.31,    432.63,    802.58,   1235.22
2026-06-02,06:35:40.142,   59.96,   54.82,   60.07,   54.35,   59.92,   54.25,   56.24,   53.24,   57.07,   54.00,   57.12,   53.98,  350.38,  324.64,     18860,  675.02,   23.71,   80.04,   23.31,   79.82,   22.95,   79.88,   18.58,   79.66,   19.30,   80.44,   18.73,   78.98,  126.59,  478.81,     18780,  605.41,    476.97,    803.45,   1280.43
2026-06-02,06:35:40.192,   55.07,   39.99,   55.03,   40.09,   54.90,   39.87,   51.69,   38.90,   52.37,   39.66,   52.57,   39.35,  321.63,  237.86,     18840,  559.49,   22.07,   61.60,   22.30,   61.60,   21.90,   61.32,   17.54,   61.08,   17.61,   61.52,   17.15,   60.79,  118.56,  367.91,     18760,  486.47,    440.19,    605.77,   1045.96
2026-06-02,06:35:40.243,   55.81,   42.09,   55.97,   42.04,   56.33,   42.08,   52.76,   41.60,   53.54,   42.32,   53.56,   42.32,  327.98,  252.43,     18860,  580.40,   19.55,   66.78,   19.48,   66.53,   18.98,   66.30,   15.72,   66.61,   15.91,   67.14,   15.24,   66.32,  104.87,  399.68,     18740,  504.55,    432.84,    652.11,   1084.95
2026-06-02,06:35:40.293,   49.24,   42.38,   49.50,   41.94,   49.22,   42.24,   45.81,   41.01,   45.43,   41.41,   45.50,   40.80,  284.70,  249.79,     18408,  534.49,   28.02,   72.51,   28.13,   72.60,   27.98,   72.09,   23.54,   72.42,   23.81,   72.98,   23.21,   71.88,  154.69,  434.47,     18388,  589.16,    439.39,    684.26,   1123.65
2026-06-02,06:35:40.343,   56.34,   49.50,   56.10,   49.23,   56.40,   49.22,   54.35,   48.65,   54.34,   49.07,   54.73,   48.77,  332.26,  294.44,     18760,  626.70,   24.74,   77.89,   24.56,   77.65,   24.03,   76.96,   20.27,   76.29,   21.02,   76.49,   20.57,   75.99,  135.20,  461.27,     18780,  596.47,    467.46,    755.71,   1223.17
2026-06-02,06:35:40.394,  110.85,   67.42,  111.37,   66.95,  110.63,   67.01,  105.31,   65.98,  106.02,   66.50,  105.90,   66.36,  650.09,  400.22,     18860, 1050.31,   37.12,  103.21,   36.85,  103.29,   37.28,  103.26,   30.45,  101.63,   30.47,  102.14,   29.95,  101.62,  202.12,  615.15,     18800,  817.27,    852.22,   1015.37,   1867.59
2026-06-02,06:35:40.444,  149.50,   64.41,  149.70,   64.16,  149.23,   63.89,  141.97,   63.12,  141.19,   63.55,  142.59,   63.21,  874.17,  382.33,     18840, 1256.51,   31.19,   57.13,   31.48,   57.37,   31.37,   56.81,   25.98,   54.94,   26.66,   55.77,   25.63,   55.41,  172.31,  337.42,     18820,  509.73,   1046.48,    719.75,   1766.23
2026-06-02,06:35:40.494,   73.03,   54.40,   73.22,   53.78,   73.06,   53.74,   70.08,   53.19,   69.75,   53.43,   69.77,   53.10,  428.92,  321.64,     18820,  750.56,   27.16,   79.25,   27.12,   79.67,   26.77,   78.65,   23.04,   78.95,   23.32,   79.41,   22.93,   79.76,  150.35,  475.69,     18740,  626.04,    579.27,    797.33,   1376.59
2026-06-02,06:35:40.544,   51.32,   48.56,   51.00,   48.39,   50.95,   48.18,   49.56,   47.64,   49.26,   48.29,   49.09,   47.83,  301.18,  288.90,     18500,  590.08,   22.96,   83.57,   23.06,   83.77,   22.36,   83.52,   18.59,   83.03,   18.90,   83.16,   18.59,   82.64,  124.46,  499.69,     18500,  624.14,    425.63,    788.59,   1214.22
2026-06-02,06:35:40.598,   40.54,   42.67,   40.38,   42.28,   40.39,   42.12,   39.66,   42.61,   39.62,   43.02,   39.65,   42.94,  240.24,  255.65,     18820,  495.88,   20.90,   57.30,   20.97,   57.58,   21.13,   56.96,   15.09,   55.63,   15.87,   56.28,   15.22,   56.04,  109.19,  339.79,     18840,  448.98,    349.43,    595.44,    944.87
2026-06-02,06:35:40.644,   70.11,   46.09,   69.67,   45.83,   69.80,   45.82,   65.62,   44.38,   65.73,   44.67,   65.37,   44.55,  406.29,  271.33,     18620,  677.62,   21.15,   83.53,   21.17,   83.95,   21.40,   83.98,   16.45,   83.26,   16.78,   83.23,   15.97,   82.93,  112.91,  500.88,     18620,  613.79,    519.21,    772.21,   1291.42
2026-06-02,06:35:40.694,   33.99,   33.61,   33.69,   33.69,   33.74,   33.20,   33.05,   32.88,   33.31,   33.19,   33.23,   33.13,  201.01,  199.69,     18800,  400.71,   14.50,   66.44,   14.66,   67.19,   14.93,   66.68,   12.27,   65.74,   12.57,   66.32,   12.27,   66.67,   81.21,  399.03,     18780,  480.23,    282.22,    598.72,    880.94
2026-06-02,06:35:40.745,   73.14,   62.01,   73.51,   61.58,   73.36,   61.59,   68.69,   60.55,   68.99,   60.99,   69.22,   60.69,  426.92,  367.41,     18820,  794.32,   34.27,   87.48,   34.68,   88.34,   34.44,   87.75,   29.81,   86.04,   30.21,   86.38,   29.41,   86.59,  192.82,  522.59,     18900,  715.41,    619.74,    890.00,   1509.74
2026-06-02,06:35:40.798,   64.70,   56.79,   64.51,   56.08,   64.42,   56.37,   62.17,   56.84,   61.96,   57.13,   62.27,   56.70,  380.03,  339.90,     18486,  719.93,   19.39,   57.53,   19.89,   58.14,   19.77,   57.90,   14.18,   57.50,   14.23,   57.65,   14.24,   58.00,  101.70,  346.72,     18448,  448.42,    481.73,    686.62,   1168.35
2026-06-02,06:35:40.845,   58.06,   48.13,   58.07,   47.69,   58.03,   47.62,   55.14,   46.68,   55.39,   47.21,   55.24,   47.07,  339.93,  284.39,     18720,  624.32,   22.35,   74.33,   22.38,   74.31,   22.33,   74.02,   17.81,   72.75,   18.25,   72.64,   17.75,   73.02,  120.87,  441.06,     18720,  561.93,    460.81,    725.45,   1186.25
2026-06-02,06:35:40.896,   69.53,   53.30,   69.51,   53.20,   69.01,   52.68,   65.92,   52.44,   66.11,   53.16,   65.59,   52.60,  405.67,  317.37,     18800,  723.03,   23.09,   66.92,   23.41,   67.07,   23.46,   66.58,   18.87,   66.42,   19.31,   66.73,   19.10,   66.91,  127.25,  400.64,     18820,  527.89,    532.92,    718.01,   1250.92
2026-06-02,06:35:40.949,  113.42,   64.14,  113.79,   64.06,  113.74,   63.84,  107.81,   62.62,  107.85,   62.83,  108.35,   62.63,  664.97,  380.11,     19000, 1045.08,   71.70,   98.88,   71.34,   98.80,   70.86,   98.14,   66.57,   97.10,   67.74,   98.06,   66.61,   96.93,  414.83,  587.91,     18800, 1002.74,   1079.79,    968.02,   2047.81
2026-06-02,06:35:40.996,  105.20,   68.14,  105.97,   67.85,  105.67,   68.50,  102.66,   68.32,  102.22,   68.65,  103.05,   68.82,  624.77,  410.27,     18900, 1035.04,   37.84,   70.86,   38.44,   72.26,   38.70,   71.68,   32.21,   69.88,   32.43,   70.10,   32.12,   70.30,  211.74,  425.08,     18840,  636.82,    836.51,    835.36,   1671.86
2026-06-02,06:35:41.046,   83.93,   43.80,   84.66,   43.47,   84.13,   43.37,   79.09,   42.33,   78.49,   42.50,   79.56,   42.43,  489.86,  257.89,     18480,  747.75,   41.24,   85.16,   41.12,   85.55,   40.91,   84.88,   37.38,   84.11,   38.23,   84.90,   37.38,   85.04,  236.25,  509.64,     18420,  745.89,    726.11,    767.53,   1493.65
2026-06-02,06:35:41.096,  201.01,  163.69,  169.52,  129.58,  169.68,  129.83,  168.12,  136.78,  155.07,  124.54,  157.81,  126.69, 1021.22,  811.10,     18760, 1832.31,  264.59,  236.76,  260.84,  233.48,  259.65,  230.05,  253.27,  228.53,  246.92,  222.17,  247.63,  222.46, 1532.90, 1373.45,     18780, 2906.35,   2554.12,   2184.55,   4738.67
2026-06-02,06:35:41.147,  205.06,  166.03,  205.73,  165.53,  189.89,  148.21,  172.58,  138.53,  175.85,  142.86,  177.48,  143.79, 1126.60,  904.95,     18860, 2031.56,  553.64,  296.56,  557.67,  305.57,  558.97,  308.49,  520.94,  268.99,  520.46,  266.74,  519.06,  268.03, 3230.75, 1714.37,     19140, 4945.12,   4357.35,   2619.33,   6976.68
2026-06-02,06:35:41.196,  153.99,  163.29,  154.74,  165.11,  147.33,  156.30,  131.02,  140.29,  132.89,  142.54,  132.95,  142.28,  852.92,  909.82,     18520, 1762.74,  583.25,  371.86,  575.09,  364.99,  571.99,  359.69,  536.00,  322.79,  544.14,  331.74,  539.26,  326.67, 3349.73, 2077.74,     18480, 5427.47,   4202.65,   2987.56,   7190.21
2026-06-02,06:35:41.246,  118.24,   85.90,  117.76,   85.29,  120.09,   87.05,  112.71,   83.35,  113.62,   84.16,  113.47,   83.48,  695.90,  509.23,     18680, 1205.13,  564.12,  207.78,  564.93,  208.44,  564.04,  208.23,  557.05,  204.05,  555.96,  204.27,  556.07,  203.22, 3362.19, 1236.00,     18800, 4598.19,   4058.08,   1745.24,   5803.32
2026-06-02,06:35:41.297,  100.84,   57.83,  100.23,   56.36,   99.88,   57.10,   97.97,   56.14,   97.69,   56.51,   97.50,   55.11,  594.10,  339.04,     18960,  933.14,   56.60,   94.41,   56.85,   95.63,   57.35,   95.20,   53.67,   95.21,   53.78,   94.79,   53.02,   95.37,  331.27,  570.63,     36280,  901.90,    925.37,    909.67,   1835.04
2026-06-02,06:35:41.346,   98.87,   78.39,   98.57,   77.59,   97.97,   77.61,   92.14,   77.29,   92.09,   77.57,   92.65,   77.75,  572.30,  466.19,     18660, 1038.49,   62.12,   89.13,   79.35,   90.01,   62.42,   90.01,   54.57,   87.06,   56.36,   87.98,   54.82,   87.25,  369.66,  531.44,    100480,  901.10,    941.95,    997.63,   1939.58
2026-06-02,06:35:41.397,  156.19,   62.92,  156.77,   62.85,  156.23,   62.76,  150.12,   62.27,  150.05,   62.32,  150.62,   62.12,  919.98,  375.24,     19020, 1295.22,   23.48,   29.54,   46.23,   30.53,   23.71,   29.68,   22.58,   28.59,   22.90,   29.61,   22.71,   28.88,  161.61,  176.83,     19000,  338.44,   1081.59,    552.08,   1633.66
2026-06-02,06:35:41.447,  180.75,  106.24,  181.49,  105.71,  181.93,  105.83,  172.54,  103.93,  173.24,  105.12,  174.47,  104.34, 1064.41,  631.17,     23980, 1695.59,   80.32,  124.57,   95.34,  126.01,   80.04,  124.67,   72.24,  121.38,   72.75,  121.62,   73.26,  121.99,  473.95,  740.24,    124960, 1214.18,   1538.36,   1371.41,   2909.77
2026-06-02,06:35:41.497,   76.01,   55.26,   77.16,   55.24,   76.23,   54.90,   74.27,   55.40,   73.35,   55.33,   74.20,   55.36,  451.23,  331.49,     18760,  782.72,   23.86,   59.76,   46.32,   60.70,   23.89,   59.44,   18.06,   57.66,   18.24,   58.35,   17.87,   57.74,  148.24,  353.64,     18760,  501.87,    599.46,    685.13,   1284.59
2026-06-02,06:35:41.547,   97.47,   62.95,   99.77,   62.69,   98.96,   63.69,   94.04,   62.31,   93.63,   62.82,   93.84,   62.34,  577.72,  376.79,     23920,  954.51,   73.48,  112.52,   89.79,  118.00,   74.22,  112.75,   69.44,  111.64,   70.35,  113.06,   69.67,  112.48,  446.95,  680.45,    241720, 1127.41,   1024.67,   1057.25,   2081.92
2026-06-02,06:35:41.597,   77.85,   59.36,   77.85,   58.95,   78.39,   59.81,   75.35,   57.73,   75.90,   58.70,   75.38,   57.74,  460.71,  352.29,     18720,  813.00,   48.68,  101.52,   50.25,  102.23,   48.12,  100.98,   44.18,  100.11,   45.06,  101.63,   44.77,  101.18,  281.06,  607.64,     87020,  888.70,    741.77,    959.94,   1701.70
2026-06-02,06:35:41.648,   95.86,   62.64,   97.06,   62.00,   96.94,   62.07,   91.39,   61.97,   91.10,   62.32,   91.42,   62.09,  563.79,  373.09,     18700,  936.88,   24.21,   83.40,   24.01,   83.28,   23.77,   83.26,   18.13,   82.81,   18.63,   83.29,   18.33,   82.70,  127.08,  498.73,     18740,  625.81,    690.87,    871.82,   1562.69
2026-06-02,06:35:41.698,   46.72,   36.99,   46.69,   37.09,   46.70,   36.90,   45.62,   36.64,   45.76,   36.98,   45.80,   36.94,  277.28,  221.54,     18760,  498.82,   17.60,   62.72,   17.54,   63.20,   17.53,   62.53,   12.31,   61.98,   13.22,   62.37,   12.45,   62.53,   90.65,  375.33,     18780,  465.99,    367.93,    596.88,    964.81
2026-06-02,06:35:41.748,   39.84,   48.01,   39.83,   47.61,   39.66,   47.52,   38.49,   47.28,   38.86,   47.70,   38.99,   47.48,  235.67,  285.59,     18880,  521.26,   24.67,   65.92,   25.18,   66.38,   24.50,   65.56,   20.87,   65.15,   20.81,   65.77,   20.57,   65.65,  136.59,  394.44,     18820,  531.03,    372.26,    680.03,   1052.29
2026-06-02,06:35:41.798,   68.43,   44.54,   69.35,   44.63,   68.55,   44.25,   65.12,   43.41,   65.32,   43.90,   65.56,   43.45,  402.34,  264.18,     18380,  666.52,   20.73,   73.88,   20.94,   74.19,   20.55,   73.24,   16.80,   73.39,   17.13,   73.58,   16.77,   73.82,  112.92,  442.09,     18400,  555.01,    515.27,    706.27,   1221.53
2026-06-02,06:35:41.848,   45.18,   45.27,   45.24,   44.98,   45.10,   45.03,   43.53,   43.92,   43.97,   44.61,   43.71,   44.02,  266.73,  267.82,     18860,  534.55,   22.00,   86.19,   22.04,   86.48,   21.06,   85.40,   16.68,   84.22,   17.49,   85.40,   16.69,   84.90,  115.96,  512.59,     18760,  628.56,    382.69,    780.42,   1163.11
2026-06-02,06:35:41.898,   46.44,   32.09,   46.76,   31.89,   46.78,   31.69,   43.33,   31.06,   43.77,   31.37,   43.51,   31.17,  270.59,  189.27,     18800,  459.86,   22.18,   70.40,   22.08,   70.76,   22.20,   70.60,   17.13,   68.73,   17.48,   69.07,   16.86,   68.80,  117.93,  418.37,     18800,  536.30,    388.52,    607.64,    996.16
2026-06-02,06:35:41.952,   63.05,   51.58,   63.44,   51.37,   63.08,   51.06,   60.61,   50.29,   60.54,   50.76,   60.86,   50.46,  371.57,  305.51,     18920,  677.08,   28.85,   88.70,   29.55,   88.70,   28.69,   88.38,   23.18,   87.00,   23.18,   87.54,   22.90,   87.02,  156.36,  527.33,     18860,  683.68,    527.93,    832.84,   1360.76
2026-06-02,06:35:41.998,   72.53,   47.34,   73.02,   46.91,   72.77,   47.15,   68.18,   46.07,   67.87,   46.16,   68.53,   45.96,  422.90,  279.59,     18580,  702.49,   20.94,   47.33,   20.49,   47.21,   20.38,   46.76,   16.13,   46.19,   16.66,   46.51,   16.34,   45.94,  110.94,  279.94,     18560,  390.88,    533.83,    559.54,   1093.37
2026-06-02,06:35:42.049,   42.34,   45.30,   42.77,   44.95,   42.62,   44.84,   41.26,   44.69,   41.63,   45.09,   41.32,   44.61,  251.94,  269.48,     18760,  521.42,   17.67,   73.95,   18.04,   74.30,   17.56,   73.72,   14.50,   73.65,   14.89,   74.24,   14.43,   73.86,   97.09,  443.72,     18760,  540.81,    349.03,    713.20,   1062.23
2026-06-02,06:35:42.099,   52.99,   48.80,   53.10,   48.98,   53.08,   48.55,   50.07,   47.75,   50.21,   47.77,   49.87,   47.54,  309.32,  289.39,     18800,  598.70,   19.07,   67.18,   19.04,   67.37,   18.59,   66.73,   14.75,   66.05,   15.10,   66.72,   15.06,   66.43,  101.62,  400.49,     18780,  502.11,    410.94,    689.88,   1100.82
2026-06-02,06:35:42.150,   62.61,   57.49,   62.61,   56.61,   62.45,   56.87,   59.53,   56.56,   60.03,   57.30,   60.01,   56.95,  367.25,  341.79,     18428,  709.03,   27.70,   61.50,   28.13,   62.37,   27.61,   61.84,   22.34,   60.39,   22.80,   60.35,   22.29,   60.11,  150.87,  366.56,     18486,  517.42,    518.11,    708.35,   1226.46
2026-06-02,06:35:42.200,   96.09,   69.36,   97.05,   68.75,   97.16,   69.04,   88.37,   67.33,   89.11,   67.72,   88.78,   67.54,  556.55,  409.74,     18840,  966.29,   28.69,   73.82,   28.84,   74.36,   28.92,   73.82,   24.52,   71.92,   24.68,   72.77,   24.34,   72.75,  159.98,  439.43,     18760,  599.42,    716.53,    849.18,   1565.71
2026-06-02,06:35:42.250,   81.56,   52.78,   80.97,   51.90,   81.03,   51.85,   76.94,   50.93,   76.71,   51.05,   76.66,   50.46,  473.88,  308.98,     18800,  782.86,   20.92,   53.84,   21.07,   54.33,   20.78,   53.82,   18.96,   53.39,   19.34,   53.69,   18.62,   53.33,  119.68,  322.40,     18820,  442.08,    593.56,    631.38,   1224.94
2026-06-02,06:35:42.300,   26.45,   31.28,   26.41,   31.20,   26.47,   31.46,   24.02,   31.35,   24.01,   30.96,   24.41,   31.13,  151.79,  187.38,     18820,  339.17,   13.64,   32.35,   13.52,   32.06,   13.49,   31.92,    9.68,   30.70,    9.90,   31.04,    9.56,   30.68,   69.79,  188.74,     18760,  258.54,    221.58,    376.13,    597.70
2026-06-02,06:35:42.351,  102.33,   72.63,  102.95,   72.80,  102.18,   72.60,   96.98,   70.22,   97.24,   71.06,   97.24,   70.75,  598.93,  430.06,     18487, 1028.99,   31.48,   73.28,   31.32,   73.56,   31.11,   73.64,   27.58,   72.72,   28.10,   72.87,   27.73,   72.73,  177.31,  438.80,     18428,  616.11,    776.24,    868.86,   1645.10
2026-06-02,06:35:42.401,   96.71,   64.29,   96.63,   63.84,   96.33,   63.91,   94.76,   62.95,   94.86,   62.94,   94.66,   62.66,  573.95,  380.60,     18900,  954.54,   30.87,   88.05,   30.28,   87.50,   30.06,   87.57,   25.26,   86.49,   25.77,   86.36,   25.43,   86.08,  167.66,  522.04,     18780,  689.70,    741.61,    902.64,   1644.25
2026-06-02,06:35:42.451,  162.18,   75.14,  163.49,   75.44,  162.33,   75.14,  156.25,   74.42,  156.03,   75.13,  156.77,   74.74,  957.04,  450.01,     18860, 1407.05,   29.04,   82.81,   28.86,   82.38,   28.73,   82.64,   23.04,   81.55,   23.52,   81.92,   23.02,   81.02,  156.20,  492.32,     18780,  648.52,   1113.25,    942.33,   2055.57
2026-06-02,06:35:42.502,   65.83,   50.03,   65.87,   49.80,   65.20,   49.69,   63.00,   49.16,   63.29,   49.55,   62.93,   49.34,  386.12,  297.57,     18820,  683.69,   25.90,   93.90,   25.59,   93.46,   25.61,   94.11,   20.15,   94.11,   20.56,   94.28,   20.28,   93.65,  138.08,  563.50,     18800,  701.58,    524.20,    861.07,   1385.27
2026-06-02,06:35:42.555,   48.18,   38.42,   47.85,   38.31,   47.99,   37.87,   46.64,   37.39,   46.66,   38.10,   46.47,   37.60,  283.79,  227.69,     18820,  511.48,   24.41,   73.29,   24.25,   73.60,   24.23,   73.80,   18.62,   73.09,   19.00,   72.72,   18.25,   71.88,  128.77,  438.38,     18780,  567.15,    412.56,    666.07,   1078.63
2026-06-02,06:35:42.602,   54.21,   52.51,   54.35,   52.33,   54.63,   52.91,   52.52,   51.79,   52.71,   52.29,   52.36,   51.76,  320.78,  313.60,     18800,  634.38,   23.79,   60.52,   23.65,   60.13,   23.89,   60.49,   22.33,   60.34,   22.78,   60.63,   21.86,   59.79,  138.29,  361.90,     18780,  500.20,    459.08,    675.50,   1134.58
2026-06-02,06:35:42.652,   81.87,   49.73,   82.44,   49.83,   82.28,   49.45,   77.34,   48.33,   77.31,   49.09,   77.36,   48.75,  478.59,  295.18,     18460,  773.78,   24.55,   86.00,   24.21,   85.42,   24.32,   85.59,   18.80,   85.13,   19.06,   85.01,   18.45,   84.28,  129.39,  511.43,     18460,  640.82,    607.98,    806.61,   1414.59
2026-06-02,06:35:42.702,   38.68,   29.46,   38.67,   29.66,   38.98,   29.23,   37.56,   28.23,   37.03,   28.12,   37.09,   27.79,  227.99,  172.49,     18820,  400.48,   20.80,   69.62,   20.73,   69.69,   20.48,   69.74,   15.62,   69.00,   15.60,   69.13,   14.98,   68.38,  108.22,  415.56,     18780,  523.78,    336.21,    588.05,    924.26
2026-06-02,06:35:42.752,   82.54,   60.72,   83.05,   60.35,   82.59,   60.65,   77.33,   59.71,   76.89,   60.13,   77.39,   59.85,  479.81,  361.41,     18800,  841.22,   27.17,   42.89,   27.10,   42.79,   26.85,   42.52,   23.97,   41.21,   24.33,   41.25,   23.39,   40.74,  152.82,  251.40,     18820,  404.22,    632.62,    612.81,   1245.43
2026-06-02,06:35:42.803,   84.70,   59.85,   85.23,   59.77,   85.07,   59.89,   81.08,   59.71,   81.46,   60.34,   81.58,   59.72,  499.12,  359.28,     18760,  858.39,   20.54,   58.99,   20.87,   59.32,   20.26,   59.38,   17.90,   59.16,   18.10,   58.93,   17.37,   58.32,  115.04,  354.11,     18760,  469.15,    614.16,    713.39,   1327.54
2026-06-02,06:35:42.853,   78.12,   47.35,   78.20,   47.43,   77.44,   46.81,   72.86,   46.12,   72.73,   46.62,   72.98,   46.41,  452.33,  280.75,     18408,  733.08,   22.28,   39.36,   22.85,   39.50,   22.48,   39.53,   18.60,   38.85,   19.05,   39.05,   18.65,   38.58,  123.90,  234.88,     18448,  358.78,    576.24,    515.62,   1091.86
2026-06-02,06:35:42.902,   52.22,   57.50,   52.48,   57.09,   52.27,   57.04,   51.57,   57.15,   51.04,   57.70,   51.14,   57.27,  310.73,  343.75,     18754,  654.48,   27.45,   85.12,   27.76,   85.83,   27.33,   85.68,   21.85,   85.30,   22.27,   85.48,   21.75,   84.67,  148.41,  512.07,     18794,  660.49,    459.14,    855.83,   1314.97
2026-06-02,06:35:42.953,   67.48,   46.97,   68.05,   47.05,   67.43,   46.96,   63.91,   47.11,   63.87,   47.38,   64.59,   47.36,  395.33,  282.82,     18840,  678.15,   18.46,   53.34,   18.60,   53.18,   18.39,   53.22,   13.77,   51.82,   14.34,   52.36,   13.62,   51.58,   97.18,  315.50,     18820,  412.68,    492.51,    598.33,   1090.84
2026-06-02,06:35:43.003,   47.97,   35.72,   48.38,   35.68,   47.60,   35.38,   45.18,   33.76,   44.79,   33.81,   45.22,   33.77,  279.14,  208.12,     18800,  487.26,   17.54,   56.84,   17.52,   57.52,   17.27,   57.17,   15.79,   57.10,   15.91,   56.96,   15.12,   56.98,   99.15,  342.57,     18800,  441.72,    378.29,    550.69,    928.98
2026-06-02,06:35:43.053,   45.94,   39.53,   46.35,   39.59,   46.01,   39.61,   43.08,   38.71,   42.69,   39.04,   42.83,   39.00,  266.90,  235.46,     18780,  502.36,   17.76,   38.11,   17.72,   38.55,   17.64,   38.18,   12.67,   37.08,   13.19,   37.46,   12.35,   37.14,   91.33,  226.52,     18780,  317.84,    358.22,    461.98,    820.21
2026-06-02,06:35:43.104,   50.64,   40.26,   50.75,   40.74,   50.53,   40.25,   48.91,   39.26,   49.08,   39.37,   48.71,   39.27,  298.62,  239.16,     18820,  537.78,   17.69,   68.43,   17.69,   68.62,   17.49,   68.28,   15.55,   68.50,   15.91,   68.51,   15.55,   68.49,   99.89,  410.84,     18800,  510.73,    398.51,    650.00,   1048.50
2026-06-02,06:35:43.153,   31.55,   37.31,   31.60,   37.28,   31.38,   37.16,   31.54,   38.34,   31.59,   39.01,   31.57,   38.89,  189.24,  227.99,     18420,  417.23,   15.25,   49.21,   15.29,   49.73,   15.34,   49.67,   10.95,   49.23,   11.31,   49.37,   10.88,   49.63,   79.03,  296.84,     18400,  375.87,    268.27,    524.83,    793.10
2026-06-02,06:35:43.203,   55.09,   48.94,   55.73,   48.54,   54.91,   47.94,   51.70,   47.53,   51.82,   47.92,   51.87,   47.61,  321.12,  288.49,     18820,  609.61,   25.15,   85.05,   24.77,   85.02,   25.39,   84.98,   18.72,   82.91,   19.03,   82.82,   18.76,   82.79,  131.82,  503.56,     18780,  635.38,    452.94,    792.05,   1244.99
2026-06-02,06:35:43.253,   58.98,   42.32,   59.49,   42.48,   58.97,   42.18,   56.08,   40.63,   56.19,   41.00,   56.09,   40.95,  345.81,  249.56,     18800,  595.36,   20.75,   63.90,   20.59,   64.32,   20.39,   63.85,   18.72,   64.46,   18.92,   64.13,   18.44,   63.87,  117.81,  384.53,     18800,  502.34,    463.62,    634.09,   1097.71
2026-06-02,06:35:43.304,   66.70,   58.68,   66.70,   58.12,   66.63,   58.31,   62.96,   57.24,   62.88,   57.69,   62.89,   57.77,  388.76,  347.81,     18800,  736.57,   79.22,   89.24,   79.12,   90.08,   79.63,   90.26,   74.04,   89.48,   74.91,   89.98,   74.33,   90.33,  461.26,  539.37,     45400, 1000.62,    850.01,    887.18,   1737.19
2026-06-02,06:35:43.353,   83.31,   59.31,   83.19,   58.74,   82.10,   58.56,   78.79,   57.65,   78.56,   58.27,   78.42,   57.85,  484.37,  350.37,     18580,  834.74,   47.96,   70.16,   63.91,   70.89,   47.45,   69.99,   46.01,   68.40,   46.42,   68.75,   45.11,   67.72,  296.87,  415.91,     84160,  712.78,    781.24,    766.28,   1547.52
2026-06-02,06:35:43.403,  106.68,   67.73,  106.94,   67.21,  105.96,   67.80,   99.43,   68.77,   98.87,   68.81,   99.34,   68.61,  617.22,  408.94,     18660, 1026.16,   36.01,   66.04,   53.80,   66.74,   36.19,   66.17,   29.36,   64.74,   29.80,   65.30,   29.28,   64.40,  214.45,  393.40,     18640,  607.84,    831.66,    802.34,   1634.00
2026-06-02,06:35:43.454,  201.63,   88.52,  203.17,   88.69,  202.52,   89.55,  193.64,   87.51,  193.31,   87.55,  194.01,   86.87, 1188.28,  528.71,     24320, 1716.99,   59.47,   88.81,   67.74,   89.96,   59.95,   89.23,   55.12,   88.22,   55.42,   88.23,   54.98,   87.61,  352.68,  532.05,     50720,  884.73,   1540.96,   1060.76,   2601.72
2026-06-02,06:35:43.504,   53.51,   49.70,   53.98,   49.24,   53.58,   49.22,   51.06,   48.25,   50.77,   48.46,   50.86,   47.94,  313.76,  292.81,     18620,  606.57,   34.70,   61.65,   52.25,   63.40,   34.18,   61.95,   32.62,   62.34,   32.92,   61.86,   31.93,   61.57,  218.60,  372.77,     89100,  591.37,    532.36,    665.58,   1197.94
2026-06-02,06:35:43.554,   34.92,   43.19,   34.72,   42.52,   34.87,   43.13,   32.15,   42.63,   32.17,   42.85,   32.01,   42.41,  200.84,  256.73,     18660,  457.57,   18.49,   26.70,   40.39,   28.00,   18.22,   26.62,   15.17,   25.78,   15.38,   25.45,   15.30,   25.46,  122.95,  158.02,     18680,  280.97,    323.79,    414.75,    738.54
2026-06-02,06:35:43.604,  106.38,   64.92,  109.01,   64.54,  106.77,   64.87,  101.16,   63.44,  101.01,   63.82,  101.70,   63.42,  626.03,  385.00,     23920, 1011.03,   65.45,  116.28,   80.25,  122.11,   65.73,  116.95,   59.73,  116.60,   60.68,  117.51,   60.42,  117.08,  392.26,  706.53,    316240, 1098.79,   1018.30,   1091.53,   2109.82
2026-06-02,06:35:43.654,   55.10,   33.00,   56.26,   33.20,   55.91,   33.01,   54.29,   32.64,   54.22,   32.48,   54.43,   32.38,  330.21,  196.71,     18700,  526.92,   47.13,  101.05,   52.75,  103.08,   46.79,  100.85,   42.70,  100.22,   43.29,  101.59,   43.13,  100.76,  275.77,  607.54,    184900,  883.31,    605.99,    804.25,   1410.24
2026-06-02,06:35:43.704,   19.02,   24.97,   19.43,   24.81,   19.43,   25.08,   18.47,   24.20,   18.47,   24.68,   18.33,   24.54,  113.14,  148.27,     18720,  261.41,   22.51,   72.52,   22.65,   72.35,   22.39,   72.30,   18.77,   71.39,   19.20,   72.16,   18.76,   71.36,  124.28,  432.07,     18720,  556.34,    237.42,    580.34,    817.75
2026-06-02,06:35:43.761,   33.40,   32.47,   33.59,   32.20,   33.95,   32.44,   32.88,   32.04,   33.14,   31.95,   32.67,   31.74,  199.62,  192.83,     18780,  392.46,   27.12,   80.63,   27.15,   80.23,   27.23,   80.06,   22.13,   79.64,   22.71,   81.16,   22.41,   79.82,  148.73,  481.53,     18780,  630.26,    348.36,    674.36,   1022.72
2026-06-02,06:35:43.805,   47.99,   46.68,   48.28,   46.39,   48.87,   46.79,   44.51,   44.71,   44.61,   44.98,   44.70,   44.53,  278.96,  274.08,     18880,  553.04,   24.73,   74.72,   25.00,   75.15,   24.58,   74.32,   20.54,   73.03,   20.61,   73.12,   20.57,   72.90,  136.02,  443.25,     18880,  579.26,    414.97,    717.32,   1132.30
2026-06-02,06:35:43.855,   83.49,   49.33,   84.70,   49.50,   83.28,   49.03,   81.47,   48.79,   80.79,   48.69,   81.47,   48.33,  495.19,  293.67,     18420,  788.87,   27.15,   83.56,   27.33,   83.36,   27.06,   82.89,   22.35,   82.31,   22.60,   83.61,   22.52,   82.73,  149.00,  498.45,     18420,  647.45,    644.20,    792.12,   1436.32
2026-06-02,06:35:43.905,   29.61,   25.45,   29.51,   25.46,   29.45,   25.45,   28.72,   25.27,   28.65,   25.13,   28.78,   25.14,  174.70,  151.89,     18980,  326.59,   21.51,   84.44,   21.78,   84.40,   21.27,   83.64,   16.52,   83.17,   16.89,   84.09,   16.38,   83.71,  114.35,  503.45,     18940,  617.80,    289.05,    655.34,    944.40
2026-06-02,06:35:43.956,   20.60,   23.96,   20.57,   24.11,   20.40,   23.97,   19.75,   23.52,   19.92,   23.60,   20.04,   23.79,  121.29,  142.95,     18428,  264.23,   20.80,   52.13,   21.06,   52.27,   20.73,   51.81,   15.94,   50.82,   16.37,   51.52,   15.75,   50.76,  110.64,  309.31,     18447,  419.96,    231.93,    452.26,    684.19
2026-06-02,06:35:44.005,   44.27,   31.65,   44.84,   31.71,   44.83,   31.33,   41.78,   29.85,   42.32,   30.25,   42.22,   29.94,  260.27,  184.72,     18754,  445.00,   19.06,   68.80,   19.01,   68.39,   18.97,   68.24,   15.54,   68.42,   15.90,   69.30,   15.54,   68.50,  104.01,  411.65,     18773,  515.66,    364.28,    596.37,    960.65
2026-06-02,06:35:44.055,  103.33,   52.43,  104.80,   52.48,  103.43,   52.36,   98.42,   50.75,   97.78,   50.86,   98.79,   50.85,  606.54,  309.73,     18860,  916.27,   30.47,   77.99,   30.38,   77.65,   30.59,   77.65,   25.73,   76.23,   26.42,   77.75,   25.77,   76.92,  169.37,  464.18,     18820,  633.55,    775.91,    773.91,   1549.83
2026-06-02,06:35:44.106,   51.38,   35.92,   51.87,   35.89,   51.92,   35.59,   50.52,   35.27,   50.19,   35.51,   50.10,   35.15,  305.99,  213.34,     18840,  519.33,   21.08,   71.65,   20.97,   70.84,   20.92,   70.71,   16.63,   70.58,   16.90,   71.45,   16.78,   70.28,  113.29,  425.52,     18800,  538.80,    419.28,    638.85,   1058.13
2026-06-02,06:35:44.156,   49.90,   34.05,   50.41,   34.61,   50.14,   34.21,   47.30,   33.71,   47.06,   33.77,   46.68,   33.35,  291.48,  203.69,     18565,  495.17,   23.27,   70.19,   23.15,   69.86,   22.45,   68.98,   18.00,   68.67,   18.74,   69.64,   18.49,   69.04,  124.11,  416.38,     18586,  540.49,    415.60,    620.07,   1035.67
2026-06-02,06:35:44.207,   34.94,   31.92,   34.77,   31.62,   34.58,   31.54,   33.33,   31.44,   32.94,   31.33,   33.12,   31.39,  203.68,  189.22,     18880,  392.90,   19.30,   60.56,   19.47,   60.38,   19.39,   60.04,   15.69,   59.50,   15.97,   60.59,   15.26,   59.72,  105.07,  360.80,     18760,  465.87,    308.75,    550.02,    858.78
2026-06-02,06:35:44.257,   43.10,   34.62,   43.33,   34.57,   42.91,   34.55,   40.52,   33.95,   40.63,   33.98,   40.41,   33.96,  250.89,  205.63,     18760,  456.52,   20.55,   85.52,   20.84,   85.50,   20.09,   84.75,   14.78,   84.46,   15.16,   85.39,   15.00,   84.64,  106.43,  510.26,     18760,  616.69,    357.32,    715.89,   1073.21
2026-06-02,06:35:44.307,   56.71,   39.58,   56.67,   39.46,   56.92,   39.55,   55.29,   39.18,   54.65,   39.32,   54.69,   38.98,  334.94,  236.07,     18800,  571.01,   23.04,   65.64,   23.25,   65.88,   23.18,   65.45,   17.17,   64.37,   17.82,   65.64,   17.14,   64.59,  121.60,  391.58,     18860,  513.18,    456.54,    627.64,   1084.18
2026-06-02,06:35:44.358,   52.11,   29.11,   52.16,   29.09,   52.22,   29.23,   48.89,   28.73,   49.11,   28.63,   48.97,   28.33,  303.46,  173.11,     18820,  476.58,   20.90,   54.43,   20.81,   54.27,   20.82,   53.89,   19.30,   53.12,   19.80,   54.11,   19.48,   53.63,  121.11,  323.44,     18860,  444.55,    424.57,    496.56,    921.13
2026-06-02,06:35:44.407,   96.44,   45.58,   97.42,   45.87,   97.16,   45.45,   93.22,   44.85,   93.37,   45.15,   92.03,   44.50,  569.64,  271.40,     18440,  841.04,   27.31,   73.69,   27.48,   73.57,   27.87,   73.27,   22.13,   71.99,   22.47,   73.00,   22.32,   72.66,  149.57,  438.17,     18380,  587.74,    719.21,    709.57,   1428.78
2026-06-02,06:35:44.457,  142.98,   55.70,  143.56,   55.63,  142.19,   55.44,  135.56,   54.45,  135.82,   54.32,  135.89,   54.12,  836.01,  329.66,     18860, 1165.67,   25.05,   55.51,   25.39,   55.38,   24.91,   55.13,   19.14,   54.10,   19.80,   54.40,   19.24,   53.78,  133.53,  328.30,     18820,  461.83,    969.54,    657.96,   1627.50
2026-06-02,06:35:44.508,   45.90,   36.81,   46.43,   36.91,   46.13,   36.84,   44.82,   36.15,   44.17,   36.46,   44.72,   35.97,  272.17,  219.14,     18880,  491.31,   21.94,   58.20,   21.76,   58.46,   21.72,   57.61,   19.73,   57.36,   20.07,   58.15,   19.55,   58.11,  124.76,  347.88,     18920,  472.64,    396.94,    567.02,    963.96
2026-06-02,06:35:44.558,   27.16,   27.47,   27.33,   27.10,   27.29,   27.16,   26.67,   26.94,   26.73,   27.22,   26.47,   27.37,  161.65,  163.27,     18487,  324.92,   22.20,   81.02,   22.16,   81.36,   22.05,   81.01,   17.07,   79.99,   17.61,   80.49,   17.51,   80.13,  118.61,  484.01,     18388,  602.61,    280.26,    647.28,    927.53
2026-06-02,06:35:44.608,   50.38,   35.69,   51.00,   35.66,   50.63,   35.12,   47.88,   34.25,   48.00,   34.50,   47.87,   34.24,  295.78,  209.45,     18780,  505.23,   22.79,   71.31,   22.65,   72.16,   22.67,   71.41,   17.73,   70.61,   18.49,   71.17,   17.92,   70.85,  122.25,  427.50,     18800,  549.75,    418.02,    636.95,   1054.97
2026-06-02,06:35:44.659,   89.10,   47.44,   89.44,   47.20,   89.30,   47.05,   85.62,   46.40,   85.23,   46.54,   85.65,   46.41,  524.35,  281.05,     18780,  805.39,   26.65,   55.74,   26.66,   55.42,   26.39,   55.17,   21.12,   53.81,   21.65,   54.59,   21.11,   54.12,  143.57,  328.85,     18820,  472.42,    667.92,    609.89,   1277.81
2026-06-02,06:35:44.709,   62.01,   47.11,   62.29,   47.26,   62.28,   47.19,   59.09,   47.24,   58.64,   47.14,   58.79,   47.15,  363.10,  283.09,     18820,  646.19,   31.08,   62.75,   31.02,   63.09,   31.01,   62.88,   27.31,   61.82,   27.66,   63.07,   26.92,   62.23,  175.00,  375.82,     18820,  550.82,    538.11,    658.91,   1197.02
2026-06-02,06:35:44.759,  102.40,   61.02,  102.31,   60.04,  103.55,   60.62,   98.35,   59.30,   96.88,   59.37,   97.33,   58.91,  600.83,  359.26,     18840,  960.09,   66.58,   98.21,   65.76,   97.51,   65.63,   97.65,   60.01,   95.75,   60.66,   96.49,   59.94,   95.13,  378.59,  580.74,     18800,  959.33,    979.42,    940.00,   1919.42
2026-06-02,06:35:44.810,   84.10,   42.60,   86.29,   43.81,   85.34,   43.66,   82.02,   43.12,   81.67,   42.96,   82.40,   42.78,  501.82,  258.93,     18525,  760.75,   42.33,   99.69,   42.13,   99.32,   42.41,   98.93,   36.46,   97.19,   37.96,   98.60,   37.70,   98.71,  238.99,  592.43,     18545,  831.43,    740.81,    851.37,   1592.18
2026-06-02,06:35:44.860,   58.42,   48.73,   61.95,   51.16,   60.91,   50.39,   56.43,   50.01,   57.56,   51.06,   55.37,   48.15,  350.64,  299.51,     18960,  650.15,   51.02,   82.58,   47.63,   79.24,   48.80,   79.78,   42.50,   77.56,   43.24,   78.05,   42.97,   77.67,  276.16,  474.89,     18800,  751.04,    626.79,    774.40,   1401.19
2026-06-02,06:35:44.911,   85.24,   46.44,   85.63,   46.05,   87.01,   47.55,   82.12,   45.25,   81.47,   46.09,   82.20,   46.08,  503.67,  277.46,     18880,  781.13,   42.28,   72.18,   42.59,   72.40,   42.58,   72.49,   40.04,   70.93,   40.15,   71.78,   39.88,   70.74,  247.51,  430.52,     18860,  678.03,    751.18,    707.97,   1459.16
2026-06-02,06:35:44.960,   61.52,   41.45,   61.61,   41.10,   61.78,   40.94,   59.73,   40.93,   59.22,   40.55,   58.92,   40.72,  362.78,  245.69,     18380,  608.47,   24.48,   85.74,   24.45,   85.47,   23.96,   85.37,   18.55,   85.41,   19.28,   85.60,   18.79,   84.98,  129.50,  512.57,     18420,  642.07,    492.28,    758.27,   1250.55
2026-06-02,06:35:45.011,   62.48,   37.90,   62.67,   37.98,   62.67,   37.59,   58.46,   36.78,   58.59,   36.95,   58.30,   36.63,  363.18,  223.83,     18920,  587.01,   18.17,   30.94,   18.18,   31.09,   17.83,   30.71,   14.99,   29.85,   15.51,   30.33,   14.99,   29.74,   99.67,  182.67,     18860,  282.34,    462.85,    406.50,    869.35
2026-06-02,06:35:45.061,   30.11,   28.27,   29.97,   27.74,   30.43,   28.12,   28.83,   27.30,   28.74,   27.52,   28.25,   27.48,  176.33,  166.42,     18800,  342.75,   15.50,   61.48,   15.65,   60.93,   15.38,   60.79,   11.88,   60.34,   12.36,   60.57,   12.10,   59.88,   82.88,  363.98,     18760,  446.86,    259.21,    530.40,    789.61
2026-06-02,06:35:45.111,   49.24,   39.24,   49.49,   39.42,   49.57,   39.12,   46.60,   38.67,   46.65,   38.76,   46.20,   38.29,  287.75,  233.50,     18840,  521.24,   28.36,   91.49,   28.58,   91.41,   28.30,   90.88,   22.39,   89.79,   23.02,   91.37,   22.49,   90.03,  153.14,  544.97,     18860,  698.11,    440.88,    778.47,   1219.36
2026-06-02,06:35:45.161,   53.87,   37.38,   53.92,   37.18,   54.15,   36.94,   50.75,   35.98,   50.90,   36.37,   50.47,   36.08,  314.05,  219.94,     18460,  533.99,   21.07,   43.56,   21.48,   43.98,   20.92,   43.48,   16.33,   42.68,   16.91,   42.98,   16.33,   42.41,  113.03,  259.09,     18420,  372.12,    427.08,    479.03,    906.10
2026-06-02,06:35:45.211,   55.27,   38.57,   55.70,   38.53,   55.13,   38.11,   51.78,   37.62,   51.96,   37.98,   51.87,   37.67,  321.71,  228.47,     18760,  550.19,   22.95,   72.88,   23.15,   72.33,   22.93,   71.93,   19.25,   72.04,   19.98,   73.42,   19.50,   72.53,  127.76,  435.13,     18740,  562.89,    449.47,    663.60,   1113.07
2026-06-02,06:35:45.262,   64.16,   42.18,   65.21,   42.00,   64.48,   41.68,   61.14,   41.31,   61.07,   41.71,   60.56,   41.02,  376.63,  249.90,     18780,  626.53,   27.99,   71.93,   27.73,   71.72,   27.43,   71.51,   23.85,   69.89,   24.73,   70.46,   23.99,   69.93,  155.71,  425.46,     18840,  581.17,    532.34,    675.36,   1207.70
2026-06-02,06:35:45.333,   69.62,   42.07,   69.00,   41.58,   69.42,   42.32,   65.14,   41.69,   65.40,   41.92,   64.77,   40.65,  403.36,  250.24,     18846,  653.59,   93.01,  133.98,   92.27,  133.34,   92.48,  133.67,   87.56,  133.27,   88.39,  134.03,   87.36,  132.60,  541.07,  800.88,     56072, 1341.95,    944.43,   1051.12,   1995.55
2026-06-02,06:35:45.364,   43.34,   37.82,   42.90,   36.89,   43.29,   37.17,   41.05,   36.61,   40.86,   36.60,   40.69,   36.44,  252.12,  221.54,     18900,  473.65,   37.47,   51.16,   55.58,   49.38,   35.71,   49.44,   31.49,   48.69,   30.29,   47.93,   30.27,   48.09,  220.81,  294.69,     84800,  515.49,    472.92,    516.22,    989.14
2026-06-02,06:35:45.414,   85.28,   58.50,   86.21,   58.41,   85.99,   59.02,   85.21,   58.36,   85.14,   58.44,   85.02,   57.95,  512.85,  350.67,     22180,  863.52,   31.09,   62.97,   48.96,   62.75,   29.32,   61.88,   26.92,   60.98,   27.04,   61.67,   27.13,   61.10,  190.47,  371.35,     18560,  561.82,    703.32,    722.02,   1425.34
2026-06-02,06:35:45.465,  153.80,   75.63,  154.79,   75.41,  154.53,   75.98,  145.46,   73.36,  145.37,   73.45,  146.25,   73.10,  900.19,  446.92,     20680, 1347.11,   74.39,  140.52,   94.01,  140.57,   73.56,  139.83,   66.30,  138.78,   67.33,  139.51,   66.44,  138.12,  442.04,  837.35,    122440, 1279.39,   1342.23,   1284.27,   2626.50
2026-06-02,06:35:45.514,   68.69,   37.75,   68.95,   37.63,   68.43,   37.74,   67.04,   37.38,   66.71,   37.37,   67.18,   37.08,  407.00,  224.94,     19100,  631.94,   26.67,   78.69,   48.29,   79.40,   26.26,   79.01,   21.82,   78.73,   22.34,   79.52,   21.96,   78.30,  167.33,  473.65,     18580,  640.99,    574.34,    698.59,   1272.93
2026-06-02,06:35:45.564,   16.96,   26.04,   18.32,   25.78,   16.85,   25.79,   16.24,   25.34,   16.30,   25.77,   15.83,   25.35,  100.49,  154.07,     23280,  254.56,   46.31,   58.19,   59.50,   63.39,   46.64,   57.56,   44.65,   57.75,   46.11,   59.07,   45.14,   58.02,  288.35,  353.99,    313340,  642.34,    388.84,    508.06,    896.90
2026-06-02,06:35:45.615,   32.95,   30.30,   34.34,   30.07,   33.36,   30.38,   31.82,   29.88,   32.28,   30.17,   32.18,   29.68,  196.93,  180.48,     19040,  377.41,   42.09,   67.77,   52.81,   72.12,   41.88,   67.35,   40.32,   67.27,   41.37,   68.78,   40.66,   67.81,  259.14,  411.11,    252740,  670.25,    456.07,    591.59,   1047.65
2026-06-02,06:35:45.665,  386.07,  142.67,  389.24,  143.52,  387.25,  142.59,  368.96,  129.01,  368.85,  129.54,  370.39,  129.53, 2270.77,  816.88,     18720, 3087.64,   32.18,   98.25,   32.64,   98.46,   32.17,   97.89,   25.10,   96.09,   25.95,   97.34,   25.94,   96.74,  173.98,  584.78,     18700,  758.75,   2444.74,   1401.65,   3846.40
2026-06-02,06:35:45.715,  535.75,  176.59,  536.31,  175.67,  534.32,  175.15,  523.89,  167.76,  524.03,  168.43,  523.82,  167.16, 3178.12, 1030.76,     18620, 4208.88,   29.69,   58.86,   29.16,   58.52,   29.86,   58.59,   23.78,   57.51,   24.47,   57.90,   23.33,   57.27,  160.29,  348.65,     18620,  508.94,   3338.41,   1379.41,   4717.82
2026-06-02,06:35:45.765,   73.24,   33.67,   73.83,   33.70,   73.19,   33.26,   71.10,   32.31,   70.57,   32.55,   71.11,   32.49,  433.05,  197.99,     18660,  631.03,   29.40,   79.45,   29.56,   79.32,   29.81,   78.95,   24.67,   77.54,   25.03,   78.21,   24.76,   77.51,  163.22,  470.98,     18720,  634.20,    596.27,    668.96,   1265.23
2026-06-02,06:35:45.819,   56.55,   36.57,   56.73,   36.48,   56.66,   36.33,   53.79,   35.25,   54.02,   35.36,   53.75,   35.23,  331.51,  215.22,     18760,  546.74,   22.80,   75.18,   22.93,   75.20,   22.93,   74.84,   18.57,   75.06,   18.86,   75.13,   18.31,   75.07,  124.39,  450.48,     18760,  574.87,    455.91,    665.70,   1121.61
2026-06-02,06:35:45.865,   69.44,   46.41,   69.92,   46.44,   69.96,   45.98,   65.56,   44.97,   66.25,   45.49,   65.92,   45.24,  407.05,  274.54,     18540,  681.59,   23.96,   72.93,   24.22,   73.30,   23.97,   72.48,   20.23,   71.55,   20.95,   72.24,   20.28,   72.23,  133.61,  434.73,     18580,  568.34,    540.66,    709.27,   1249.93
2026-06-02,06:35:45.916,   57.30,   37.70,   57.67,   37.68,   57.47,   37.53,   54.60,   37.13,   54.73,   37.36,   54.96,   37.08,  336.73,  224.47,     18780,  561.21,   19.49,   56.97,   19.29,   56.92,   19.33,   56.14,   15.76,   55.59,   16.14,   55.68,   15.81,   56.40,  105.83,  337.69,     18800,  443.52,    442.56,    562.17,   1004.73
2026-06-02,06:35:45.966,   41.51,   29.80,   42.23,   30.13,   42.34,   29.95,   40.18,   29.25,   40.20,   29.42,   40.09,   29.27,  246.54,  177.82,     18800,  424.36,   24.63,   71.80,   24.66,   72.11,   24.48,   71.37,   19.87,   70.84,   20.49,   71.78,   19.93,   71.65,  134.06,  429.55,     18820,  563.60,    380.60,    607.37,    987.97
2026-06-02,06:35:46.017,   43.94,   48.28,   44.16,   48.51,   44.49,   48.59,   41.46,   47.35,   41.50,   47.96,   41.40,   47.46,  256.95,  288.14,     18860,  545.10,   26.19,   79.31,   26.23,   80.20,   26.18,   79.42,   21.90,   78.65,   22.20,   78.34,   21.50,   78.47,  144.20,  474.39,     18800,  618.59,    401.16,    762.53,   1163.69
2026-06-02,06:35:46.067,   81.62,   57.09,   82.03,   56.40,   82.35,   56.75,   76.09,   54.90,   76.18,   54.66,   76.69,   54.85,  474.96,  334.64,     18840,  809.60,   19.45,   48.52,   19.62,   48.62,   19.54,   49.06,   15.37,   47.87,   15.40,   48.03,   15.50,   48.01,  104.88,  290.12,     18760,  395.00,    579.84,    624.76,   1204.60
2026-06-02,06:35:46.116,   56.83,   46.60,   56.76,   46.19,   56.84,   46.52,   54.15,   45.50,   54.00,   46.16,   53.98,   45.86,  332.56,  276.82,     18440,  609.38,   18.41,   42.30,   18.06,   42.16,   18.34,   42.14,   16.31,   40.87,   16.43,   40.93,   16.13,   40.99,  103.67,  249.39,     18420,  353.06,    436.23,    526.22,    962.45
2026-06-02,06:35:46.166,   36.55,   47.83,   36.02,   47.55,   36.35,   48.05,   33.97,   47.05,   34.05,   47.41,   34.33,   47.25,  211.26,  285.14,     18760,  496.39,   18.22,   36.20,   18.21,   36.25,   18.07,   36.24,   16.26,   35.82,   16.74,   35.87,   16.21,   35.50,  103.71,  215.89,     18800,  319.60,    314.97,    501.03,    815.99
2026-06-02,06:35:46.217,  102.48,   75.25,  103.57,   74.91,  103.77,   76.02,   95.52,   72.35,   95.33,   72.24,   95.24,   71.96,  595.91,  442.72,     18880, 1038.63,   18.07,   40.71,   18.15,   40.50,   18.26,   41.08,   15.89,   40.32,   16.11,   40.24,   15.70,   40.04,  102.19,  242.89,     18760,  345.08,    698.10,    685.61,   1383.71
2026-06-02,06:35:46.267,   90.62,   50.94,   91.58,   51.03,   91.05,   50.88,   88.32,   50.22,   87.35,   49.82,   88.18,   50.05,  537.11,  302.94,     18840,  840.04,   19.20,   49.67,   19.30,   50.09,   19.15,   49.18,   16.37,   49.50,   16.55,   49.54,   16.55,   49.53,  107.12,  297.51,     18780,  404.63,    644.23,    600.45,   1244.67
2026-06-02,06:35:46.317,   40.61,   29.21,   40.87,   29.20,   41.09,   29.66,   39.55,   28.96,   39.33,   28.96,   39.67,   29.16,  241.12,  175.16,     18800,  416.27,   28.25,   95.38,   28.10,   95.31,   28.09,   95.86,   22.39,   95.06,   22.78,   95.33,   22.60,   94.59,  152.22,  571.53,     18820,  723.74,    393.33,    746.68,   1140.01
2026-06-02,06:35:46.367,   60.07,   41.11,   60.58,   41.30,   60.24,   40.91,   57.60,   39.55,   57.85,   39.52,   58.12,   39.66,  354.46,  242.04,     18380,  596.50,   26.76,   89.81,   26.94,   89.79,   26.82,   89.62,   21.40,   89.37,   21.74,   89.28,   21.44,   89.03,  145.11,  536.90,     18380,  682.02,    499.57,    778.94,   1278.51
2026-06-02,06:35:46.417,   88.51,   55.66,   88.68,   55.47,   89.14,   55.78,   84.58,   54.16,   84.79,   54.26,   84.52,   53.96,  520.22,  329.28,     18840,  849.51,   21.06,   26.92,   21.13,   27.07,   20.93,   26.78,   18.56,   26.04,   18.79,   26.18,   18.30,   25.91,  118.76,  158.91,     18820,  277.67,    638.99,    488.19,   1127.18
2026-06-02,06:35:46.467,  160.07,   72.97,  161.26,   72.70,  160.08,   72.43,  152.12,   70.43,  152.42,   71.05,  152.39,   70.64,  938.35,  430.22,     18760, 1368.56,   30.48,   66.01,   30.57,   65.82,   30.00,   65.56,   26.70,   65.20,   26.87,   65.63,   26.48,   64.61,  171.11,  392.83,     18780,  563.94,   1109.46,    823.05,   1932.50
2026-06-02,06:35:46.518,  102.49,   46.46,  103.66,   46.73,  102.50,   46.24,   99.51,   45.39,  100.09,   45.80,  100.36,   45.04,  608.62,  275.66,     18840,  884.27,   28.66,   57.35,   28.65,   56.83,   28.30,   57.14,   22.71,   55.70,   23.31,   56.59,   23.03,   55.70,  154.65,  339.32,     18760,  493.98,    763.27,    614.98,   1378.25
2026-06-02,06:35:46.568,   84.00,   64.79,   84.90,   64.63,   85.39,   65.43,   80.27,   64.02,   79.87,   63.88,   80.06,   63.72,  494.49,  386.46,     18680,  880.95,   46.16,   82.04,   46.39,   82.83,   46.06,   82.33,   43.39,   81.46,   43.31,   82.12,   43.11,   81.57,  268.41,  492.35,     18760,  760.77,    762.90,    878.82,   1641.72
2026-06-02,06:35:46.618,   70.26,   49.19,   70.56,   48.62,   70.16,   48.94,   67.30,   48.06,   67.46,   48.70,   67.24,   48.30,  412.98,  291.82,     18920,  704.80,   21.21,   61.30,   21.38,   61.57,   20.83,   62.01,   16.45,   60.67,   16.60,   61.37,   16.42,   60.57,  112.89,  367.51,     18800,  480.40,    525.88,    659.32,   1185.20
2026-06-02,06:35:46.667,   36.29,   39.24,   36.40,   38.87,   36.56,   39.13,   33.96,   37.95,   34.16,   38.24,   34.17,   37.76,  211.55,  231.19,     18440,  442.74,   23.25,   67.36,   23.46,   67.35,   23.21,   67.15,   19.25,   66.46,   19.58,   66.35,   19.17,   66.21,  127.91,  400.87,     18420,  528.79,    339.46,    632.07,    971.53
2026-06-02,06:35:46.718,   67.76,   56.82,   67.53,   56.11,   68.51,   56.73,   62.84,   55.19,   62.90,   55.55,   62.91,   55.44,  392.45,  335.83,     18780,  728.28,   28.14,   39.49,   27.64,   39.78,   27.54,   39.36,   24.39,   38.32,   24.73,   38.57,   24.31,   37.85,  156.75,  233.37,     18840,  390.12,    549.19,    569.21,   1118.40
2026-06-02,06:35:46.768,   91.07,   54.79,   91.26,   54.45,   91.00,   54.72,   87.05,   53.92,   86.50,   53.62,   87.03,   53.88,  533.91,  325.39,     18820,  859.30,   27.08,   48.54,   27.23,   48.23,   27.02,   48.81,   24.64,   48.37,   25.32,   48.81,   24.85,   47.74,  156.14,  290.50,     18800,  446.64,    690.05,    615.89,   1305.94
2026-06-02,06:35:46.818,   70.89,   40.61,   70.60,   40.47,   71.05,   40.55,   68.37,   39.51,   68.11,   39.47,   68.12,   39.57,  417.14,  240.17,     18780,  657.30,   20.21,   70.32,   20.54,   70.55,   20.32,   70.35,   15.86,   69.30,   16.28,   69.54,   15.75,   69.09,  108.95,  419.16,     18760,  528.10,    526.08,    659.33,   1185.41
2026-06-02,06:35:46.869,   46.22,   35.71,   46.15,   35.51,   46.05,   35.52,   44.64,   34.84,   44.59,   35.06,   44.43,   34.90,  272.09,  211.53,     18760,  483.62,   17.03,   35.70,   17.22,   36.47,   16.89,   35.92,   12.71,   35.18,   13.10,   35.33,   12.92,   35.15,   89.88,  213.75,     18760,  303.62,    361.96,    425.28,    787.24
2026-06-02,06:35:46.918,   30.58,   29.25,   30.68,   29.26,   30.70,   29.18,   29.95,   29.10,   30.00,   29.27,   29.92,   28.95,  181.83,  175.00,     18420,  356.83,   21.43,   67.22,   21.16,   66.99,   20.77,   66.99,   17.87,   66.90,   18.22,   66.83,   17.82,   66.70,  117.27,  401.64,     18500,  518.91,    299.11,    576.64,    875.75
2026-06-02,06:35:46.968,   13.96,   20.19,   14.26,   20.34,   13.94,   20.19,   13.70,   19.93,   13.66,   20.23,   13.36,   19.73,   82.88,  120.61,     18800,  203.49,   17.32,   61.51,   17.51,   61.64,   17.38,   61.28,   14.09,   61.10,   14.45,   61.32,   14.33,   61.29,   95.10,  368.14,     18760,  463.24,    177.98,    488.75,    666.72
2026-06-02,06:35:47.019,   75.19,   47.83,   76.48,   47.81,   75.98,   47.59,   72.01,   46.06,   71.74,   46.40,   72.94,   46.45,  444.34,  282.14,     18820,  726.48,   27.27,   60.28,   27.10,   60.08,   26.98,   59.91,   23.87,   59.51,   23.78,   59.72,   23.51,   59.25,  152.51,  358.75,     18780,  511.27,    596.86,    640.89,   1237.75
2026-06-02,06:35:47.069,   63.71,   42.29,   64.43,   42.45,   63.77,   41.95,   62.53,   41.90,   61.52,   41.73,   61.99,   41.75,  377.95,  252.07,     18800,  630.02,   23.98,   72.36,   24.35,   73.02,   24.23,   73.11,   19.74,   72.68,   19.86,   72.77,   19.63,   72.67,  131.78,  436.61,     18780,  568.40,    509.73,    688.68,   1198.42
2026-06-02,06:35:47.119,   19.46,   24.32,   19.87,   24.45,   19.51,   24.32,   19.04,   23.81,   19.00,   24.12,   18.92,   24.05,  115.80,  145.06,     18760,  260.86,   16.53,   69.43,   16.73,   69.43,   16.69,   69.12,   12.27,   68.58,   12.84,   69.05,   12.22,   68.49,   87.28,  414.10,     18800,  501.38,    203.08,    559.16,    762.24
2026-06-02,06:35:47.169,   18.19,   23.27,   18.47,   23.33,   18.41,   23.46,   17.96,   22.83,   17.68,   22.99,   17.82,   23.02,  108.54,  138.90,     18428,  247.44,   18.03,   32.92,   18.22,   33.15,   17.91,   32.68,   15.03,   31.85,   15.16,   31.94,   14.96,   32.28,   99.29,  194.82,     18388,  294.11,    207.82,    333.72,    541.54
2026-06-02,06:35:47.222,   74.53,   39.19,   75.60,   39.86,   74.59,   39.26,   71.30,   38.68,   71.03,   39.28,   71.75,   39.42,  438.81,  235.69,     18860,  674.49,   25.12,   69.97,   25.48,   70.29,   25.27,   70.00,   20.34,   69.08,   20.50,   69.15,   20.36,   69.11,  137.08,  417.59,     18800,  554.66,    575.88,    653.28,   1229.16
2026-06-02,06:35:47.271,   45.99,   25.55,   46.38,   25.67,   46.15,   25.34,   44.68,   24.33,   44.34,   24.66,   44.60,   24.60,  272.13,  150.15,     18980,  422.28,   24.66,   68.87,   24.54,   68.70,   24.98,   68.88,   20.93,   67.68,   21.12,   68.42,   20.70,   67.54,  136.94,  410.09,     18960,  547.03,    409.07,    560.24,    969.31
2026-06-02,06:35:47.324,   36.71,   36.37,   37.19,   36.48,   36.76,   36.32,   35.73,   35.63,   35.97,   35.77,   35.93,   35.48,  218.28,  216.06,     18450,  434.35,   91.54,  130.93,   91.07,  131.20,   91.14,  131.76,   85.76,  129.84,   86.10,  130.03,   86.00,  130.25,  531.61,  784.01,     32468, 1315.63,    749.90,   1000.08,   1749.97
2026-06-02,06:35:47.371,   80.45,   54.83,   81.02,   54.91,   80.38,   54.49,   75.19,   54.12,   76.09,   55.15,   76.06,   54.63,  469.20,  328.14,     19446,  797.33,   52.76,   56.91,   62.58,   57.02,   52.15,   56.14,   44.63,   53.73,   44.47,   53.21,   44.93,   53.60,  301.52,  330.60,    108018,  632.11,    770.72,    658.73,   1429.45
2026-06-02,06:35:47.421,  153.38,   91.38,  153.12,   91.07,  153.66,   90.93,  148.59,   89.89,  148.44,   90.17,  148.22,   89.97,  905.41,  543.40,     18800, 1448.81,   59.46,   96.64,   76.73,   96.49,   58.84,   96.47,   52.57,   92.40,   51.92,   92.60,   52.41,   92.03,  351.93,  566.63,     18760,  918.56,   1257.34,   1110.03,   2367.37
2026-06-02,06:35:47.472,  180.91,  100.38,  181.33,  100.43,  181.54,  100.50,  172.94,   97.64,  173.96,   98.51,  172.63,   97.24, 1063.31,  594.68,     19780, 1658.00,   46.18,   86.22,   59.57,   86.97,   46.47,   86.12,   41.26,   85.64,   41.69,   86.80,   41.28,   86.23,  276.44,  517.99,     18800,  794.43,   1339.76,   1112.67,   2452.43
2026-06-02,06:35:47.523,   86.14,   62.19,   86.45,   61.99,   85.89,   61.41,   84.56,   60.94,   84.67,   61.58,   85.08,   61.25,  512.81,  369.36,     23880,  882.16,   59.96,  112.02,   66.61,  113.34,   60.20,  111.99,   55.93,  112.11,   56.41,  112.06,   56.25,  112.37,  355.36,  673.90,    121640, 1029.25,    868.17,   1043.25,   1911.42
2026-06-02,06:35:47.573,   67.29,   71.94,   67.41,   71.23,   66.94,   71.03,   64.27,   70.60,   64.35,   70.92,   64.42,   70.84,  394.68,  426.56,     18720,  821.24,   37.63,   84.81,   59.26,   86.57,   37.71,   85.70,   31.83,   83.28,   32.41,   84.24,   31.55,   83.21,  230.39,  507.81,     18680,  738.21,    625.08,    934.37,   1559.45
2026-06-02,06:35:47.623,   76.16,   67.07,   76.54,   67.14,   76.63,   67.11,   71.05,   65.21,   71.23,   65.53,   71.16,   65.19,  442.76,  397.24,     23320,  840.00,   38.54,   85.73,   53.53,   86.57,   38.68,   85.28,   34.21,   84.13,   34.43,   84.29,   33.69,   84.09,  233.08,  510.10,     81600,  743.17,    675.84,    907.34,   1583.17
2026-06-02,06:35:47.673,  120.88,   71.13,  123.81,   70.65,  120.84,   70.69,  116.09,   70.19,  115.65,   70.26,  116.85,   70.11,  714.11,  423.04,     19260, 1137.15,   63.43,   87.99,   84.26,   97.41,   63.79,   88.24,   58.49,   86.29,   60.49,   88.40,   59.30,   87.61,  389.76,  535.93,    461460,  925.70,   1103.88,    958.97,   2062.85
2026-06-02,06:35:47.723,   86.22,   62.25,   87.22,   61.27,   85.95,   61.26,   80.22,   60.13,   80.44,   60.86,   80.92,   60.35,  500.97,  366.11,     18660,  867.07,   54.99,   90.24,   64.56,   94.48,   55.11,   90.27,   51.38,   89.36,   52.49,   90.09,   51.47,   89.18,  329.99,  543.61,    231140,  873.60,    830.96,    909.72,   1740.68
2026-06-02,06:35:47.773,   68.23,   61.60,   67.80,   61.01,   67.26,   61.06,   65.02,   60.17,   65.40,   60.73,   65.63,   60.58,  399.34,  365.15,     18740,  764.49,   29.40,   85.37,   28.94,   85.26,   29.23,   85.46,   24.12,   84.35,   24.70,   85.04,   24.18,   84.03,  160.57,  509.51,     18720,  670.09,    559.91,    874.66,   1434.58
2026-06-02,06:35:47.824,   62.08,   48.40,   62.44,   48.37,   61.87,   47.90,   58.92,   47.27,   59.02,   47.61,   59.73,   47.27,  364.06,  286.83,     18740,  650.89,   24.15,   83.24,   24.35,   83.36,   23.79,   83.13,   19.65,   82.52,   20.06,   82.80,   19.57,   82.19,  131.57,  497.24,     18800,  628.82,    495.64,    784.07,   1279.71
2026-06-02,06:35:47.874,   64.57,   50.06,   64.74,   49.35,   64.45,   49.30,   61.83,   48.55,   62.26,   49.24,   62.12,   49.04,  379.97,  295.55,     18860,  675.52,   23.17,   82.42,   23.57,   82.26,   23.43,   81.96,   17.44,   79.86,   17.96,   80.46,   17.43,   80.20,  122.99,  487.17,     18900,  610.16,    502.96,    782.71,   1285.68
2026-06-02,06:35:47.926,   40.46,   53.62,   40.57,   53.95,   40.08,   53.23,   39.43,   53.19,   40.00,   54.07,   40.10,   53.88,  240.65,  321.94,     18520,  562.59,   25.12,   90.04,   25.08,   90.06,   24.89,   89.91,   19.40,   90.00,   19.56,   90.00,   19.28,   89.57,  133.32,  539.58,     18420,  672.91,    373.97,    861.52,   1235.50
2026-06-02,06:35:47.975,   62.40,   41.35,   62.61,   40.89,   62.65,   41.17,   59.66,   40.29,   59.99,   40.81,   60.08,   40.41,  367.39,  244.91,     18604,  612.30,   29.33,   78.22,   28.98,   78.75,   29.28,   78.62,   23.15,   78.07,   23.85,   79.41,   23.42,   79.22,  158.01,  472.28,     18644,  630.30,    525.41,    717.19,   1242.60
2026-06-02,06:35:48.024,   55.19,   48.31,   55.39,   47.92,   55.04,   47.53,   53.33,   47.19,   53.66,   47.96,   53.60,   47.44,  326.20,  286.34,     18936,  612.55,   53.30,   76.85,   52.99,   76.68,   53.14,   75.97,   46.21,   74.23,   46.63,   73.78,   46.35,   73.31,  298.63,  450.81,     18794,  749.44,    624.84,    737.15,   1361.99
2026-06-02,06:35:48.074,   39.79,   42.28,   39.88,   42.07,   39.79,   42.16,   38.34,   41.70,   38.46,   42.17,   38.41,   41.83,  234.66,  252.21,     18800,  486.87,   22.67,   67.36,   23.01,   68.15,   22.30,   67.97,   18.54,   67.58,   18.69,   67.59,   18.24,   67.24,  123.45,  405.88,     18800,  529.33,    358.11,    658.09,   1016.20
2026-06-02,06:35:48.125,   32.55,   27.28,   33.37,   27.20,   32.78,   26.51,   29.92,   25.78,   29.68,   25.87,   29.92,   25.49,  188.21,  158.13,     18760,  346.34,   19.89,   68.70,   20.06,   68.71,   19.45,   68.27,   15.25,   67.64,   15.49,   67.50,   15.56,   68.01,  105.69,  408.83,     18760,  514.52,    293.90,    566.96,    860.86
2026-06-02,06:35:48.175,   70.03,   53.38,   69.84,   53.35,   69.48,   53.16,   66.69,   52.08,   66.81,   52.62,   66.42,   51.99,  409.28,  316.58,     18760,  725.86,   27.22,   82.51,   27.47,   83.13,   27.51,   82.53,   22.16,   82.35,   22.80,   83.01,   22.60,   82.44,  149.76,  495.97,     18780,  645.72,    559.03,    812.54,   1371.58
2026-06-02,06:35:48.224,   59.18,   49.08,   59.39,   49.17,   58.86,   48.65,   56.79,   47.98,   57.18,   48.84,   57.22,   48.38,  348.62,  292.08,     18500,  640.71,   26.34,   88.57,   26.89,   89.73,   26.44,   88.82,   21.09,   87.97,   21.34,   87.53,   21.05,   88.13,  143.16,  530.74,     18380,  673.90,    491.79,    822.82,   1314.61
2026-06-02,06:35:48.274,   43.23,   48.08,   43.73,   47.86,   43.14,   47.65,   42.25,   47.27,   42.71,   48.09,   42.42,   47.42,  257.48,  286.37,     18760,  543.85,   25.83,   88.49,   25.36,   89.04,   24.65,   87.81,   19.48,   86.86,   19.71,   87.36,   19.56,   87.42,  134.59,  526.98,     18740,  661.56,    392.07,    813.35,   1205.41
2026-06-02,06:35:48.325,   67.56,   49.25,   68.08,   48.91,   67.53,   48.98,   63.33,   48.47,   63.91,   49.14,   64.15,   48.40,  394.56,  293.16,     18760,  687.72,   26.95,   70.69,   26.72,   70.58,   26.19,   69.71,   19.90,   68.33,   20.41,   68.98,   20.37,   68.55,  140.54,  416.84,     18840,  557.37,    535.10,    709.99,   1245.09
2026-06-02,06:35:48.375,   48.42,   43.47,   48.33,   43.24,   47.60,   42.88,   46.69,   43.36,   46.86,   43.94,   47.05,   43.66,  284.95,  260.55,     18840,  545.50,   27.86,   87.61,   27.70,   87.50,   27.00,   86.81,   22.45,   85.87,   23.27,   86.76,   22.43,   85.41,  150.70,  519.96,     18860,  670.66,    435.66,    780.51,   1216.16
2026-06-02,06:35:48.425,   96.79,   60.95,   96.89,   60.79,   96.04,   60.30,   94.58,   59.13,   95.49,   59.97,   95.28,   59.35,  575.07,  360.50,     18408,  935.56,   31.20,   69.32,   31.80,   69.41,   30.71,   68.99,   28.22,   68.74,   28.64,   69.06,   28.64,   68.50,  179.21,  414.02,     18290,  593.23,    754.27,    774.52,   1528.79
2026-06-02,06:35:48.476,  130.44,   68.14,  131.49,   68.13,  130.51,   68.13,  125.06,   67.19,  125.55,   67.63,  125.58,   66.87,  768.63,  406.09,     19000, 1174.71,   30.68,   84.33,   31.19,   83.88,   30.62,   83.64,   24.43,   82.62,   24.50,   83.47,   24.98,   82.72,  166.39,  500.65,     18960,  667.05,    935.02,    906.74,   1841.76
2026-06-02,06:35:48.527,   75.74,   44.54,   76.12,   44.60,   75.41,   44.70,   74.23,   44.34,   73.73,   44.38,   74.28,   44.10,  449.51,  266.65,     18800,  716.16,   34.10,   40.88,   33.85,   40.81,   33.86,   40.58,   31.22,   39.57,   32.22,   40.62,   31.48,   40.14,  196.72,  242.60,     18840,  439.32,    646.23,    509.25,   1155.48
2026-06-02,06:35:48.577,   61.72,   65.60,   62.53,   66.09,   61.90,   65.56,   61.85,   66.58,   61.98,   67.55,   59.27,   64.47,  369.25,  395.85,     18900,  765.11,   60.17,  107.09,   58.16,  105.07,   55.71,  102.86,   48.37,  101.46,   50.74,  103.05,   50.94,  103.13,  324.08,  622.66,     18840,  946.74,    693.33,   1018.51,   1711.84
2026-06-02,06:35:48.626,   60.55,   54.71,   59.77,   53.81,   66.05,   60.04,   60.55,   56.59,   64.08,   59.48,   58.26,   53.85,  369.26,  338.47,     18420,  707.73,   48.28,   65.88,   44.17,   61.99,   43.40,   60.88,   37.66,   56.47,   44.34,   62.23,   43.35,   62.19,  261.20,  369.63,     18380,  630.83,    630.46,    708.10,   1338.56
2026-06-02,06:35:48.676,  140.15,   93.59,  136.50,   88.94,  140.07,   93.03,  134.20,   93.16,  136.10,   95.14,  130.80,   89.06,  817.83,  552.92,     18660, 1370.75,   63.39,  104.68,   59.35,  100.70,   59.53,  101.18,   48.27,   95.62,   54.74,  101.75,   53.87,  100.38,  339.15,  604.32,     18500,  943.47,   1156.98,   1157.23,   2314.21
2026-06-02,06:35:48.727,   96.94,   66.61,   96.94,   66.34,   97.73,   67.64,   94.36,   66.16,   94.24,   66.74,   94.57,   66.30,  574.77,  399.80,     18960,  974.57,   37.09,   77.34,   36.41,   76.64,   35.98,   76.66,   32.75,   76.06,   33.28,   76.28,   32.46,   75.06,  207.96,  458.04,     19080,  666.00,    782.73,    857.84,   1640.57
2026-06-02,06:35:48.777,   42.28,   47.53,   41.98,   47.50,   41.90,   47.36,   40.77,   46.94,   41.04,   47.78,   40.90,   47.52,  248.87,  284.62,     18780,  533.49,   28.80,   81.09,   29.18,   80.85,   29.03,   81.03,   23.90,   80.97,   24.11,   80.90,   23.74,   80.42,  158.76,  485.26,     18800,  644.02,    407.63,    769.89,   1177.52
2026-06-02,06:35:48.827,   50.52,   39.59,   50.97,   39.47,   50.67,   39.47,   47.90,   38.11,   47.91,   38.83,   48.24,   38.48,  296.21,  233.94,     18480,  530.15,   21.58,   78.50,   21.50,   78.43,   21.44,   78.62,   17.21,   78.00,   18.00,   78.38,   17.59,   77.94,  117.31,  469.88,     18480,  587.18,    413.52,    703.82,   1117.33
2026-06-02,06:35:48.877,   88.92,   53.42,   88.67,   53.20,   87.62,   52.74,   84.46,   52.04,   84.75,   52.55,   85.46,   52.11,  519.87,  316.06,     18780,  835.93,   31.42,   89.96,   31.42,   89.76,   31.20,   89.58,   26.72,   88.94,   27.17,   89.77,   27.02,   88.72,  174.95,  536.73,     18800,  711.69,    694.82,    852.79,   1547.62
2026-06-02,06:35:48.927,   60.31,   25.84,   60.48,   26.02,   59.67,   25.91,   55.77,   25.40,   55.49,   25.13,   55.61,   25.02,  347.34,  153.30,     18820,  500.64,   12.25,   18.67,   12.24,   18.63,   12.10,   18.41,    9.32,   17.19,    9.79,   17.77,    9.38,   17.76,   65.09,  108.43,     18760,  173.52,    412.43,    261.73,    674.16
2026-06-02,06:35:48.978,   56.25,   49.08,   56.40,   48.87,   56.19,   48.78,   54.06,   48.41,   54.46,   49.05,   54.24,   48.55,  331.60,  292.74,     18780,  624.34,   26.86,   75.41,   27.32,   75.34,   26.61,   75.14,   22.14,   74.58,   22.39,   74.94,   21.95,   74.09,  147.28,  449.51,     18800,  596.79,    478.88,    742.25,   1221.13
2026-06-02,06:35:49.028,   37.31,   48.28,   37.39,   47.73,   37.28,   47.89,   35.24,   47.66,   35.70,   48.45,   35.24,   47.78,  218.16,  287.78,     18800,  505.95,   23.59,   52.19,   23.67,   52.40,   22.97,   51.10,   18.31,   49.69,   19.06,   50.07,   18.57,   49.83,  126.17,  305.29,     18780,  431.46,    344.34,    593.07,    937.41
2026-06-02,06:35:49.077,   87.53,   59.06,   87.69,   58.99,   87.44,   58.73,   83.60,   57.22,   83.69,   57.79,   84.04,   57.26,  513.99,  349.05,     18400,  863.04,   21.13,   67.18,   20.78,   67.53,   20.42,   66.97,   16.96,   66.69,   17.28,   67.16,   17.07,   66.72,  113.64,  402.24,     18460,  515.87,    627.63,    751.28,   1378.91
2026-06-02,06:35:49.128,   60.52,   58.42,   59.87,   57.47,   60.45,   58.19,   57.91,   57.01,   58.07,   58.24,   57.94,   57.38,  354.76,  346.70,     18800,  701.46,   18.86,   59.61,   18.94,   59.54,   18.49,   59.45,   16.46,   59.27,   16.79,   59.70,   16.27,   58.80,  105.80,  356.37,     18800,  462.17,    460.57,    703.07,   1163.63
2026-06-02,06:35:49.178,   44.30,   46.50,   43.92,   46.11,   43.64,   46.09,   41.93,   46.07,   42.62,   46.29,   42.34,   46.28,  258.75,  277.34,     18760,  536.09,   19.98,   31.73,   20.18,   32.02,   19.80,   31.21,   17.63,   30.35,   17.88,   31.04,   17.33,   30.72,  112.81,  187.06,     18760,  299.87,    371.56,    464.41,    835.97
2026-06-02,06:35:49.228,   76.90,   58.10,   77.07,   57.73,   76.69,   57.68,   71.83,   55.41,   72.70,   55.95,   72.60,   56.10,  447.79,  340.97,     18940,  788.76,   18.50,   46.51,   18.33,   46.42,   17.95,   46.42,   16.24,   46.67,   16.56,   46.87,   16.18,   46.57,  103.76,  279.45,     18800,  383.21,    551.55,    620.41,   1171.97
2026-06-02,06:35:49.278,  102.55,   63.01,  102.62,   62.12,  101.81,   62.45,   98.78,   61.86,   98.41,   62.54,   98.40,   62.02,  602.57,  374.00,     18900,  976.57,   24.82,   51.05,   24.62,   50.48,   24.28,   50.29,   21.08,   50.50,   21.21,   50.43,   20.92,   50.31,  136.92,  303.06,     18780,  439.98,    739.49,    677.06,   1416.55
2026-06-02,06:35:49.329,   66.49,   70.04,   65.64,   69.04,   66.29,   69.46,   62.48,   68.00,   63.43,   69.52,   62.22,   68.48,  386.55,  414.54,     18440,  801.10,  112.76,  121.16,  112.52,  120.82,  111.92,  120.78,  107.94,  119.80,  108.46,  120.25,  106.90,  118.81,  660.50,  721.62,     36580, 1382.12,   1047.06,   1136.16,   2183.22
2026-06-02,06:35:49.377,   87.33,   76.84,   87.10,   76.50,   87.18,   76.63,   84.57,   76.47,   85.84,   76.94,   84.86,   76.60,  516.87,  459.98,     18860,  976.85,   95.54,  127.77,  111.76,  127.95,   93.58,  126.26,   92.12,  125.68,   91.26,  124.61,   92.66,  125.62,  576.93,  757.88,    103660, 1334.81,   1093.79,   1217.87,   2311.66
2026-06-02,06:35:49.427,  129.45,   68.88,  130.87,   69.12,  129.75,   68.62,  122.38,   66.56,  121.73,   66.56,  122.29,   66.47,  756.47,  406.21,     18820, 1162.68,   38.30,   55.81,   59.50,   56.03,   37.82,   56.25,   32.30,   54.59,   30.60,   52.93,   31.05,   53.08,  229.56,  328.69,     18680,  558.25,    986.03,    734.90,   1720.93
2026-06-02,06:35:49.478,  160.70,   52.65,  161.74,   52.10,  160.43,   52.89,  155.08,   51.47,  155.37,   51.81,  155.55,   51.17,  948.86,  312.09,     23840, 1260.95,   70.52,  123.81,   88.19,  124.44,   70.91,  123.58,   63.43,  122.20,   64.01,  122.40,   63.96,  121.37,  421.02,  737.79,    123820, 1158.81,   1369.88,   1049.88,   2419.76
2026-06-02,06:35:49.529,   42.51,   37.63,   42.73,   37.63,   42.49,   37.49,   41.30,   37.14,   41.15,   37.39,   41.21,   37.13,  251.39,  224.40,     18820,  475.79,   26.84,   93.13,   49.63,   95.08,   26.38,   93.38,   20.98,   92.81,   21.19,   93.40,   20.84,   92.89,  165.85,  560.69,     18960,  726.54,    417.24,    785.09,   1202.33
2026-06-02,06:35:49.579,   35.54,   41.96,   37.11,   41.63,   35.49,   41.59,   34.18,   41.44,   34.70,   42.21,   34.67,   42.01,  211.69,  250.84,     23940,  462.53,   65.08,  121.73,   80.50,  127.01,   65.39,  121.75,   60.09,  120.62,   61.50,  122.58,   60.48,  121.46,  393.04,  735.15,    294740, 1128.19,    604.73,    985.99,   1590.72
2026-06-02,06:35:49.629,   96.12,   49.91,   99.51,   50.15,   96.46,   50.17,   89.82,   48.99,   89.64,   49.22,   90.04,   49.34,  561.60,  297.78,     18780,  859.38,   52.08,   76.83,   76.21,   87.72,   51.74,   76.63,   50.08,   75.47,   52.39,   78.73,   50.91,   76.42,  333.40,  471.80,    467900,  805.20,    895.00,    769.58,   1664.58
2026-06-02,06:35:49.679,   82.54,   50.49,   83.20,   50.03,   83.50,   50.70,   78.68,   48.66,   78.88,   49.18,   78.58,   48.09,  485.40,  297.16,     18680,  782.55,   42.15,   74.26,   44.24,   74.83,   42.01,   73.85,   38.93,   73.54,   39.49,   74.34,   38.77,   73.22,  245.59,  444.03,     99240,  689.63,    730.99,    741.19,   1472.18
2026-06-02,06:35:49.729,   24.77,   40.87,   24.67,   40.27,   24.85,   40.49,   22.66,   39.78,   23.02,   40.45,   22.75,   40.38,  142.72,  242.23,     18740,  384.96,   22.66,   74.64,   21.88,   73.53,   21.61,   74.42,   17.44,   72.95,   17.83,   73.12,   17.32,   72.86,  118.75,  441.52,     18720,  560.27,    261.47,    683.76,    945.23
2026-06-02,06:35:49.780,   36.73,   44.29,   36.45,   44.36,   36.72,   44.36,   35.83,   43.67,   36.38,   43.85,   35.93,   43.85,  218.04,  264.37,     18760,  482.41,   20.89,   40.15,   20.93,   39.88,   20.51,   39.87,   18.08,   39.54,   18.76,   40.51,   18.06,   39.57,  117.23,  239.52,     18760,  356.75,    335.26,    503.89,    839.15
2026-06-02,06:35:49.830,   80.61,   53.54,   81.22,   53.67,   81.28,   53.31,   76.62,   51.62,   76.54,   52.00,   76.94,   51.52,  473.21,  315.67,     18780,  788.88,   23.54,   73.88,   24.13,   74.23,   23.82,   73.69,   18.82,   73.14,   19.51,   73.20,   18.90,   72.42,  128.71,  440.56,     18800,  569.27,    601.93,    756.23,   1358.15
2026-06-02,06:35:49.879,   66.87,   51.26,   67.18,   50.58,   67.28,   50.99,   64.14,   50.07,   63.65,   50.12,   64.17,   50.25,  393.29,  303.27,     18400,  696.56,   29.02,   67.57,   29.29,   67.85,   29.26,   67.10,   23.34,   65.69,   23.62,   66.87,   23.32,   66.48,  157.86,  401.56,     18380,  559.42,    551.15,    704.83,   1255.98
2026-06-02,06:35:49.929,   22.65,   32.83,   22.54,   32.83,   23.38,   33.28,   21.10,   32.61,   21.46,   32.96,   21.39,   32.89,  132.51,  197.39,     18780,  329.90,   17.62,   58.87,   17.27,   58.96,   17.50,   58.90,   13.72,   57.83,   14.02,   58.20,   13.56,   57.87,   93.68,  350.63,     18800,  444.31,    226.20,    548.02,    774.22
2026-06-02,06:35:49.980,   92.56,   63.55,   93.31,   63.23,   93.28,   63.37,   88.04,   61.17,   87.48,   61.68,   88.29,   61.42,  542.96,  374.42,     18860,  917.38,   25.48,   50.47,   25.59,   50.58,   25.40,   49.77,   23.08,   48.64,   23.51,   49.34,   23.05,   49.26,  146.10,  298.07,     18780,  444.17,    689.07,    672.49,   1361.55
2026-06-02,06:35:50.030,   39.21,   29.40,   39.73,   29.55,   40.01,   29.88,   38.22,   29.24,   37.81,   28.92,   38.28,   29.39,  233.27,  176.38,     18800,  409.64,   20.18,   65.64,   20.28,   66.84,   19.84,   65.83,   15.29,   65.10,   16.46,   66.22,   15.64,   66.16,  107.70,  395.79,     18840,  503.49,    340.97,    572.17,    913.13
2026-06-02,06:35:50.080,   29.07,   27.41,   29.48,   27.60,   29.26,   27.41,   28.40,   26.98,   28.81,   27.53,   28.68,   27.09,  173.70,  164.03,     18448,  337.73,   19.99,   71.85,   20.49,   71.96,   19.76,   71.28,   15.21,   70.72,   15.82,   71.32,   15.46,   71.39,  106.73,  428.53,     18388,  535.25,    280.42,    592.55,    872.98
2026-06-02,06:35:50.130,   35.97,   39.01,   36.33,   39.29,   36.17,   39.34,   35.16,   38.35,   35.59,   39.16,   35.16,   38.65,  214.37,  233.80,     18793,  448.17,   24.82,   62.29,   24.57,   62.58,   24.53,   61.84,   20.53,   60.40,   21.38,   61.72,   20.52,   61.12,  136.35,  369.94,     18794,  506.29,    350.72,    603.74,    954.45
2026-06-02,06:35:50.180,   95.81,   47.68,   96.74,   47.38,   96.18,   47.16,   91.26,   45.61,   90.60,   45.45,   91.47,   45.35,  562.06,  278.63,     18780,  840.69,   25.12,   66.92,   25.64,   67.45,   25.00,   67.14,   20.48,   65.66,   21.14,   66.43,   20.65,   66.29,  138.02,  399.91,     18820,  537.93,    700.08,    678.53,   1378.61
2026-06-02,06:35:50.230,   21.73,   24.33,   21.75,   24.55,   22.07,   24.48,   20.94,   24.25,   20.71,   24.18,   20.60,   23.93,  127.80,  145.72,     18800,  273.52,   18.33,   61.80,   18.87,   61.89,   18.41,   61.51,   12.73,   60.56,   13.14,   61.47,   12.86,   61.05,   94.34,  368.28,     18780,  462.63,    222.14,    514.01,    736.15
2026-06-02,06:35:50.281,   20.81,   25.23,   21.17,   25.24,   21.32,   25.50,   20.39,   25.13,   20.21,   25.16,   20.28,   24.81,  124.18,  151.07,     18780,  275.25,   19.97,   83.18,   20.05,   83.34,   19.78,   82.91,   14.97,   82.55,   15.31,   83.06,   14.92,   82.99,  105.00,  498.04,     18760,  603.04,    229.19,    649.10,    878.29
2026-06-02,06:35:50.331,   87.53,   50.04,   88.74,   50.09,   88.56,   50.10,   83.50,   48.33,   83.52,   48.43,   83.56,   48.67,  515.40,  295.65,     18468,  811.05,   27.64,   60.55,   27.56,   60.47,   27.69,   59.85,   24.52,   58.23,   25.23,   59.49,   24.52,   58.38,  157.16,  356.98,     18428,  514.14,    672.56,    652.63,   1325.19
2026-06-02,06:35:50.381,   74.72,   56.50,   75.09,   56.22,   74.80,   56.35,   72.02,   56.32,   71.85,   56.77,   72.13,   56.47,  440.62,  338.63,     18960,  779.24,   33.52,   75.58,   33.78,   75.85,   33.48,   75.03,   29.80,   74.81,   30.03,   75.55,   29.45,   75.37,  190.05,  452.19,     18860,  642.24,    630.67,    790.81,   1421.48
2026-06-02,06:35:50.432,   91.35,   65.80,   91.21,   65.17,   91.63,   65.89,   88.77,   64.81,   89.48,   65.26,   89.27,   64.95,  541.72,  391.90,     18900,  933.61,   28.44,   71.14,   29.27,   71.59,   28.53,   70.89,   23.93,   69.75,   24.30,   70.27,   24.05,   70.25,  158.52,  423.89,     18800,  582.41,    700.24,    815.78,   1516.02
2026-06-02,06:35:50.482,  122.60,   47.24,  122.83,   47.32,  122.91,   47.20,  117.25,   45.72,  117.17,   45.48,  117.28,   45.49,  720.04,  278.45,     18900,  998.49,   26.42,   57.75,   26.71,   57.62,   26.22,   56.72,   22.38,   56.29,   22.94,   56.94,   22.66,   56.79,  147.33,  342.11,     18800,  489.44,    867.37,    620.56,   1487.93
2026-06-02,06:35:50.532,   47.46,   36.49,   47.59,   36.65,   47.56,   36.79,   46.45,   35.96,   46.37,   36.18,   46.24,   35.76,  281.66,  217.83,     18780,  499.49,   20.54,   65.17,   21.17,   65.56,   20.01,   64.27,   16.05,   64.51,   16.27,   64.95,   16.32,   65.37,  110.37,  389.83,     18800,  500.20,    392.03,    607.66,    999.69
2026-06-02,06:35:50.582,   32.75,   29.58,   32.83,   29.77,   32.76,   29.79,   31.69,   29.22,   31.94,   29.48,   31.93,   29.76,  193.90,  177.60,     18420,  371.51,   24.23,   53.16,   24.54,   53.27,   24.30,   52.79,   19.42,   51.31,   20.21,   52.33,   19.82,   52.25,  132.52,  315.12,     18420,  447.63,    326.42,    492.72,    819.14
2026-06-02,06:35:50.632,   81.64,   33.39,   82.76,   33.57,   82.32,   33.22,   79.66,   32.34,   78.90,   32.26,   79.40,   31.98,  484.69,  196.75,     18780,  681.45,   22.58,   68.19,   22.60,   68.08,   22.23,   67.69,   18.10,   67.19,   18.13,   68.32,   17.95,   67.86,  121.59,  407.33,     18740,  528.93,    606.29,    604.09,   1210.37
2026-06-02,06:35:50.682,   34.95,   27.20,   35.67,   27.05,   35.29,   27.07,   33.77,   26.43,   33.39,   26.44,   33.48,   26.30,  206.56,  160.50,     18780,  367.06,   15.63,   45.35,   15.74,   45.81,   15.47,   44.98,   13.73,   45.12,   13.73,   45.54,   13.39,   45.83,   87.70,  272.62,     18780,  360.32,    294.26,    433.12,    727.38
2026-06-02,06:35:50.733,   40.18,   41.84,   40.58,   41.92,   40.47,   42.30,   39.01,   41.46,   39.10,   41.99,   38.90,   41.30,  238.26,  250.81,     18800,  489.06,   24.27,   68.28,   24.40,   68.98,   24.24,   68.06,   20.04,   68.00,   20.66,   68.51,   20.16,   68.48,  133.76,  410.31,     18820,  544.07,    372.02,    661.12,   1033.14
2026-06-02,06:35:50.783,   28.15,   26.65,   28.40,   26.52,   28.66,   26.53,   26.90,   25.71,   26.72,   25.87,   26.96,   26.26,  165.80,  157.52,     18800,  323.32,   21.46,   54.56,   21.70,   55.23,   21.60,   54.58,   17.07,   54.22,   17.29,   55.74,   17.10,   55.45,  116.21,  329.78,     18780,  445.99,    282.02,    487.30,    769.32
2026-06-02,06:35:50.833,   81.13,   42.90,   81.53,   43.35,   81.55,   42.81,   77.88,   42.03,   76.35,   42.05,   77.82,   41.79,  476.24,  254.93,     18427,  731.17,   18.58,   56.50,   18.58,   56.81,   18.40,   55.81,   14.45,   54.66,   14.79,   54.51,   14.48,   54.64,   99.29,  332.94,     18428,  432.22,    575.53,    587.87,   1163.40
2026-06-02,06:35:50.884,   16.92,   22.73,   17.21,   22.54,   17.37,   22.57,   16.47,   22.67,   16.30,   22.44,   16.30,   22.48,  100.57,  135.43,     18780,  236.00,   21.54,   67.99,   21.94,   68.57,   21.41,   67.60,   17.32,   67.87,   17.14,   68.45,   17.21,   68.90,  116.57,  409.38,     18800,  525.95,    217.14,    544.81,    761.95
2026-06-02,06:35:50.934,   64.54,   52.16,   64.86,   51.80,   65.58,   52.08,   61.33,   50.50,   61.22,   50.91,   61.52,   51.00,  379.05,  308.45,     18820,  687.50,   27.79,   66.27,   27.43,   66.29,   27.75,   65.71,   25.39,   65.56,   25.70,   65.78,   25.11,   65.69,  159.17,  395.30,     18800,  554.47,    538.22,    703.76,   1241.98
2026-06-02,06:35:50.984,   82.51,   58.50,   82.71,   58.22,   82.15,   58.03,   76.70,   56.84,   76.16,   57.20,   76.94,   57.02,  477.17,  345.81,     18820,  822.97,   23.58,   68.34,   23.74,   68.03,   23.61,   67.62,   19.10,   67.28,   19.47,   68.07,   19.31,   67.23,  128.81,  406.58,     18760,  535.39,    605.98,    752.38,   1358.36
2026-06-02,06:35:51.035,   47.85,   41.88,   47.50,   41.48,   47.69,   41.49,   46.44,   41.54,   46.39,   41.72,   46.19,   41.75,  282.06,  249.87,     18800,  531.93,   14.10,   17.38,   14.02,   17.56,   13.99,   17.31,   12.42,   16.35,   12.71,   17.05,   12.31,   16.62,   79.54,  102.28,     18760,  181.83,    361.61,    352.15,    713.76
2026-06-02,06:35:51.085,   38.75,   50.88,   38.01,   50.26,   38.98,   50.66,   35.90,   49.70,   36.05,   50.03,   35.53,   49.84,  223.22,  301.37,     18780,  524.58,   20.49,   45.78,   19.71,   45.30,   19.69,   45.18,   17.17,   44.64,   17.79,   45.47,   17.05,   44.87,  111.89,  271.24,     18800,  383.13,    335.11,    572.61,    907.72
2026-06-02,06:35:51.134,   13.45,   30.65,   13.46,   30.56,   13.15,   30.69,   12.07,   30.13,   12.28,   30.19,   12.02,   29.81,   76.42,  182.04,     18420,  258.46,   10.43,   26.80,   10.70,   27.11,   10.76,   26.61,    8.24,   25.94,    8.55,   26.74,    8.13,   26.33,   56.82,  159.52,     18400,  216.34,    133.24,    341.56,    474.80
2026-06-02,06:35:51.184,   93.33,   56.50,   93.65,   55.85,   93.43,   56.11,   89.62,   54.56,   89.03,   54.67,   89.32,   54.31,  548.39,  332.00,     18800,  880.39,   21.78,   52.34,   21.65,   52.54,   21.42,   52.38,   19.11,   51.85,   19.29,   51.71,   19.25,   51.64,  122.51,  312.46,     18840,  434.97,    670.90,    644.46,   1315.36
2026-06-02,06:35:51.235,   58.97,   48.78,   58.89,   48.62,   58.67,   48.50,   56.07,   47.78,   56.10,   48.33,   55.83,   47.95,  344.54,  289.98,     18820,  634.51,   22.80,   51.28,   22.62,   51.03,   22.83,   51.27,   17.97,   50.10,   18.40,   51.20,   17.90,   50.98,  122.53,  305.86,     18780,  428.39,    467.07,    595.83,   1062.90
2026-06-02,06:35:51.285,   36.17,   38.82,   35.99,   38.96,   35.89,   38.78,   34.74,   38.18,   35.10,   38.30,   34.86,   37.96,  212.74,  231.01,     18760,  443.75,   27.02,   82.04,   27.54,   82.60,   27.09,   81.08,   21.47,   79.92,   21.51,   79.74,   21.16,   79.73,  145.78,  485.12,     18780,  630.89,    358.52,    716.12,   1074.64
2026-06-02,06:35:51.336,   40.98,   37.02,   41.31,   37.09,   41.14,   37.27,   38.35,   35.54,   38.34,   35.97,   38.05,   35.53,  238.17,  218.43,     19020,  456.60,  133.97,  160.59,  133.22,  160.02,  132.95,  158.84,  127.72,  157.63,  128.72,  159.10,  128.40,  159.69,  784.98,  955.86,     36720, 1740.84,   1023.14,   1174.29,   2197.43
2026-06-02,06:35:51.384,  111.22,   39.51,  112.38,   39.96,  111.34,   39.24,  106.53,   39.23,  106.25,   39.08,  106.27,   38.49,  654.00,  235.52,     18320,  889.52,   48.46,   51.46,   57.49,   47.64,   43.65,   46.89,   39.73,   46.34,   38.93,   45.41,   38.99,   45.35,  267.25,  283.09,    104360,  550.34,    921.25,    518.61,   1439.86
2026-06-02,06:35:51.434,   97.39,   59.42,   98.69,   59.48,   98.68,   59.74,   96.87,   59.32,   96.83,   59.20,   95.82,   58.76,  584.28,  355.92,     18740,  940.20,   43.23,   69.19,   58.50,   67.31,   40.19,   66.32,   38.90,   64.76,   38.33,   64.70,   38.74,   64.92,  257.89,  397.21,     18660,  655.10,    842.17,    753.13,   1595.30
2026-06-02,06:35:51.485,  168.27,   81.72,  168.38,   81.37,  168.17,   82.23,  159.53,   79.37,  159.85,   79.21,  159.34,   78.30,  983.53,  482.20,     24280, 1465.73,   52.10,  131.00,   60.96,  131.70,   51.84,  130.56,   41.30,  127.94,   42.60,  128.28,   41.42,  127.80,  290.22,  777.28,     31140, 1067.50,   1273.75,   1259.47,   2533.23
2026-06-02,06:35:51.535,   92.77,   65.36,   92.82,   64.88,   93.86,   66.37,   89.84,   64.39,   89.00,   64.37,   89.99,   64.03,  548.27,  389.40,     18820,  937.67,   72.31,  111.86,   86.26,  112.23,   71.84,  112.02,   68.90,  112.17,   68.89,  112.78,   68.10,  111.13,  436.31,  672.19,    109740, 1108.50,    984.58,   1061.60,   2046.17
2026-06-02,06:35:51.585,   41.34,   54.79,   40.50,   53.89,   41.60,   55.37,   38.51,   53.83,   38.60,   54.19,   38.27,   53.51,  238.83,  325.58,     18640,  564.41,   34.56,   80.21,   55.81,   81.01,   34.76,   79.54,   31.23,   79.00,   31.41,   80.18,   31.08,   78.73,  218.84,  478.67,     18680,  697.51,    457.67,    804.25,   1261.91
2026-06-02,06:35:51.636,   81.16,   62.61,   82.87,   62.38,   81.72,   62.31,   77.16,   60.54,   77.25,   61.43,   76.80,   60.59,  476.95,  369.86,     23980,  846.81,   55.18,   89.73,   71.43,   93.52,   54.66,   88.85,   50.48,   88.99,   51.72,   90.59,   50.90,   89.16,  334.38,  540.83,    219260,  875.21,    811.33,    910.69,   1722.02
2026-06-02,06:35:51.686,   66.23,   42.18,   68.88,   41.77,   66.63,   41.93,   65.55,   41.84,   64.60,   41.68,   65.03,   41.65,  396.93,  251.05,     18720,  647.98,   54.56,  103.79,   74.16,  111.91,   54.48,  103.43,   49.90,  102.25,   51.80,  105.07,   50.89,  103.27,  335.79,  629.71,    456580,  965.50,    732.72,    880.76,   1613.48
2026-06-02,06:35:51.736,   46.84,   46.26,   48.50,   46.14,   47.27,   46.63,   45.19,   45.59,   45.17,   45.88,   44.99,   45.42,  277.96,  275.92,     19240,  553.87,   63.23,  127.47,   77.15,  133.34,   62.44,  126.08,   57.21,  125.91,   58.82,  128.08,   57.77,  127.19,  376.63,  768.07,    309700, 1144.69,    654.58,   1043.98,   1698.57
2026-06-02,06:35:51.786,   35.01,   44.50,   34.36,   43.86,   35.01,   44.21,   33.06,   43.59,   33.21,   43.63,   32.83,   43.87,  203.48,  263.66,     18720,  467.14,   24.29,   52.97,   24.27,   52.77,   24.09,   52.80,   19.75,   51.27,   19.69,   51.98,   19.50,   51.52,  131.59,  313.30,     18760,  444.90,    335.07,    576.96,    912.03
2026-06-02,06:35:51.836,   53.26,   42.80,   53.24,   42.82,   53.58,   42.76,   49.36,   41.37,   49.35,   41.52,   49.44,   41.62,  308.23,  252.88,     18760,  561.10,   17.47,   50.62,   17.44,   49.62,   17.38,   49.76,   14.87,   48.54,   14.90,   49.11,   14.72,   48.37,   96.79,  296.02,     18740,  392.80,    405.01,    548.89,    953.91
2026-06-02,06:35:51.887,   88.34,   55.81,   88.39,   54.95,   88.25,   54.98,   84.46,   54.16,   84.15,   54.85,   84.10,   54.18,  517.68,  328.93,     18800,  846.61,   25.65,   48.22,   25.97,   47.66,   25.71,   47.77,   22.99,   47.22,   22.97,   48.29,   22.54,   47.24,  145.83,  286.39,     18760,  432.23,    663.51,    615.33,   1278.84
2026-06-02,06:35:51.937,   84.50,   61.53,   84.90,   61.39,   85.71,   62.14,   81.39,   60.94,   80.91,   61.12,   81.06,   60.87,  498.46,  367.99,     18780,  866.45,   21.20,   44.55,   21.18,   43.86,   20.73,   44.07,   19.19,   43.69,   19.10,   44.45,   18.68,   43.24,  120.08,  263.85,     18760,  383.93,    618.54,    631.84,   1250.38
2026-06-02,06:35:51.986,   41.76,   46.20,   40.66,   45.28,   42.09,   46.29,   39.34,   44.87,   39.61,   44.88,   39.14,   44.97,  242.60,  272.50,     18440,  515.10,   23.49,   49.69,   23.84,   49.03,   23.33,   48.74,   20.76,   48.10,   21.08,   49.14,   20.79,   48.47,  133.28,  293.17,     18420,  426.45,    375.88,    565.67,    941.55
2026-06-02,06:35:52.037,   90.89,   43.41,   91.36,   43.22,   90.90,   43.00,   87.45,   42.09,   86.69,   42.23,   87.40,   42.24,  534.69,  256.19,     18940,  790.88,   16.41,   46.54,   16.38,   46.33,   15.87,   46.36,   13.19,   45.29,   13.54,   46.38,   13.18,   45.05,   88.56,  275.97,     18800,  364.52,    623.24,    532.16,   1155.40
2026-06-02,06:35:52.087,   48.43,   51.28,   47.86,   50.16,   48.54,   51.08,   45.00,   50.14,   45.21,   50.10,   45.05,   49.90,  280.10,  302.66,     18780,  582.76,   26.84,   54.56,   27.13,   54.12,   26.90,   53.96,   23.40,   52.94,   23.65,   54.33,   23.19,   52.88,  151.10,  322.80,     18800,  473.90,    431.20,    625.46,   1056.66
2026-06-02,06:35:52.137,   32.29,   43.66,   31.67,   43.49,   32.33,   43.74,   30.54,   42.81,   30.62,   43.13,   30.15,   42.87,  187.60,  259.70,     18800,  447.30,   13.48,   37.01,   13.49,   36.40,   13.09,   36.32,   11.04,   36.11,   11.48,   37.00,   10.56,   35.82,   73.13,  218.66,     18780,  291.79,    260.73,    478.36,    739.09
2026-06-02,06:35:52.188,   33.33,   47.48,   32.86,   46.78,   33.36,   47.46,   31.80,   46.81,   31.79,   46.74,   31.52,   46.36,  194.67,  281.63,     18428,  476.30,   19.08,   28.76,   19.09,   28.64,   18.82,   28.25,   16.36,   27.35,   16.73,   27.77,   16.38,   27.88,  106.46,  168.65,     18447,  275.11,    301.13,    450.28,    751.41
2026-06-02,06:35:52.239,   31.01,   38.76,   30.82,   38.70,   31.01,   38.72,   29.28,   37.67,   29.66,   38.22,   28.96,   37.76,  180.73,  229.83,     18744,  410.56,   14.27,   40.22,   14.56,   40.06,   14.12,   39.71,   11.92,   39.58,   12.15,   40.90,   11.53,   39.27,   78.56,  239.74,     18744,  318.30,    259.29,    469.57,    728.86
2026-06-02,06:35:52.289,   92.99,   50.28,   94.24,   50.34,   93.72,   50.29,   89.63,   48.98,   88.41,   48.97,   89.63,   48.67,  548.62,  297.54,     18880,  846.16,   27.63,   75.50,   28.20,   75.13,   27.40,   74.65,   22.06,   74.43,   22.35,   75.14,   22.56,   74.43,  150.19,  449.27,     18800,  599.47,    698.81,    746.82,   1445.63
2026-06-02,06:35:52.340,   57.35,   50.08,   57.48,   49.96,   57.80,   50.50,   56.23,   49.81,   56.03,   50.09,   55.88,   50.21,  340.77,  300.65,     18800,  641.42,   49.45,   94.54,   49.02,   94.61,   48.29,   93.45,   43.14,   92.52,   44.04,   93.84,   43.42,   92.85,  277.35,  561.82,     18820,  839.17,    618.12,    862.46,   1480.59
2026-06-02,06:35:52.390,   63.37,   52.10,   62.83,   51.62,   65.21,   53.91,   59.88,   50.46,   59.99,   50.59,   59.66,   49.94,  370.95,  308.61,     18840,  679.56,   64.68,  110.20,   64.90,  109.87,   63.98,  109.14,   58.05,  105.92,   59.14,  107.15,   58.51,  106.04,  369.26,  648.32,     18840, 1017.57,    740.21,    956.92,   1697.13
2026-06-02,06:35:52.439,  141.47,   56.86,  142.89,   56.94,  144.39,   59.46,  138.07,   57.00,  138.39,   57.23,  139.23,   57.24,  844.44,  344.73,     18400, 1189.16,   50.74,  112.98,   50.51,  112.81,   50.53,  113.03,   43.32,  110.46,   44.04,  111.43,   44.01,  111.30,  283.15,  672.00,     18400,  955.15,   1127.58,   1016.73,   2144.31
2026-06-02,06:35:52.490,  208.87,   83.21,  210.19,   83.65,  210.15,   84.04,  200.29,   80.88,  200.46,   81.29,  200.50,   80.80, 1230.46,  493.87,     18760, 1724.33,   73.75,  126.18,   72.78,  125.31,   72.35,  124.82,   65.58,  123.35,   66.13,  124.57,   65.06,  122.80,  415.65,  747.02,     18760, 1162.68,   1646.11,   1240.89,   2887.00
2026-06-02,06:35:52.540,   95.03,   52.85,   95.44,   52.22,   96.35,   53.46,   91.32,   51.39,   91.21,   52.04,   91.44,   51.71,  560.79,  313.67,     18820,  874.46,   38.81,   62.92,   38.18,   62.07,   38.46,   62.66,   33.68,   61.27,   34.34,   61.81,   33.37,   60.51,  216.84,  371.25,     18860,  588.09,    777.63,    684.93,   1462.55
2026-06-02,06:35:52.590,   72.45,   40.38,   72.96,   40.53,   72.65,   40.29,   69.49,   39.80,   69.51,   39.79,   69.84,   39.77,  426.89,  240.56,     18820,  667.45,   32.06,   83.77,   32.08,   84.19,   32.23,   83.52,   26.29,   83.43,   26.49,   83.89,   25.80,   83.61,  174.94,  502.42,     18780,  677.35,    601.82,    742.98,   1344.80
2026-06-02,06:35:52.641,   52.50,   35.37,   52.63,   35.33,   52.15,   34.99,   50.06,   34.39,   49.51,   34.43,   49.92,   34.46,  306.78,  208.96,     18428,  515.74,   20.55,   60.79,   20.80,   61.10,   20.25,   60.98,   17.58,   59.73,   18.01,   60.05,   17.52,   59.94,  114.71,  362.58,     18428,  477.29,    421.49,    571.55,    993.03
2026-06-02,06:35:52.691,   44.66,   53.93,   44.21,   53.11,   44.36,   53.19,   41.43,   52.58,   42.14,   53.14,   41.78,   53.15,  258.57,  319.10,     18780,  577.67,   27.45,   54.55,   27.72,   55.41,   27.83,   54.80,   22.74,   53.53,   23.24,   54.36,   22.46,   53.90,  151.43,  326.55,     18820,  477.98,    410.01,    645.65,   1055.66
2026-06-02,06:35:52.741,   52.47,   38.43,   53.04,   38.08,   53.18,   38.53,   49.81,   37.49,   49.50,   37.48,   49.93,   37.18,  307.94,  227.20,     18820,  535.13,   18.56,   63.89,   18.24,   64.37,   18.53,   64.13,   15.02,   63.84,   15.24,   63.37,   14.82,   64.03,  100.42,  383.64,     18780,  484.06,    408.36,    610.84,   1019.19
2026-06-02,06:35:52.792,  100.04,   61.27,  100.33,   60.89,  100.25,   61.11,   95.58,   59.73,   95.01,   60.22,   95.71,   60.31,  586.93,  363.53,     18780,  950.46,   26.92,   57.27,   27.65,   57.86,   27.57,   57.23,   24.71,   55.95,   24.63,   56.15,   24.62,   55.94,  156.11,  340.40,     18780,  496.51,    743.04,    703.94,   1446.98
2026-06-02,06:35:52.842,   35.37,   28.03,   35.62,   28.20,   35.50,   28.07,   34.23,   27.71,   34.00,   27.89,   34.41,   27.80,  209.13,  167.70,     18760,  376.83,   17.00,   54.01,   17.13,   54.62,   16.86,   54.02,   11.77,   53.47,   11.99,   53.68,   11.80,   53.86,   86.54,  323.67,     18800,  410.22,    295.68,    491.37,    787.05
2026-06-02,06:35:52.892,   34.40,   29.83,   34.49,   29.49,   34.64,   29.69,   33.66,   29.17,   34.25,   29.69,   33.46,   29.29,  204.90,  177.16,     18760,  382.06,   26.66,   96.09,   26.61,   96.36,   26.42,   96.37,   20.50,   95.29,   20.87,   95.84,   20.48,   95.68,  141.55,  575.63,     18740,  717.18,    346.45,    752.79,   1099.24
2026-06-02,06:35:52.942,   22.12,   22.19,   22.31,   22.07,   22.33,   22.27,   22.03,   21.93,   22.24,   22.16,   21.89,   21.94,  132.91,  132.57,     18428,  265.48,   16.46,   48.90,   16.70,   49.09,   16.57,   48.68,   14.85,   48.34,   15.03,   48.58,   14.78,   48.52,   94.38,  292.10,     18428,  386.48,    227.29,    424.67,    651.96
2026-06-02,06:35:52.993,   86.22,   42.63,   87.75,   42.60,   86.52,   42.23,   83.28,   40.86,   82.14,   40.94,   83.65,   40.79,  509.56,  250.04,     18780,  759.60,   29.26,   73.72,   29.86,   74.23,   29.26,   73.71,   24.87,   73.48,   24.83,   74.14,   24.77,   74.12,  162.86,  443.40,     18760,  606.26,    672.42,    693.44,   1365.86
2026-06-02,06:35:53.043,   24.91,   27.14,   24.89,   27.01,   25.23,   27.12,   24.28,   26.79,   24.12,   27.04,   23.90,   26.76,  147.32,  161.86,     18820,  309.19,   23.14,   89.85,   23.36,   90.43,   23.29,   89.89,   18.31,   88.84,   18.39,   89.31,   18.52,   89.15,  125.02,  537.46,     18800,  662.48,    272.34,    699.32,    971.66
2026-06-02,06:35:53.093,   25.57,   26.41,   25.58,   26.37,   25.48,   26.26,   24.95,   26.15,   24.59,   26.03,   24.79,   26.23,  150.95,  157.45,     18780,  308.40,   18.26,   64.26,   18.58,   64.74,   18.09,   64.37,   14.29,   63.71,   14.53,   63.83,   14.47,   64.02,   98.23,  384.93,     18800,  483.16,    249.18,    542.38,    791.56
2026-06-02,06:35:53.144,   68.89,   44.99,   69.57,   44.89,   69.07,   44.59,   63.69,   42.68,   63.72,   43.00,   63.83,   42.53,  398.76,  262.67,     18780,  661.44,   24.22,   60.86,   24.12,   61.01,   24.08,   60.69,   20.74,   60.45,   20.88,   61.01,   20.51,   61.05,  134.55,  365.06,     18740,  499.61,    533.31,    627.73,   1161.04
2026-06-02,06:35:53.194,   65.99,   34.81,   66.15,   34.50,   65.99,   34.55,   64.00,   34.18,   63.66,   34.39,   64.01,   34.22,  389.80,  206.65,     18800,  596.45,   24.64,   61.96,   25.11,   62.51,   24.68,   62.12,   18.89,   60.85,   19.52,   61.46,   18.77,   61.06,  131.61,  369.96,     18820,  501.57,    521.41,    576.61,   1098.02
2026-06-02,06:35:53.243,   23.98,   25.62,   23.90,   25.94,   24.06,   25.89,   23.17,   25.53,   23.28,   25.84,   23.32,   25.58,  141.70,  154.40,     18420,  296.10,   17.53,   56.12,   17.75,   56.59,   17.76,   56.18,   15.39,   55.61,   15.80,   56.10,   15.51,   55.91,   99.74,  336.51,     18420,  436.25,    241.44,    490.91,    732.35
2026-06-02,06:35:53.294,   54.98,   37.73,   55.50,   37.69,   55.45,   37.72,   52.08,   36.34,   52.23,   36.79,   52.28,   36.76,  322.52,  223.03,     18860,  545.55,   25.34,   78.93,   25.53,   78.92,   25.16,   78.02,   20.31,   77.32,   21.00,   78.61,   20.45,   77.81,  137.80,  469.61,     18780,  607.41,    460.32,    692.65,   1152.96
2026-06-02,06:35:53.352,   79.76,   58.98,   79.44,   57.74,   79.94,   58.52,   74.20,   55.12,   74.18,   56.14,   74.09,   55.46,  461.59,  341.97,     18769,  803.56,  148.80,  173.27,  152.72,  177.65,  163.29,  188.84,  159.05,  187.76,  141.35,  170.23,  146.85,  175.69,  912.06, 1073.45,     57663, 1985.51,   1373.65,   1415.42,   2789.07
2026-06-02,06:35:53.400,   37.83,   33.08,   37.80,   33.30,   37.62,   33.08,   37.13,   32.85,   37.63,   33.22,   37.32,   32.95,  225.33,  198.48,     18840,  423.80,   53.62,   54.74,   67.18,   54.46,   52.77,   54.30,   52.51,   54.65,   52.30,   54.75,   51.10,   53.63,  329.48,  326.53,    120340,  656.00,    554.80,    525.00,   1079.80
2026-06-02,06:35:53.451,   74.02,   50.17,   74.78,   50.33,   73.64,   50.08,   73.23,   49.46,   73.52,   49.95,   73.23,   50.10,  442.42,  300.08,     18780,  742.50,   36.27,   78.99,   58.15,   79.06,   35.98,   78.21,   31.65,   78.42,   31.17,   78.45,   29.36,   76.54,  222.58,  469.67,     18800,  692.25,    665.00,    769.75,   1434.75
2026-06-02,06:35:53.500,  166.88,  139.88,  168.57,  140.53,  167.30,  140.40,  157.80,  137.09,  157.16,  137.75,  157.87,  137.34,  975.58,  832.98,     23720, 1808.57,   69.79,   71.36,   86.84,   72.19,   69.99,   71.38,   66.59,   69.59,   67.05,   69.93,   66.61,   69.67,  426.87,  424.12,    120840,  850.98,   1402.45,   1257.10,   2659.55
2026-06-02,06:35:53.551,   33.71,   31.04,   34.25,   31.34,   34.06,   31.22,   33.43,   31.17,   33.40,   31.11,   33.64,   30.90,  202.49,  186.79,     18940,  389.28,   28.61,   87.59,   51.32,   88.22,   28.28,   86.43,   22.41,   85.49,   22.70,   86.52,   22.29,   85.75,  175.60,  520.00,     19060,  695.59,    378.09,    706.78,   1084.87
2026-06-02,06:35:53.602,   50.98,   49.29,   52.09,   48.50,   51.33,   49.20,   48.36,   47.87,   48.38,   47.90,   47.88,   47.28,  299.01,  290.04,     23940,  589.05,   57.38,  100.00,   74.47,  104.86,   57.32,   98.83,   52.42,   98.04,   54.17,  100.24,   53.18,   99.53,  348.94,  601.50,    253620,  950.44,    647.95,    891.54,   1539.49
2026-06-02,06:35:53.652,   97.30,   51.32,   99.62,   50.88,   97.15,   50.71,   93.57,   49.49,   93.03,   49.81,   93.32,   49.49,  573.99,  301.69,     18780,  875.67,   53.24,   78.61,   74.71,   88.10,   52.70,   78.25,   49.50,   77.68,   51.23,   80.84,   50.18,   79.24,  331.56,  482.73,    474840,  814.29,    905.55,    784.42,   1689.97
2026-06-02,06:35:53.702,   62.23,   50.18,   63.55,   49.75,   62.46,   50.18,   57.57,   48.36,   57.74,   48.77,   57.78,   48.57,  361.32,  295.81,     19760,  657.13,   61.77,  114.44,   76.43,  120.77,   61.89,  114.22,   56.72,  113.54,   58.36,  115.62,   57.28,  114.33,  372.46,  692.92,    332660, 1065.38,    733.78,    988.73,   1722.51
2026-06-02,06:35:53.752,   74.11,   67.38,   73.73,   66.31,   74.35,   67.05,   70.89,   65.62,   71.01,   66.18,   71.36,   66.40,  435.45,  398.93,     18700,  834.39,   42.64,   99.07,   42.38,   98.91,   43.03,   98.63,   36.99,   97.21,   37.61,   97.92,   36.28,   97.18,  238.93,  588.93,     18600,  827.86,    674.38,    987.86,   1662.25
2026-06-02,06:35:53.802,   92.84,   53.26,   93.90,   52.91,   93.26,   53.18,   88.30,   51.34,   88.94,   51.91,   89.11,   51.45,  546.35,  314.04,     18760,  860.40,   25.31,   57.01,   25.51,   57.45,   25.71,   57.02,   23.05,   56.18,   23.04,   56.82,   22.68,   56.65,  145.30,  341.12,     18740,  486.42,    691.65,    655.16,   1346.82
2026-06-02,06:35:53.852,   56.47,   37.28,   56.50,   37.41,   56.24,   37.34,   54.54,   36.79,   54.13,   36.90,   54.24,   36.77,  332.13,  222.50,     18760,  554.63,   23.47,   58.03,   23.57,   58.67,   23.49,   58.41,   19.78,   58.11,   19.61,   58.20,   19.21,   57.85,  129.14,  349.27,     18800,  478.41,    461.27,    571.76,   1033.03
2026-06-02,06:35:53.903,   30.27,   37.43,   30.40,   37.46,   30.55,   37.61,   28.94,   36.97,   29.31,   37.13,   28.90,   37.20,  178.36,  223.78,     18800,  402.14,   31.26,   93.40,   31.42,   93.49,   30.92,   93.27,   26.41,   92.74,   26.54,   93.26,   25.95,   92.50,  172.51,  558.66,     18800,  731.17,    350.87,    782.45,   1133.31
2026-06-02,06:35:53.952,   63.75,   49.71,   64.30,   49.07,   63.83,   48.95,   59.34,   47.35,   59.35,   47.96,   59.81,   47.56,  370.37,  290.60,     18480,  660.97,   26.83,   80.47,   26.53,   80.69,   26.53,   80.47,   21.61,   79.53,   21.96,   79.99,   21.57,   79.74,  145.02,  480.89,     18440,  625.91,    515.40,    771.48,   1286.88
2026-06-02,06:35:54.002,   73.72,   40.28,   74.27,   40.79,   73.80,   40.31,   71.83,   39.97,   71.48,   40.39,   72.12,   40.35,  437.22,  242.10,     18760,  679.32,   23.79,   36.63,   23.89,   36.92,   24.13,   36.58,   20.25,   35.77,   20.44,   35.53,   20.09,   35.48,  132.58,  216.91,     18800,  349.49,    569.81,    459.01,   1028.81
2026-06-02,06:35:54.053,   58.12,   41.25,   58.59,   41.32,   58.64,   41.18,   56.81,   40.76,   56.19,   40.69,   57.12,   40.45,  345.48,  245.65,     18820,  591.13,   23.15,   82.81,   23.45,   83.34,   23.33,   83.18,   18.11,   82.89,   17.91,   82.96,   17.38,   82.62,  123.33,  497.80,     18800,  621.13,    468.81,    743.45,   1212.26
2026-06-02,06:35:54.103,   28.41,   28.55,   28.36,   28.46,   28.63,   28.25,   27.80,   28.28,   27.76,   28.51,   27.62,   28.37,  168.58,  170.41,     18800,  338.99,   24.49,   81.55,   24.78,   82.15,   24.52,   81.62,   19.84,   81.23,   20.24,   81.88,   19.98,   81.90,  133.85,  490.34,     18800,  624.19,    302.43,    660.74,    963.17
2026-06-02,06:35:54.153,   79.90,   41.41,   80.95,   41.17,   80.16,   40.97,   76.19,   39.77,   75.60,   39.86,   76.23,   39.54,  469.04,  242.71,     18880,  711.75,   18.61,   69.26,   18.96,   69.75,   18.75,   69.11,   15.53,   69.11,   15.51,   69.40,   15.44,   69.36,  102.79,  415.98,     18800,  518.78,    571.83,    658.69,   1230.52
2026-06-02,06:35:54.203,   54.99,   33.83,   55.84,   34.10,   55.50,   33.63,   53.39,   33.40,   52.95,   33.45,   53.38,   33.19,  326.05,  201.60,     18440,  527.65,   23.78,   76.33,   24.25,   76.77,   24.12,   75.82,   19.67,   74.67,   20.34,   75.68,   20.10,   75.16,  132.25,  454.43,     18440,  586.68,    458.30,    656.03,   1114.33
2026-06-02,06:35:54.253,   29.14,   30.15,   29.02,   29.98,   28.82,   29.95,   28.01,   30.03,   28.06,   29.85,   27.92,   29.54,  170.96,  179.50,     18760,  350.47,   22.12,   91.61,   22.21,   91.53,   21.81,   91.35,   16.59,   91.02,   16.63,   91.44,   16.62,   91.22,  115.98,  548.16,     18780,  664.14,    286.94,    727.67,   1014.61
2026-06-02,06:35:54.303,   29.34,   29.03,   29.20,   29.03,   28.96,   28.94,   28.46,   28.85,   28.65,   29.02,   28.51,   29.03,  173.10,  173.90,     18800,  347.00,   23.70,   88.75,   23.35,   88.49,   23.35,   88.11,   18.60,   87.50,   18.87,   88.24,   18.58,   88.14,  126.45,  529.25,     18780,  655.70,    299.55,    703.15,   1002.70
2026-06-02,06:35:54.355,   30.93,   31.05,   31.19,   31.08,   31.23,   31.34,   30.67,   30.69,   30.67,   30.95,   30.39,   30.58,  185.08,  185.69,     18780,  370.77,   22.17,   57.90,   22.51,   57.97,   22.31,   57.50,   17.46,   56.74,   18.21,   57.49,   17.76,   57.05,  120.41,  344.65,     18780,  465.06,    305.49,    530.34,    835.83
2026-06-02,06:35:54.403,   79.02,   42.35,   79.58,   42.33,   79.26,   42.11,   75.33,   40.89,   74.40,   40.78,   75.63,   40.61,  463.22,  249.07,     18640,  712.29,   28.17,   84.87,   28.45,   85.49,   27.78,   84.26,   22.44,   83.72,   23.07,   84.98,   22.73,   84.91,  152.64,  508.23,     18640,  660.87,    615.86,    757.30,   1373.17
2026-06-02,06:35:54.454,   92.39,   51.84,   92.11,   51.61,   92.27,   51.65,   90.24,   51.38,   92.04,   51.49,   91.57,   51.45,  550.62,  309.43,     18820,  860.04,   32.20,   71.14,   32.27,   71.19,   32.04,   70.88,   28.66,   69.43,   28.87,   70.25,   28.69,   69.72,  182.72,  422.61,     18800,  605.34,    733.34,    732.04,   1465.38
2026-06-02,06:35:54.503,  131.14,   55.43,  132.10,   55.62,  131.12,   55.04,  124.66,   53.86,  124.11,   54.56,  123.27,   53.26,  766.38,  327.76,     18640, 1094.14,   25.57,   81.11,   25.66,   81.24,   25.74,   81.03,   20.60,   79.21,   21.08,   80.25,   20.57,   79.81,  139.23,  482.65,     18520,  621.87,    905.61,    810.40,   1716.01
2026-06-02,06:35:54.554,   54.93,   23.25,   55.12,   23.30,   54.86,   23.23,   52.68,   22.50,   52.89,   22.67,   52.62,   22.18,  323.09,  137.12,     18780,  460.21,   21.27,   59.63,   21.78,   59.74,   21.66,   59.61,   16.10,   57.97,   16.23,   59.19,   16.27,   59.13,  113.31,  355.27,     18760,  468.58,    436.40,    492.39,    928.79
2026-06-02,06:35:54.604,   59.83,   41.76,   60.15,   41.57,   59.64,   41.39,   58.07,   40.92,   58.12,   40.98,   57.94,   41.05,  353.74,  247.66,     18760,  601.41,   25.27,   79.21,   25.68,   79.80,   25.59,   78.90,   20.84,   78.57,   21.05,   79.41,   20.86,   79.38,  139.29,  475.27,     18760,  614.56,    493.03,    722.93,   1215.96
2026-06-02,06:35:54.654,   19.16,   26.38,   19.29,   26.09,   19.19,   25.98,   18.28,   25.99,   18.58,   26.10,   18.30,   25.81,  112.79,  156.35,     18800,  269.14,   28.49,   82.71,   28.93,   82.90,   28.80,   82.37,   24.47,   82.04,   25.12,   83.02,   24.84,   82.53,  160.66,  495.57,     18800,  656.22,    273.45,    651.91,    925.36
2026-06-02,06:35:54.705,   50.40,   32.60,   51.09,   32.56,   50.91,   32.57,   47.85,   31.34,   48.26,   31.91,   48.25,   31.67,  296.75,  192.65,     18760,  489.40,   18.64,   67.57,   19.05,   68.03,   18.46,   66.23,   15.39,   65.85,   15.79,   67.35,   15.29,   66.81,  102.60,  401.85,     18760,  504.46,    399.36,    594.50,    993.86
2026-06-02,06:35:54.755,   64.25,   44.24,   65.00,   45.25,   64.53,   44.75,   62.45,   44.20,   62.38,   44.53,   62.61,   43.80,  381.22,  266.77,     18408,  647.98,   29.28,   97.12,   29.11,   96.92,   28.89,   96.31,   23.46,   95.76,   23.98,   96.71,   23.41,   96.46,  158.14,  579.28,     18428,  737.43,    539.36,    846.05,   1385.41
2026-06-02,06:35:54.805,   52.96,   45.69,   53.23,   45.52,   52.97,   45.24,   48.32,   44.41,   49.03,   44.81,   49.31,   44.73,  305.82,  270.40,     18780,  576.22,   20.51,   16.57,   20.90,   16.86,   20.54,   16.19,   19.47,   15.81,   19.85,   15.79,   19.26,   15.32,  120.53,   96.53,     18780,  217.06,    426.35,    366.94,    793.29
2026-06-02,06:35:54.855,   70.89,   50.83,   70.80,   50.20,   69.71,   49.84,   66.69,   49.46,   66.35,   49.81,   66.78,   49.51,  411.20,  299.65,     18760,  710.85,   21.26,   69.17,   21.31,   69.15,   20.94,   68.99,   16.56,   67.09,   16.83,   68.03,   16.54,   67.69,  113.45,  410.13,     18720,  523.58,    524.65,    709.78,   1234.44
2026-06-02,06:35:54.906,   39.20,   39.76,   39.37,   39.67,   38.89,   39.44,   37.08,   38.79,   37.48,   39.62,   37.27,   38.91,  229.30,  236.20,     18780,  465.49,   20.77,   61.12,   20.62,   61.26,   20.54,   60.75,   16.55,   59.36,   16.98,   59.62,   16.15,   59.29,  111.62,  361.40,     18780,  473.01,    340.91,    597.59,    938.51
2026-06-02,06:35:54.956,   50.20,   55.47,   49.70,   54.64,   50.04,   55.17,   47.45,   54.47,   47.85,   55.08,   47.30,   54.88,  292.54,  329.71,     18820,  622.26,   19.23,   21.32,   19.06,   21.32,   18.86,   21.28,   18.30,   20.69,   18.45,   21.05,   17.56,   20.45,  111.45,  126.10,     18800,  237.55,    403.99,    455.82,    859.81
2026-06-02,06:35:55.006,  104.76,   69.48,  105.41,   69.18,  104.69,   68.90,   97.93,   67.27,   97.73,   67.44,   97.86,   66.97,  608.38,  409.23,     18820, 1017.62,   24.81,   66.59,   25.04,   66.35,   24.70,   65.81,   20.20,   64.56,   20.50,   65.08,   20.06,   64.63,  135.29,  393.02,     18760,  528.31,    743.67,    802.25,   1545.92
2026-06-02,06:35:55.057,   51.97,   34.46,   52.16,   34.38,   52.33,   34.44,   50.65,   33.99,   50.50,   34.02,   51.00,   33.81,  308.62,  205.10,     18428,  513.72,   12.75,   29.85,   12.89,   30.24,   12.48,   29.59,    9.94,   29.42,   10.44,   29.50,    9.81,   28.96,   68.32,  177.55,     18428,  245.86,    376.93,    382.65,    759.58
2026-06-02,06:35:55.107,   33.40,   44.15,   32.88,   43.31,   33.80,   43.81,   29.98,   42.88,   30.26,   43.50,   30.50,   43.32,  190.81,  260.97,     18740,  451.78,   23.41,   57.16,   23.27,   56.64,   22.89,   56.77,   20.48,   55.74,   20.68,   56.55,   20.08,   55.60,  130.80,  338.46,     18760,  469.26,    321.61,    599.44,    921.04
2026-06-02,06:35:55.157,   36.13,   46.76,   35.32,   46.09,   35.91,   46.27,   34.17,   45.51,   34.24,   45.58,   34.01,   45.49,  209.77,  275.70,     18820,  485.47,   18.76,   69.35,   18.50,   69.47,   18.19,   68.63,   14.05,   66.78,   14.27,   67.58,   13.63,   66.68,   97.41,  408.49,     18760,  505.90,    307.19,    684.19,    991.37
2026-06-02,06:35:55.207,   85.66,   59.98,   85.47,   59.02,   85.56,   59.19,   81.68,   57.93,   82.18,   58.60,   82.44,   58.02,  502.99,  352.74,     18720,  855.72,   27.44,   50.18,   27.23,   50.56,   27.34,   49.73,   24.29,   49.58,   24.73,   50.05,   24.23,   49.34,  155.26,  299.44,     18780,  454.70,    658.25,    652.18,   1310.43
2026-06-02,06:35:55.258,   52.28,   45.86,   52.38,   45.55,   51.99,   45.53,   50.37,   45.07,   49.95,   45.06,   49.53,   44.52,  306.50,  271.58,     18800,  578.08,   16.69,   49.91,   16.40,   49.36,   16.27,   49.06,   13.45,   48.98,   13.64,   49.47,   13.16,   48.83,   89.62,  295.62,     18800,  385.24,    396.12,    567.20,    963.32
2026-06-02,06:35:55.308,   22.29,   26.68,   22.28,   26.69,   22.55,   27.00,   20.96,   26.05,   21.14,   25.96,   20.87,   25.83,  130.10,  158.20,     18740,  288.30,   18.90,   32.15,   18.72,   32.36,   18.60,   32.02,   16.11,   30.97,   16.26,   31.45,   15.77,   31.01,  104.36,  189.95,     18680,  294.32,    234.46,    348.16,    582.62
2026-06-02,06:35:55.358,   81.78,   67.72,   81.80,   66.98,   82.14,   67.52,   76.03,   64.96,   76.78,   65.46,   76.77,   64.93,  475.31,  397.57,     18880,  872.88,  228.06,  232.86,  226.97,  231.70,  227.00,  231.27,  222.36,  231.00,  222.84,  231.68,  221.72,  230.88, 1348.95, 1389.39,    126040, 2738.33,   1824.25,   1786.96,   3611.21
2026-06-02,06:35:55.407,   91.30,   43.66,   91.02,   43.21,   90.65,   43.42,   88.30,   43.37,   87.73,   43.77,   87.19,   43.70,  536.20,  261.13,     18420,  797.33,   23.72,   20.57,   43.96,   20.55,   23.05,   20.19,   21.68,   19.27,   22.10,   19.76,   21.60,   18.88,  156.10,  119.22,     80320,  275.32,    692.30,    380.35,   1072.66
2026-06-02,06:35:55.457,  138.56,  109.53,  138.22,  108.07,  138.83,  110.00,  130.04,  105.22,  133.02,  107.11,  129.85,  105.01,  808.51,  644.95,     23480, 1453.47,   47.58,  108.29,   67.24,  109.59,   47.91,  107.74,   40.84,  106.31,   41.62,  107.72,   41.26,  107.09,  286.45,  646.75,     30160,  933.20,   1094.96,   1291.70,   2386.67
2026-06-02,06:35:55.508,  163.60,  136.00,  164.19,  136.05,  166.05,  139.44,  158.62,  131.31,  159.57,  132.77,  157.95,  129.74,  969.98,  805.30,     19440, 1775.28,   78.62,  138.69,   98.97,  140.45,   79.22,  139.77,   70.47,  137.94,   71.61,  139.25,   70.43,  138.06,  469.32,  834.15,    108240, 1303.47,   1439.30,   1639.45,   3078.75
2026-06-02,06:35:55.558,   27.93,   34.51,   27.81,   33.84,   28.15,   34.38,   26.30,   33.78,   26.75,   33.90,   26.68,   33.67,  163.63,  204.07,     19760,  367.71,   20.01,   52.63,   41.54,   54.50,   20.18,   53.12,   15.41,   52.25,   16.06,   53.49,   15.44,   53.78,  128.64,  319.77,     18760,  448.41,    292.27,    523.85,    816.12
2026-06-02,06:35:55.608,   48.36,   56.43,   49.04,   55.38,   48.11,   56.08,   45.67,   54.34,   45.96,   54.72,   45.37,   54.30,  282.52,  331.26,     22900,  613.77,   68.14,  112.17,   81.97,  117.57,   68.73,  111.34,   62.72,  108.57,   64.63,  110.57,   64.01,  109.58,  410.21,  669.80,    331960, 1080.00,    692.72,   1001.05,   1693.78
2026-06-02,06:35:55.658,  134.42,   73.05,  138.84,   74.26,  137.58,   75.98,  127.52,   67.92,  128.34,   69.70,  127.29,   67.42,  793.99,  428.34,     18740, 1222.33,   62.33,  125.43,   86.06,  136.21,   62.85,  124.95,   57.22,  123.72,   60.94,  128.66,   58.25,  125.74,  387.65,  764.71,    489740, 1152.36,   1181.64,   1193.05,   2374.70
2026-06-02,06:35:55.708,   74.31,   57.62,   75.05,   56.59,   76.05,   59.53,   71.65,   55.56,   72.26,   56.85,   71.22,   54.80,  440.54,  340.95,     20420,  781.49,   85.71,  131.64,   99.35,  136.38,   86.05,  131.18,   81.42,  130.15,   82.87,  132.09,   81.93,  131.47,  517.34,  792.90,    374440, 1310.24,    957.88,   1133.86,   2091.73
2026-06-02,06:35:55.759,   39.12,   41.89,   39.26,   41.46,   39.63,   42.17,   37.84,   40.83,   38.25,   41.29,   37.66,   40.50,  231.76,  248.14,     18720,  479.90,   22.65,   66.57,   45.86,   68.38,   23.01,   66.76,   19.86,   66.05,   20.45,   66.84,   19.98,   66.05,  151.81,  400.64,     18740,  552.45,    383.57,    648.78,   1032.36
2026-06-02,06:35:55.809,  119.70,   74.63,  121.95,   76.08,  125.58,   81.36,  112.07,   68.20,  113.34,   70.83,  112.67,   68.10,  705.31,  439.19,     23400, 1144.51,   45.29,  116.16,   63.23,  117.99,   46.15,  117.04,   39.54,  114.79,   41.32,  116.85,   39.53,  115.18,  275.06,  698.01,     47440,  973.07,    980.37,   1137.21,   2117.58
2026-06-02,06:35:55.859,   54.88,   53.41,   55.35,   52.87,   55.05,   54.20,   51.84,   52.05,   52.08,   51.79,   51.80,   51.79,  321.00,  316.10,     19240,  637.10,   74.00,  116.74,   82.49,  120.45,   74.05,  116.08,   67.91,  114.70,   68.96,  115.74,   68.52,  115.50,  435.93,  699.22,    317480, 1135.15,    756.93,   1015.32,   1772.25
2026-06-02,06:35:55.909,   44.55,   46.28,   43.90,   45.86,   44.69,   46.25,   43.23,   45.33,   43.83,   45.66,   42.74,   44.62,  262.95,  273.99,     18720,  536.94,   25.50,   71.75,   25.49,   71.82,   25.63,   71.74,   21.46,   70.89,   21.43,   71.45,   21.36,   71.14,  140.87,  428.79,     18720,  569.66,    403.81,    702.78,   1106.60
2026-06-02,06:35:55.959,   94.03,   60.89,   93.21,   59.22,   97.47,   64.20,   88.99,   56.52,   90.07,   58.23,   88.74,   56.53,  552.51,  355.59,     18740,  908.10,   30.42,   87.99,   31.05,   88.27,   31.07,   87.73,   24.30,   86.36,   26.43,   88.86,   24.43,   87.62,  167.70,  526.84,     18720,  694.54,    720.21,    882.44,   1602.64
2026-06-02,06:35:56.009,   90.59,   48.52,   90.18,   47.77,   91.90,   50.27,   84.52,   43.90,   83.36,   42.75,   86.72,   45.77,  527.26,  279.00,     18800,  806.26,   34.22,   99.66,   36.17,  101.53,   34.77,  100.15,   28.08,   98.17,   28.92,   99.64,   27.97,   97.54,  190.12,  596.68,     18760,  786.80,    717.39,    875.67,   1593.06
2026-06-02,06:35:56.060,   35.45,   29.95,   35.64,   29.78,   35.58,   29.76,   34.24,   28.40,   33.84,   28.26,   34.37,   28.33,  209.12,  174.49,     18800,  383.61,   24.82,   77.59,   25.18,   77.56,   24.75,   77.15,   20.54,   76.71,   21.32,   77.74,   20.76,   77.73,  137.37,  464.49,     18780,  601.86,    346.50,    638.98,    985.47
2026-06-02,06:35:56.110,   34.30,   26.11,   34.03,   26.07,   34.31,   25.96,   33.52,   25.32,   33.58,   25.31,   33.60,   25.47,  203.34,  154.23,     18760,  357.58,   20.68,   75.70,   20.96,   75.81,   20.36,   74.58,   17.17,   74.39,   17.44,   75.26,   17.16,   75.03,  113.76,  450.77,     18800,  564.53,    317.10,    605.00,    922.10
2026-06-02,06:35:56.160,   76.98,   68.68,   77.30,   68.35,   79.00,   70.85,   74.50,   66.67,   75.25,   68.06,   74.63,   66.68,  457.66,  409.28,     18400,  866.94,   81.07,  130.52,   80.90,  129.45,   80.19,  129.13,   72.50,  127.26,   74.12,  129.81,   72.66,  127.46,  461.44,  773.62,     18480, 1235.06,    919.10,   1182.90,   2102.00
2026-06-02,06:35:56.211,  178.01,  102.08,  177.27,   99.80,  181.63,  105.76,  166.05,   95.68,  166.99,   97.82,  165.76,   94.27, 1035.70,  595.41,     18880, 1631.11,   64.08,  126.84,   61.16,  123.80,   59.03,  121.60,   49.73,  117.63,   54.42,  123.72,   52.98,  121.42,  341.40,  735.01,     18680, 1076.41,   1377.10,   1330.42,   2707.52
2026-06-02,06:35:56.260,   94.09,   53.36,   96.82,   55.72,  100.16,   59.50,   93.22,   54.46,   96.10,   57.64,   93.42,   54.22,  573.82,  334.89,     18920,  908.71,   49.82,   96.30,   47.61,   94.06,   45.91,   92.11,   38.45,   89.08,   42.47,   93.66,   41.16,   91.12,  265.43,  556.35,     18860,  821.78,    839.25,    891.24,   1730.49
2026-06-02,06:35:56.310,  108.52,   75.23,  111.29,   77.42,  114.65,   80.97,  102.26,   71.95,  103.66,   74.17,  102.68,   72.36,  643.07,  452.10,     18760, 1095.17,   71.94,  132.72,   69.78,  130.31,   69.68,  129.32,   62.66,  127.92,   64.39,  130.57,   62.42,  128.35,  400.87,  779.20,     18800, 1180.08,   1043.94,   1231.30,   2275.25
2026-06-02,06:35:56.360,   70.47,   49.22,   71.50,   49.55,   73.52,   51.84,   68.51,   48.02,   68.68,   48.60,   68.52,   48.51,  421.21,  295.74,     18760,  716.95,   37.02,   96.27,   36.90,   96.12,   37.15,   96.53,   32.61,   96.04,   33.19,   96.82,   33.00,   95.92,  209.87,  577.71,     18760,  787.58,    631.07,    873.45,   1504.53
2026-06-02,06:35:56.411,   42.49,   42.16,   42.04,   41.69,   42.65,   42.27,   40.56,   40.43,   40.54,   40.95,   40.51,   40.76,  248.79,  248.27,     18780,  497.05,   29.92,   87.50,   30.02,   87.68,   29.78,   87.43,   25.30,   86.76,   25.66,   87.66,   25.67,   86.95,  166.33,  523.98,     18840,  690.31,    415.12,    772.25,   1187.37
2026-06-02,06:35:56.460,   94.92,   63.87,   94.22,   63.28,   93.36,   62.85,   92.02,   62.35,   93.09,   62.54,   92.45,   62.34,  560.07,  377.23,     18400,  937.29,   30.99,  104.61,   31.23,  104.70,   31.12,  104.54,   26.15,  103.84,   26.61,  104.75,   25.77,  104.09,  171.87,  626.53,     18380,  798.40,    731.93,   1003.76,   1735.70
2026-06-02,06:35:56.510,  140.08,   94.53,  141.90,   95.99,  146.97,  101.19,  126.66,   86.92,  132.16,   93.02,  130.80,   90.87,  818.57,  562.52,     18800, 1381.09,   33.04,   47.80,   34.57,   49.41,   34.00,   48.14,   29.86,   47.20,   31.38,   48.61,   28.56,   46.59,  191.41,  287.75,     18840,  479.17,   1009.99,    850.27,   1860.25
2026-06-02,06:35:56.561,   55.85,   61.25,   55.84,   60.66,   58.49,   63.46,   53.72,   60.08,   53.39,   60.08,   53.74,   59.99,  331.03,  365.52,     18780,  696.55,   42.62,   82.07,   43.22,   82.23,   42.41,   81.79,   37.74,   81.41,   37.86,   82.17,   37.52,   81.41,  241.36,  491.08,     18780,  732.44,    572.39,    856.60,   1429.00
2026-06-02,06:35:56.611,   47.67,   46.07,   47.78,   46.02,   48.11,   46.75,   46.63,   45.83,   46.17,   45.84,   46.21,   46.03,  282.57,  276.55,     18760,  559.11,   28.87,   92.01,   29.41,   92.16,   29.28,   90.90,   25.11,   90.26,   26.00,   91.55,   25.59,   91.11,  164.26,  547.97,     18740,  712.23,    446.82,    824.52,   1271.35
2026-06-02,06:35:56.661,  102.42,   48.09,  103.78,   48.73,  106.95,   51.92,   94.47,   43.05,   96.12,   45.34,   95.63,   44.00,  599.38,  281.13,     18780,  880.51,   21.45,   51.43,   23.23,   53.18,   21.98,   52.16,   17.47,   50.53,   18.87,   51.98,   16.97,   50.06,  119.96,  309.34,     18780,  429.30,    719.34,    590.47,   1309.80
2026-06-02,06:35:56.712,   87.19,   57.10,   88.14,   57.76,   89.56,   59.02,   84.03,   55.98,   84.05,   56.19,   83.44,   55.06,  516.42,  341.12,     18467,  857.54,   38.62,   94.34,   39.74,   95.20,   38.26,   93.43,   32.10,   92.52,   33.72,   95.07,   32.25,   93.16,  214.68,  563.72,     18408,  778.40,    731.09,    904.84,   1635.93
2026-06-02,06:35:56.762,   39.19,   52.56,   39.08,   52.07,   39.25,   52.67,   36.43,   50.88,   36.09,   51.33,   36.27,   51.58,  226.32,  311.10,     18760,  537.42,   31.45,   75.92,   32.09,   76.35,   32.09,   76.13,   27.83,   75.39,   27.80,   75.94,   27.70,   75.61,  178.97,  455.34,     18780,  634.31,    405.29,    766.44,   1171.73
2026-06-02,06:35:56.812,   81.58,   52.08,   83.21,   52.73,   83.01,   53.13,   76.06,   48.29,   79.42,   52.30,   76.06,   48.56,  479.34,  307.09,     18760,  786.43,   23.82,   91.26,   24.15,   91.22,   24.39,   90.56,   21.07,   89.56,   22.17,   91.53,   20.74,   90.15,  136.34,  544.28,     18780,  680.62,    615.68,    851.37,   1467.05
2026-06-02,06:35:56.862,   62.15,   43.99,   61.27,   43.19,   62.97,   44.63,   57.96,   41.70,   57.35,   41.11,   57.68,   41.12,  359.38,  255.75,     18800,  615.13,   22.24,   54.28,   23.20,   54.84,   22.55,   54.06,   16.17,   52.45,   16.92,   53.45,   15.98,   52.76,  117.06,  321.82,     18820,  438.88,    476.44,    577.57,   1054.01
2026-06-02,06:35:56.913,   30.12,   31.18,   29.91,   30.83,   30.13,   31.34,   28.46,   29.93,   28.61,   30.39,   28.57,   30.20,  175.80,  183.88,     18780,  359.67,   25.76,   78.51,   26.80,   79.29,   25.75,   77.78,   21.22,   77.21,   21.60,   78.84,   21.51,   79.09,  142.64,  470.72,     18800,  613.36,    318.44,    654.60,    973.04
2026-06-02,06:35:56.963,   26.67,   37.44,   26.14,   36.65,   27.05,   36.96,   24.85,   35.79,   25.13,   36.38,   25.01,   36.14,  154.83,  219.36,     18780,  374.19,   22.65,   68.33,   23.25,   68.77,   22.35,   67.94,   18.97,   67.30,   19.61,   67.89,   19.24,   67.51,  126.07,  407.74,     18800,  533.81,    280.90,    627.10,    908.00
2026-06-02,06:35:57.012,   81.33,   56.46,   82.49,   56.96,   84.83,   60.02,   75.81,   53.91,   76.62,   55.32,   77.98,   55.73,  479.07,  338.40,     18500,  817.47,   27.04,   92.81,   27.10,   92.76,   26.07,   91.00,   22.65,   89.79,   23.47,   91.72,   22.27,   91.14,  148.60,  549.21,     18440,  697.81,    627.67,    887.61,   1515.28
2026-06-02,06:35:57.063,   66.92,   47.59,   67.33,   47.43,   69.90,   50.01,   63.81,   46.51,   62.55,   45.66,   61.97,   44.64,  392.50,  281.83,     18820,  674.33,   21.13,   52.55,   22.17,   53.30,   21.39,   52.38,   15.64,   51.16,   16.50,   52.33,   15.62,   51.10,  112.45,  312.83,     18760,  425.27,    504.94,    594.66,   1099.60
2026-06-02,06:35:57.113,   34.58,   30.09,   34.63,   29.91,   35.06,   30.12,   33.79,   29.28,   33.66,   28.99,   33.71,   29.58,  205.42,  177.96,     18780,  383.38,   22.05,   67.58,   21.92,   67.66,   21.55,   66.39,   19.32,   66.92,   19.82,   68.16,   19.33,   68.17,  123.99,  404.89,     18800,  528.88,    329.40,    582.85,    912.25
2026-06-02,06:35:57.163,   53.28,   28.81,   53.50,   28.96,   55.61,   31.14,   50.44,   28.22,   50.86,   28.89,   48.89,   26.45,  312.59,  172.48,     18920,  485.07,   21.68,   82.40,   22.53,   82.12,   21.62,   81.76,   16.48,   79.43,   17.88,   81.30,   17.05,   79.99,  117.25,  487.01,     18840,  604.26,    429.84,    659.48,   1089.33
2026-06-02,06:35:57.214,  104.02,   41.64,  105.98,   43.74,  107.52,   45.19,   98.76,   39.33,   99.05,   40.41,  100.33,   40.56,  615.65,  250.88,     18760,  866.53,   30.02,  101.09,   31.45,  102.11,   30.83,  101.32,   24.23,  100.82,   25.42,  102.21,   24.14,  101.04,  166.09,  608.59,     18780,  774.69,    781.74,    859.47,   1641.22
2026-06-02,06:35:57.263,   42.13,   37.37,   42.43,   37.24,   42.55,   37.31,   40.08,   35.74,   39.59,   35.80,   40.11,   36.21,  246.89,  219.66,     18500,  466.55,   24.28,   43.32,   24.40,   43.66,   24.19,   43.26,   20.79,   42.11,   21.09,   42.70,   20.47,   42.07,  135.21,  257.12,     18360,  392.33,    382.10,    476.77,    858.88
2026-06-02,06:35:57.313,   40.08,   45.90,   39.82,   44.93,   40.30,   45.56,   38.67,   44.61,   39.03,   45.06,   38.73,   44.80,  236.64,  270.85,     18860,  507.49,   25.36,   73.01,   25.88,   73.41,   25.05,   71.97,   21.07,   70.67,   21.69,   71.69,   21.19,   71.74,  140.24,  432.49,     18820,  572.73,    376.88,    703.34,   1080.22
2026-06-02,06:35:57.363,   50.10,   45.45,   49.62,   44.76,   50.72,   45.65,   48.11,   43.83,   48.18,   44.30,   48.09,   44.38,  294.81,  268.38,     18740,  563.19,   94.64,  117.76,  100.67,  118.33,   94.40,  117.53,   90.23,  117.64,   91.30,  118.80,   90.71,  119.07,  561.96,  709.12,    117780, 1271.08,    856.77,    977.50,   1834.27
2026-06-02,06:35:57.413,  114.68,   67.89,  115.25,   67.59,  124.76,   78.18,  104.47,   60.68,  108.10,   65.33,  105.52,   62.12,  672.78,  401.79,     18860, 1074.57,   29.69,   57.03,   51.89,   58.06,   30.89,   57.50,   26.34,   55.72,   28.10,   57.63,   27.22,   57.15,  194.13,  343.10,     18800,  537.23,    866.91,    744.89,   1611.80
2026-06-02,06:35:57.464,  203.60,  131.92,  203.55,  130.57,  208.96,  138.78,  195.12,  126.17,  198.15,  130.27,  195.67,  126.84, 1205.06,  784.54,     24000, 1989.60,   77.50,  115.11,   94.15,  115.47,   77.45,  115.03,   72.68,  115.46,   75.90,  118.06,   73.18,  115.29,  470.86,  694.42,    121360, 1165.27,   1675.92,   1478.96,   3154.88
2026-06-02,06:35:57.514,  124.43,   64.76,  124.79,   64.09,  126.70,   66.47,  119.31,   60.54,  122.19,   64.33,  119.00,   58.75,  736.42,  378.95,     18720, 1115.37,   34.04,   84.17,   56.85,   85.80,   34.51,   84.63,   28.84,   83.20,   29.84,   84.30,   28.78,   83.49,  212.86,  505.59,     18680,  718.46,    949.28,    884.54,   1833.82
2026-06-02,06:35:57.564,   46.97,   45.37,   48.75,   46.70,   47.44,   45.47,   44.32,   43.52,   45.46,   45.37,   44.07,   43.92,  277.01,  270.35,     23400,  547.36,   27.48,   42.22,   43.30,   43.45,   27.90,   42.40,   22.48,   39.97,   23.35,   40.77,   22.81,   40.26,  167.32,  249.07,     46640,  416.39,    444.33,    519.42,    963.75
2026-06-02,06:35:57.614,   47.79,   55.85,   49.27,   55.29,   48.72,   56.35,   45.33,   54.68,   45.76,   55.50,   45.08,   54.33,  281.94,  331.99,     19260,  613.93,   70.34,   96.33,   83.01,  101.92,   69.68,   95.71,   68.08,   95.68,   69.71,   97.36,   69.06,   97.00,  429.87,  584.01,    364300, 1013.88,    711.81,    915.99,   1627.81
2026-06-02,06:35:57.665,   95.55,   57.67,   96.43,   57.88,   98.15,   60.23,   89.28,   52.79,   91.34,   55.74,   90.15,   53.74,  560.90,  338.05,     18720,  898.95,   28.12,   85.38,   28.13,   85.39,   28.52,   85.23,   23.49,   83.83,   25.22,   85.81,   23.92,   84.48,  157.39,  510.12,     18740,  667.51,    718.29,    848.17,   1566.46
2026-06-02,06:35:57.715,   56.15,   47.80,   55.20,   46.72,   56.81,   48.64,   52.84,   45.76,   51.75,   44.95,   52.62,   45.48,  325.36,  279.35,     18760,  604.71,   22.90,   74.24,   22.78,   75.00,   23.20,   74.76,   17.76,   73.39,   18.49,   73.61,   17.86,   73.92,  122.99,  444.92,     18700,  567.92,    448.35,    724.28,   1172.63
2026-06-02,06:35:57.764,   48.34,   53.70,   47.48,   52.74,   48.26,   53.39,   46.19,   52.56,   46.25,   52.72,   46.13,   52.59,  282.65,  317.69,     18360,  600.34,   58.22,   78.82,   58.00,   79.40,   57.36,   78.41,   52.26,   77.38,   52.35,   77.50,   51.91,   77.80,  330.09,  469.33,     18400,  799.42,    612.74,    787.02,   1399.77
2026-06-02,06:35:57.814,   88.11,   58.35,   88.59,   57.86,   90.00,   59.58,   84.37,   57.56,   82.55,   56.51,   81.91,   55.04,  515.54,  344.90,     18800,  860.43,   32.71,   93.21,   32.53,   93.46,   32.43,   93.16,   27.82,   92.06,   29.18,   92.73,   27.46,   92.04,  182.12,  556.66,     18740,  738.78,    697.66,    901.55,   1599.21
2026-06-02,06:35:57.864,   79.01,   32.74,   79.84,   33.45,   81.58,   35.07,   77.29,   31.76,   74.98,   29.68,   76.60,   30.78,  469.30,  193.50,     18760,  662.80,   20.50,   71.24,   20.97,   71.90,   20.83,   71.40,   17.27,   70.19,   19.08,   71.56,   17.32,   70.47,  115.97,  426.77,     18720,  542.73,    585.27,    620.27,   1205.53
2026-06-02,06:35:57.914,   51.31,   53.25,   50.86,   52.63,   51.11,   53.55,   47.75,   51.09,   47.72,   51.04,   47.43,   50.87,  296.18,  312.44,     18680,  608.62,   24.99,   69.53,   25.07,   69.78,   24.67,   68.97,   20.49,   68.66,   21.15,   69.64,   20.44,   69.09,  136.83,  415.66,     18700,  552.49,    433.01,    728.10,   1161.11
2026-06-02,06:35:57.965,   73.02,   54.75,   73.10,   54.34,   73.63,   55.50,   66.68,   50.34,   68.48,   52.81,   67.59,   50.67,  422.51,  318.42,     18720,  740.92,   22.11,   48.27,   22.70,   49.04,   22.63,   47.80,   18.47,   46.46,   19.90,   48.13,   18.74,   47.48,  124.55,  287.17,     18740,  411.72,    547.06,    605.59,   1152.65
2026-06-02,06:35:58.015,   86.21,   57.68,   88.98,   60.80,   90.93,   62.61,   84.52,   56.66,   83.86,   56.42,   84.22,   56.15,  518.71,  350.33,     18680,  869.04,   26.90,   83.15,   27.39,   84.21,   27.24,   83.16,   21.54,   80.94,   23.05,   82.53,   21.65,   81.96,  147.77,  495.96,     18680,  643.74,    666.48,    846.30,   1512.78
2026-06-02,06:35:58.065,   38.35,   44.33,   38.38,   43.61,   38.70,   44.04,   37.01,   43.01,   37.14,   43.63,   36.62,   43.29,  226.20,  261.92,     18720,  488.12,   22.10,   73.24,   22.32,   73.40,   22.12,   72.65,   17.79,   72.22,   18.49,   73.41,   17.59,   73.16,  120.42,  438.08,     18720,  558.50,    346.62,    700.00,   1046.62
2026-06-02,06:35:58.115,   23.79,   39.63,   23.42,   38.80,   24.15,   39.46,   21.93,   38.17,   22.15,   38.36,   22.06,   38.27,  137.50,  232.68,     18720,  370.18,   17.17,   48.56,   17.17,   48.86,   17.20,   48.37,   14.91,   47.37,   15.71,   47.77,   14.69,   47.61,   96.86,  288.55,     18680,  385.40,    234.36,    521.23,    755.59
2026-06-02,06:35:58.165,   86.42,   52.14,   87.14,   51.42,   88.39,   53.43,   82.48,   49.82,   82.66,   50.39,   82.87,   49.69,  509.97,  306.90,     18700,  816.87,   18.84,   58.73,   18.96,   59.26,   19.34,   59.27,   14.06,   56.49,   15.45,   58.06,   14.25,   56.51,  100.90,  348.32,     18720,  449.21,    610.87,    655.22,   1266.08
2026-06-02,06:35:58.215,   58.94,   47.15,   58.26,   45.42,   60.14,   48.06,   57.31,   45.04,   56.73,   45.23,   56.96,   45.38,  348.33,  276.29,     18700,  624.62,   24.36,   71.87,   24.10,   72.11,   24.20,   72.34,   20.17,   71.15,   20.93,   71.60,   19.88,   71.07,  133.64,  430.14,     18720,  563.78,    481.98,    706.43,   1188.40
2026-06-02,06:35:58.265,   34.04,   40.19,   33.51,   39.49,   34.09,   39.90,   32.10,   38.65,   31.84,   38.50,   32.02,   38.25,  197.60,  234.98,     18760,  432.58,   20.97,   63.44,   20.62,   63.48,   20.73,   63.12,   16.94,   62.36,   16.90,   62.24,   16.60,   62.83,  112.75,  377.46,     18720,  490.22,    310.35,    612.44,    922.80
2026-06-02,06:35:58.315,   73.39,   58.30,   75.66,   59.91,   75.48,   59.98,   71.80,   58.18,   71.00,   57.46,   71.03,   57.00,  438.36,  350.82,     18720,  789.18,   24.22,   77.14,   23.58,   76.72,   23.95,   77.07,   20.61,   75.22,   21.19,   75.49,   20.33,   74.42,  133.87,  456.06,     18700,  589.93,    572.23,    806.87,   1379.11
2026-06-02,06:35:58.366,   75.50,   50.71,   74.67,   48.86,   76.84,   51.55,   72.19,   47.59,   71.12,   47.72,   71.54,   47.17,  441.86,  293.61,     18760,  735.47,   24.41,   55.17,   24.45,   55.89,   25.03,   56.06,   19.21,   54.50,   21.39,   56.03,   19.44,   54.68,  133.92,  332.33,     18700,  466.25,    575.78,    625.94,   1201.72
2026-06-02,06:35:58.416,   44.23,   47.85,   44.13,   47.37,   44.47,   47.36,   41.98,   45.65,   42.03,   45.85,   42.01,   45.72,  258.86,  279.79,     18700,  538.65,   20.89,   54.13,   20.40,   54.20,   20.59,   54.20,   19.18,   54.40,   19.54,   54.95,   18.89,   54.29,  119.49,  326.17,     18700,  445.67,    378.36,    605.97,    984.32
2026-06-02,06:35:58.467,  100.86,   80.74,  100.86,   79.50,  100.77,   80.32,   98.18,   78.70,   98.62,   79.21,   98.40,   78.61,  597.70,  477.08,     19060, 1074.78,   34.21,   91.02,   34.14,   91.40,   34.37,   91.12,   29.87,   90.77,   30.21,   91.17,   29.65,   90.63,  192.46,  546.11,     19060,  738.57,    790.16,   1023.19,   1813.35
2026-06-02,06:35:58.517,  161.39,  113.59,  161.11,  112.53,  165.80,  118.26,  152.47,  108.99,  154.26,  111.41,  152.34,  108.28,  947.37,  673.07,     18348, 1620.44,   55.73,   59.45,   55.90,   60.32,   56.26,   60.36,   50.07,   58.06,   52.63,   59.90,   51.05,   59.05,  321.64,  357.13,     18348,  678.78,   1269.01,   1030.20,   2299.22
2026-06-02,06:35:58.567,   82.78,   41.71,   84.52,   43.81,   84.89,   43.81,   80.69,   41.74,   80.37,   41.66,   82.46,   42.81,  495.71,  255.54,     18760,  751.25,   23.34,   64.01,   23.21,   64.20,   23.44,   64.51,   20.41,   64.29,   20.83,   64.07,   20.05,   63.48,  131.28,  384.57,     18720,  515.85,    626.99,    640.11,   1267.10
2026-06-02,06:35:58.617,   69.00,   61.90,   68.37,   61.09,   69.14,   61.62,   66.19,   60.66,   65.78,   60.54,   65.76,   60.65,  404.23,  366.46,     18760,  770.68,   29.00,   74.86,   28.80,   75.41,   28.97,   74.92,   25.10,   74.79,   25.54,   75.04,   25.16,   74.65,  162.57,  449.67,     18780,  612.24,    566.80,    816.13,   1382.93
2026-06-02,06:35:58.668,   29.53,   43.37,   29.14,   42.09,   29.54,   42.80,   27.68,   41.85,   27.67,   42.53,   27.83,   42.14,  171.39,  254.78,     18780,  426.16,   20.44,   56.08,   20.34,   56.33,   20.38,   56.07,   17.02,   55.44,   17.00,   55.69,   16.85,   55.66,  112.03,  335.27,     18800,  447.29,    283.41,    590.04,    873.46
2026-06-02,06:35:58.718,   96.51,   65.88,   97.90,   66.93,  100.47,   69.31,   87.38,   61.08,   89.38,   62.83,   90.37,   63.86,  562.00,  389.89,     18780,  951.89,   25.84,   74.34,   25.96,   75.60,   26.29,   74.74,   22.41,   73.60,   23.92,   74.64,   22.42,   73.66,  146.84,  446.59,     18820,  593.43,    708.84,    836.47,   1545.32
2026-06-02,06:35:58.768,   98.68,   55.39,   98.51,   54.65,  100.79,   57.07,   93.14,   51.93,   92.53,   52.43,   95.48,   54.80,  579.13,  326.28,     18800,  905.41,   27.68,   87.02,   27.46,   87.28,   27.83,   87.02,   22.03,   86.31,   22.76,   86.51,   21.66,   86.41,  149.41,  520.56,     18820,  669.97,    728.54,    846.84,   1575.38
2026-06-02,06:35:58.819,   62.86,   55.04,   61.77,   53.26,   62.78,   54.51,   55.04,   50.19,   56.01,   51.56,   56.23,   51.60,  354.70,  316.16,     18780,  670.86,   19.77,   31.84,   20.10,   31.79,   20.04,   31.47,   16.34,   29.35,   17.17,   29.89,   16.44,   29.35,  109.86,  183.69,     18760,  293.55,    464.56,    499.85,    964.41
2026-06-02,06:35:58.868,   86.63,   61.19,   87.99,   62.15,   93.70,   67.81,   83.30,   60.40,   83.00,   61.01,   82.01,   59.21,  516.63,  371.77,     18540,  888.40,   26.16,   77.24,   25.96,   77.62,   26.30,   78.02,   23.14,   77.88,   24.51,   79.05,   23.16,   78.16,  149.23,  467.96,     18400,  617.19,    665.86,    839.74,   1505.59
2026-06-02,06:35:58.918,   45.13,   37.12,   45.18,   36.97,   45.02,   37.00,   43.13,   35.88,   42.85,   35.79,   42.99,   36.02,  264.29,  218.77,     18840,  483.06,   15.81,   40.49,   16.25,   40.83,   15.83,   40.03,   10.91,   38.13,   11.66,   38.90,   11.06,   38.13,   81.53,  236.51,     18780,  318.04,    345.82,    455.28,    801.11
2026-06-02,06:35:58.969,   39.88,   45.76,   39.08,   44.69,   39.49,   45.22,   37.48,   43.51,   37.58,   44.32,   37.44,   44.15,  230.96,  267.65,     18780,  498.62,   23.20,   69.91,   23.29,   69.85,   23.39,   69.95,   19.64,   69.31,   19.96,   69.89,   19.51,   70.00,  128.98,  418.91,     18820,  547.89,    359.94,    686.57,   1046.50
2026-06-02,06:35:59.019,   24.99,   39.67,   24.57,   38.75,   25.37,   39.40,   23.82,   38.51,   23.96,   39.13,   23.53,   38.44,  146.24,  233.90,     18760,  380.14,   19.14,   54.00,   18.87,   54.15,   18.79,   53.72,   16.43,   52.95,   16.46,   53.01,   15.78,   52.94,  105.48,  320.76,     18780,  426.24,    251.72,    554.66,    806.38
2026-06-02,06:35:59.069,   99.29,   45.54,   99.21,   44.75,  100.79,   47.13,   94.09,   44.28,   92.69,   43.57,   93.54,   43.65,  579.62,  268.92,     18900,  848.54,   26.17,  100.14,   26.64,  101.25,   26.16,  100.47,   21.54,   99.45,   22.69,  100.25,   21.36,   99.45,  144.55,  601.00,     18800,  745.56,    724.17,    869.92,   1594.09
2026-06-02,06:35:59.118,   48.09,   37.60,   46.35,   35.55,   46.50,   35.56,   43.75,   34.10,   44.65,   35.09,   43.67,   33.95,  273.00,  211.85,     18420,  484.85,   15.09,   39.39,   15.15,   39.52,   15.02,   39.35,   10.55,   37.55,   11.17,   37.71,   10.02,   36.91,   77.00,  230.45,     18400,  307.45,    350.00,    442.30,    792.30
2026-06-02,06:35:59.169,   43.62,   46.47,   43.18,   45.60,   43.62,   46.41,   41.29,   44.84,   41.35,   45.26,   41.37,   45.09,  254.44,  273.68,     18860,  528.12,   20.05,   56.26,   19.96,   56.94,   19.47,   56.12,   18.73,   56.76,   18.70,   56.72,   18.22,   56.86,  115.13,  339.66,     18760,  454.79,    369.57,    613.34,    982.90
2026-06-02,06:35:59.219,   57.65,   44.57,   59.27,   46.69,   61.15,   48.31,   52.29,   41.78,   53.64,   43.12,   52.83,   42.43,  336.84,  266.90,     18740,  603.75,   17.78,   36.44,   18.10,   36.75,   18.53,   36.79,   13.72,   34.20,   14.84,   35.41,   13.38,   34.56,   96.34,  214.14,     18760,  310.48,    433.19,    481.05,    914.23
2026-06-02,06:35:59.269,   99.54,   52.22,  101.42,   53.00,  104.77,   56.77,   95.86,   50.36,   95.70,   51.49,   95.45,   50.13,  592.74,  313.97,     18800,  906.71,   24.16,   73.85,   25.15,   76.14,   24.91,   75.20,   21.95,   75.32,   22.69,   75.46,   20.61,   74.55,  139.48,  450.52,     18840,  589.99,    732.22,    764.49,   1496.71
2026-06-02,06:35:59.320,   52.31,   57.51,   51.88,   56.36,   52.76,   57.62,   48.72,   55.18,   48.98,   55.47,   48.58,   55.07,  303.23,  337.22,     18780,  640.45,   25.51,   65.98,   25.20,   65.95,   25.26,   65.90,   22.14,   66.14,   22.30,   66.03,   21.30,   65.85,  141.71,  395.86,     18800,  537.57,    444.94,    733.08,   1178.02
2026-06-02,06:35:59.370,   97.54,   62.55,   97.94,   61.87,  101.44,   65.64,   90.20,   57.69,   91.45,   60.03,   91.43,   59.34,  570.00,  367.12,     18840,  937.12,   33.18,   86.84,   33.35,   87.87,   33.61,   87.50,   28.18,   84.98,   28.95,   85.02,   28.03,   85.79,  185.31,  518.00,     18840,  703.31,    755.31,    885.12,   1640.43
2026-06-02,06:35:59.419,   53.27,   43.29,   53.13,   43.65,   53.74,   44.30,   50.46,   43.04,   50.44,   43.61,   48.80,   41.68,  309.84,  259.58,     18460,  569.42,   11.98,   19.29,   11.83,   19.41,   12.02,   19.04,    9.90,   18.37,   10.75,   18.82,    9.84,   17.97,   66.33,  112.90,     18400,  179.22,    376.17,    372.47,    748.64
2026-06-02,06:35:59.470,   84.35,   64.62,   84.89,   64.79,   84.21,   65.30,   81.99,   64.12,   82.96,   64.13,   82.53,   64.35,  500.93,  387.31,     18860,  888.24,   21.20,   49.29,   21.68,   49.88,   21.56,   49.53,   17.30,   49.36,   18.03,   49.98,   17.25,   49.50,  117.03,  297.54,     18800,  414.57,    617.96,    684.85,   1302.81
2026-06-02,06:35:59.520,  129.18,   91.86,  131.09,   93.59,  134.29,   97.45,  119.75,   88.44,  119.65,   88.05,  119.79,   87.93,  753.74,  547.31,     18780, 1301.06,   60.44,   78.03,   59.51,   77.94,   63.07,   81.23,   56.46,   76.69,   58.33,   78.56,   55.49,   75.89,  353.29,  468.34,     18800,  821.63,   1107.03,   1015.65,   2122.68
2026-06-02,06:35:59.570,   41.95,   56.91,   41.39,   56.09,   42.17,   56.57,   39.20,   55.49,   39.34,   55.95,   39.02,   54.91,  243.08,  335.92,     18880,  579.00,  102.57,  122.93,  103.02,  123.64,  102.70,  123.04,   88.06,  119.39,   88.52,  119.45,   87.79,  119.22,  572.66,  727.66,     18780, 1300.32,    815.74,   1063.58,   1879.32
2026-06-02,06:35:59.620,   64.19,   66.64,   64.51,   65.36,   64.60,   67.04,   62.28,   64.82,   62.82,   65.36,   62.54,   65.23,  380.94,  394.45,     18760,  775.39,   84.15,   61.71,   83.30,   62.14,   84.14,   62.18,   78.81,   60.95,   79.86,   61.51,   78.87,   61.07,  489.12,  369.57,     18720,  858.69,    870.06,    764.02,   1634.08
2026-06-02,06:35:59.670,  108.74,   60.94,  111.15,   62.64,  114.01,   66.70,  104.84,   60.43,  104.16,   59.82,  102.30,   56.63,  645.20,  367.17,     26560, 1012.37,   32.98,   26.22,   32.60,   26.00,   32.55,   25.93,   30.15,   24.85,   32.62,   26.52,   30.70,   24.71,  191.60,  154.22,     18760,  345.82,    836.81,    521.38,   1358.19
2026-06-02,06:35:59.721,   30.77,   48.59,   30.81,   47.97,   31.16,   48.55,   27.93,   46.31,   28.73,   46.94,   29.01,   46.45,  178.41,  284.81,     56160,  463.22,   44.99,   23.48,   44.54,   23.19,   44.28,   23.10,   40.69,   21.96,   41.94,   22.93,   40.94,   22.21,  257.37,  136.86,     18680,  394.23,    435.78,    421.67,    857.45
2026-06-02,06:35:59.771,   35.32,   40.78,   35.37,   40.52,   35.27,   40.48,   33.31,   39.41,   32.87,   39.63,   32.54,   39.22,  204.68,  240.04,     18680,  444.71,   42.50,   20.53,   41.97,   20.42,   42.59,   20.47,   40.59,   19.66,   41.23,   19.80,   40.90,   19.64,  249.79,  120.51,     18680,  370.30,    454.46,    360.55,    815.01
2026-06-02,06:35:59.821,   88.66,   64.63,   89.08,   63.43,   89.98,   64.41,   83.26,   59.75,   83.08,   60.87,   84.46,   62.24,  518.53,  375.33,     18680,  893.86,   38.98,   27.89,   38.70,   27.88,   38.51,   27.81,   35.63,   25.94,   37.30,   27.31,   35.67,   26.13,  224.79,  162.96,     18700,  387.75,    743.32,    538.29,   1281.61
2026-06-02,06:35:59.871,  115.36,   68.11,  114.27,   65.08,  118.54,   70.66,  106.15,   60.40,  107.12,   61.80,  107.39,   62.20,  668.82,  388.24,     18720, 1057.06,   34.25,   26.67,   33.52,   26.25,   33.79,   26.33,   31.16,   24.65,   34.09,   27.46,   31.40,   25.24,  198.21,  156.60,     18740,  354.81,    867.03,    544.84,   1411.87
2026-06-02,06:35:59.921,   52.04,   43.73,   51.22,   41.96,   53.68,   44.79,   49.09,   42.43,   47.83,   41.11,   48.57,   41.82,  302.44,  255.85,     18740,  558.29,   31.74,   18.26,   30.80,   17.61,   31.17,   18.01,   28.98,   16.28,   30.52,   17.75,   29.25,   16.86,  182.46,  104.77,     18700,  287.23,    484.89,    360.62,    845.52
2026-06-02,06:35:59.971,   56.85,   75.32,   57.85,   76.16,   57.37,   75.75,   55.22,   74.91,   56.09,   76.11,   55.01,   74.59,  338.40,  452.84,     18680,  791.24,  224.80,  113.15,  225.14,  113.16,  224.81,  112.34,  220.71,  110.44,  221.54,  111.12,  220.81,  110.95, 1337.81,  671.15,     18680, 2008.97,   1676.21,   1124.00,   2800.21
2026-06-02,06:36:00.021,   60.02,   66.13,   60.46,   66.37,   65.41,   71.41,   56.37,   64.20,   64.27,   71.85,   55.63,   64.06,  362.17,  404.01,     18740,  766.18,  316.49,  130.69,  309.91,  123.26,  311.38,  124.20,  309.13,  122.21,  310.41,  123.12,  311.96,  124.30, 1869.29,  747.77,     18740, 2617.07,   2231.46,   1151.79,   3383.25
2026-06-02,06:36:00.071,   71.61,   72.09,   72.76,   73.10,   81.84,   82.93,   66.37,   68.93,   76.45,   78.74,   65.93,   68.58,  434.96,  444.38,     18780,  879.35,  413.48,  117.42,  405.52,  109.24,  409.06,  110.89,  405.38,  107.72,  406.24,  110.22,  405.87,  110.04, 2445.56,  665.54,     18800, 3111.10,   2880.53,   1109.92,   3990.45
2026-06-02,06:36:00.121,  133.96,   65.96,  137.08,   69.45,  136.90,   68.85,  130.62,   63.14,  130.48,   64.55,  130.41,   62.93,  799.45,  394.89,     18740, 1194.34,  632.10,  152.89,  632.30,  152.60,  633.42,  152.45,  630.96,  151.51,  631.82,  152.81,  630.01,  151.38, 3790.62,  913.65,     18740, 4704.27,   4590.07,   1308.54,   5898.61
2026-06-02,06:36:00.172,   79.73,   39.36,   80.18,   38.66,   81.77,   40.56,   78.77,   38.31,   79.68,   40.54,   79.01,   37.74,  479.14,  235.16,     18680,  714.30,  409.25,   37.22,  409.25,   37.26,  409.04,   37.41,  405.32,   36.17,  404.87,   37.31,  404.80,   36.25, 2442.53,  221.62,     18680, 2664.15,   2921.67,    456.78,   3378.45
2026-06-02,06:36:00.222,   12.19,   17.58,   11.89,   17.32,   11.91,   17.17,   10.63,   15.89,   10.20,   15.24,   10.03,   15.08,   66.86,   98.29,     18720,  165.15,  183.63,   18.05,  184.41,   18.33,  184.18,   17.59,  181.61,   16.85,  181.73,   17.67,  180.48,   17.15, 1096.04,  105.63,     18740, 1201.67,   1162.89,    203.92,   1366.82
2026-06-02,06:36:00.272,   49.53,   28.32,   50.72,   29.22,   51.44,   30.07,   47.94,   27.14,   48.03,   26.52,   47.29,   25.54,  294.95,  166.80,     18740,  461.75,  227.14,   42.85,  227.45,   43.54,  227.11,   43.01,  225.96,   41.58,  226.20,   42.58,  225.95,   42.10, 1359.82,  255.67,     18700, 1615.49,   1654.76,    422.48,   2077.24
2026-06-02,06:36:00.322,   97.34,   34.01,   97.36,   33.38,   98.01,   34.99,   96.72,   34.50,   94.11,   32.44,   94.48,   32.13,  578.02,  201.45,     18780,  779.47,  483.26,  168.50,  483.15,  168.61,  483.78,  168.13,  482.37,  166.67,  482.73,  167.15,  482.03,  166.71, 2897.33, 1005.78,     18760, 3903.11,   3475.35,   1207.23,   4682.58
2026-06-02,06:36:00.372,   44.37,   35.02,   44.56,   34.49,   44.68,   34.50,   42.72,   33.27,   42.30,   33.35,   42.59,   32.92,  261.22,  203.55,     18680,  464.76,  507.28,  151.00,  508.83,  151.22,  508.15,  150.76,  505.22,  148.94,  504.13,  149.31,  503.64,  148.72, 3037.25,  899.96,     18840, 3937.21,   3298.46,   1103.51,   4401.97
2026-06-02,06:36:00.422,  108.96,   54.36,  110.30,   54.53,  113.15,   58.90,  103.20,   50.60,  101.61,   49.74,  104.14,   51.43,  641.36,  319.57,     18740,  960.93,  541.25,  137.35,  542.82,  137.84,  542.37,  137.00,  538.66,  134.05,  539.83,  135.87,  539.01,  134.93, 3243.94,  817.03,     18720, 4060.97,   3885.30,   1136.60,   5021.90
2026-06-02,06:36:00.472,  107.40,   75.38,  107.75,   75.37,  107.51,   75.53,  105.50,   73.40,  105.51,   73.04,  105.35,   73.22,  639.02,  445.95,     18700, 1084.97,  422.74,   50.57,  422.69,   50.52,  421.94,   50.09,  420.36,   49.81,  419.72,   50.28,  419.19,   50.09, 2526.64,  301.36,     18740, 2828.00,   3165.67,    747.30,   3912.97
2026-06-02,06:36:00.522,  138.38,   84.19,  139.81,   84.44,  141.52,   87.26,  131.81,   79.44,  132.83,   81.47,  131.76,   78.96,  816.12,  495.76,     18740, 1311.88,  316.09,    7.90,  315.97,    8.90,  315.87,    8.21,  314.07,    7.50,  314.16,    8.52,  312.30,    7.49, 1888.45,   48.52,     18740, 1936.98,   2704.57,    544.28,   3248.85
2026-06-02,06:36:00.573,   85.68,   56.07,   86.76,   56.12,   85.33,   54.86,   81.43,   52.85,   81.57,   53.43,   81.82,   53.24,  502.59,  326.57,     18720,  829.16,  325.58,  143.74,  326.20,  144.26,  325.21,  143.52,  313.99,  137.06,  315.48,  138.00,  317.72,  139.07, 1924.18,  845.65,     18760, 2769.83,   2426.77,   1172.22,   3598.99
2026-06-02,06:36:00.623,   29.20,   44.62,   29.44,   44.61,   29.25,   44.75,   27.14,   43.10,   27.02,   42.91,   27.19,   43.25,  169.24,  263.24,     18720,  432.48,  472.56,  153.30,  473.69,  152.81,  472.58,  151.84,  470.73,  150.71,  469.51,  150.37,  468.32,  149.88, 2827.40,  908.91,     18760, 3736.31,   2996.64,   1172.15,   4168.79
2026-06-02,06:36:00.673,   48.50,   35.52,   50.92,   37.85,   49.23,   35.78,   45.61,   32.93,   45.26,   32.93,   45.64,   33.22,  285.17,  208.24,     18760,  493.41,  495.35,  120.89,  495.35,  120.77,  494.44,  120.86,  494.15,  119.51,  494.20,  119.84,  493.11,  119.42, 2966.60,  721.29,     18800, 3687.88,   3251.77,    929.52,   4181.29
2026-06-02,06:36:00.723,  133.80,   70.38,  135.36,   70.74,  137.80,   73.66,  128.90,   67.06,  128.30,   67.52,  128.99,   67.14,  793.16,  416.50,     18680, 1209.66,  359.13,   65.02,  358.11,   64.97,  357.20,   64.84,  354.48,   63.71,  355.17,   65.01,  353.64,   63.70, 2137.73,  387.25,     18760, 2524.98,   2930.89,    803.75,   3734.65
2026-06-02,06:36:00.773,  100.43,   59.49,  100.19,   57.36,  103.44,   61.89,   96.04,   56.25,   95.53,   56.10,   96.17,   56.63,  591.81,  347.73,     18760,  939.54,  294.59,  108.77,  297.02,  110.36,  297.12,  109.12,  294.18,  108.75,  292.99,  108.20,  293.02,  108.23, 1768.92,  653.43,     18760, 2422.35,   2360.72,   1001.16,   3361.89
2026-06-02,06:36:00.823,  107.05,   54.82,  108.56,   55.21,  108.96,   56.83,  104.11,   52.69,  104.32,   54.01,  104.35,   51.90,  637.36,  325.46,     18468,  962.82,  419.92,  108.84,  421.82,  110.05,  421.70,  109.50,  418.36,  107.43,  417.23,  107.82,  416.40,  107.62, 2515.43,  651.26,     18348, 3166.68,   3152.79,    976.72,   4129.51
2026-06-02,06:36:00.874,   38.91,   57.33,   39.01,   56.72,   38.86,   56.79,   36.83,   55.79,   36.54,   55.91,   36.73,   55.26,  226.88,  337.79,     18740,  564.67,  277.02,  135.02,  279.65,  136.25,  278.05,  134.99,  268.70,  127.89,  268.09,  128.38,  268.15,  128.57, 1639.65,  791.10,     18780, 2430.75,   1866.54,   1128.89,   2995.42
2026-06-02,06:36:00.924,   17.01,   33.31,   16.75,   32.78,   17.19,   32.93,   14.74,   31.85,   14.99,   32.16,   14.53,   31.75,   95.21,  194.78,     18740,  289.99,  343.86,  200.04,  343.58,  200.52,  343.18,  200.51,  330.00,  190.67,  331.51,  191.31,  330.31,  190.84, 2022.44, 1173.88,     18800, 3196.32,   2117.65,   1368.66,   3486.31
2026-06-02,06:36:00.974,   92.67,   90.65,   94.82,   92.01,   95.86,   93.67,   88.31,   88.45,   87.56,   87.65,   88.69,   88.45,  547.91,  540.88,     18740, 1088.79,  514.57,  170.45,  513.53,  169.99,  512.92,  169.03,  506.75,  165.39,  509.43,  166.41,  508.40,  165.30, 3065.60, 1006.57,     18740, 4072.17,   3613.51,   1547.45,   5160.96
2026-06-02,06:36:01.024,   57.93,   54.16,   58.27,   53.47,   58.66,   53.86,   54.72,   51.34,   54.57,   52.61,   54.00,   51.45,  338.15,  316.90,     18760,  655.05,  304.27,   61.54,  303.86,   61.50,  303.14,   61.63,  298.23,   60.94,  298.69,   61.00,  297.15,   60.77, 1805.33,  367.38,     18740, 2172.71,   2143.49,    684.28,   2827.76
2026-06-02,06:36:01.074,   50.96,   55.22,   50.59,   54.99,   51.12,   55.10,   48.10,   54.25,   48.06,   53.91,   48.53,   54.11,  297.36,  327.57,     18740,  624.93,   69.21,   61.31,   69.54,   61.03,   69.02,   60.58,   64.31,   59.05,   64.44,   59.68,   64.42,   59.49,  400.94,  361.15,     18740,  762.09,    698.31,    688.72,   1387.02
2026-06-02,06:36:01.124,   22.76,   29.72,   22.46,   29.17,   22.72,   29.65,   21.79,   28.59,   21.87,   29.03,   21.96,   28.89,  133.57,  175.05,     18700,  308.62,   29.26,   57.05,   29.54,   57.30,   30.03,   57.23,   24.41,   56.25,   24.94,   57.02,   24.05,   56.36,  162.25,  341.22,     18720,  503.46,    295.81,    516.27,    812.08
2026-06-02,06:36:01.175,  106.40,   67.93,  108.61,   70.23,  110.61,   72.08,  103.05,   68.15,  102.89,   67.99,  101.61,   65.66,  633.16,  412.03,     18700, 1045.20,  148.92,  104.65,  148.88,  104.63,  148.38,  104.62,  142.70,  103.12,  144.51,  105.29,  142.94,  102.92,  876.32,  625.22,     18680, 1501.54,   1509.49,   1037.25,   2546.74
2026-06-02,06:36:01.225,   57.73,   43.23,   57.24,   42.61,   57.57,   42.80,   54.73,   41.37,   55.32,   42.82,   54.89,   41.21,  337.49,  254.04,     18760,  591.53,  165.35,   89.95,  164.50,   89.33,  164.91,   89.33,  160.40,   88.72,  160.51,   89.47,  159.33,   88.50,  974.99,  535.29,     18740, 1510.28,   1312.47,    789.34,   2101.81
2026-06-02,06:36:01.275,   23.39,   27.06,   23.67,   27.19,   23.34,   26.81,   22.80,   26.43,   22.73,   26.64,   22.71,   26.33,  138.64,  160.45,     18700,  299.09,   62.50,   49.59,   62.43,   49.66,   62.43,   49.55,   57.68,   48.70,   57.98,   49.08,   57.66,   48.91,  360.68,  295.50,     18800,  656.18,    499.32,    455.95,    955.27
2026-06-02,06:36:01.325,   76.47,   50.41,   75.88,   49.67,   79.78,   54.02,   72.20,   48.38,   71.82,   48.37,   72.27,   48.28,  448.42,  299.13,     18740,  747.56,   33.08,   47.31,   33.37,   47.89,   33.58,   48.20,   29.72,   46.33,   30.82,   47.53,   29.74,   45.80,  190.30,  283.06,     18720,  473.36,    638.73,    582.19,   1220.92
2026-06-02,06:36:01.375,   69.15,   51.91,   71.07,   53.82,   73.02,   56.41,   64.51,   51.10,   66.63,   53.22,   64.25,   50.47,  408.65,  316.93,     18720,  725.57,   40.56,   62.03,   41.57,   62.87,   42.68,   63.75,   37.35,   62.18,   38.49,   63.13,   37.98,   63.23,  238.63,  377.19,     18720,  615.82,    647.27,    694.12,   1341.39
2026-06-02,06:36:01.425,   61.48,   54.08,   60.09,   52.95,   61.91,   54.44,   58.01,   53.16,   56.45,   51.59,   57.11,   52.04,  355.05,  318.25,     18760,  673.30,   44.93,   62.43,   44.97,   63.09,   45.34,   63.04,   37.21,   59.01,   37.06,   58.97,   36.13,   58.37,  245.64,  364.92,     18720,  610.56,    600.68,    683.18,   1283.86
2026-06-02,06:36:01.475,  105.10,   91.74,  103.91,   90.38,  104.13,   91.44,   99.58,   88.77,  100.87,   89.57,  100.09,   88.89,  613.68,  540.78,     18700, 1154.46,   96.09,   62.44,   96.59,   63.05,   96.66,   62.32,   88.37,   60.19,   88.69,   61.11,   88.58,   60.42,  554.98,  369.52,     18740,  924.50,   1168.66,    910.30,   2078.96
2026-06-02,06:36:01.526,  183.93,  109.19,  184.57,  108.76,  190.92,  116.61,  175.15,  104.37,  176.46,  106.55,  174.45,  103.53, 1085.48,  649.01,     18800, 1734.49,   47.78,   32.86,   47.77,   32.92,   48.44,   33.38,   46.03,   32.15,   49.09,   35.65,   45.34,   31.90,  284.45,  198.86,     18760,  483.30,   1369.93,    847.86,   2217.79
2026-06-02,06:36:01.576,   38.23,   50.68,   38.08,   50.27,   38.05,   50.51,   34.28,   49.32,   34.62,   49.45,   34.17,   49.01,  217.43,  299.23,     18720,  516.66,   23.61,   15.74,   23.87,   15.95,   23.77,   16.07,   22.94,   15.66,   22.92,   15.54,   23.06,   15.52,  140.17,   94.48,     18700,  234.65,    357.59,    393.72,    751.31
2026-06-02,06:36:01.626,   92.08,   70.13,   92.88,   70.71,   94.80,   72.45,   88.41,   68.72,   87.38,   68.25,   87.26,   67.53,  542.82,  417.77,     18800,  960.59,   17.81,   14.04,   18.00,   14.50,   18.07,   14.26,   15.56,   13.34,   17.35,   14.98,   16.08,   13.58,  102.88,   84.70,     18760,  187.58,    645.69,    502.47,   1148.16
2026-06-02,06:36:01.676,   57.47,   48.01,   56.45,   46.79,   57.00,   47.61,   55.10,   46.81,   54.09,   46.43,   55.31,   47.33,  335.43,  282.98,     18820,  618.41,   13.93,    7.37,   13.61,    7.19,   14.10,    7.64,   12.70,    7.06,   13.18,    7.35,   12.73,    7.13,   80.25,   43.74,     18760,  123.99,    415.68,    326.72,    742.41
2026-06-02,06:36:01.726,   39.70,   36.93,   40.22,   37.15,   46.22,   43.04,   36.31,   34.60,   38.39,   36.85,   37.41,   35.56,  238.26,  224.13,     18760,  462.38,   10.86,    8.92,   11.40,    9.35,   11.27,    9.12,    9.56,    8.33,   11.29,    9.64,    9.80,    8.36,   64.18,   53.72,     18760,  117.90,    302.44,    277.85,    580.28
2026-06-02,06:36:01.777,   92.24,   62.20,   91.11,   60.05,   94.85,   63.88,   87.37,   60.25,   87.69,   61.62,   87.56,   60.60,  540.83,  368.60,     18760,  909.43,   21.88,   16.59,   21.68,   17.01,   22.18,   17.24,   19.73,   15.74,   20.91,   16.83,   19.76,   15.70,  126.13,   99.11,     18740,  225.25,    666.96,    467.71,   1134.67
2026-06-02,06:36:01.826,   43.58,   44.14,   44.57,   44.58,   46.15,   45.68,   40.94,   43.78,   40.73,   43.58,   41.52,   44.34,  257.50,  266.09,     18400,  523.59,    9.53,    7.52,    9.59,    7.56,    9.64,    7.73,    8.79,    6.99,    9.65,    7.82,    8.57,    6.60,   55.78,   44.22,     18440,  100.00,    313.27,    310.31,    623.59
2026-06-02,06:36:01.876,   70.84,   47.12,   75.00,   50.89,   77.20,   53.21,   69.38,   47.69,   70.08,   48.69,   68.59,   46.88,  431.08,  294.49,     18780,  725.57,    7.54,    5.15,    8.49,    6.25,    8.11,    5.93,    8.20,    6.52,    8.36,    6.19,    7.90,    5.68,   48.60,   35.72,     18740,   84.31,    479.68,    330.20,    809.88
2026-06-02,06:36:01.926,   57.94,   59.91,   58.47,   60.16,   58.69,   60.27,   53.13,   58.10,   54.49,   59.98,   54.30,   59.80,  337.02,  358.22,     18780,  695.24,   13.68,    8.30,   13.89,    8.59,   13.89,    8.53,   12.86,    7.87,   13.41,    8.30,   12.78,    7.66,   80.49,   49.26,     18740,  129.75,    417.51,    407.48,    824.99
2026-06-02,06:36:01.977,   34.15,   42.76,   34.40,   42.34,   35.75,   44.13,   31.22,   40.99,   32.46,   42.31,   31.69,   41.25,  199.67,  253.78,     18760,  453.45,   10.02,    6.04,   10.02,    6.20,    9.90,    5.95,    9.29,    5.58,   10.21,    6.48,    9.36,    5.55,   58.80,   35.80,     18760,   94.60,    258.47,    289.58,    548.05
2026-06-02,06:36:02.027,   84.49,   54.48,   85.79,   55.65,   87.58,   57.03,   80.69,   53.16,   81.38,   53.82,   82.80,   54.79,  502.73,  328.94,     18840,  831.67,   10.29,    6.47,    9.94,    6.33,   10.63,    6.82,    9.59,    6.15,   10.78,    7.23,   10.08,    6.25,   61.30,   39.24,     18720,  100.54,    564.03,    368.18,    932.21
2026-06-02,06:36:02.077,   41.24,   45.73,   41.42,   45.71,   41.03,   45.33,   38.87,   44.99,   38.39,   44.82,   38.34,   44.66,  239.29,  271.23,     18740,  510.53,    9.47,    6.31,    9.53,    6.58,    9.44,    6.43,    9.14,    6.40,    8.97,    6.25,    8.82,    6.20,   55.35,   38.16,     18720,   93.52,    294.65,    309.40,    604.04
2026-06-02,06:36:02.127,   27.12,   41.05,   26.63,   41.15,   26.43,   41.10,   24.70,   40.33,   24.76,   40.30,   24.78,   40.10,  154.43,  244.04,     18760,  398.47,    5.74,    3.70,    5.86,    3.95,    5.63,    3.78,    5.36,    3.67,    5.59,    3.74,    5.52,    3.65,   33.72,   22.48,     18760,   56.20,    188.14,    266.53,    454.67
2026-06-02,06:36:02.177,   21.66,   40.52,   21.48,   40.19,   21.74,   40.51,   19.96,   39.37,   19.73,   39.45,   19.86,   39.49,  124.44,  239.54,     18760,  363.97,    5.11,    3.39,    4.93,    3.30,    4.91,    3.29,    4.75,    3.20,    4.78,    3.26,    4.58,    3.03,   29.06,   19.47,     18720,   48.53,    153.50,    259.01,    412.50
2026-06-02,06:36:02.228,   25.55,   36.06,   25.29,   35.45,   25.13,   35.50,   24.55,   34.96,   24.69,   35.29,   24.65,   34.81,  149.86,  212.07,     18760,  361.93,    6.78,    3.34,    6.59,    3.31,    6.63,    3.15,    6.49,    3.19,    6.62,    3.40,    6.56,    3.34,   39.68,   19.73,     18760,   59.41,    189.54,    231.81,    421.34
2026-06-02,06:36:02.278,  123.93,   79.45,  125.70,   80.30,  129.21,   83.49,  116.96,   75.98,  118.27,   78.69,  117.88,   77.17,  731.94,  475.09,     18740, 1207.02,   19.02,   14.14,   18.80,   14.62,   19.35,   14.52,   16.69,   13.55,   19.42,   15.92,   16.83,   13.29,  110.11,   86.04,     18780,  196.15,    842.05,    561.13,   1403.17
2026-06-02,06:36:02.327,   68.09,   47.41,   68.65,   47.81,   68.39,   48.15,   64.93,   47.45,   64.36,   47.58,   62.98,   45.90,  397.40,  284.29,     18560,  681.69,   15.25,   13.28,   15.30,   13.64,   15.59,   13.74,   13.03,   12.46,   14.34,   13.62,   13.50,   12.52,   87.00,   79.27,     18380,  166.27,    484.40,    363.56,    847.96
2026-06-02,06:36:02.377,   50.41,   55.58,   50.04,   55.25,   50.44,   55.56,   48.14,   54.66,   47.80,   54.09,   47.35,   53.76,  294.18,  328.89,     18760,  623.07,   22.78,   11.85,   23.03,   12.23,   23.10,   11.98,   21.90,   11.41,   22.16,   11.45,   21.74,   11.26,  134.72,   70.17,     18800,  204.89,    428.89,    399.06,    827.96
2026-06-02,06:36:02.428,   31.28,   28.15,   31.33,   27.87,   30.91,   27.94,   29.51,   27.40,   29.18,   28.03,   29.57,   28.23,  181.78,  167.62,     18760,  349.40,    7.22,    5.34,    7.29,    5.35,    7.16,    5.15,    6.62,    4.79,    6.44,    4.75,    6.51,    4.70,   41.24,   30.09,     18840,   71.32,    223.02,    197.71,    420.73
2026-06-02,06:36:02.478,  194.02,  114.20,  193.58,  112.65,  204.24,  123.94,  181.92,  106.96,  186.29,  109.91,  182.18,  105.79, 1142.23,  673.45,     18920, 1815.68,   21.70,   15.93,   23.34,   17.68,   22.20,   16.42,   20.96,   16.25,   24.16,   18.90,   20.13,   14.78,  132.50,   99.97,     18760,  232.47,   1274.73,    773.42,   2048.15
2026-06-02,06:36:02.528,  100.78,   57.92,  100.95,   56.96,  103.02,   60.00,   94.94,   53.66,   96.36,   57.02,   95.44,   54.66,  591.49,  340.21,     18760,  931.70,   15.17,   12.86,   16.16,   14.04,   16.14,   13.94,   12.78,   12.33,   15.20,   14.65,   13.12,   12.28,   88.56,   80.09,     18720,  168.65,    680.06,    420.30,   1100.36
2026-06-02,06:36:02.579,   31.83,   38.61,   32.20,   38.61,   32.16,   38.75,   30.43,   37.97,   30.26,   38.17,   30.38,   38.25,  187.24,  230.37,     18800,  417.61,   12.04,    6.87,   12.40,    7.27,   12.10,    6.98,   11.18,    6.39,   11.42,    6.73,   11.38,    6.69,   70.50,   40.92,     18800,  111.42,    257.74,    271.29,    529.03
2026-06-02,06:36:02.629,   33.88,   36.06,   33.96,   36.02,   33.88,   35.94,   32.52,   35.14,   32.73,   35.41,   32.54,   35.38,  199.51,  213.94,     18740,  413.45,   12.71,   10.19,   12.87,   10.38,   12.69,   10.10,   10.73,    9.30,   11.19,    9.88,   10.78,    9.40,   70.97,   59.25,     18760,  130.22,    270.48,    273.19,    543.67
2026-06-02,06:36:02.679,   79.74,   46.45,   82.12,   48.27,   84.26,   50.02,   78.55,   46.55,   76.34,   44.47,   74.93,   42.34,  475.94,  278.09,     18388,  754.03,   10.30,    9.65,   10.99,   10.35,   11.19,   10.34,    8.58,    8.82,   11.42,   11.54,    9.11,    9.09,   61.59,   59.79,     18348,  121.39,    537.53,    337.89,    875.42
2026-06-02,06:36:02.729,   43.66,   35.53,   46.30,   37.87,   45.83,   37.69,   41.59,   35.18,   44.08,   37.98,   41.99,   35.44,  263.46,  219.69,     18720,  483.14,   13.89,    7.80,   16.10,   10.10,   14.69,    8.49,   12.59,    7.11,   13.93,    8.74,   12.91,    7.46,   84.11,   49.70,     18740,  133.82,    347.57,    269.39,    616.96
2026-06-02,06:36:02.779,   29.69,   28.52,   29.82,   28.60,   29.70,   28.49,   28.79,   28.36,   28.59,   28.35,   28.32,   28.16,  174.91,  170.48,     18820,  345.39,   10.64,    7.77,   11.03,    8.14,   10.75,    8.00,    9.23,    7.20,    9.70,    7.61,    9.35,    7.32,   60.71,   46.04,     18760,  106.75,    235.62,    216.52,    452.14
2026-06-02,06:36:02.830,   45.80,   33.94,   46.62,   34.21,   48.04,   35.20,   44.26,   33.27,   44.84,   34.41,   43.09,   32.58,  272.65,  203.61,     18740,  476.26,    9.00,    8.40,    9.46,    8.81,    9.28,    8.56,    7.70,    7.99,    8.86,    9.11,    7.85,    8.04,   52.15,   50.91,     18760,  103.06,    324.81,    254.51,    579.32
2026-06-02,06:36:02.880,   61.46,   47.11,   61.30,   46.77,   63.55,   49.21,   59.98,   47.12,   58.11,   45.60,   58.39,   45.15,  362.79,  280.97,     18760,  643.76,   12.43,    8.73,   13.55,   10.19,   13.16,    9.57,   12.15,    9.56,   12.21,    9.56,   11.81,    9.41,   75.32,   57.02,     18760,  132.33,    438.11,    337.98,    776.09
2026-06-02,06:36:02.930,   17.47,   24.44,   17.59,   24.21,   17.61,   24.00,   17.30,   24.14,   17.04,   24.30,   16.87,   24.32,  103.89,  145.41,     18820,  249.30,    4.44,    3.19,    4.67