request_num,total time
1,4.216694116592407
2,3.2657530307769775
3,3.399374485015869
4,3.388676404953003
5,3.4047327041625977
6,3.4258522987365723
7,3.533874034881592
8,3.4256091117858887
9,3.3933327198028564
10,3.4446346759796143
11,3.7039551734924316
12,3.5106899738311768
13,3.5465457439422607
14,3.424206018447876
15,3.652470827102661
16,3.5381810665130615
17,3.473149538040161
18,3.472482204437256
19,3.5581579208374023
20,3.6470375061035156
