request_idx,time
1,0.601342
2,0.501045
3,1.0023
4,1.302803
5,1.603253
6,2.205099
7,3.207881
8,4.209953
9,4.210413
10,4.011311
11,4.412267
12,4.511308
13,5.721336
14,7.526114
15,6.624169
16,5.813871
17,6.516342
18,6.515683
19,6.917062
20,7.317389
21,7.316881
22,7.816997
23,9.519526
24,10.32193
25,11.634165
26,11.232581
27,10.931483
28,10.831208
29,11.131908
30,11.031724
