request_num,total time
1,36.14471769332886
2,35.84808158874512
3,36.19328045845032
4,36.310728788375854
5,36.45084476470947
6,36.523393630981445
7,36.62592434883118
8,36.60281419754028
9,36.63042855262756
10,36.63978171348572
