timestamp,memory_used_mb_cpu,memory_total_mb_cpu,utilization_pct_cpu
2.974592924118042,4660,191893,2.4284366808586038
3.1992437839508057,4678,191893,2.4378169083812335
3.3040082454681396,4686,191893,2.441985898391291
3.3978116512298584,4712,191893,2.455535115923978
3.514146566390991,4721,191893,2.4602252296852933
3.5583555698394775,4736,191893,2.4680420859541514
3.6205925941467285,4754,191893,2.477422313476781
3.6713945865631104,4779,191893,2.4904504072582117
3.729327917098999,4794,191893,2.4982672635270697
3.800955295562744,4818,191893,2.510774233557243
3.8687431812286377,4859,191893,2.5321403073587887
4.147726535797119,4905,191893,2.55611199991662
4.268138647079468,4938,191893,2.573309083708108
4.347982406616211,4945,191893,2.5769569499669087
4.444486141204834,4978,191893,2.5941540337583966
4.500279188156128,4999,191893,2.605097632534798
4.559687614440918,5030,191893,2.6212524688237715
4.618717193603516,5065,191893,2.639491800117774
4.689700126647949,5092,191893,2.6535621414017188
4.758593559265137,5119,191893,2.667632482685663
4.815753221511841,5144,191893,2.6806605764670937
4.884785890579224,5187,191893,2.703068897771154
4.9930102825164795,5211,191893,2.715575867801327
5.049818992614746,5238,191893,2.7296462090852716
5.112151861190796,5274,191893,2.748406664130531
5.208465814590454,5305,191893,2.7645615004195045
5.288518667221069,5342,191893,2.7838430792160214
5.385122299194336,5372,191893,2.7994767917537375
5.4587836265563965,5395,191893,2.811462638032654
5.518920183181763,5429,191893,2.8291808455753986
5.606013536453247,5462,191893,2.846377929366887
5.682873487472534,5460,191893,2.8453356818643725
5.756188631057739,5502,191893,2.8672228794171755
5.870845317840576,5527,191893,2.8802509731986055
5.9351723194122314,5550,191893,2.8922368194775214
6.008014917373657,5579,191893,2.9073494082639804
6.1111156940460205,5608,191893,2.9224619970504397
6.172394752502441,5649,191893,2.943828070851985
6.289006233215332,5674,191893,2.9568561646334155
6.3475987911224365,5703,191893,2.9719687534198744
6.421482801437378,5721,191893,2.9813489809425042
6.47852087020874,5741,191893,2.991771455967649
6.5359485149383545,5772,191893,3.007926292256622
6.633107900619507,5789,191893,3.016785396027995
6.689183712005615,5823,191893,3.03450360357074
6.794724464416504,5855,191893,3.0511795636109706
6.886670827865601,5878,191893,3.0631654098898866
6.9455726146698,5916,191893,3.0829681124376607
7.035998344421387,5959,191893,3.1053764337417205
7.1568443775177,5987,191893,3.1199678987769226
7.241880655288696,6028,191893,3.141333972578468
7.346342086791992,6068,191893,3.162178922628757
7.444698810577393,6092,191893,3.174685892658929
7.501752614974976,6125,191893,3.191882976450418
7.59398341178894,6157,191893,3.2085589364906486
7.686369180679321,6182,191893,3.2215870302720786
7.764620780944824,6211,191893,3.2366996190585375
7.850196838378906,6232,191893,3.247643217834939
7.907198190689087,6259,191893,3.261713559118884
7.996947288513184,6289,191893,3.2773472716566006
8.089572668075562,6313,191893,3.289854241686773
8.168275594711304,6338,191893,3.3028823354682038
8.24286699295044,6368,191893,3.31851604800592
8.350874185562134,6385,191893,3.3273751517772925
8.411112785339355,6415,191893,3.3430088643150087
8.49617052078247,6444,191893,3.358121453101468
8.578163862228394,6480,191893,3.3768819081467276
8.67705512046814,6501,191893,3.387825506923129
8.749228954315186,6528,191893,3.401895848207074
8.829485654830933,6547,191893,3.4117971994809606
8.900402069091797,6566,191893,3.421698550754848
8.961446046829224,6585,191893,3.4315999020287347
9.018771171569824,6607,191893,3.4430646245563934
9.076820135116577,6626,191893,3.452965975830281
9.131640911102295,6644,191893,3.46234620335291
9.190134286880493,6667,191893,3.4743320496318257
9.262394905090332,6690,191893,3.486317895910742
9.337178468704224,6713,191893,3.4983037421896577
9.41258430480957,6745,191893,3.5149797022298888
9.509544372558594,6766,191893,3.5259233010062903
9.588541030883789,6797,191893,3.542078137295263
9.690249919891357,6822,191893,3.555106231076694
9.763139724731445,6852,191893,3.5707399436144103
9.836874961853027,6887,191893,3.5889792749084126
9.938446283340454,6922,191893,3.607218606202415
10.037418127059937,6949,191893,3.62128894748636
10.124765634536743,6970,191893,3.6322325462627614
10.192598342895508,7000,191893,3.647866258800477
10.279906272888184,7025,191893,3.6608943525819075
10.345783710479736,7050,191893,3.6739224463633375
10.42903470993042,7083,191893,3.691119530154826
10.528789043426514,7101,191893,3.7004997576774556
10.619915008544922,7121,191893,3.7109222327026
10.700502872467041,7145,191893,3.723429202732773
10.784514665603638,7165,191893,3.733851677757917
10.848530054092407,7187,191893,3.745316400285576
10.905436515808105,7213,191893,3.7588656178182633
10.986597299575806,7262,191893,3.7844006816298665
11.080652475357056,7281,191893,3.7943020329037536
11.137583255767822,7308,191893,3.8083723741876985
11.199416399002075,7337,191893,3.8234849629741574
11.289917707443237,7358,191893,3.834428561750559
11.363924503326416,7380,191893,3.845893284278218
11.450904846191406,7409,191893,3.861005873064677
11.524345636367798,7428,191893,3.8709072243385636
11.595484495162964,7449,191893,3.881850823114965
11.653252840042114,7468,191893,3.8917521743888526
11.717445850372314,7498,191893,3.9073858869265683
11.800756931304932,7530,191893,3.924061846966799
11.896478176116943,7546,191893,3.9323998269869147
11.953275918960571,7566,191893,3.942822302012059
12.013609409332275,7597,191893,3.958977138301032
12.107459545135498,7627,191893,3.9746108508387485
12.218162775039673,7659,191893,3.991286810878979
12.31268835067749,7694,191893,4.009526142172982
12.406354665756226,7729,191893,4.027765473466984
12.512675523757935,7746,191893,4.036624577238356
12.570810079574585,7781,191893,4.05486390853236
12.663654088973999,7808,191893,4.068934249816304
12.761575937271118,7851,191893,4.091342571120364
12.879631519317627,7887,191893,4.110103026165623
12.978010177612305,7916,191893,4.125215614952083
13.068276405334473,7947,191893,4.141370451241056
13.168073892593384,7975,191893,4.155961916276258
13.258416414260864,7998,191893,4.167947762555174
13.320271730422974,8024,191893,4.181496980087862
13.38737940788269,8052,191893,4.196088445123063
13.457828998565674,8085,191893,4.213285528914551
13.560056209564209,8110,191893,4.226313622695982
13.623389720916748,8154,191893,4.249243067751299
13.740167379379272,8181,191893,4.263313409035244
13.814565420150757,8205,191893,4.275820379065417
13.88752794265747,8226,191893,4.286763977841819
13.945225477218628,8265,191893,4.307087804140849
14.071637868881226,8285,191893,4.317510279165994
14.128985166549683,8323,191893,4.337312981713767
14.2423095703125,8354,191893,4.353467818002741
14.329786539077759,8383,191893,4.3685804067892
14.419261932373047,8407,191893,4.381087376819373
14.49851655960083,8426,191893,4.3909887280932605
14.57677412033081,8447,191893,4.401932326869662
14.635178089141846,8468,191893,4.4128759256460635
14.692784786224365,8498,191893,4.42850963818378
14.798972606658936,8537,191893,4.448833464482811
14.90310525894165,8570,191893,4.466030548274299
14.997516393661499,8593,191893,4.478016394553214
15.070069313049316,8623,191893,4.493650107090931
15.146887063980103,8655,191893,4.510326067131162
15.266541242599487,8676,191893,4.521269665907563
15.339674472808838,8703,191893,4.535340007191508
15.42087984085083,8724,191893,4.5462836059679095
15.490944862365723,8742,191893,4.555663833490539
15.552238941192627,8775,191893,4.572860917282027
15.649450302124023,8807,191893,4.589536877322257
15.74730110168457,8835,191893,4.604128342357459
15.826535701751709,8860,191893,4.61715643613889
15.906211853027344,8885,191893,4.630184529920321
15.995827198028564,8903,191893,4.63956475744295
16.058273792266846,8923,191893,4.649987232468094
16.12211585044861,8955,191893,4.666663192508325
16.206459283828735,8982,191893,4.680733533792269
16.300381898880005,9008,191893,4.694282751324957
16.38240885734558,9029,191893,4.705226350101359
16.459972143173218,9046,191893,4.714085453872731
16.517268419265747,9064,191893,4.7234656813953615
16.575113773345947,9081,191893,4.732324785166734
16.631365537643433,9111,191893,4.74795849770445
16.71813178062439,9144,191893,4.765155581495938
16.811347484588623,9176,191893,4.781831541536168
16.904941082000732,9194,191893,4.7912117690587985
16.97052574157715,9213,191893,4.801113120332685
17.028302907943726,9231,191893,4.810493347855315
17.085460424423218,9248,191893,4.8193524516266875
17.175002574920654,9280,191893,4.836028411666918
17.268107175827026,9307,191893,4.8500987529508635
17.346131086349487,9333,191893,4.863647970483551
17.42474389076233,9353,191893,4.874070445508695
17.49069571495056,9378,191893,4.887098539290125
17.585119485855103,9407,191893,4.902211128076584
17.678328275680542,9427,191893,4.912633603101728
17.73784351348877,9454,191893,4.9267039443856735
17.81240677833557,9479,191893,4.9397320381671035
17.889493942260742,9499,191893,4.950154513192248
17.948075532913208,9521,191893,4.9616192357199065
18.042499542236328,9538,191893,4.9704783394912795
18.099937677383423,9560,191893,4.981943062018938
18.162867307662964,9583,191893,4.993928908297853
18.230993032455444,9614,191893,5.010083744586827
18.33963918685913,9636,191893,5.021548467114486
18.396220684051514,9655,191893,5.0314498183883725
18.453366994857788,9672,191893,5.0403089221597455
18.5106680393219,9701,191893,5.055421510946204
18.602623462677002,9714,191893,5.0621961197125485
18.817157983779907,9753,191893,5.08251994601158
18.913489818572998,9772,191893,5.092421297285466
18.97036910057068,9799,191893,5.106491638569411
19.041179656982422,9827,191893,5.121083103604613
19.117478132247925,9860,191893,5.1382801873961
19.214519262313843,9889,191893,5.15339277618256
19.30355215072632,9907,191893,5.16277300370519
19.36209797859192,9928,191893,5.1737166024815915
19.424816370010376,9952,191893,5.186223572511764
19.51187300682068,9971,191893,5.196124923785652
19.573081493377686,9995,191893,5.2086318938158245
19.659753561019897,10014,191893,5.218533245089711
19.71750521659851,10039,191893,5.231561338871141
19.808533906936646,10054,191893,5.2393781951400005
19.87254810333252,10072,191893,5.24875842266263
19.928280353546143,10104,191893,5.2654343827028605
20.034453868865967,10133,191893,5.280546971489319
20.122420072555542,10157,191893,5.293053941519492
20.196099281311035,10180,191893,5.305039787798409
20.275987148284912,10217,191893,5.324321366594925
20.38872218132019,10232,191893,5.332138222863783
20.44815158843994,10257,191893,5.345166316645214
20.518966674804688,10276,191893,5.3550676679191005
20.57464361190796,10310,191893,5.3727858754618465
20.676449298858643,10326,191893,5.381123855481961
20.740927696228027,10346,191893,5.391546330507105
20.79722261428833,10381,191893,5.4097856618011075
20.902817487716675,10415,191893,5.4275038693438535
21.00950860977173,10440,191893,5.4405319631252835
21.086888551712036,10470,191893,5.456165675663
21.180122137069702,10497,191893,5.470236016946944
21.262845277786255,10514,191893,5.479095120718317
21.344277381896973,10537,191893,5.491080966997233
21.434504508972168,10560,191893,5.503066813276149
21.495447874069214,10588,191893,5.517658278311351
21.571103811264038,10601,191893,5.524432887077695
21.644243955612183,10625,191893,5.536939857107867
21.729873180389404,10648,191893,5.548925703386783
21.802997827529907,10675,191893,5.5629960446707285
21.896095752716064,10694,191893,5.572897395944615
21.954590320587158,10725,191893,5.5890522322335885
22.044087648391724,10748,191893,5.601038078512505
22.124895811080933,10782,191893,5.618756286055249
22.22157073020935,10806,191893,5.631263256085423
22.290200233459473,10829,191893,5.643249102364338
22.371612310409546,10857,191893,5.657840567399541
22.46221613883972,10893,191893,5.6766010224448005
22.569748878479004,10910,191893,5.685460126216173
22.628605127334595,10926,191893,5.6937981062362875
22.686734914779663,10963,191893,5.713079685032805
22.796262979507446,10992,191893,5.728192273819264
22.915613651275635,11024,191893,5.744868233859495
22.993011713027954,11047,191893,5.75685408013841
23.05189085006714,11076,191893,5.771966668924869
23.129841089248657,11090,191893,5.7792624014424705
23.185702085494995,11107,191893,5.7881215052138435
23.244009256362915,11136,191893,5.803234094000302
23.3387930393219,11154,191893,5.812614321522932
23.39722466468811,11176,191893,5.824079044050591
23.480116367340088,11204,191893,5.838670509085793
23.585988759994507,11217,191893,5.845445117852136
23.647545337677002,11228,191893,5.851177479115965
23.707231998443604,11227,191893,5.850656355364708
23.76573419570923,11229,191893,5.8516986028672235
23.851452112197876,11247,191893,5.861078830389853
23.939841747283936,11277,191893,5.876712542927569
24.004263401031494,11315,191893,5.896515245475343
24.105909824371338,11331,191893,5.904853225495459
24.1983540058136,11390,191893,5.935599526819634
24.272594928741455,11432,191893,5.957486724372437
24.32807183265686,11469,191893,5.976768303168954
24.39972758293152,11511,191893,5.998655500721757
24.494524717330933,11552,191893,6.0200215745233026
24.570653438568115,11555,191893,6.021584945777074
24.65769076347351,11556,191893,6.022106069528331
24.714939832687378,11555,191893,6.021584945777074
24.86148428916931,11560,191893,6.0241905645333595
24.917516469955444,11560,191893,6.0241905645333595
25.07096004486084,11560,191893,6.0241905645333595
25.170992851257324,11566,191893,6.027317307040903
25.23642325401306,11559,191893,6.023669440782102
25.33352565765381,11554,191893,6.021063822025816
25.3991858959198,11555,191893,6.021584945777074
25.497172594070435,11556,191893,6.022106069528331
25.576331853866577,11557,191893,6.022627193279588
25.654075860977173,11557,191893,6.022627193279588
25.731082916259766,11557,191893,6.022627193279588
25.812694311141968,11557,191893,6.022627193279588
25.868850469589233,11558,191893,6.023148317030845
25.926090240478516,11558,191893,6.023148317030845
25.982977867126465,11557,191893,6.022627193279588
26.03880739212036,11558,191893,6.023148317030845
26.120251178741455,11558,191893,6.023148317030845
26.176226377487183,11558,191893,6.023148317030845
26.233238458633423,11559,191893,6.023669440782102
26.289299249649048,11557,191893,6.022627193279588
26.368384838104248,11556,191893,6.022106069528331
26.44553804397583,11556,191893,6.022106069528331
26.52150535583496,11554,191893,6.021063822025816
26.600257635116577,11555,191893,6.021584945777074
26.656336784362793,11555,191893,6.021584945777074
26.7318274974823,11556,191893,6.022106069528331
26.882972478866577,11557,191893,6.022627193279588
26.940037965774536,11556,191893,6.022106069528331
27.016318321228027,11557,191893,6.022627193279588
27.0934956073761,11557,191893,6.022627193279588
27.172929763793945,11556,191893,6.022106069528331
27.229172706604004,11561,191893,6.024711688284617
27.286872148513794,11561,191893,6.024711688284617
27.346501111984253,11560,191893,6.0241905645333595
27.4254252910614,11560,191893,6.0241905645333595
27.482283115386963,11560,191893,6.0241905645333595
27.53951406478882,11560,191893,6.0241905645333595
27.59726643562317,11560,191893,6.0241905645333595
27.6548969745636,11564,191893,6.0262750595383885
27.751795291900635,11563,191893,6.025753935787131
27.808096408843994,11564,191893,6.0262750595383885
27.884899854660034,11562,191893,6.025232812035874
27.96499490737915,11561,191893,6.024711688284617
28.06438159942627,11560,191893,6.0241905645333595
28.121461868286133,11563,191893,6.025753935787131
28.202635049819946,11561,191893,6.024711688284617
28.280498027801514,11563,191893,6.025753935787131
28.34598469734192,11561,191893,6.024711688284617
28.42172408103943,11560,191893,6.0241905645333595
28.498516082763672,11558,191893,6.023148317030845
28.578006982803345,11557,191893,6.022627193279588
28.67163348197937,11558,191893,6.023148317030845
28.72933316230774,11558,191893,6.023148317030845
28.8053297996521,11559,191893,6.023669440782102
28.86338186264038,11559,191893,6.023669440782102
28.942075967788696,11559,191893,6.023669440782102
28.99749994277954,11557,191893,6.022627193279588
29.056163549423218,11558,191893,6.023148317030845
29.134217500686646,11558,191893,6.023148317030845
29.20894193649292,11558,191893,6.023148317030845
29.286030769348145,11563,191893,6.025753935787131
29.360920429229736,11557,191893,6.022627193279588
29.41885280609131,11561,191893,6.024711688284617
29.47637128829956,11562,191893,6.025232812035874
29.532672882080078,11561,191893,6.024711688284617
29.58966875076294,11561,191893,6.024711688284617
29.71414589881897,11557,191893,6.022627193279588
29.8098783493042,11558,191893,6.023148317030845
29.86821675300598,11558,191893,6.023148317030845
29.92406702041626,11558,191893,6.023148317030845
30.034040689468384,11563,191893,6.025753935787131
30.09522843360901,11563,191893,6.025753935787131
30.174010515213013,11562,191893,6.025232812035874
30.25267267227173,11563,191893,6.025753935787131
30.307782411575317,11559,191893,6.023669440782102
30.385748386383057,11558,191893,6.023148317030845
30.465017318725586,11562,191893,6.025232812035874
30.519909143447876,11564,191893,6.0262750595383885
30.61859893798828,11561,191893,6.024711688284617
30.697665691375732,11562,191893,6.025232812035874
30.753514766693115,11557,191893,6.022627193279588
30.83106565475464,11562,191893,6.025232812035874
30.88762402534485,11561,191893,6.024711688284617
30.94377326965332,11562,191893,6.025232812035874
31.021477699279785,11561,191893,6.024711688284617
31.07898759841919,11563,191893,6.025753935787131
31.176560401916504,11563,191893,6.025753935787131
31.235397815704346,11563,191893,6.025753935787131
31.29572105407715,11563,191893,6.025753935787131
31.352047204971313,11561,191893,6.024711688284617
31.43012309074402,11559,191893,6.023669440782102
31.486329555511475,11564,191893,6.0262750595383885
31.581481456756592,11564,191893,6.0262750595383885
31.657653093338013,11569,191893,6.028880678294675
31.76167058944702,11569,191893,6.028880678294675
31.82156777381897,11569,191893,6.028880678294675
31.926573753356934,11569,191893,6.028880678294675
31.98300266265869,11567,191893,6.02783843079216
32.04001069068909,11563,191893,6.025753935787131
32.098042011260986,11568,191893,6.028359554543417
32.153839349746704,11563,191893,6.025753935787131
32.230262994766235,11563,191893,6.025753935787131
32.30997395515442,11564,191893,6.0262750595383885
32.41114664077759,11564,191893,6.0262750595383885
32.47056865692139,11562,191893,6.025232812035874
32.52700209617615,11564,191893,6.0262750595383885
32.62351989746094,11565,191893,6.026796183289646
32.68021082878113,11564,191893,6.0262750595383885
32.77673673629761,11570,191893,6.029401802045932
32.835349798202515,11572,191893,6.030444049548446
32.93307137489319,11572,191893,6.030444049548446
32.99060678482056,11572,191893,6.030444049548446
33.086363077163696,11576,191893,6.032528544553475
33.161086320877075,11575,191893,6.032007420802218
33.259239196777344,11574,191893,6.031486297050961
33.33834266662598,11577,191893,6.0330496683047325
33.43241834640503,11572,191893,6.030444049548446
33.51051640510559,11572,191893,6.030444049548446
33.590107917785645,11573,191893,6.030965173299704
33.6639940738678,11573,191893,6.030965173299704
33.753965616226196,11577,191893,6.0330496683047325
33.83176612854004,11575,191893,6.032007420802218
33.889973640441895,11580,191893,6.034613039558504
33.9484326839447,11580,191893,6.034613039558504
34.0266900062561,11580,191893,6.034613039558504
34.15911149978638,11580,191893,6.034613039558504
34.21635913848877,11580,191893,6.034613039558504
34.292184352874756,11580,191893,6.034613039558504
34.35015654563904,11580,191893,6.034613039558504
34.40809440612793,11579,191893,6.034091915807246
34.466888189315796,11578,191893,6.03357079205599
34.54485011100769,11577,191893,6.0330496683047325
34.64415264129639,11576,191893,6.032528544553475
34.703367710113525,11581,191893,6.0351341633097615
34.75984787940979,11581,191893,6.0351341633097615
34.8356077671051,11582,191893,6.035655287061018
34.91401219367981,11582,191893,6.035655287061018
35.00816869735718,11581,191893,6.0351341633097615
35.072770833969116,11581,191893,6.0351341633097615
35.148711919784546,11576,191893,6.032528544553475
35.25484228134155,11580,191893,6.034613039558504
35.333115100860596,11577,191893,6.0330496683047325
35.41399335861206,11573,191893,6.030965173299704
35.491650104522705,11576,191893,6.032528544553475
35.55091118812561,11580,191893,6.034613039558504
35.60945105552673,11580,191893,6.034613039558504
35.683470249176025,11580,191893,6.034613039558504
35.763237714767456,11579,191893,6.034091915807246
35.86154389381409,11574,191893,6.031486297050961
35.91779351234436,11574,191893,6.031486297050961
35.975746631622314,11574,191893,6.031486297050961
36.075908184051514,11568,191893,6.028359554543417
36.17717885971069,11572,191893,6.030444049548446
36.256186723709106,11573,191893,6.030965173299704
36.35472369194031,11573,191893,6.030965173299704
36.43737721443176,11575,191893,6.032007420802218
36.514933586120605,11578,191893,6.03357079205599
36.592480182647705,11577,191893,6.0330496683047325
36.65068221092224,11577,191893,6.0330496683047325
36.7443106174469,11576,191893,6.032528544553475
36.80821466445923,11571,191893,6.029922925797189
36.867799043655396,11577,191893,6.0330496683047325
36.94637060165405,11577,191893,6.0330496683047325
37.04406809806824,11576,191893,6.032528544553475
37.12656307220459,11576,191893,6.032528544553475
37.18574047088623,11575,191893,6.032007420802218
37.26311230659485,11575,191893,6.032007420802218
37.34143328666687,11570,191893,6.029401802045932
37.417705059051514,11571,191893,6.029922925797189
37.49444103240967,11570,191893,6.029401802045932
37.593308210372925,11575,191893,6.032007420802218
37.650514125823975,11573,191893,6.030965173299704
37.784119606018066,11573,191893,6.030965173299704
37.84305667877197,11574,191893,6.031486297050961
37.944031715393066,11573,191893,6.030965173299704
38.022517681121826,11574,191893,6.031486297050961
38.12169575691223,11575,191893,6.032007420802218
38.17927646636963,11574,191893,6.031486297050961
38.25589203834534,11574,191893,6.031486297050961
38.31270956993103,11574,191893,6.031486297050961
38.369384765625,11573,191893,6.030965173299704
38.465771198272705,11578,191893,6.03357079205599
38.545740604400635,11584,191893,6.036697534563533
38.639665365219116,11583,191893,6.036176410812276
38.69815468788147,11584,191893,6.036697534563533
38.755770444869995,11583,191893,6.036176410812276
38.832507371902466,11585,191893,6.0372186583147895
38.8914155960083,11585,191893,6.0372186583147895
38.972399950027466,11585,191893,6.0372186583147895
39.03349733352661,11604,191893,6.047120009588677
39.09152126312256,11615,191893,6.052852370852507
39.149086475372314,11632,191893,6.06171147462388
39.23495936393738,11633,191893,6.062232598375136
39.313238859176636,11632,191893,6.06171147462388
39.370699882507324,11631,191893,6.0611903508726215
39.45206832885742,11669,191893,6.0809930534203955
39.55098366737366,11666,191893,6.079429682166624
39.60806345939636,11668,191893,6.080471929669138
39.673433780670166,11668,191893,6.080471929669138
39.72999382019043,11669,191893,6.0809930534203955
39.78814649581909,11669,191893,6.0809930534203955
39.84553289413452,11665,191893,6.078908558415367
39.901286602020264,11665,191893,6.078908558415367
39.960551738739014,11670,191893,6.081514177171653
40.018481492996216,11671,191893,6.08203530092291
40.07444143295288,11673,191893,6.0830775484254245
40.13847088813782,11674,191893,6.083598672176682
40.195680141448975,11675,191893,6.084119795927939
40.25276446342468,11677,191893,6.085162043430453
40.31051421165466,11677,191893,6.085162043430453
40.366697788238525,11676,191893,6.084640919679196
40.423938274383545,11676,191893,6.084640919679196
40.482555866241455,11681,191893,6.087246538435482
40.56185054779053,11681,191893,6.087246538435482
40.620457887649536,11681,191893,6.087246538435482
40.6773202419281,11676,191893,6.084640919679196
40.75440049171448,11675,191893,6.084119795927939
40.828835248947144,11670,191893,6.081514177171653
40.90564298629761,11665,191893,6.078908558415367
40.96290731430054,11671,191893,6.08203530092291
41.02008581161499,11670,191893,6.081514177171653
41.07959508895874,11670,191893,6.081514177171653
41.138567209243774,11675,191893,6.084119795927939
41.23638081550598,11673,191893,6.0830775484254245
41.29563093185425,11678,191893,6.085683167181711
41.37226986885071,11678,191893,6.085683167181711
41.454535245895386,11678,191893,6.085683167181711
41.51426410675049,11672,191893,6.082556424674167
41.61272931098938,11669,191893,6.0809930534203955
41.67056727409363,11675,191893,6.084119795927939
41.75231671333313,11674,191893,6.083598672176682
41.854350566864014,11679,191893,6.086204290932968
41.90070962905884,11679,191893,6.086204290932968
41.97603917121887,11677,191893,6.085162043430453
42.03506660461426,11678,191893,6.085683167181711
42.07821345329285,11673,191893,6.0830775484254245
42.13847327232361,11671,191893,6.08203530092291
42.218318939208984,11668,191893,6.080471929669138
42.297510623931885,11667,191893,6.079950805917881
42.374173164367676,11663,191893,6.077866310912852
42.43157887458801,11662,191893,6.077345187161595
42.49424958229065,11665,191893,6.078908558415367
42.59141707420349,11659,191893,6.075781815907823
42.65123176574707,11659,191893,6.075781815907823
42.7307243347168,11655,191893,6.073697320902795
42.840035915374756,11655,191893,6.073697320902795
42.91640591621399,11650,191893,6.071091702146509
42.975215435028076,11649,191893,6.070570578395252
43.05544447898865,11651,191893,6.071612825897766
43.15579581260681,11650,191893,6.071091702146509
43.21541357040405,11649,191893,6.070570578395252
43.29641795158386,11655,191893,6.073697320902795
43.356682538986206,11648,191893,6.0700494546439945
43.457950830459595,11646,191893,6.06900720714148
43.5167498588562,11652,191893,6.072133949649023
43.59184503555298,11653,191893,6.07265507340028
43.674713373184204,11658,191893,6.075260692156567
43.75145411491394,11660,191893,6.07630293965908
43.829535722732544,11660,191893,6.07630293965908
43.88536763191223,11656,191893,6.0742184446540515
43.98639988899231,11654,191893,6.073176197151538
44.06241703033447,11650,191893,6.071091702146509
44.119648694992065,11655,191893,6.073697320902795
44.195777893066406,11656,191893,6.0742184446540515
44.25261163711548,11656,191893,6.0742184446540515
44.34791612625122,11657,191893,6.07473956840531
44.40852904319763,11656,191893,6.0742184446540515
44.466228723526,11657,191893,6.07473956840531
44.54025220870972,11656,191893,6.0742184446540515
44.636409521102905,11651,191893,6.071612825897766
44.717180252075195,11650,191893,6.071091702146509
44.79390096664429,11650,191893,6.071091702146509
44.87010717391968,11646,191893,6.06900720714148
44.929781913757324,11646,191893,6.06900720714148
44.988322019577026,11651,191893,6.071612825897766
45.08536148071289,11656,191893,6.0742184446540515
45.16236996650696,11655,191893,6.073697320902795
45.241477489471436,11656,191893,6.0742184446540515
45.31724810600281,11657,191893,6.07473956840531
45.39774012565613,11657,191893,6.07473956840531
45.45529389381409,11658,191893,6.075260692156567
45.51269769668579,11657,191893,6.07473956840531
45.588242053985596,11662,191893,6.077345187161595
45.67829346656799,11663,191893,6.077866310912852
45.73594880104065,11664,191893,6.07838743466411
45.797571897506714,11664,191893,6.07838743466411
45.84205198287964,11659,191893,6.075781815907823
45.904622077941895,11655,191893,6.073697320902795
45.98545742034912,11660,191893,6.07630293965908
46.04187726974487,11660,191893,6.07630293965908
46.099098920822144,11654,191893,6.073176197151538
46.1556122303009,11656,191893,6.0742184446540515
46.23812818527222,11657,191893,6.07473956840531
46.31603264808655,11656,191893,6.0742184446540515
46.40179395675659,11656,191893,6.0742184446540515
46.47623562812805,11655,191893,6.073697320902795
46.55341553688049,11656,191893,6.0742184446540515
46.60971212387085,11656,191893,6.0742184446540515
46.666340827941895,11657,191893,6.07473956840531
46.742021322250366,11657,191893,6.07473956840531
46.80127024650574,11658,191893,6.075260692156567
46.88028597831726,11659,191893,6.075781815907823
46.93834948539734,11663,191893,6.077866310912852
47.0146119594574,11664,191893,6.07838743466411
47.09399366378784,11668,191893,6.080471929669138
47.18830418586731,11669,191893,6.0809930534203955
47.24603223800659,11669,191893,6.0809930534203955
47.303969621658325,11665,191893,6.078908558415367
47.36205339431763,11665,191893,6.078908558415367
47.41918730735779,11664,191893,6.07838743466411
47.497177600860596,11663,191893,6.077866310912852
47.572373151779175,11664,191893,6.07838743466411
47.698909521102905,11664,191893,6.07838743466411
47.776833295822144,11664,191893,6.07838743466411
47.86169242858887,11663,191893,6.077866310912852
47.93597745895386,11669,191893,6.0809930534203955
48.01979351043701,11669,191893,6.0809930534203955
48.116281509399414,11669,191893,6.0809930534203955
48.21747851371765,11669,191893,6.0809930534203955
48.29332208633423,11668,191893,6.080471929669138
48.350571155548096,11668,191893,6.080471929669138
48.40549898147583,11668,191893,6.080471929669138
48.487664222717285,11668,191893,6.080471929669138
48.530922412872314,11669,191893,6.0809930534203955
48.60433554649353,11669,191893,6.0809930534203955
48.681602001190186,11669,191893,6.0809930534203955
48.738675117492676,11669,191893,6.0809930534203955
48.79655194282532,11665,191893,6.078908558415367
48.87391209602356,11670,191893,6.081514177171653
48.97317934036255,11671,191893,6.08203530092291
49.07242679595947,11670,191893,6.081514177171653
49.16743087768555,11676,191893,6.084640919679196
49.24472713470459,11676,191893,6.084640919679196
49.301164388656616,11672,191893,6.082556424674167
49.37729811668396,11669,191893,6.0809930534203955
49.43303322792053,11669,191893,6.0809930534203955
49.53130102157593,11664,191893,6.07838743466411
49.59082746505737,11665,191893,6.078908558415367
49.66955876350403,11666,191893,6.079429682166624
49.74459958076477,11672,191893,6.082556424674167
49.80191779136658,11666,191893,6.079429682166624
49.896453857421875,11672,191893,6.082556424674167
49.95241141319275,11672,191893,6.082556424674167
50.0079984664917,11672,191893,6.082556424674167
50.0639283657074,11671,191893,6.08203530092291
50.14233088493347,11671,191893,6.08203530092291
50.21518063545227,11667,191893,6.079950805917881
50.27191734313965,11673,191893,6.0830775484254245
50.367531538009644,11672,191893,6.082556424674167
50.4258451461792,11671,191893,6.08203530092291
50.48291563987732,11672,191893,6.082556424674167
50.57932686805725,11673,191893,6.0830775484254245
50.65678906440735,11673,191893,6.0830775484254245
50.71238827705383,11673,191893,6.0830775484254245
50.790505170822144,11673,191893,6.0830775484254245
50.84818506240845,11673,191893,6.0830775484254245
50.90330410003662,11668,191893,6.080471929669138
50.98469662666321,11673,191893,6.0830775484254245
51.04231095314026,11674,191893,6.083598672176682
51.09957671165466,11679,191893,6.086204290932968
51.15520262718201,11680,191893,6.086725414684225
51.23364067077637,11679,191893,6.086204290932968
51.30972218513489,11679,191893,6.086204290932968
51.384989976882935,11678,191893,6.085683167181711
51.48149347305298,11675,191893,6.084119795927939
51.5574905872345,11676,191893,6.084640919679196
51.61589503288269,11680,191893,6.086725414684225
51.67155575752258,11676,191893,6.084640919679196
51.74869680404663,11671,191893,6.08203530092291
51.84533143043518,11671,191893,6.08203530092291
51.90509486198425,11673,191893,6.0830775484254245
52.00650596618652,11672,191893,6.082556424674167
52.08545136451721,11672,191893,6.082556424674167
52.16603374481201,11677,191893,6.085162043430453
52.22587037086487,11678,191893,6.085683167181711
52.28315997123718,11678,191893,6.085683167181711
52.36459732055664,11677,191893,6.085162043430453
52.464096546173096,11673,191893,6.0830775484254245
52.5438015460968,11674,191893,6.083598672176682
52.600237131118774,11674,191893,6.083598672176682
52.659337520599365,11674,191893,6.083598672176682
52.72330617904663,11669,191893,6.0809930534203955
52.800410985946655,11674,191893,6.083598672176682
52.87425994873047,11674,191893,6.083598672176682
52.97755980491638,11674,191893,6.083598672176682
53.05311870574951,11673,191893,6.0830775484254245
53.12967658042908,11674,191893,6.083598672176682
53.205294609069824,11675,191893,6.084119795927939
53.28510022163391,11675,191893,6.084119795927939
53.34271264076233,11674,191893,6.083598672176682
53.41996693611145,11674,191893,6.083598672176682
53.526235818862915,11674,191893,6.083598672176682
53.602131366729736,11683,191893,6.088288785937997
53.684847593307495,11683,191893,6.088288785937997
53.78590250015259,11684,191893,6.088809909689254
53.88462424278259,11689,191893,6.09141552844554
53.940736055374146,11693,191893,6.093500023450569
54.01723837852478,11694,191893,6.0940211472018255
54.1132972240448,11694,191893,6.0940211472018255
54.18773293495178,11689,191893,6.09141552844554
54.28793454170227,11691,191893,6.092457775948054
54.34401035308838,11692,191893,6.092978899699312
54.40187191963196,11692,191893,6.092978899699312
54.479026079177856,11697,191893,6.095584518455597
54.55775213241577,11699,191893,6.096626765958113
54.63490128517151,11704,191893,6.099232384714398
54.73622703552246,11710,191893,6.102359127221941
54.795268535614014,11710,191893,6.102359127221941
54.854374170303345,11710,191893,6.102359127221941
54.91099238395691,11710,191893,6.102359127221941
54.96851134300232,11711,191893,6.1028802509731985
55.02506375312805,11711,191893,6.1028802509731985
55.081912994384766,11706,191893,6.100274632216913
55.13818001747131,11702,191893,6.098190137211883
55.203447580337524,11707,191893,6.10079575596817
55.260714530944824,11707,191893,6.10079575596817
55.31597924232483,11707,191893,6.10079575596817
55.374176263809204,11708,191893,6.101316879719427
55.431095123291016,11707,191893,6.10079575596817
55.48713660240173,11708,191893,6.101316879719427
55.54198908805847,11708,191893,6.101316879719427
55.59671878814697,11707,191893,6.10079575596817
55.645020961761475,11708,191893,6.101316879719427
55.702698945999146,11709,191893,6.101838003470684
55.78407382965088,11709,191893,6.101838003470684
55.84302043914795,11708,191893,6.101316879719427
55.900301933288574,11708,191893,6.101316879719427
55.95851802825928,11708,191893,6.101316879719427
56.01666307449341,11709,191893,6.101838003470684
56.07404661178589,11709,191893,6.101838003470684
56.15414214134216,11709,191893,6.101838003470684
56.21032238006592,11710,191893,6.102359127221941
56.30553102493286,11709,191893,6.101838003470684
56.40170645713806,11709,191893,6.101838003470684
56.45912170410156,11704,191893,6.099232384714398
56.558088541030884,11705,191893,6.099753508465655
56.63471221923828,11705,191893,6.099753508465655
56.69375038146973,11704,191893,6.099232384714398
56.77157378196716,11699,191893,6.096626765958113
56.831340312957764,11700,191893,6.097147889709369
56.89108157157898,11698,191893,6.0961056422068545
56.99047660827637,11693,191893,6.093500023450569
57.07691550254822,11698,191893,6.0961056422068545
57.13598823547363,11702,191893,6.098190137211883
57.1979775428772,11702,191893,6.098190137211883
57.25639486312866,11700,191893,6.097147889709369
57.334633350372314,11700,191893,6.097147889709369
57.394524812698364,11700,191893,6.097147889709369
57.454674243927,11700,191893,6.097147889709369
57.51166796684265,11695,191893,6.094542270953083
57.60784649848938,11695,191893,6.094542270953083
57.68617534637451,11696,191893,6.095063394704341
57.74495339393616,11696,191893,6.095063394704341
57.83975315093994,11691,191893,6.092457775948054
57.93956232070923,11691,191893,6.092457775948054
58.01851463317871,11687,191893,6.090373280943026
58.11784887313843,11692,191893,6.092978899699312
58.17451190948486,11693,191893,6.093500023450569
58.25199794769287,11694,191893,6.0940211472018255
58.329800844192505,11693,191893,6.093500023450569
58.38591241836548,11693,191893,6.093500023450569
58.44461226463318,11698,191893,6.0961056422068545
58.52278161048889,11694,191893,6.0940211472018255
58.604689836502075,11699,191893,6.096626765958113
58.70442771911621,11699,191893,6.096626765958113
58.7804594039917,11699,191893,6.096626765958113
58.85764956474304,11698,191893,6.0961056422068545
58.913092851638794,11703,191893,6.098711260963141
58.96966576576233,11703,191893,6.098711260963141
59.064515590667725,11707,191893,6.10079575596817
59.126609086990356,11701,191893,6.097669013460626
59.20932173728943,11702,191893,6.098190137211883
59.284759283065796,11702,191893,6.098190137211883
59.361860275268555,11703,191893,6.098711260963141
59.43759369850159,11702,191893,6.098190137211883
59.514835596084595,11703,191893,6.098711260963141
59.59186005592346,11702,191893,6.098190137211883
59.64783954620361,11697,191893,6.095584518455597
59.72572708129883,11701,191893,6.097669013460626
59.78252649307251,11703,191893,6.098711260963141
59.85718059539795,11708,191893,6.101316879719427
59.906851053237915,11709,191893,6.101838003470684
59.96531558036804,11709,191893,6.101838003470684
60.021891593933105,11710,191893,6.102359127221941
60.2247109413147,11709,191893,6.101838003470684
60.2816526889801,11708,191893,6.101316879719427
60.35831165313721,11703,191893,6.098711260963141
60.43146872520447,11702,191893,6.098190137211883
60.48777437210083,11702,191893,6.098190137211883
60.582841634750366,11702,191893,6.098190137211883
60.639692306518555,11701,191893,6.097669013460626
60.70818877220154,11697,191893,6.095584518455597
60.76825284957886,11702,191893,6.098190137211883
60.825520277023315,11697,191893,6.095584518455597
60.90217971801758,11697,191893,6.095584518455597
60.9763240814209,11698,191893,6.0961056422068545
61.05465078353882,11697,191893,6.095584518455597
61.11005616188049,11697,191893,6.095584518455597
61.16723823547363,11698,191893,6.0961056422068545
61.26986122131348,11698,191893,6.0961056422068545
61.34928059577942,11699,191893,6.096626765958113
61.44526386260986,11701,191893,6.097669013460626
61.50258779525757,11705,191893,6.099753508465655
61.572598934173584,11711,191893,6.1028802509731985
61.65664029121399,11711,191893,6.1028802509731985
61.71589732170105,11711,191893,6.1028802509731985
61.7922637462616,11712,191893,6.103401374724456
61.848288774490356,11712,191893,6.103401374724456
61.924317598342896,11711,191893,6.1028802509731985
62.0014009475708,11713,191893,6.103922498475713
62.08197784423828,11707,191893,6.10079575596817
62.13792872428894,11707,191893,6.10079575596817
62.19681763648987,11707,191893,6.10079575596817
62.29356861114502,11702,191893,6.098190137211883
62.349552392959595,11708,191893,6.101316879719427
62.44669508934021,11707,191893,6.10079575596817
62.5265166759491,11713,191893,6.103922498475713
62.60033559799194,11715,191893,6.1049647459782275
62.697611808776855,11715,191893,6.1049647459782275
62.75613045692444,11716,191893,6.105485869729485
62.831578969955444,11718,191893,6.106528117231999
62.91289281845093,11723,191893,6.1091337359882845
62.970280170440674,11723,191893,6.1091337359882845
63.025574922561646,11718,191893,6.106528117231999
63.08275389671326,11714,191893,6.10444362222697
63.137999296188354,11713,191893,6.103922498475713
63.21580767631531,11717,191893,6.106006993480742
63.294716596603394,11712,191893,6.103401374724456
63.337679386138916,11712,191893,6.103401374724456
63.41718864440918,11717,191893,6.106006993480742
63.49208855628967,11717,191893,6.106006993480742
63.568458795547485,11717,191893,6.106006993480742
63.64583945274353,11712,191893,6.103401374724456
63.70275926589966,11713,191893,6.103922498475713
63.760512828826904,11714,191893,6.10444362222697
63.857576847076416,11714,191893,6.10444362222697
63.913883209228516,11708,191893,6.101316879719427
64.01010370254517,11710,191893,6.102359127221941
64.08546662330627,11709,191893,6.101838003470684
64.16191506385803,11705,191893,6.099753508465655
64.21815156936646,11706,191893,6.100274632216913
64.27636075019836,11707,191893,6.10079575596817
64.33318424224854,11712,191893,6.103401374724456
64.38795232772827,11712,191893,6.103401374724456
64.44449257850647,11712,191893,6.103401374724456
64.51980257034302,11712,191893,6.103401374724456
64.57767677307129,11712,191893,6.103401374724456
64.63579821586609,11711,191893,6.1028802509731985
64.71119785308838,11711,191893,6.1028802509731985
64.79240942001343,11706,191893,6.100274632216913
64.86978888511658,11712,191893,6.103401374724456
64.96390223503113,11713,191893,6.103922498475713
65.06107473373413,11712,191893,6.103401374724456
65.11676216125488,11712,191893,6.103401374724456
65.17448139190674,11712,191893,6.103401374724456
65.23217368125916,11713,191893,6.103922498475713
65.31024503707886,11714,191893,6.10444362222697
65.38549971580505,11713,191893,6.103922498475713
65.46701979637146,11714,191893,6.10444362222697
65.5243775844574,11710,191893,6.102359127221941
65.61148238182068,11714,191893,6.10444362222697
65.667733669281,11714,191893,6.10444362222697
65.72562646865845,11715,191893,6.1049647459782275
65.8062105178833,11716,191893,6.105485869729485
65.86139559745789,11716,191893,6.105485869729485
65.93787407875061,11715,191893,6.1049647459782275
66.01194357872009,11710,191893,6.102359127221941
66.08969593048096,11708,191893,6.101316879719427
66.16493821144104,11708,191893,6.101316879719427
66.22202920913696,11708,191893,6.101316879719427
66.31875586509705,11709,191893,6.101838003470684
66.37597346305847,11708,191893,6.101316879719427
66.44205808639526,11713,191893,6.103922498475713
66.51932883262634,11714,191893,6.10444362222697
66.62086009979248,11718,191893,6.106528117231999
66.69824194908142,11722,191893,6.108612612237028
66.77782011032104,11716,191893,6.105485869729485
66.82375955581665,11716,191893,6.105485869729485
66.87961912155151,11715,191893,6.1049647459782275
66.98082160949707,11716,191893,6.105485869729485
67.02475333213806,11712,191893,6.103401374724456
67.10034465789795,11711,191893,6.1028802509731985
67.1812515258789,11715,191893,6.1049647459782275
67.2387683391571,11715,191893,6.1049647459782275
67.304123878479,11714,191893,6.10444362222697
67.36340999603271,11719,191893,6.107049240983256
67.42134475708008,11718,191893,6.106528117231999
67.47880816459656,11719,191893,6.107049240983256
67.56147718429565,11719,191893,6.107049240983256
67.62473726272583,11713,191893,6.103922498475713
67.68294858932495,11712,191893,6.103401374724456
67.76207089424133,11712,191893,6.103401374724456
67.82368350028992,11711,191893,6.1028802509731985
67.93088603019714,11712,191893,6.103401374724456
67.98939347267151,11712,191893,6.103401374724456
68.06926894187927,11706,191893,6.100274632216913
68.14590096473694,11711,191893,6.1028802509731985
68.2553243637085,11711,191893,6.1028802509731985
68.29804348945618,11714,191893,6.10444362222697
68.35512447357178,11713,191893,6.103922498475713
68.4355845451355,11708,191893,6.101316879719427
68.53691458702087,11709,191893,6.101838003470684
68.61366128921509,11710,191893,6.102359127221941
68.69113516807556,11709,191893,6.101838003470684
68.74731469154358,11710,191893,6.102359127221941
68.80484580993652,11711,191893,6.1028802509731985
68.86269116401672,11711,191893,6.1028802509731985
68.96167135238647,11707,191893,6.10079575596817
69.03095173835754,11708,191893,6.101316879719427
69.09026741981506,11708,191893,6.101316879719427
69.16832995414734,11713,191893,6.103922498475713
69.22667288780212,11713,191893,6.103922498475713
69.28429007530212,11717,191893,6.106006993480742
69.36407208442688,11714,191893,6.10444362222697
69.4449155330658,11715,191893,6.1049647459782275
69.52482175827026,11715,191893,6.1049647459782275
69.60183048248291,11711,191893,6.1028802509731985
69.66021227836609,11715,191893,6.1049647459782275
69.71572470664978,11715,191893,6.1049647459782275
69.77465605735779,11717,191893,6.106006993480742
69.91695761680603,11716,191893,6.105485869729485
70.01179575920105,11716,191893,6.105485869729485
70.10357236862183,11716,191893,6.105485869729485
70.18002557754517,11715,191893,6.1049647459782275
70.23799729347229,11721,191893,6.108091488485771
70.33377075195312,11722,191893,6.108612612237028
70.42820429801941,11722,191893,6.108612612237028
70.50726175308228,11722,191893,6.108612612237028
70.56348419189453,11722,191893,6.108612612237028
70.6202597618103,11727,191893,6.111218230993314
70.71098685264587,11727,191893,6.111218230993314
70.78988552093506,11727,191893,6.111218230993314
70.8674168586731,11728,191893,6.1117393547445715
70.92329096794128,11723,191893,6.1091337359882845
70.97753763198853,11728,191893,6.1117393547445715
71.03377389907837,11729,191893,6.112260478495828
71.11584663391113,11733,191893,6.114344973500857
71.17524766921997,11736,191893,6.1159083447546285
71.2552695274353,11738,191893,6.116950592257144
71.31472134590149,11736,191893,6.1159083447546285
71.42093777656555,11732,191893,6.1138238497496005
71.48422074317932,11727,191893,6.111218230993314
71.54261040687561,11732,191893,6.1138238497496005
71.6217315196991,11737,191893,6.116429468505886
71.69946193695068,11718,191893,6.106528117231999
71.75624966621399,11718,191893,6.106528117231999
71.81366395950317,11717,191893,6.106006993480742
71.8732361793518,11717,191893,6.106006993480742
71.96306872367859,11721,191893,6.108091488485771
72.06235933303833,11716,191893,6.105485869729485
72.12625479698181,11713,191893,6.103922498475713
72.18474531173706,11709,191893,6.101838003470684
72.28420352935791,11709,191893,6.101838003470684
72.34037590026855,11709,191893,6.101838003470684
72.39970135688782,11709,191893,6.101838003470684
72.47898936271667,11709,191893,6.101838003470684
72.54251599311829,11710,191893,6.102359127221941
72.59976291656494,11715,191893,6.1049647459782275
72.65804839134216,11715,191893,6.1049647459782275
72.71429085731506,11709,191893,6.101838003470684
72.7926607131958,11709,191893,6.101838003470684
72.85153245925903,11710,191893,6.102359127221941
72.93389225006104,11710,191893,6.102359127221941
73.00946998596191,11715,191893,6.1049647459782275
73.06644988059998,11709,191893,6.101838003470684
73.1246542930603,11716,191893,6.105485869729485
73.185861825943,11716,191893,6.105485869729485
73.24611067771912,11716,191893,6.105485869729485
73.3234236240387,11717,191893,6.106006993480742
73.3817708492279,11711,191893,6.1028802509731985
73.45794081687927,11711,191893,6.1028802509731985
73.5381669998169,11712,191893,6.103401374724456
73.59626197814941,11711,191893,6.1028802509731985
73.67389249801636,11711,191893,6.1028802509731985
73.7308554649353,11708,191893,6.101316879719427
73.8363778591156,11708,191893,6.101316879719427
73.933114528656,11708,191893,6.101316879719427
74.01007390022278,11710,191893,6.102359127221941
74.07702493667603,11710,191893,6.102359127221941
74.17307829856873,11711,191893,6.1028802509731985
74.25035500526428,11709,191893,6.101838003470684
74.30801796913147,11710,191893,6.102359127221941
74.36555647850037,11710,191893,6.102359127221941
74.41988754272461,11710,191893,6.102359127221941
74.52172803878784,11711,191893,6.1028802509731985
74.5773549079895,11715,191893,6.1049647459782275
74.63272261619568,11715,191893,6.1049647459782275
74.68931841850281,11716,191893,6.105485869729485
74.74939346313477,11714,191893,6.10444362222697
74.84587025642395,11713,191893,6.103922498475713
74.9139506816864,11713,191893,6.103922498475713
74.97053289413452,11715,191893,6.1049647459782275
75.0457010269165,11716,191893,6.105485869729485
75.12133812904358,11716,191893,6.105485869729485
75.19720125198364,11716,191893,6.105485869729485
75.25535249710083,11712,191893,6.103401374724456
75.3136396408081,11717,191893,6.106006993480742
75.39232659339905,11717,191893,6.106006993480742
75.4782383441925,11717,191893,6.106006993480742
75.57610034942627,11712,191893,6.103401374724456
75.63533282279968,11718,191893,6.106528117231999
75.71462488174438,11718,191893,6.106528117231999
75.77196073532104,11719,191893,6.107049240983256
75.84843468666077,11719,191893,6.107049240983256
75.94561576843262,11721,191893,6.108091488485771
76.00207948684692,11723,191893,6.1091337359882845
76.09833121299744,11721,191893,6.108091488485771
76.15472722053528,11724,191893,6.109654859739543
76.25189757347107,11728,191893,6.1117393547445715
76.3083324432373,11726,191893,6.110697107242056
76.36467337608337,11727,191893,6.111218230993314
76.46073317527771,11726,191893,6.110697107242056
76.51598954200745,11727,191893,6.111218230993314
76.57369375228882,11720,191893,6.107570364734514
76.65851593017578,11720,191893,6.107570364734514
76.71599626541138,11715,191893,6.1049647459782275
76.7602026462555,11715,191893,6.1049647459782275
76.83772826194763,11715,191893,6.1049647459782275
76.93834114074707,11718,191893,6.106528117231999
76.99647450447083,11718,191893,6.106528117231999
77.05327725410461,11723,191893,6.1091337359882845
77.11027932167053,11723,191893,6.1091337359882845
77.16742253303528,11718,191893,6.106528117231999
77.24646735191345,11719,191893,6.107049240983256
77.3267650604248,11718,191893,6.106528117231999
77.42728686332703,11712,191893,6.103401374724456
77.50651407241821,11716,191893,6.105485869729485
77.58614945411682,11716,191893,6.105485869729485
77.64388489723206,11712,191893,6.103401374724456
77.73955249786377,11713,191893,6.103922498475713
77.82311868667603,11714,191893,6.10444362222697
77.98817300796509,11709,191893,6.101838003470684
78.04749655723572,11709,191893,6.101838003470684
78.10618615150452,11714,191893,6.10444362222697
78.16426873207092,11712,191893,6.103401374724456
78.24400615692139,11711,191893,6.1028802509731985
78.32141661643982,11716,191893,6.105485869729485
78.37936687469482,11715,191893,6.1049647459782275
78.46258687973022,11715,191893,6.1049647459782275
78.53998804092407,11715,191893,6.1049647459782275
78.59677505493164,11714,191893,6.10444362222697
78.65291786193848,11710,191893,6.102359127221941
78.73069357872009,11715,191893,6.1049647459782275
78.80977487564087,11714,191893,6.10444362222697
78.90283989906311,11715,191893,6.1049647459782275
78.96146655082703,11710,191893,6.102359127221941
79.0420241355896,11711,191893,6.1028802509731985
79.09767127037048,11705,191893,6.099753508465655
79.156418800354,11706,191893,6.100274632216913
79.23363661766052,11711,191893,6.1028802509731985
79.28995728492737,11711,191893,6.1028802509731985
79.3661859035492,11710,191893,6.102359127221941
79.4421489238739,11704,191893,6.099232384714398
79.53803014755249,11701,191893,6.097669013460626
79.61421966552734,11706,191893,6.100274632216913
79.68853521347046,11711,191893,6.1028802509731985
79.74651670455933,11715,191893,6.1049647459782275
79.8357105255127,11711,191893,6.1028802509731985
79.93419742584229,11707,191893,6.10079575596817
80.01194095611572,11707,191893,6.10079575596817
80.09234690666199,11706,191893,6.100274632216913
80.1949348449707,11706,191893,6.100274632216913
80.27317261695862,11699,191893,6.096626765958113
80.37134957313538,11699,191893,6.096626765958113
80.45349884033203,11703,191893,6.098711260963141
80.52853846549988,11703,191893,6.098711260963141
80.58811902999878,11709,191893,6.101838003470684
80.64696788787842,11703,191893,6.098711260963141
80.70446586608887,11703,191893,6.098711260963141
80.78052711486816,11708,191893,6.101316879719427
80.85825538635254,11710,191893,6.102359127221941
80.9347333908081,11708,191893,6.101316879719427
80.99219465255737,11714,191893,6.10444362222697
81.05062484741211,11713,191893,6.103922498475713
81.13952255249023,11712,191893,6.103401374724456
81.21869421005249,11708,191893,6.101316879719427
81.28877806663513,11707,191893,6.10079575596817
81.38610863685608,11707,191893,6.10079575596817
81.4443576335907,11707,191893,6.10079575596817
81.50302314758301,11712,191893,6.103401374724456
81.56019711494446,11711,191893,6.1028802509731985
81.6558449268341,11712,191893,6.103401374724456
81.75565719604492,11712,191893,6.103401374724456
81.81193423271179,11718,191893,6.106528117231999
81.88852500915527,11717,191893,6.106006993480742
81.96742296218872,11717,191893,6.106006993480742
82.02446866035461,11716,191893,6.105485869729485
82.10013151168823,11717,191893,6.106006993480742
82.15906167030334,11722,191893,6.108612612237028
82.22775030136108,11729,191893,6.112260478495828
82.33002710342407,11728,191893,6.1117393547445715
82.3879165649414,11726,191893,6.110697107242056
82.44564843177795,11725,191893,6.1101759834908
82.50378131866455,11724,191893,6.109654859739543
82.60997819900513,11725,191893,6.1101759834908
82.68526721000671,11726,191893,6.110697107242056
82.76431822776794,11726,191893,6.110697107242056
82.84179830551147,11731,191893,6.113302725998343
82.92139315605164,11732,191893,6.1138238497496005
83.0081524848938,11731,191893,6.113302725998343
83.06662344932556,11732,191893,6.1138238497496005
83.14589142799377,11732,191893,6.1138238497496005
83.20471835136414,11731,191893,6.113302725998343
83.26154494285583,11731,191893,6.113302725998343
83.32443928718567,11725,191893,6.1101759834908
83.38195967674255,11730,191893,6.112781602247085
83.44079184532166,11730,191893,6.112781602247085
83.52019691467285,11732,191893,6.1138238497496005
83.57755947113037,11731,191893,6.113302725998343
83.6613540649414,11731,191893,6.113302725998343
83.71769618988037,11734,191893,6.114866097252115
83.80696558952332,11734,191893,6.114866097252115
83.86428236961365,11733,191893,6.114344973500857
83.94293165206909,11733,191893,6.114344973500857
84.04079151153564,11733,191893,6.114344973500857
84.09727430343628,11733,191893,6.114344973500857
84.15341305732727,11733,191893,6.114344973500857
84.22841906547546,11720,191893,6.107570364734514
84.30865240097046,11695,191893,6.094542270953083
84.40664792060852,11694,191893,6.0940211472018255
84.51112055778503,11695,191893,6.094542270953083
84.57089233398438,11695,191893,6.094542270953083
84.62985181808472,11696,191893,6.095063394704341
84.68702244758606,11697,191893,6.095584518455597
84.74719071388245,11696,191893,6.095063394704341
84.82891416549683,11697,191893,6.095584518455597
84.91119241714478,11698,191893,6.0961056422068545
84.99007558822632,11698,191893,6.0961056422068545
85.0898129940033,11694,191893,6.0940211472018255
85.16849517822266,11695,191893,6.094542270953083
85.2657060623169,11691,191893,6.092457775948054
85.34300661087036,11691,191893,6.092457775948054
85.40002655982971,11692,191893,6.092978899699312
85.52194690704346,11694,191893,6.0940211472018255
85.59665942192078,11694,191893,6.0940211472018255
85.67424821853638,11695,191893,6.094542270953083
85.73260283470154,11694,191893,6.0940211472018255
85.83208656311035,11694,191893,6.0940211472018255
85.89024066925049,11693,191893,6.093500023450569
85.94652152061462,11698,191893,6.0961056422068545
86.00300335884094,11699,191893,6.096626765958113
86.05772852897644,11699,191893,6.096626765958113
86.11375260353088,11699,191893,6.096626765958113
86.21066474914551,11705,191893,6.099753508465655
86.2943663597107,11703,191893,6.098711260963141
86.37025761604309,11704,191893,6.099232384714398
86.42672300338745,11703,191893,6.098711260963141
86.48683834075928,11703,191893,6.098711260963141
86.54575300216675,11704,191893,6.099232384714398
86.62572264671326,11705,191893,6.099753508465655
86.6825156211853,11707,191893,6.10079575596817
86.75810194015503,11706,191893,6.100274632216913
86.8166732788086,11707,191893,6.10079575596817
86.8968505859375,11701,191893,6.097669013460626
86.97455477714539,11700,191893,6.097147889709369
87.06001353263855,11704,191893,6.099232384714398
87.13804268836975,11704,191893,6.099232384714398
87.19895362854004,11703,191893,6.098711260963141
87.30129671096802,11697,191893,6.095584518455597
87.35866594314575,11702,191893,6.098190137211883
87.43806004524231,11701,191893,6.097669013460626
87.49578976631165,11701,191893,6.097669013460626
87.59365153312683,11700,191893,6.097147889709369
87.65090703964233,11700,191893,6.097147889709369
87.72779965400696,11701,191893,6.097669013460626
87.78664088249207,11701,191893,6.097669013460626
87.83100390434265,11696,191893,6.095063394704341
87.89349699020386,11700,191893,6.097147889709369
87.96806836128235,11700,191893,6.097147889709369
88.0705144405365,11698,191893,6.0961056422068545
88.1294002532959,11699,191893,6.096626765958113
88.18697476387024,11699,191893,6.096626765958113
88.28661179542542,11699,191893,6.096626765958113
88.37890839576721,11698,191893,6.0961056422068545
88.47835731506348,11699,191893,6.096626765958113
88.56044483184814,11699,191893,6.096626765958113
88.66194868087769,11699,191893,6.096626765958113
88.71874976158142,11699,191893,6.096626765958113
88.77648067474365,11699,191893,6.096626765958113
88.83207273483276,11694,191893,6.0940211472018255
88.88857173919678,11698,191893,6.0961056422068545
88.94581532478333,11699,191893,6.096626765958113
89.04151964187622,11699,191893,6.096626765958113
89.09790587425232,11704,191893,6.099232384714398
89.15650749206543,11703,191893,6.098711260963141
89.25359964370728,11699,191893,6.096626765958113
89.34943914413452,11698,191893,6.0961056422068545
89.42574501037598,11698,191893,6.0961056422068545
89.48418354988098,11697,191893,6.095584518455597
89.58181667327881,11692,191893,6.092978899699312
89.65872049331665,11697,191893,6.095584518455597
89.71479535102844,11697,191893,6.095584518455597
89.77286148071289,11697,191893,6.095584518455597
89.82980632781982,11696,191893,6.095063394704341
89.88553881645203,11696,191893,6.095063394704341
89.96508860588074,11695,191893,6.094542270953083
90.06154370307922,11695,191893,6.094542270953083
90.12382674217224,11690,191893,6.0919366521967975
90.17995357513428,11690,191893,6.0919366521967975
90.23756670951843,11691,191893,6.092457775948054
90.31464862823486,11694,191893,6.0940211472018255
90.37051677703857,11693,191893,6.093500023450569
90.4381251335144,11693,191893,6.093500023450569
90.53448796272278,11693,191893,6.093500023450569
90.61067271232605,11693,191893,6.093500023450569
90.66620063781738,11693,191893,6.093500023450569
90.74734950065613,11692,191893,6.092978899699312
90.8046281337738,11693,191893,6.093500023450569
90.88205099105835,11693,191893,6.093500023450569
90.95786333084106,11693,191893,6.093500023450569
91.0139274597168,11693,191893,6.093500023450569
91.06792902946472,11693,191893,6.093500023450569
91.14427185058594,11689,191893,6.09141552844554
91.22290062904358,11692,191893,6.092978899699312
91.27801275253296,11693,191893,6.093500023450569
91.33677530288696,11692,191893,6.092978899699312
91.43488335609436,11688,191893,6.090894404694282
91.53594446182251,11693,191893,6.093500023450569
91.61402082443237,11694,191893,6.0940211472018255
91.68831872940063,11695,191893,6.094542270953083
91.78841280937195,11695,191893,6.094542270953083
91.86682105064392,11695,191893,6.094542270953083
91.92247557640076,11690,191893,6.0919366521967975
91.97731399536133,11695,191893,6.094542270953083
92.03419637680054,11688,191893,6.090894404694282
92.09659266471863,11689,191893,6.09141552844554
92.15488815307617,11694,191893,6.0940211472018255
92.2308623790741,11695,191893,6.094542270953083
92.31145310401917,11695,191893,6.094542270953083
92.40848088264465,11695,191893,6.094542270953083
92.48738884925842,11695,191893,6.094542270953083
92.58793640136719,11695,191893,6.094542270953083
92.64682292938232,11695,191893,6.094542270953083
92.72635197639465,11695,191893,6.094542270953083
92.78749179840088,11695,191893,6.094542270953083
92.84461641311646,11695,191893,6.094542270953083
92.90165185928345,11695,191893,6.094542270953083
92.98182678222656,11693,191893,6.093500023450569
93.05846095085144,11688,191893,6.090894404694282
93.13208532333374,11684,191893,6.088809909689254
93.21062302589417,11684,191893,6.088809909689254
93.26798987388611,11685,191893,6.089331033440511
93.3454327583313,11690,191893,6.0919366521967975
93.42204451560974,11690,191893,6.0919366521967975
93.51597905158997,11691,191893,6.092457775948054
93.59370231628418,11692,191893,6.092978899699312
93.64951825141907,11689,191893,6.09141552844554
93.72967529296875,11696,191893,6.095063394704341
93.82631635665894,11692,191893,6.092978899699312
93.89994168281555,11693,191893,6.093500023450569
93.97820496559143,11692,191893,6.092978899699312
94.07339262962341,11698,191893,6.0961056422068545
94.14986491203308,11697,191893,6.095584518455597
94.22593283653259,11702,191893,6.098190137211883
94.30200576782227,11702,191893,6.098190137211883
94.36231803894043,11701,191893,6.097669013460626
94.44471788406372,11702,191893,6.098190137211883
94.50634908676147,11701,191893,6.097669013460626
94.56431531906128,11707,191893,6.10079575596817
94.63198709487915,11701,191893,6.097669013460626
94.7100887298584,11700,191893,6.097147889709369
94.79472184181213,11694,191893,6.0940211472018255
94.90070629119873,11694,191893,6.0940211472018255
94.98169350624084,11693,191893,6.093500023450569
95.08320951461792,11693,191893,6.093500023450569
95.16088700294495,11692,191893,6.092978899699312
95.24080300331116,11693,191893,6.093500023450569
95.31829857826233,11699,191893,6.096626765958113
95.3749258518219,11697,191893,6.095584518455597
95.46214818954468,11697,191893,6.095584518455597
95.5579481124878,11696,191893,6.095063394704341
95.61957383155823,11701,191893,6.097669013460626
95.67770147323608,11705,191893,6.099753508465655
95.73458313941956,11705,191893,6.099753508465655
95.81193470954895,11703,191893,6.098711260963141
95.86911273002625,11703,191893,6.098711260963141
95.93759393692017,11701,191893,6.097669013460626
95.99661540985107,11701,191893,6.097669013460626
96.05774188041687,11702,191893,6.098190137211883
96.13624835014343,11695,191893,6.094542270953083
96.23512864112854,11696,191893,6.095063394704341
96.29106140136719,11696,191893,6.095063394704341
96.35025262832642,11695,191893,6.094542270953083
96.4285261631012,11690,191893,6.0919366521967975
96.48651671409607,11694,191893,6.0940211472018255
96.58420586585999,11695,191893,6.094542270953083
96.64272451400757,11694,191893,6.0940211472018255
96.72690105438232,11691,191893,6.092457775948054
96.78514003753662,11690,191893,6.0919366521967975
96.88187909126282,11691,191893,6.092457775948054
96.95639133453369,11695,191893,6.094542270953083
97.0382649898529,11701,191893,6.097669013460626
97.09672808647156,11701,191893,6.097669013460626
97.15601682662964,11700,191893,6.097147889709369
97.23685646057129,11700,191893,6.097147889709369
97.29554390907288,11693,191893,6.093500023450569
97.37534856796265,11698,191893,6.0961056422068545
97.45346117019653,11693,191893,6.093500023450569
97.51536583900452,11695,191893,6.094542270953083
97.59208798408508,11695,191893,6.094542270953083
97.65007638931274,11699,191893,6.096626765958113
97.70718836784363,11701,191893,6.097669013460626
97.76434826850891,11705,191893,6.099753508465655
97.84168815612793,11704,191893,6.099232384714398
97.93712329864502,11700,191893,6.097147889709369
97.99456834793091,11699,191893,6.096626765958113
98.09507369995117,11700,191893,6.097147889709369
98.15225744247437,11700,191893,6.097147889709369
98.20836663246155,11696,191893,6.095063394704341
98.30449604988098,11701,191893,6.097669013460626
98.3622682094574,11704,191893,6.099232384714398
98.43703126907349,11704,191893,6.099232384714398
98.49470663070679,11704,191893,6.099232384714398
98.5505678653717,11708,191893,6.101316879719427
98.60973024368286,11708,191893,6.101316879719427
98.66707849502563,11708,191893,6.101316879719427
98.72278475761414,11708,191893,6.101316879719427
98.82045936584473,11708,191893,6.101316879719427
98.87631058692932,11708,191893,6.101316879719427
98.94562077522278,11710,191893,6.102359127221941
99.0409369468689,11709,191893,6.101838003470684
99.14348340034485,11709,191893,6.101838003470684
99.20051908493042,11710,191893,6.102359127221941
99.25672125816345,11714,191893,6.10444362222697
99.31553673744202,11715,191893,6.1049647459782275
99.37380480766296,11703,191893,6.098711260963141
99.43123626708984,11702,191893,6.098190137211883
99.48994565010071,11707,191893,6.10079575596817
99.54981970787048,11713,191893,6.103922498475713
99.60865807533264,11713,191893,6.103922498475713
99.68658423423767,11709,191893,6.101838003470684
99.76932406425476,11714,191893,6.10444362222697
99.8557550907135,11715,191893,6.1049647459782275
99.91207313537598,11715,191893,6.1049647459782275
99.97082090377808,11715,191893,6.1049647459782275
100.06997585296631,11715,191893,6.1049647459782275
100.12616062164307,11715,191893,6.1049647459782275
100.18423914909363,11715,191893,6.1049647459782275
100.23992872238159,11715,191893,6.1049647459782275
100.33649206161499,11719,191893,6.107049240983256
100.39838075637817,11718,191893,6.106528117231999
100.47910404205322,11720,191893,6.107570364734514
100.56041646003723,11727,191893,6.111218230993314
100.65882086753845,11728,191893,6.1117393547445715
100.71836304664612,11722,191893,6.108612612237028
100.77609658241272,11722,191893,6.108612612237028
100.85696935653687,11723,191893,6.1091337359882845
100.93192315101624,11723,191893,6.1091337359882845
100.9984622001648,11727,191893,6.111218230993314
101.08949589729309,11727,191893,6.111218230993314
101.14628672599792,11727,191893,6.111218230993314
101.20597052574158,11723,191893,6.1091337359882845
101.26524639129639,11723,191893,6.1091337359882845
101.32402300834656,11727,191893,6.111218230993314
101.38329315185547,11726,191893,6.110697107242056
101.44127368927002,11721,191893,6.108091488485771
101.49790954589844,11725,191893,6.1101759834908
101.55553245544434,11725,191893,6.1101759834908
101.61520314216614,11721,191893,6.108091488485771
101.67287111282349,11727,191893,6.111218230993314
101.72916340827942,11721,191893,6.108091488485771
101.78671479225159,11727,191893,6.111218230993314
101.84463357925415,11727,191893,6.111218230993314
101.90426874160767,11725,191893,6.1101759834908
101.94772291183472,11726,191893,6.110697107242056
102.00455260276794,11722,191893,6.108612612237028
102.0686206817627,11726,191893,6.110697107242056
102.12522768974304,11728,191893,6.1117393547445715
102.18182420730591,11729,191893,6.112260478495828
102.28424263000488,11718,191893,6.106528117231999
102.36203694343567,11718,191893,6.106528117231999
102.44155049324036,11718,191893,6.106528117231999
102.52082657814026,11718,191893,6.106528117231999
102.57614779472351,11719,191893,6.107049240983256
102.65358114242554,11724,191893,6.109654859739543
102.74817943572998,11724,191893,6.109654859739543
102.81176829338074,11725,191893,6.1101759834908
102.91640996932983,11720,191893,6.107570364734514
102.97615694999695,11724,191893,6.109654859739543
103.05360841751099,11724,191893,6.109654859739543
103.11057329177856,11721,191893,6.108091488485771
103.16850852966309,11725,191893,6.1101759834908
103.24628019332886,11725,191893,6.1101759834908
103.32086372375488,11723,191893,6.1091337359882845
103.4175751209259,11723,191893,6.1091337359882845
103.47381329536438,11722,191893,6.108612612237028
103.55092692375183,11723,191893,6.1091337359882845
103.60857725143433,11723,191893,6.1091337359882845
103.66687726974487,11723,191893,6.1091337359882845
103.77148365974426,11724,191893,6.109654859739543
103.85381531715393,11724,191893,6.109654859739543
103.91211414337158,11724,191893,6.109654859739543
103.99020290374756,11725,191893,6.1101759834908
104.04702663421631,11726,191893,6.110697107242056
104.1275885105133,11725,191893,6.1101759834908
104.18559074401855,11721,191893,6.108091488485771
104.26336526870728,11722,191893,6.108612612237028
104.30797839164734,11716,191893,6.105485869729485
104.38830351829529,11717,191893,6.106006993480742
104.46485781669617,11721,191893,6.108091488485771
104.52380681037903,11722,191893,6.108612612237028
104.64934277534485,11723,191893,6.1091337359882845
104.70545101165771,11723,191893,6.1091337359882845
104.764080286026,11723,191893,6.1091337359882845
104.86390900611877,11724,191893,6.109654859739543
104.92216992378235,11723,191893,6.1091337359882845
104.9966995716095,11724,191893,6.109654859739543
105.05393528938293,11724,191893,6.109654859739543
105.12891554832458,11726,191893,6.110697107242056
105.20217275619507,11721,191893,6.108091488485771
105.26489281654358,11727,191893,6.111218230993314
105.34403085708618,11727,191893,6.111218230993314
105.42191767692566,11721,191893,6.108091488485771
105.4993360042572,11721,191893,6.108091488485771
105.55644416809082,11727,191893,6.111218230993314
105.61186671257019,11717,191893,6.106006993480742
105.66977286338806,11719,191893,6.107049240983256
105.76039624214172,11720,191893,6.107570364734514
105.8236665725708,11720,191893,6.107570364734514
105.88174557685852,11714,191893,6.10444362222697
105.94138669967651,11718,191893,6.106528117231999
106.01716160774231,11718,191893,6.106528117231999
106.07952046394348,11717,191893,6.106006993480742
106.15614295005798,11717,191893,6.106006993480742
106.21425580978394,11717,191893,6.106006993480742
106.27203607559204,11717,191893,6.106006993480742
106.34858059883118,11722,191893,6.108612612237028
106.43003249168396,11717,191893,6.106006993480742
106.50792622566223,11721,191893,6.108091488485771
106.56744909286499,11717,191893,6.106006993480742
106.62479066848755,11711,191893,6.1028802509731985
106.68165993690491,11711,191893,6.1028802509731985
106.74015355110168,11716,191893,6.105485869729485
106.80221557617188,11716,191893,6.105485869729485
106.8814549446106,11716,191893,6.105485869729485
106.9398090839386,11720,191893,6.107570364734514
107.0394036769867,11719,191893,6.107049240983256
107.11849236488342,11719,191893,6.107049240983256
107.19766545295715,11719,191893,6.107049240983256
107.27401924133301,11718,191893,6.106528117231999
107.35108208656311,11717,191893,6.106006993480742
107.43080520629883,11717,191893,6.106006993480742
107.48944139480591,11717,191893,6.106006993480742
107.5886824131012,11717,191893,6.106006993480742
107.65002989768982,11716,191893,6.105485869729485
107.70750069618225,11717,191893,6.106006993480742
107.78726100921631,11717,191893,6.106006993480742
107.84580421447754,11716,191893,6.105485869729485
107.90166330337524,11716,191893,6.105485869729485
107.96173763275146,11714,191893,6.10444362222697
108.04032897949219,11709,191893,6.101838003470684
108.1217405796051,11714,191893,6.10444362222697
108.19829392433167,11709,191893,6.101838003470684
108.28466439247131,11709,191893,6.101838003470684
108.34563899040222,11708,191893,6.101316879719427
108.42800402641296,11708,191893,6.101316879719427
108.50566792488098,11708,191893,6.101316879719427
108.56469893455505,11708,191893,6.101316879719427
108.62145638465881,11707,191893,6.10079575596817
108.6806001663208,11705,191893,6.099753508465655
108.76237869262695,11706,191893,6.100274632216913
108.83806252479553,11706,191893,6.100274632216913
108.89666938781738,11706,191893,6.100274632216913
108.95363330841064,11707,191893,6.10079575596817
109.0107638835907,11706,191893,6.100274632216913
109.06766152381897,11705,191893,6.099753508465655
109.14638328552246,11706,191893,6.100274632216913
109.2082257270813,11705,191893,6.099753508465655
109.26859784126282,11706,191893,6.100274632216913
109.32408547401428,11712,191893,6.103401374724456
109.40171766281128,11712,191893,6.103401374724456
109.46378064155579,11712,191893,6.103401374724456
109.52547883987427,11711,191893,6.1028802509731985
109.60212540626526,11711,191893,6.1028802509731985
109.69496774673462,11712,191893,6.103401374724456
109.774649143219,11712,191893,6.103401374724456
109.86723017692566,11711,191893,6.1028802509731985
109.94614815711975,11712,191893,6.103401374724456
110.02179002761841,11712,191893,6.103401374724456
110.07934069633484,11713,191893,6.103922498475713
110.13612961769104,11712,191893,6.103401374724456
110.21251940727234,11712,191893,6.103401374724456
110.29026746749878,11711,191893,6.1028802509731985
110.37468409538269,11711,191893,6.1028802509731985
110.45342683792114,11711,191893,6.1028802509731985
110.53050565719604,11710,191893,6.102359127221941
110.60959196090698,11712,191893,6.103401374724456
110.68725109100342,11712,191893,6.103401374724456
110.74431467056274,11712,191893,6.103401374724456
110.80153059959412,11706,191893,6.100274632216913
110.87740182876587,11710,191893,6.102359127221941
110.95707702636719,11706,191893,6.100274632216913
111.05398941040039,11710,191893,6.102359127221941
111.11186742782593,11711,191893,6.1028802509731985
111.16792631149292,11711,191893,6.1028802509731985
111.24639534950256,11712,191893,6.103401374724456
111.30164074897766,11711,191893,6.1028802509731985
111.38145184516907,11712,191893,6.103401374724456
111.43909549713135,11711,191893,6.1028802509731985
111.49473357200623,11711,191893,6.1028802509731985
111.55201196670532,11705,191893,6.099753508465655
111.61012125015259,11704,191893,6.099232384714398
111.68417978286743,11705,191893,6.099753508465655
111.7616810798645,11710,191893,6.102359127221941
111.8394660949707,11706,191893,6.100274632216913
111.91508531570435,11706,191893,6.100274632216913
111.969642162323,11705,191893,6.099753508465655
112.02706909179688,11705,191893,6.099753508465655
112.08137941360474,11710,191893,6.102359127221941
112.13910007476807,11716,191893,6.105485869729485
112.23810410499573,11715,191893,6.1049647459782275
112.31358742713928,11716,191893,6.105485869729485
112.37496733665466,11715,191893,6.1049647459782275
112.45508551597595,11715,191893,6.1049647459782275
112.54441857337952,11715,191893,6.1049647459782275
112.60204911231995,11715,191893,6.1049647459782275
112.70903062820435,11715,191893,6.1049647459782275
112.783762216568,11714,191893,6.10444362222697
112.86662006378174,11709,191893,6.101838003470684
112.9441134929657,11710,191893,6.102359127221941
113.04184055328369,11705,191893,6.099753508465655
113.1214394569397,11700,191893,6.097147889709369
113.19545006752014,11698,191893,6.0961056422068545
113.27495217323303,11697,191893,6.095584518455597
113.3345136642456,11697,191893,6.095584518455597
113.39044833183289,11697,191893,6.095584518455597
113.46802997589111,11694,191893,6.0940211472018255
113.5389358997345,11693,191893,6.093500023450569
113.64753007888794,11692,191893,6.092978899699312
113.74667978286743,11692,191893,6.092978899699312
113.82574105262756,11691,191893,6.092457775948054
113.8828809261322,11691,191893,6.092457775948054
113.96799159049988,11691,191893,6.092457775948054
114.02387714385986,11690,191893,6.0919366521967975
114.08246755599976,11690,191893,6.0919366521967975
114.14053130149841,11695,191893,6.094542270953083
114.19578647613525,11695,191893,6.094542270953083
114.25370573997498,11695,191893,6.094542270953083
114.33076548576355,11695,191893,6.094542270953083
114.38893008232117,11698,191893,6.0961056422068545
114.45040321350098,11697,191893,6.095584518455597
114.50765228271484,11696,191893,6.095063394704341
114.60731625556946,11697,191893,6.095584518455597
114.68522095680237,11698,191893,6.0961056422068545
114.76322221755981,11702,191893,6.098190137211883
114.81391763687134,11702,191893,6.098190137211883
114.87234616279602,11697,191893,6.095584518455597
114.94848847389221,11691,191893,6.092457775948054
115.02834248542786,11692,191893,6.092978899699312
115.1235580444336,11693,191893,6.093500023450569
115.18347072601318,11690,191893,6.0919366521967975
115.28278350830078,11689,191893,6.09141552844554
115.33947610855103,11689,191893,6.09141552844554
115.39650654792786,11688,191893,6.090894404694282
115.47645092010498,11687,191893,6.090373280943026
115.53546857833862,11688,191893,6.090894404694282
115.6356942653656,11687,191893,6.090373280943026
115.71581315994263,11687,191893,6.090373280943026
115.7938973903656,11693,191893,6.093500023450569
115.86936473846436,11688,191893,6.090894404694282
115.94613313674927,11693,191893,6.093500023450569
116.00309729576111,11694,191893,6.0940211472018255
116.06013107299805,11693,191893,6.093500023450569
116.13779950141907,11687,191893,6.090373280943026
116.21225118637085,11687,191893,6.090373280943026
116.29014086723328,11689,191893,6.09141552844554
116.38702440261841,11689,191893,6.09141552844554
116.44597125053406,11695,191893,6.094542270953083
116.5055103302002,11695,191893,6.094542270953083
116.58888697624207,11689,191893,6.09141552844554
116.66826868057251,11689,191893,6.09141552844554
116.7199478149414,11689,191893,6.09141552844554
116.80844926834106,11689,191893,6.09141552844554
116.9071877002716,11685,191893,6.089331033440511
117.0057327747345,11685,191893,6.089331033440511
117.10136413574219,11690,191893,6.0919366521967975
117.1990807056427,11685,191893,6.089331033440511
117.28200626373291,11684,191893,6.088809909689254
117.37861943244934,11685,191893,6.089331033440511
117.45782399177551,11685,191893,6.089331033440511
117.53407573699951,11686,191893,6.0898521571917685
117.59627676010132,11681,191893,6.087246538435482
117.65463638305664,11681,191893,6.087246538435482
117.75452542304993,11681,191893,6.087246538435482
117.82880592346191,11685,191893,6.089331033440511
117.90736079216003,11686,191893,6.0898521571917685
117.9645414352417,11687,191893,6.090373280943026
118.04004621505737,11686,191893,6.0898521571917685
118.11936545372009,11691,191893,6.092457775948054
118.1778314113617,11686,191893,6.0898521571917685
118.27209758758545,11686,191893,6.0898521571917685
118.3502082824707,11689,191893,6.09141552844554
118.4255793094635,11691,191893,6.092457775948054
118.52152228355408,11696,191893,6.095063394704341
118.57873272895813,11690,191893,6.0919366521967975
118.63590669631958,11694,191893,6.0940211472018255
118.69746041297913,11694,191893,6.0940211472018255
118.75822710990906,11695,191893,6.094542270953083
118.81653141975403,11689,191893,6.09141552844554
118.89471769332886,11695,191893,6.094542270953083
118.95035934448242,11694,191893,6.0940211472018255
119.01080465316772,11695,191893,6.094542270953083
119.08835816383362,11694,191893,6.0940211472018255
119.14721941947937,11694,191893,6.0940211472018255
119.20474052429199,11695,191893,6.094542270953083
119.30035972595215,11690,191893,6.0919366521967975
119.37970066070557,11695,191893,6.094542270953083
119.45940899848938,11694,191893,6.0940211472018255
119.53883862495422,11695,191893,6.094542270953083
119.63838362693787,11695,191893,6.094542270953083
119.69418954849243,11696,191893,6.095063394704341
119.79357600212097,11690,191893,6.0919366521967975
119.87451815605164,11691,191893,6.092457775948054
119.95728659629822,11692,191893,6.092978899699312
120.03415322303772,11693,191893,6.093500023450569
120.09210109710693,11689,191893,6.09141552844554
120.14774799346924,11693,191893,6.093500023450569
120.20584392547607,11693,191893,6.093500023450569
120.28311204910278,11694,191893,6.0940211472018255
120.33915424346924,11688,191893,6.090894404694282
120.42069339752197,11694,191893,6.0940211472018255
120.4977126121521,11693,191893,6.093500023450569
120.55557298660278,11694,191893,6.0940211472018255
120.6429169178009,11690,191893,6.0919366521967975
120.70013308525085,11688,191893,6.090894404694282
120.77870583534241,11690,191893,6.0919366521967975
120.85779404640198,11689,191893,6.09141552844554
120.93339657783508,11691,191893,6.092457775948054
120.99293851852417,11690,191893,6.0919366521967975
121.07018494606018,11685,191893,6.089331033440511
121.12588024139404,11687,191893,6.090373280943026
121.20454621315002,11681,191893,6.087246538435482
121.25259900093079,11687,191893,6.090373280943026
121.30774354934692,11686,191893,6.0898521571917685
121.38528561592102,11686,191893,6.0898521571917685
121.46275424957275,11691,191893,6.092457775948054
121.51887488365173,11690,191893,6.0919366521967975
121.57641291618347,11690,191893,6.0919366521967975
121.65575838088989,11689,191893,6.09141552844554
121.71201491355896,11690,191893,6.0919366521967975
121.78978705406189,11690,191893,6.0919366521967975
121.85962653160095,11688,191893,6.090894404694282
121.938889503479,11688,191893,6.090894404694282
121.99597239494324,11689,191893,6.09141552844554
122.07251262664795,11689,191893,6.09141552844554
122.14964532852173,11688,191893,6.090894404694282
122.22377276420593,11687,191893,6.090373280943026
122.30153965950012,11688,191893,6.090894404694282
122.39608812332153,11688,191893,6.090894404694282
122.45617032051086,11689,191893,6.09141552844554
122.53416657447815,11683,191893,6.088288785937997
122.60967636108398,11688,191893,6.090894404694282
122.66843724250793,11689,191893,6.09141552844554
122.72752952575684,11688,191893,6.090894404694282
122.78604030609131,11689,191893,6.09141552844554
122.84306621551514,11688,191893,6.090894404694282
122.91990804672241,11687,191893,6.090373280943026
122.97863960266113,11681,191893,6.087246538435482
123.05901312828064,11676,191893,6.084640919679196
123.13197422027588,11673,191893,6.0830775484254245
123.23221826553345,11671,191893,6.08203530092291
123.30997586250305,11667,191893,6.079950805917881
123.39092946052551,11664,191893,6.07838743466411
123.4726049900055,11664,191893,6.07838743466411
123.55017566680908,11665,191893,6.078908558415367
123.6057014465332,11665,191893,6.078908558415367
123.66448783874512,11666,191893,6.079429682166624
123.72442173957825,11666,191893,6.079429682166624
123.80264830589294,11668,191893,6.080471929669138
123.88177704811096,11672,191893,6.082556424674167
123.97795486450195,11672,191893,6.082556424674167
124.06043434143066,11672,191893,6.082556424674167
124.13905024528503,11672,191893,6.082556424674167
124.19805765151978,11667,191893,6.079950805917881
124.25722336769104,11672,191893,6.082556424674167
124.31336379051208,11673,191893,6.0830775484254245
124.37328004837036,11672,191893,6.082556424674167
124.41810369491577,11673,191893,6.0830775484254245
124.47581315040588,11671,191893,6.08203530092291
124.57241082191467,11671,191893,6.08203530092291
124.63051724433899,11676,191893,6.084640919679196
124.72986435890198,11676,191893,6.084640919679196
124.79096603393555,11676,191893,6.084640919679196
124.8584680557251,11681,191893,6.087246538435482
124.9549036026001,11687,191893,6.090373280943026
125.04031300544739,11692,191893,6.092978899699312
125.0976631641388,11691,191893,6.092457775948054
125.1786642074585,11681,191893,6.087246538435482
125.23722720146179,11680,191893,6.086725414684225
125.29670190811157,11673,191893,6.0830775484254245
125.37485432624817,11673,191893,6.0830775484254245
125.45381712913513,11670,191893,6.081514177171653
125.54983401298523,11666,191893,6.079429682166624
125.62371444702148,11671,191893,6.08203530092291
125.70220899581909,11672,191893,6.082556424674167
125.75820088386536,11676,191893,6.084640919679196
125.81488823890686,11676,191893,6.084640919679196
125.87227201461792,11677,191893,6.085162043430453
125.95379638671875,11672,191893,6.082556424674167
126.01192879676819,11672,191893,6.082556424674167
126.06792259216309,11682,191893,6.08776766218674
126.14611721038818,11680,191893,6.086725414684225
126.22176241874695,11680,191893,6.086725414684225
126.29705333709717,11680,191893,6.086725414684225
126.3941559791565,11681,191893,6.087246538435482
126.45250964164734,11682,191893,6.08776766218674
126.52947449684143,11682,191893,6.08776766218674
126.6145133972168,11680,191893,6.086725414684225
126.6895751953125,11680,191893,6.086725414684225
126.74728655815125,11680,191893,6.086725414684225
126.84360527992249,11677,191893,6.085162043430453
126.92235708236694,11667,191893,6.079950805917881
127.01517820358276,11662,191893,6.077345187161595
127.07394051551819,11668,191893,6.080471929669138
127.153005361557,11668,191893,6.080471929669138
127.21451449394226,11668,191893,6.080471929669138
127.27238917350769,11663,191893,6.077866310912852
127.37196254730225,11667,191893,6.079950805917881
127.46813678741455,11668,191893,6.080471929669138
127.54606127738953,11671,191893,6.08203530092291
127.62203407287598,11672,191893,6.082556424674167
127.68275380134583,11673,191893,6.0830775484254245
127.77970361709595,11673,191893,6.0830775484254245
127.83911943435669,11674,191893,6.083598672176682
127.92040276527405,11674,191893,6.083598672176682
127.97597551345825,11679,191893,6.086204290932968
128.05195450782776,11679,191893,6.086204290932968
128.10982012748718,11677,191893,6.085162043430453
128.1675853729248,11676,191893,6.084640919679196
128.24480605125427,11679,191893,6.086204290932968
128.32177734375,11682,191893,6.08776766218674
128.37846612930298,11684,191893,6.088809909689254
128.4599974155426,11682,191893,6.08776766218674
128.5377390384674,11685,191893,6.089331033440511
128.63503170013428,11685,191893,6.089331033440511
128.7351462841034,11685,191893,6.089331033440511
128.83417415618896,11687,191893,6.090373280943026
128.91418743133545,11687,191893,6.090373280943026
128.99051523208618,11687,191893,6.090373280943026
129.047949552536,11687,191893,6.090373280943026
129.10436248779297,11685,191893,6.089331033440511
129.1646273136139,11685,191893,6.089331033440511
129.22291731834412,11690,191893,6.0919366521967975
129.27951383590698,11691,191893,6.092457775948054
129.35611176490784,11684,191893,6.088809909689254
129.41605186462402,11689,191893,6.09141552844554
129.49397802352905,11689,191893,6.09141552844554
129.5706865787506,11691,191893,6.092457775948054
129.64717769622803,11692,191893,6.092978899699312
129.70601892471313,11693,191893,6.093500023450569
129.7654881477356,11687,191893,6.090373280943026
129.8215093612671,11692,191893,6.092978899699312
129.89276337623596,11692,191893,6.092978899699312
129.99105763435364,11692,191893,6.092978899699312
130.0563554763794,11692,191893,6.092978899699312
130.13226652145386,11692,191893,6.092978899699312
130.21360993385315,11692,191893,6.092978899699312
130.3107328414917,11697,191893,6.095584518455597
130.36557507514954,11697,191893,6.095584518455597
130.44433903694153,11693,191893,6.093500023450569
130.52169585227966,11698,191893,6.0961056422068545
130.57751202583313,11697,191893,6.095584518455597
130.68133425712585,11696,191893,6.095063394704341
130.75740694999695,11696,191893,6.095063394704341
130.86079812049866,11696,191893,6.095063394704341
130.9399721622467,11692,191893,6.092978899699312
131.04009819030762,11697,191893,6.095584518455597
131.0980987548828,11697,191893,6.095584518455597
131.15662932395935,11697,191893,6.095584518455597
131.2117714881897,11692,191893,6.092978899699312
131.26943349838257,11686,191893,6.0898521571917685
131.34651279449463,11687,191893,6.090373280943026
131.4451286792755,11687,191893,6.090373280943026
131.52270317077637,11692,191893,6.092978899699312
131.58018350601196,11693,191893,6.093500023450569
131.6372697353363,11693,191893,6.093500023450569
131.7159547805786,11697,191893,6.095584518455597
131.77192211151123,11692,191893,6.092978899699312
131.84773802757263,11691,191893,6.092457775948054
131.928706407547,11696,191893,6.095063394704341
131.98733806610107,11695,191893,6.094542270953083
132.0454876422882,11695,191893,6.094542270953083
132.10139989852905,11694,191893,6.0940211472018255
132.16124820709229,11683,191893,6.088288785937997
132.24590134620667,11682,191893,6.08776766218674
132.30422115325928,11680,191893,6.086725414684225
132.43037748336792,11679,191893,6.086204290932968
132.48841285705566,11679,191893,6.086204290932968
132.5510492324829,11679,191893,6.086204290932968
132.60752725601196,11680,191893,6.086725414684225
132.6658821105957,11689,191893,6.09141552844554
132.71418833732605,11682,191893,6.08776766218674
132.7723469734192,11687,191893,6.090373280943026
132.8283622264862,11688,191893,6.090894404694282
132.88630390167236,11687,191893,6.090373280943026
132.94471096992493,11687,191893,6.090373280943026
132.99990129470825,11686,191893,6.0898521571917685
133.0583655834198,11686,191893,6.0898521571917685
133.11807465553284,11684,191893,6.088809909689254
133.17874360084534,11683,191893,6.088288785937997
133.2360770702362,11683,191893,6.088288785937997
133.27932333946228,11684,191893,6.088809909689254
133.34622287750244,11683,191893,6.088288785937997
133.4215989112854,11684,191893,6.088809909689254
133.51029658317566,11689,191893,6.09141552844554
133.58448767662048,11690,191893,6.0919366521967975
133.66315484046936,11684,191893,6.088809909689254
133.7219934463501,11685,191893,6.089331033440511
133.79625940322876,11686,191893,6.0898521571917685
133.8741147518158,11687,191893,6.090373280943026
133.9485466480255,11687,191893,6.090373280943026
134.00714468955994,11687,191893,6.090373280943026
134.06668400764465,11687,191893,6.090373280943026
134.1293342113495,11692,191893,6.092978899699312
134.19397974014282,11692,191893,6.092978899699312
134.27096796035767,11688,191893,6.090894404694282
134.33192896842957,11694,191893,6.0940211472018255
134.4308843612671,11700,191893,6.097147889709369
134.51045608520508,11688,191893,6.090894404694282
134.59614872932434,11694,191893,6.0940211472018255
134.6736238002777,11697,191893,6.095584518455597
134.77058005332947,11700,191893,6.097147889709369
134.85120391845703,11700,191893,6.097147889709369
134.9142620563507,11698,191893,6.0961056422068545
134.99519658088684,11691,191893,6.092457775948054
135.07894659042358,11685,191893,6.089331033440511
135.15677857398987,11684,191893,6.088809909689254
135.21514678001404,11688,191893,6.090894404694282
135.29486393928528,11683,191893,6.088288785937997
135.35174250602722,11688,191893,6.090894404694282
135.40969371795654,11693,191893,6.093500023450569
135.49158096313477,11693,191893,6.093500023450569
135.5687026977539,11687,191893,6.090373280943026
135.62541723251343,11683,191893,6.088288785937997
135.70581197738647,11688,191893,6.090894404694282
135.80264544487,11688,191893,6.090894404694282
135.86175298690796,11688,191893,6.090894404694282
135.943776845932,11693,191893,6.093500023450569
136.0023534297943,11687,191893,6.090373280943026
136.0620846748352,11681,191893,6.087246538435482
136.1566743850708,11687,191893,6.090373280943026
136.21599960327148,11690,191893,6.0919366521967975
136.29718947410583,11689,191893,6.09141552844554
136.3577253818512,11690,191893,6.0919366521967975
136.4183144569397,11690,191893,6.0919366521967975
136.49896788597107,11690,191893,6.0919366521967975
136.5582675933838,11689,191893,6.09141552844554
136.63580656051636,11694,191893,6.0940211472018255
136.71354365348816,11693,191893,6.093500023450569
136.7729251384735,11682,191893,6.08776766218674
136.85197353363037,11683,191893,6.088288785937997
136.91378092765808,11682,191893,6.08776766218674
136.99117970466614,11682,191893,6.08776766218674
137.05030250549316,11681,191893,6.087246538435482
137.14502549171448,11680,191893,6.086725414684225
137.22213649749756,11674,191893,6.083598672176682
137.29616045951843,11671,191893,6.08203530092291
137.35654759407043,11671,191893,6.08203530092291
137.43528628349304,11671,191893,6.08203530092291
137.51480984687805,11671,191893,6.08203530092291
137.5712492465973,11672,191893,6.082556424674167
137.64840650558472,11674,191893,6.083598672176682
137.75315856933594,11673,191893,6.0830775484254245
137.82932662963867,11679,191893,6.086204290932968
137.92612838745117,11678,191893,6.085683167181711
138.00682997703552,11677,191893,6.085162043430453
138.08713603019714,11678,191893,6.085683167181711
138.18496298789978,11677,191893,6.085162043430453
138.3084454536438,11684,191893,6.088809909689254
138.40582466125488,11684,191893,6.088809909689254
138.50659346580505,11683,191893,6.088288785937997
138.58585214614868,11681,191893,6.087246538435482
138.6668529510498,11678,191893,6.085683167181711
138.7257354259491,11678,191893,6.085683167181711
138.8082184791565,11680,191893,6.086725414684225
138.88744521141052,11675,191893,6.084119795927939
138.94473457336426,11674,191893,6.083598672176682
138.98978281021118,11678,191893,6.085683167181711
139.05299353599548,11679,191893,6.086204290932968
139.12991857528687,11683,191893,6.088288785937997
139.22649955749512,11685,191893,6.089331033440511
139.30581402778625,11684,191893,6.088809909689254
139.3626947402954,11686,191893,6.0898521571917685
139.44206976890564,11686,191893,6.0898521571917685
139.50042986869812,11685,191893,6.089331033440511
139.57752346992493,11681,191893,6.087246538435482
139.6602647304535,11685,191893,6.089331033440511
139.71620726585388,11681,191893,6.087246538435482
139.79387998580933,11679,191893,6.086204290932968
139.87025785446167,11681,191893,6.087246538435482
139.95652270317078,11681,191893,6.087246538435482
140.01623511314392,11683,191893,6.088288785937997
140.10551285743713,11683,191893,6.088288785937997
140.18230652809143,11684,191893,6.088809909689254
140.24041295051575,11684,191893,6.088809909689254
140.3381860256195,11683,191893,6.088288785937997
140.43400478363037,11678,191893,6.085683167181711
140.53015995025635,11678,191893,6.085683167181711
140.60642313957214,11679,191893,6.086204290932968
140.66400289535522,11682,191893,6.08776766218674
140.7297761440277,11683,191893,6.088288785937997
140.78595995903015,11682,191893,6.08776766218674
140.84476447105408,11683,191893,6.088288785937997
140.9234652519226,11682,191893,6.08776766218674
140.98159766197205,11682,191893,6.08776766218674
141.0430018901825,11686,191893,6.0898521571917685
141.14335703849792,11686,191893,6.0898521571917685
141.20354413986206,11681,191893,6.087246538435482
141.3030505180359,11686,191893,6.0898521571917685
141.40013480186462,11680,191893,6.086725414684225
141.49802494049072,11686,191893,6.0898521571917685
141.55668234825134,11686,191893,6.0898521571917685
141.61197805404663,11687,191893,6.090373280943026
141.67064142227173,11688,191893,6.090894404694282
141.7291750907898,11686,191893,6.0898521571917685
141.80523657798767,11687,191893,6.090373280943026
141.88247299194336,11693,191893,6.093500023450569
141.98365378379822,11693,191893,6.093500023450569
142.06285643577576,11692,191893,6.092978899699312
142.16213703155518,11687,191893,6.090373280943026
142.24407172203064,11689,191893,6.09141552844554
142.301415681839,11688,191893,6.090894404694282
142.39712381362915,11687,191893,6.090373280943026
142.4583477973938,11687,191893,6.090373280943026
142.54071259498596,11687,191893,6.090373280943026
142.6017301082611,11687,191893,6.090373280943026
142.67825150489807,11683,191893,6.088288785937997
142.75981450080872,11683,191893,6.088288785937997
142.83960556983948,11683,191893,6.088288785937997
142.9221329689026,11688,191893,6.090894404694282
142.9991352558136,11688,191893,6.090894404694282
143.05615878105164,11694,191893,6.0940211472018255
143.1142168045044,11692,191893,6.092978899699312
143.17291116714478,11692,191893,6.092978899699312
143.26870226860046,11689,191893,6.09141552844554
143.33228516578674,11688,191893,6.090894404694282
143.38978481292725,11687,191893,6.090373280943026
143.44953107833862,11687,191893,6.090373280943026
143.5083668231964,11683,191893,6.088288785937997
143.58768796920776,11681,191893,6.087246538435482
143.6459355354309,11680,191893,6.086725414684225
143.70405197143555,11684,191893,6.088809909689254
143.7620542049408,11685,191893,6.089331033440511
143.82050728797913,11686,191893,6.0898521571917685
143.91813230514526,11686,191893,6.0898521571917685
143.97411346435547,11687,191893,6.090373280943026
144.0520567893982,11686,191893,6.0898521571917685
144.10953068733215,11686,191893,6.0898521571917685
144.16745281219482,11685,191893,6.089331033440511
144.24556875228882,11685,191893,6.089331033440511
144.32755827903748,11690,191893,6.0919366521967975
144.40621161460876,11690,191893,6.0919366521967975
144.48613834381104,11690,191893,6.0919366521967975
144.54318380355835,11690,191893,6.0919366521967975
144.64179515838623,11683,191893,6.088288785937997
144.70139241218567,11684,191893,6.088809909689254
144.778156042099,11685,191893,6.089331033440511
144.8248336315155,11683,191893,6.088288785937997
144.90133047103882,11682,191893,6.08776766218674
144.991313457489,11686,191893,6.0898521571917685
145.04975128173828,11685,191893,6.089331033440511
145.0921595096588,11685,191893,6.089331033440511
145.17378616333008,11691,191893,6.092457775948054
145.2826247215271,11689,191893,6.09141552844554
145.3397877216339,11689,191893,6.09141552844554
145.41753387451172,11689,191893,6.09141552844554
145.51322388648987,11694,191893,6.0940211472018255
145.5928030014038,11698,191893,6.0961056422068545
145.68791317939758,11699,191893,6.096626765958113
145.7486720085144,11693,191893,6.093500023450569
145.80800557136536,11694,191893,6.0940211472018255
145.90665698051453,11692,191893,6.092978899699312
145.98678350448608,11692,191893,6.092978899699312
146.04173922538757,11692,191893,6.092978899699312
146.10102725028992,11696,191893,6.095063394704341
146.18175530433655,11689,191893,6.09141552844554
146.26036405563354,11689,191893,6.09141552844554
146.3175699710846,11689,191893,6.09141552844554
146.38059306144714,11688,191893,6.090894404694282
146.4592468738556,11687,191893,6.090373280943026
146.53957295417786,11690,191893,6.0919366521967975
146.59933853149414,11694,191893,6.0940211472018255
146.67922019958496,11693,191893,6.093500023450569
146.77617192268372,11694,191893,6.0940211472018255
146.85494995117188,11694,191893,6.0940211472018255
146.93553256988525,11694,191893,6.0940211472018255
147.01486253738403,11693,191893,6.093500023450569
147.0932765007019,11693,191893,6.093500023450569
147.15193819999695,11692,191893,6.092978899699312
147.22969841957092,11692,191893,6.092978899699312
147.30832695960999,11692,191893,6.092978899699312
147.36592030525208,11687,191893,6.090373280943026
147.42251229286194,11685,191893,6.089331033440511
147.47821307182312,11685,191893,6.089331033440511
147.55709314346313,11690,191893,6.0919366521967975
147.61348700523376,11685,191893,6.089331033440511
147.70773935317993,11685,191893,6.089331033440511
147.7643175125122,11686,191893,6.0898521571917685
147.82182598114014,11687,191893,6.090373280943026
147.90419244766235,11687,191893,6.090373280943026
147.95999240875244,11686,191893,6.0898521571917685
148.017409324646,11692,191893,6.092978899699312
148.1731309890747,11693,191893,6.093500023450569
148.2318286895752,11695,191893,6.094542270953083
148.31070613861084,11698,191893,6.0961056422068545
148.39057993888855,11697,191893,6.095584518455597
148.48790550231934,11698,191893,6.0961056422068545
148.56503891944885,11699,191893,6.096626765958113
148.6219506263733,11704,191893,6.099232384714398
148.67796277999878,11704,191893,6.099232384714398
148.73611545562744,11704,191893,6.099232384714398
148.81580424308777,11705,191893,6.099753508465655
148.8943898677826,11704,191893,6.099232384714398
148.98782587051392,11704,191893,6.099232384714398
149.06697702407837,11703,191893,6.098711260963141
149.1451826095581,11703,191893,6.098711260963141
149.2410638332367,11703,191893,6.098711260963141
149.29721307754517,11703,191893,6.098711260963141
149.35335183143616,11703,191893,6.098711260963141
149.41051983833313,11700,191893,6.097147889709369
149.5100016593933,11694,191893,6.0940211472018255
149.5846974849701,11686,191893,6.0898521571917685
149.666410446167,11687,191893,6.090373280943026
149.742502450943,11687,191893,6.090373280943026
149.798513174057,11686,191893,6.0898521571917685
149.85964798927307,11688,191893,6.090894404694282
149.91747307777405,11684,191893,6.088809909689254
149.97812962532043,11685,191893,6.089331033440511
150.07701444625854,11686,191893,6.0898521571917685
150.13348126411438,11690,191893,6.0919366521967975
150.23015832901,11695,191893,6.094542270953083
150.28826999664307,11696,191893,6.095063394704341
150.36495995521545,11690,191893,6.0919366521967975
150.42333936691284,11692,191893,6.092978899699312
150.50870323181152,11693,191893,6.093500023450569
150.56420016288757,11696,191893,6.095063394704341
150.62303161621094,11696,191893,6.095063394704341
150.68113780021667,11696,191893,6.095063394704341
150.73780274391174,11695,191893,6.094542270953083
150.79608368873596,11696,191893,6.095063394704341
150.85463070869446,11700,191893,6.097147889709369
150.95392751693726,11700,191893,6.097147889709369
151.00920248031616,11705,191893,6.099753508465655
151.08519744873047,11705,191893,6.099753508465655
151.15106987953186,11704,191893,6.099232384714398
151.22989559173584,11709,191893,6.101838003470684
151.2977738380432,11709,191893,6.101838003470684
151.396648645401,11711,191893,6.1028802509731985
151.47542071342468,11711,191893,6.1028802509731985
151.5328826904297,11711,191893,6.1028802509731985
151.61126828193665,11706,191893,6.100274632216913
151.7086799144745,11706,191893,6.100274632216913
151.79249954223633,11710,191893,6.102359127221941
151.8582968711853,11710,191893,6.102359127221941
151.9540638923645,11710,191893,6.102359127221941
152.02954411506653,11712,191893,6.103401374724456
152.12402844429016,11716,191893,6.105485869729485
152.18093156814575,11721,191893,6.108091488485771
152.27688479423523,11722,191893,6.108612612237028
152.35488843917847,11722,191893,6.108612612237028
152.41291522979736,11721,191893,6.108091488485771
152.4701795578003,11721,191893,6.108091488485771
152.52834129333496,11720,191893,6.107570364734514
152.62519335746765,11715,191893,6.1049647459782275
152.70108938217163,11715,191893,6.1049647459782275
152.7574462890625,11717,191893,6.106006993480742
152.81333208084106,11716,191893,6.105485869729485
152.87551760673523,11715,191893,6.1049647459782275
152.95227932929993,11716,191893,6.105485869729485
153.03111577033997,11713,191893,6.103922498475713
153.0870189666748,11714,191893,6.10444362222697
153.16426944732666,11715,191893,6.1049647459782275
153.2423610687256,11715,191893,6.1049647459782275
153.31628489494324,11714,191893,6.10444362222697
153.4142303466797,11713,191893,6.103922498475713
153.49197125434875,11715,191893,6.1049647459782275
153.58882570266724,11715,191893,6.1049647459782275
153.686265707016,11722,191893,6.108612612237028
153.7804536819458,11721,191893,6.108091488485771
153.83788323402405,11721,191893,6.108091488485771
153.9322063922882,11717,191893,6.106006993480742
153.9906451702118,11714,191893,6.10444362222697
154.04759287834167,11718,191893,6.106528117231999
154.10585832595825,11719,191893,6.107049240983256
154.1833975315094,11719,191893,6.107049240983256
154.23997616767883,11718,191893,6.106528117231999
154.2951784133911,11723,191893,6.1091337359882845
154.37421083450317,11723,191893,6.1091337359882845
154.4350459575653,11721,191893,6.108091488485771
154.5163233280182,11715,191893,6.1049647459782275
154.59910941123962,11715,191893,6.1049647459782275
154.6966335773468,11716,191893,6.105485869729485
154.761536359787,11715,191893,6.1049647459782275
154.8195128440857,11715,191893,6.1049647459782275
154.89742302894592,11715,191893,6.1049647459782275
154.95473623275757,11715,191893,6.1049647459782275
155.0114290714264,11714,191893,6.10444362222697
155.07138442993164,11718,191893,6.106528117231999
155.17350959777832,11717,191893,6.106006993480742
155.25019717216492,11717,191893,6.106006993480742
155.32849884033203,11723,191893,6.1091337359882845
155.3863503932953,11722,191893,6.108612612237028
155.44288158416748,11724,191893,6.109654859739543
155.49832725524902,11730,191893,6.112781602247085
155.5932183265686,11730,191893,6.112781602247085
155.6497025489807,11728,191893,6.1117393547445715
155.70642614364624,11729,191893,6.112260478495828
155.7854962348938,11734,191893,6.114866097252115
155.86468362808228,11728,191893,6.1117393547445715
155.94323825836182,11728,191893,6.1117393547445715
156.00180768966675,11728,191893,6.1117393547445715
156.05942726135254,11732,191893,6.1138238497496005
156.13654327392578,11727,191893,6.111218230993314
156.19364380836487,11733,191893,6.114344973500857
156.25039720535278,11733,191893,6.114344973500857
156.30812573432922,11733,191893,6.114344973500857
156.36440348625183,11733,191893,6.114344973500857
156.44049978256226,11735,191893,6.115387221003372
156.51877856254578,11735,191893,6.115387221003372
156.59779858589172,11735,191893,6.115387221003372
156.65415143966675,11736,191893,6.1159083447546285
156.71354222297668,11736,191893,6.1159083447546285
156.80951189994812,11736,191893,6.1159083447546285
156.8654806613922,11737,191893,6.116429468505886
156.96210193634033,11738,191893,6.116950592257144
157.03873586654663,11733,191893,6.114344973500857
157.10487937927246,11733,191893,6.114344973500857
157.2017343044281,11732,191893,6.1138238497496005
157.28084421157837,11731,191893,6.113302725998343
157.3406298160553,11732,191893,6.1138238497496005
157.40293622016907,11732,191893,6.1138238497496005
157.46017622947693,11733,191893,6.114344973500857
157.53871083259583,11737,191893,6.116429468505886
157.59609508514404,11737,191893,6.116429468505886
157.6518051624298,11732,191893,6.1138238497496005
157.70658206939697,11737,191893,6.116429468505886
157.7856867313385,11737,191893,6.116429468505886
157.84318494796753,11733,191893,6.114344973500857
157.9221441745758,11738,191893,6.116950592257144
157.98049879074097,11734,191893,6.114866097252115
158.05143022537231,11735,191893,6.115387221003372
158.10937571525574,11729,191893,6.112260478495828
158.20683312416077,11723,191893,6.1091337359882845
158.28606343269348,11729,191893,6.112260478495828
158.36173033714294,11729,191893,6.112260478495828
158.41954016685486,11725,191893,6.1101759834908
158.5192391872406,11720,191893,6.107570364734514
158.59738326072693,11722,191893,6.108612612237028
158.6777000427246,11722,191893,6.108612612237028
158.77157044410706,11720,191893,6.107570364734514
158.85026454925537,11718,191893,6.106528117231999
158.92609977722168,11719,191893,6.107049240983256
158.98418998718262,11722,191893,6.108612612237028
159.04049849510193,11722,191893,6.108612612237028
159.09660243988037,11721,191893,6.108091488485771
159.153706073761,11722,191893,6.108612612237028
159.23100781440735,11721,191893,6.108091488485771
159.2868583202362,11722,191893,6.108612612237028
159.34438347816467,11720,191893,6.107570364734514
159.40157866477966,11721,191893,6.108091488485771
159.47756934165955,11714,191893,6.10444362222697
159.57339787483215,11718,191893,6.106528117231999
159.62945866584778,11718,191893,6.106528117231999
159.70673084259033,11719,191893,6.107049240983256
159.78579330444336,11715,191893,6.1049647459782275
159.84230756759644,11716,191893,6.105485869729485
159.9187364578247,11715,191893,6.1049647459782275
159.9987289905548,11716,191893,6.105485869729485
160.09881854057312,11715,191893,6.1049647459782275
160.17100644111633,11704,191893,6.099232384714398
160.27171540260315,11699,191893,6.096626765958113
160.32954692840576,11704,191893,6.099232384714398
160.41039490699768,11703,191893,6.098711260963141
160.46727466583252,11698,191893,6.0961056422068545
160.54712557792664,11701,191893,6.097669013460626
160.6442940235138,11696,191893,6.095063394704341
160.7005090713501,11695,191893,6.094542270953083
160.79704594612122,11698,191893,6.0961056422068545
160.85417532920837,11699,191893,6.096626765958113
160.92812395095825,11698,191893,6.0961056422068545
161.02823853492737,11699,191893,6.096626765958113
161.10557889938354,11700,191893,6.097147889709369
161.16279816627502,11704,191893,6.099232384714398
161.23754239082336,11704,191893,6.099232384714398
161.29348802566528,11705,191893,6.099753508465655
161.34765672683716,11699,191893,6.096626765958113
161.42440223693848,11702,191893,6.098190137211883
161.49914741516113,11700,191893,6.097147889709369
161.55568671226501,11700,191893,6.097147889709369
161.6192238330841,11700,191893,6.097147889709369
161.69605445861816,11694,191893,6.0940211472018255
161.75336503982544,11699,191893,6.096626765958113
161.82807874679565,11686,191893,6.0898521571917685
161.90587663650513,11680,191893,6.086725414684225
161.97966074943542,11681,191893,6.087246538435482
162.04013204574585,11680,191893,6.086725414684225
162.1190950870514,11678,191893,6.085683167181711
162.17565369606018,11679,191893,6.086204290932968
162.24414992332458,11679,191893,6.086204290932968
162.32179474830627,11677,191893,6.085162043430453
162.37937760353088,11678,191893,6.085683167181711
162.43790340423584,11673,191893,6.0830775484254245
162.5377161502838,11677,191893,6.085162043430453
162.5961663722992,11678,191893,6.085683167181711
162.6542477607727,11677,191893,6.085162043430453
162.71623468399048,11676,191893,6.084640919679196
162.8139946460724,11677,191893,6.085162043430453
162.88775849342346,11673,191893,6.0830775484254245
162.96685075759888,11677,191893,6.085162043430453
163.0579469203949,11677,191893,6.085162043430453
163.1341314315796,11678,191893,6.085683167181711
163.21015000343323,11677,191893,6.085162043430453
163.30821681022644,11677,191893,6.085162043430453
163.36426782608032,11683,191893,6.088288785937997
163.46218729019165,11683,191893,6.088288785937997
163.52081966400146,11678,191893,6.085683167181711
163.57872581481934,11678,191893,6.085683167181711
163.67670345306396,11672,191893,6.082556424674167
163.73507642745972,11677,191893,6.085162043430453
163.79528188705444,11681,191893,6.087246538435482
163.90732645988464,11677,191893,6.085162043430453
164.00234532356262,11673,191893,6.0830775484254245
164.0599992275238,11679,191893,6.086204290932968
164.13647437095642,11679,191893,6.086204290932968
164.19370222091675,11679,191893,6.086204290932968
164.2739725112915,11679,191893,6.086204290932968
164.36958742141724,11679,191893,6.086204290932968
164.44951391220093,11678,191893,6.085683167181711
164.52655601501465,11674,191893,6.083598672176682
164.6078164577484,11676,191893,6.084640919679196
164.68364906311035,11677,191893,6.085162043430453
164.76177763938904,11676,191893,6.084640919679196
164.85643124580383,11676,191893,6.084640919679196
164.91828608512878,11675,191893,6.084119795927939
164.99622011184692,11675,191893,6.084119795927939
165.05266785621643,11677,191893,6.085162043430453
165.10766291618347,11677,191893,6.085162043430453
165.1866672039032,11677,191893,6.085162043430453
165.24421381950378,11672,191893,6.082556424674167
165.29986834526062,11672,191893,6.082556424674167
165.3577139377594,11671,191893,6.08203530092291
165.45398092269897,11672,191893,6.082556424674167
165.51128149032593,11672,191893,6.082556424674167
165.5903398990631,11670,191893,6.081514177171653
165.6661880016327,11670,191893,6.081514177171653
165.72322916984558,11670,191893,6.081514177171653
165.78156185150146,11669,191893,6.0809930534203955
165.8406527042389,11674,191893,6.083598672176682
165.93979120254517,11674,191893,6.083598672176682
166.01799631118774,11674,191893,6.083598672176682
166.0746467113495,11674,191893,6.083598672176682
166.1336214542389,11672,191893,6.082556424674167
166.20941066741943,11672,191893,6.082556424674167
166.29001426696777,11670,191893,6.081514177171653
166.3669934272766,11668,191893,6.080471929669138
166.4274468421936,11664,191893,6.07838743466411
166.4859335422516,11663,191893,6.077866310912852
166.56651997566223,11667,191893,6.079950805917881
166.63861846923828,11662,191893,6.077345187161595
166.7380805015564,11666,191893,6.079429682166624
166.79544973373413,11670,191893,6.081514177171653
166.8958375453949,11675,191893,6.084119795927939
166.97201561927795,11669,191893,6.0809930534203955
167.02998447418213,11674,191893,6.083598672176682
167.10581827163696,11669,191893,6.0809930534203955
167.1639223098755,11670,191893,6.081514177171653
167.26160788536072,11671,191893,6.08203530092291
167.3193657398224,11671,191893,6.08203530092291
167.3785102367401,11674,191893,6.083598672176682
167.47416424751282,11675,191893,6.084119795927939
167.53024649620056,11674,191893,6.083598672176682
167.6255645751953,11674,191893,6.083598672176682
167.68206524848938,11674,191893,6.083598672176682
167.74037408828735,11670,191893,6.081514177171653
167.79904508590698,11670,191893,6.081514177171653
167.87978267669678,11671,191893,6.08203530092291
167.9575638771057,11671,191893,6.08203530092291
168.0334768295288,11675,191893,6.084119795927939
168.11399626731873,11676,191893,6.084640919679196
168.1966564655304,11680,191893,6.086725414684225
168.27376413345337,11681,191893,6.087246538435482
168.331223487854,11680,191893,6.086725414684225
168.38737201690674,11680,191893,6.086725414684225
168.44584131240845,11685,191893,6.089331033440511
168.5416214466095,11690,191893,6.0919366521967975
168.63681387901306,11689,191893,6.09141552844554
168.6937611103058,11689,191893,6.09141552844554
168.74951076507568,11689,191893,6.09141552844554
168.8102719783783,11691,191893,6.092457775948054
168.88587427139282,11691,191893,6.092457775948054
168.96693444252014,11690,191893,6.0919366521967975
169.0243422985077,11689,191893,6.09141552844554
169.08156156539917,11689,191893,6.09141552844554
169.1636505126953,11690,191893,6.0919366521967975
169.24216151237488,11687,191893,6.090373280943026
169.31898069381714,11688,191893,6.090894404694282
169.39821696281433,11687,191893,6.090373280943026
169.48190188407898,11688,191893,6.090894404694282
169.58055138587952,11686,191893,6.0898521571917685
169.6771378517151,11686,191893,6.0898521571917685
169.7346155643463,11685,191893,6.089331033440511
169.83391880989075,11679,191893,6.086204290932968
169.89006423950195,11679,191893,6.086204290932968
169.98607182502747,11679,191893,6.086204290932968
170.04235792160034,11679,191893,6.086204290932968
170.10051608085632,11678,191893,6.085683167181711
170.1819784641266,11679,191893,6.086204290932968
170.25383496284485,11677,191893,6.085162043430453
170.33319067955017,11675,191893,6.084119795927939
170.41052532196045,11675,191893,6.084119795927939
170.48765230178833,11676,191893,6.084640919679196
170.56429028511047,11675,191893,6.084119795927939
170.64250802993774,11674,191893,6.083598672176682
170.69780659675598,11674,191893,6.083598672176682
170.7560520172119,11674,191893,6.083598672176682
170.8426685333252,11669,191893,6.0809930534203955
170.9220039844513,11673,191893,6.0830775484254245
171.00850558280945,11674,191893,6.083598672176682
171.0681083202362,11673,191893,6.0830775484254245
171.12539386749268,11673,191893,6.0830775484254245
171.20069026947021,11674,191893,6.083598672176682
171.25907230377197,11674,191893,6.083598672176682
171.3179280757904,11674,191893,6.083598672176682
171.39763140678406,11673,191893,6.0830775484254245
171.45462918281555,11672,191893,6.082556424674167
171.55306220054626,11672,191893,6.082556424674167
171.6116862297058,11672,191893,6.082556424674167
171.69128108024597,11672,191893,6.082556424674167
171.74704098701477,11672,191893,6.082556424674167
171.8242666721344,11672,191893,6.082556424674167
171.881986618042,11672,191893,6.082556424674167
171.96128487586975,11671,191893,6.08203530092291
172.03836107254028,11666,191893,6.079429682166624
172.11578273773193,11667,191893,6.079950805917881
172.17207264900208,11666,191893,6.079429682166624
172.22956442832947,11674,191893,6.083598672176682
172.30948781967163,11679,191893,6.086204290932968
172.366619348526,11684,191893,6.088809909689254
172.44886326789856,11678,191893,6.085683167181711
172.50661301612854,11677,191893,6.085162043430453
172.60499715805054,11676,191893,6.084640919679196
172.66378331184387,11676,191893,6.084640919679196
172.7615110874176,11677,191893,6.085162043430453
172.8188455104828,11670,191893,6.081514177171653
172.88808155059814,11671,191893,6.08203530092291
172.96434450149536,11667,191893,6.079950805917881
173.06251406669617,11662,191893,6.077345187161595
173.14165258407593,11657,191893,6.07473956840531
173.21786427497864,11664,191893,6.07838743466411
173.3149471282959,11662,191893,6.077345187161595
173.3742709159851,11662,191893,6.077345187161595
173.45268487930298,11662,191893,6.077345187161595
173.5300054550171,11657,191893,6.07473956840531
173.58983540534973,11657,191893,6.07473956840531
173.6870632171631,11657,191893,6.07473956840531
173.74394392967224,11658,191893,6.075260692156567
173.804363489151,11658,191893,6.075260692156567
173.86423635482788,11659,191893,6.075781815907823
173.9212930202484,11659,191893,6.075781815907823
173.97630429267883,11660,191893,6.07630293965908
174.05397629737854,11660,191893,6.07630293965908
174.11575198173523,11661,191893,6.0768240634103385
174.19604563713074,11661,191893,6.0768240634103385
174.25418066978455,11662,191893,6.077345187161595
174.31340765953064,11663,191893,6.077866310912852
174.39432096481323,11667,191893,6.079950805917881
174.468035697937,11662,191893,6.077345187161595
174.56857585906982,11667,191893,6.079950805917881
174.6667287349701,11668,191893,6.080471929669138
174.72555589675903,11667,191893,6.079950805917881
174.7826852798462,11667,191893,6.079950805917881
174.86154007911682,11673,191893,6.0830775484254245
174.9240527153015,11677,191893,6.085162043430453
175.00177431106567,11671,191893,6.08203530092291
175.07957863807678,11671,191893,6.08203530092291
175.14990711212158,11675,191893,6.084119795927939
175.20863103866577,11676,191893,6.084640919679196
175.28594541549683,11675,191893,6.084119795927939
175.34527897834778,11676,191893,6.084640919679196
175.405601978302,11676,191893,6.084640919679196
175.4642617702484,11676,191893,6.084640919679196
175.5221037864685,11676,191893,6.084640919679196
175.61755895614624,11675,191893,6.084119795927939
175.69682097434998,11676,191893,6.084640919679196
175.77553272247314,11675,191893,6.084119795927939
175.8553807735443,11683,191893,6.088288785937997
175.952162027359,11690,191893,6.0919366521967975
176.04990601539612,11690,191893,6.0919366521967975
176.1280324459076,11690,191893,6.0919366521967975
176.18955063819885,11686,191893,6.0898521571917685
176.24803924560547,11685,191893,6.089331033440511
176.3065221309662,11690,191893,6.0919366521967975
176.3862807750702,11689,191893,6.09141552844554
176.44437289237976,11690,191893,6.0919366521967975
176.52218317985535,11683,191893,6.088288785937997
176.5982801914215,11684,191893,6.088809909689254
176.67642378807068,11685,191893,6.089331033440511
176.7343728542328,11684,191893,6.088809909689254
176.79446458816528,11682,191893,6.08776766218674
176.89110398292542,11678,191893,6.085683167181711
176.99589943885803,11669,191893,6.0809930534203955
177.0722255706787,11669,191893,6.0809930534203955
177.15130066871643,11668,191893,6.080471929669138
177.2309501171112,11672,191893,6.082556424674167
177.2879068851471,11671,191893,6.08203530092291
177.35770416259766,11671,191893,6.08203530092291
177.461519241333,11671,191893,6.08203530092291
177.51827144622803,11671,191893,6.08203530092291
177.59597897529602,11672,191893,6.082556424674167
177.67393493652344,11668,191893,6.080471929669138
177.7541162967682,11667,191893,6.079950805917881
177.82869672775269,11667,191893,6.079950805917881
177.8860445022583,11662,191893,6.077345187161595
177.96086311340332,11666,191893,6.079429682166624
178.01819515228271,11666,191893,6.079429682166624
178.07463884353638,11667,191893,6.079950805917881
178.1520221233368,11667,191893,6.079950805917881
178.1957721710205,11667,191893,6.079950805917881
178.2549328804016,11668,191893,6.080471929669138
178.3614387512207,11667,191893,6.079950805917881
178.4379005432129,11667,191893,6.079950805917881
178.53545761108398,11672,191893,6.082556424674167
178.6138916015625,11672,191893,6.082556424674167
178.67233800888062,11672,191893,6.082556424674167
178.72969508171082,11673,191893,6.0830775484254245
178.80828499794006,11673,191893,6.0830775484254245
178.865740776062,11678,191893,6.085683167181711
178.92225575447083,11678,191893,6.085683167181711
178.98185682296753,11677,191893,6.085162043430453
179.05959224700928,11672,191893,6.082556424674167
179.16010999679565,11672,191893,6.082556424674167
179.23872184753418,11676,191893,6.084640919679196
179.3182291984558,11676,191893,6.084640919679196
179.3749327659607,11675,191893,6.084119795927939
179.43240451812744,11670,191893,6.081514177171653
179.51188921928406,11670,191893,6.081514177171653
179.57057785987854,11674,191893,6.083598672176682
179.62561297416687,11669,191893,6.0809930534203955
179.69389986991882,11674,191893,6.083598672176682
