timestamp,memory_used_mb,memory_total_mb,utilization_pct
2.974592924118042,1,24576,0.004069010416666666
3.1992437839508057,1,24576,0.004069010416666666
3.3040082454681396,1,24576,0.004069010416666666
3.3978116512298584,1,24576,0.004069010416666666
3.514146566390991,1,24576,0.004069010416666666
3.5583555698394775,1,24576,0.004069010416666666
3.6205925941467285,1,24576,0.004069010416666666
3.6713945865631104,1,24576,0.004069010416666666
3.729327917098999,1,24576,0.004069010416666666
3.800955295562744,1,24576,0.004069010416666666
3.8687431812286377,1,24576,0.004069010416666666
4.147726535797119,12,24576,0.048828125
4.268138647079468,14,24576,0.056966145833333336
4.347982406616211,14,24576,0.056966145833333336
4.444486141204834,22,24576,0.08951822916666666
4.500279188156128,600,24576,2.44140625
4.559687614440918,600,24576,2.44140625
4.618717193603516,600,24576,2.44140625
4.689700126647949,600,24576,2.44140625
4.758593559265137,600,24576,2.44140625
4.815753221511841,600,24576,2.44140625
4.884785890579224,600,24576,2.44140625
4.9930102825164795,600,24576,2.44140625
5.049818992614746,600,24576,2.44140625
5.112151861190796,600,24576,2.44140625
5.208465814590454,600,24576,2.44140625
5.288518667221069,600,24576,2.44140625
5.385122299194336,600,24576,2.44140625
5.4587836265563965,600,24576,2.44140625
5.518920183181763,600,24576,2.44140625
5.606013536453247,600,24576,2.44140625
5.682873487472534,632,24576,2.571614583333333
5.756188631057739,674,24576,2.742513020833333
5.870845317840576,702,24576,2.8564453125
5.9351723194122314,722,24576,2.937825520833333
6.008014917373657,762,24576,3.1005859375
6.1111156940460205,798,24576,3.2470703125
6.172394752502441,834,24576,3.3935546875
6.289006233215332,876,24576,3.564453125
6.3475987911224365,876,24576,3.564453125
6.421482801437378,904,24576,3.6783854166666665
6.47852087020874,924,24576,3.759765625
6.5359485149383545,944,24576,3.8411458333333335
6.633107900619507,982,24576,3.9957682291666665
6.689183712005615,1018,24576,4.142252604166666
6.794724464416504,1036,24576,4.215494791666666
6.886670827865601,1078,24576,4.386393229166666
6.9455726146698,1106,24576,4.500325520833334
7.035998344421387,1146,24576,4.6630859375
7.1568443775177,1166,24576,4.744466145833334
7.241880655288696,1202,24576,4.890950520833334
7.346342086791992,1238,24576,5.037434895833334
7.444698810577393,1280,24576,5.208333333333334
7.501752614974976,1308,24576,5.322265625
7.59398341178894,1328,24576,5.403645833333334
7.686369180679321,1348,24576,5.485026041666666
7.764620780944824,1386,24576,5.6396484375
7.850196838378906,1404,24576,5.712890625
7.907198190689087,1440,24576,5.859375
7.996947288513184,1482,24576,6.0302734375
8.089572668075562,1510,24576,6.144205729166666
8.168275594711304,1510,24576,6.144205729166666
8.24286699295044,1550,24576,6.306966145833333
8.350874185562134,1570,24576,6.388346354166667
8.411112785339355,1606,24576,6.534830729166667
8.49617052078247,1642,24576,6.681315104166667
8.578163862228394,1684,24576,6.852213541666667
8.67705512046814,1684,24576,6.852213541666667
8.749228954315186,1712,24576,6.966145833333333
8.829485654830933,1732,24576,7.047526041666667
8.900402069091797,1752,24576,7.12890625
8.961446046829224,1790,24576,7.283528645833333
9.018771171569824,1808,24576,7.356770833333333
9.076820135116577,1826,24576,7.430013020833333
9.131640911102295,1844,24576,7.503255208333333
9.190134286880493,1886,24576,7.674153645833333
9.262394905090332,1886,24576,7.674153645833333
9.337178468704224,1914,24576,7.7880859375
9.41258430480957,1934,24576,7.869466145833333
9.509544372558594,1974,24576,8.0322265625
9.588541030883789,2010,24576,8.1787109375
9.690249919891357,2028,24576,8.251953125
9.763139724731445,2088,24576,8.49609375
9.836874961853027,2088,24576,8.49609375
9.938446283340454,2116,24576,8.610026041666668
10.037418127059937,2156,24576,8.772786458333332
10.124765634536743,2176,24576,8.854166666666668
10.192598342895508,2212,24576,9.000651041666668
10.279906272888184,2230,24576,9.073893229166668
10.345783710479736,2248,24576,9.147135416666668
10.42903470993042,2290,24576,9.318033854166668
10.528789043426514,2318,24576,9.431966145833332
10.619915008544922,2338,24576,9.513346354166668
10.700502872467041,2358,24576,9.5947265625
10.784514665603638,2396,24576,9.749348958333332
10.848530054092407,2414,24576,9.822591145833332
10.905436515808105,2432,24576,9.895833333333332
10.986597299575806,2492,24576,10.139973958333332
11.080652475357056,2492,24576,10.139973958333332
11.137583255767822,2520,24576,10.25390625
11.199416399002075,2542,24576,10.343424479166668
11.289917707443237,2562,24576,10.4248046875
11.363924503326416,2600,24576,10.579427083333332
11.450904846191406,2618,24576,10.652669270833332
11.524345636367798,2654,24576,10.799153645833332
11.595484495162964,2696,24576,10.970052083333332
11.653252840042114,2696,24576,10.970052083333332
11.717445850372314,2724,24576,11.083984375
11.800756931304932,2764,24576,11.246744791666668
11.896478176116943,2784,24576,11.328125
11.953275918960571,2802,24576,11.4013671875
12.013609409332275,2838,24576,11.5478515625
12.107459545135498,2898,24576,11.7919921875
12.218162775039673,2898,24576,11.7919921875
12.31268835067749,2926,24576,11.905924479166668
12.406354665756226,2966,24576,12.068684895833332
12.512675523757935,2986,24576,12.150065104166668
12.570810079574585,3022,24576,12.296549479166668
12.663654088973999,3058,24576,12.443033854166668
12.761575937271118,3128,24576,12.727864583333334
12.879631519317627,3148,24576,12.809244791666666
12.978010177612305,3188,24576,12.972005208333334
13.068276405334473,3224,24576,13.118489583333334
13.168073892593384,3242,24576,13.191731770833334
13.258416414260864,3288,24576,13.37890625
13.320271730422974,3316,24576,13.492838541666666
13.38737940788269,3316,24576,13.492838541666666
13.457828998565674,3356,24576,13.655598958333334
13.560056209564209,3374,24576,13.728841145833334
13.623389720916748,3428,24576,13.948567708333334
13.740167379379272,3456,24576,14.0625
13.814565420150757,3484,24576,14.176432291666666
13.88752794265747,3504,24576,14.2578125
13.945225477218628,3542,24576,14.412434895833334
14.071637868881226,3560,24576,14.485677083333334
14.128985166549683,3596,24576,14.632161458333334
14.2423095703125,3624,24576,14.74609375
14.329786539077759,3652,24576,14.860026041666666
14.419261932373047,3672,24576,14.94140625
14.49851655960083,3710,24576,15.096028645833334
14.57677412033081,3728,24576,15.169270833333334
14.635178089141846,3746,24576,15.242513020833334
14.692784786224365,3792,24576,15.4296875
14.798972606658936,3820,24576,15.543619791666666
14.90310525894165,3840,24576,15.625
14.997516393661499,3878,24576,15.779622395833334
15.070069313049316,3914,24576,15.926106770833334
15.146887063980103,3960,24576,16.11328125
15.266541242599487,3960,24576,16.11328125
15.339674472808838,3988,24576,16.227213541666664
15.42087984085083,4008,24576,16.30859375
15.490944862365723,4046,24576,16.463216145833336
15.552238941192627,4082,24576,16.609700520833336
15.649450302124023,4100,24576,16.682942708333336
15.74730110168457,4128,24576,16.796875
15.826535701751709,4156,24576,16.910807291666664
15.906211853027344,4176,24576,16.9921875
15.995827198028564,4214,24576,17.146809895833336
16.058273792266846,4232,24576,17.220052083333336
16.12211585044861,4250,24576,17.293294270833336
16.206459283828735,4296,24576,17.48046875
16.300381898880005,4324,24576,17.594401041666664
16.38240885734558,4344,24576,17.67578125
16.459972143173218,4364,24576,17.757161458333336
16.517268419265747,4382,24576,17.830403645833336
16.575113773345947,4400,24576,17.903645833333336
16.631365537643433,4418,24576,17.976888020833336
16.71813178062439,4464,24576,18.1640625
16.811347484588623,4492,24576,18.277994791666664
16.904941082000732,4512,24576,18.359375
16.97052574157715,4532,24576,18.440755208333336
17.028302907943726,4550,24576,18.513997395833336
17.085460424423218,4568,24576,18.587239583333336
17.175002574920654,4604,24576,18.733723958333336
17.268107175827026,4632,24576,18.84765625
17.346131086349487,4660,24576,18.961588541666664
17.42474389076233,4680,24576,19.04296875
17.49069571495056,4718,24576,19.197591145833336
17.585119485855103,4736,24576,19.270833333333336
17.678328275680542,4754,24576,19.344075520833336
17.73784351348877,4800,24576,19.53125
17.81240677833557,4828,24576,19.645182291666664
17.889493942260742,4828,24576,19.645182291666664
17.948075532913208,4848,24576,19.7265625
18.042499542236328,4886,24576,19.881184895833336
18.099937677383423,4904,24576,19.954427083333336
18.162867307662964,4922,24576,20.027669270833336
18.230993032455444,4968,24576,20.21484375
18.33963918685913,4988,24576,20.296223958333336
18.396220684051514,4988,24576,20.296223958333336
18.453366994857788,5008,24576,20.377604166666664
18.5106680393219,5044,24576,20.524088541666664
18.602623462677002,5064,24576,20.60546875
18.817157983779907,5186,24576,21.101888020833336
18.913489818572998,5186,24576,21.101888020833336
18.97036910057068,5186,24576,21.101888020833336
19.041179656982422,5186,24576,21.101888020833336
19.117478132247925,5206,24576,21.183268229166664
19.214519262313843,5254,24576,21.378580729166664
19.30355215072632,5268,24576,21.435546875
19.36209797859192,5288,24576,21.516927083333336
19.424816370010376,5322,24576,21.6552734375
19.51187300682068,5336,24576,21.712239583333336
19.573081493377686,5350,24576,21.769205729166664
19.659753561019897,5384,24576,21.907552083333336
19.71750521659851,5418,24576,22.0458984375
19.808533906936646,5432,24576,22.102864583333336
19.87254810333252,5452,24576,22.184244791666664
19.928280353546143,5486,24576,22.322591145833336
20.034453868865967,5514,24576,22.4365234375
20.122420072555542,5536,24576,22.526041666666664
20.196099281311035,5570,24576,22.664388020833336
20.275987148284912,5598,24576,22.7783203125
20.38872218132019,5632,24576,22.916666666666664
20.44815158843994,5666,24576,23.055013020833336
20.518966674804688,5680,24576,23.111979166666664
20.57464361190796,5714,24576,23.250325520833336
20.676449298858643,5734,24576,23.331705729166664
20.740927696228027,5762,24576,23.445638020833336
20.79722261428833,5796,24576,23.583984375
20.902817487716675,5830,24576,23.722330729166664
21.00950860977173,5864,24576,23.860677083333336
21.086888551712036,5898,24576,23.9990234375
21.180122137069702,5926,24576,24.112955729166664
21.262845277786255,5946,24576,24.1943359375
21.344277381896973,5994,24576,24.3896484375
21.434504508972168,6008,24576,24.446614583333336
21.495447874069214,6028,24576,24.527994791666664
21.571103811264038,6062,24576,24.666341145833336
21.644243955612183,6090,24576,24.7802734375
21.729873180389404,6110,24576,24.861653645833336
21.802997827529907,6158,24576,25.056966145833332
21.896095752716064,6172,24576,25.113932291666668
21.954590320587158,6192,24576,25.1953125
22.044087648391724,6226,24576,25.333658854166668
22.124895811080933,6254,24576,25.447591145833332
22.22157073020935,6288,24576,25.5859375
22.290200233459473,6322,24576,25.724283854166668
22.371612310409546,6336,24576,25.78125
22.46221613883972,6390,24576,26.0009765625
22.569748878479004,6404,24576,26.057942708333332
22.628605127334595,6418,24576,26.114908854166668
22.686734914779663,6472,24576,26.334635416666668
22.796262979507446,6500,24576,26.448567708333332
22.915613651275635,6574,24576,26.749674479166668
22.993011713027954,6574,24576,26.749674479166668
23.05189085006714,6574,24576,26.749674479166668
23.129841089248657,6594,24576,26.8310546875
23.185702085494995,6594,24576,26.8310546875
23.244009256362915,6614,24576,26.912434895833332
23.3387930393219,6634,24576,26.993815104166668
23.39722466468811,6654,24576,27.0751953125
23.480116367340088,6674,24576,27.156575520833332
23.585988759994507,6694,24576,27.237955729166668
23.647545337677002,6696,24576,27.24609375
23.707231998443604,6758,24576,27.498372395833332
23.76573419570923,6818,24576,27.742513020833332
23.851452112197876,6864,24576,27.9296875
23.939841747283936,6866,24576,27.937825520833332
24.004263401031494,6890,24576,28.035481770833332
24.105909824371338,6900,24576,28.076171875
24.1983540058136,6902,24576,28.084309895833332
24.272594928741455,6906,24576,28.1005859375
24.32807183265686,6908,24576,28.108723958333332
24.39972758293152,6972,24576,28.369140625
24.494524717330933,7478,24576,30.428059895833332
24.570653438568115,7478,24576,30.428059895833332
24.65769076347351,7478,24576,30.428059895833332
24.714939832687378,7478,24576,30.428059895833332
24.86148428916931,7478,24576,30.428059895833332
24.917516469955444,7478,24576,30.428059895833332
25.07096004486084,7478,24576,30.428059895833332
25.170992851257324,7478,24576,30.428059895833332
25.23642325401306,7478,24576,30.428059895833332
25.33352565765381,7478,24576,30.428059895833332
25.3991858959198,7478,24576,30.428059895833332
25.497172594070435,7478,24576,30.428059895833332
25.576331853866577,7478,24576,30.428059895833332
25.654075860977173,7478,24576,30.428059895833332
25.731082916259766,7478,24576,30.428059895833332
25.812694311141968,7478,24576,30.428059895833332
25.868850469589233,7478,24576,30.428059895833332
25.926090240478516,7478,24576,30.428059895833332
25.982977867126465,7478,24576,30.428059895833332
26.03880739212036,7478,24576,30.428059895833332
26.120251178741455,7478,24576,30.428059895833332
26.176226377487183,7478,24576,30.428059895833332
26.233238458633423,7478,24576,30.428059895833332
26.289299249649048,7478,24576,30.428059895833332
26.368384838104248,7478,24576,30.428059895833332
26.44553804397583,7478,24576,30.428059895833332
26.52150535583496,7478,24576,30.428059895833332
26.600257635116577,7478,24576,30.428059895833332
26.656336784362793,7478,24576,30.428059895833332
26.7318274974823,7478,24576,30.428059895833332
26.882972478866577,7478,24576,30.428059895833332
26.940037965774536,7478,24576,30.428059895833332
27.016318321228027,7478,24576,30.428059895833332
27.0934956073761,7478,24576,30.428059895833332
27.172929763793945,7478,24576,30.428059895833332
27.229172706604004,7478,24576,30.428059895833332
27.286872148513794,7478,24576,30.428059895833332
27.346501111984253,7478,24576,30.428059895833332
27.4254252910614,7478,24576,30.428059895833332
27.482283115386963,7478,24576,30.428059895833332
27.53951406478882,7478,24576,30.428059895833332
27.59726643562317,7478,24576,30.428059895833332
27.6548969745636,7478,24576,30.428059895833332
27.751795291900635,7478,24576,30.428059895833332
27.808096408843994,7478,24576,30.428059895833332
27.884899854660034,7478,24576,30.428059895833332
27.96499490737915,7478,24576,30.428059895833332
28.06438159942627,7478,24576,30.428059895833332
28.121461868286133,7478,24576,30.428059895833332
28.202635049819946,7478,24576,30.428059895833332
28.280498027801514,7478,24576,30.428059895833332
28.34598469734192,7478,24576,30.428059895833332
28.42172408103943,7478,24576,30.428059895833332
28.498516082763672,7478,24576,30.428059895833332
28.578006982803345,7478,24576,30.428059895833332
28.67163348197937,7478,24576,30.428059895833332
28.72933316230774,7478,24576,30.428059895833332
28.8053297996521,7478,24576,30.428059895833332
28.86338186264038,7478,24576,30.428059895833332
28.942075967788696,7478,24576,30.428059895833332
28.99749994277954,7478,24576,30.428059895833332
29.056163549423218,7478,24576,30.428059895833332
29.134217500686646,7478,24576,30.428059895833332
29.20894193649292,7478,24576,30.428059895833332
29.286030769348145,7478,24576,30.428059895833332
29.360920429229736,7478,24576,30.428059895833332
29.41885280609131,7478,24576,30.428059895833332
29.47637128829956,7478,24576,30.428059895833332
29.532672882080078,7478,24576,30.428059895833332
29.58966875076294,7478,24576,30.428059895833332
29.71414589881897,7478,24576,30.428059895833332
29.8098783493042,7478,24576,30.428059895833332
29.86821675300598,7478,24576,30.428059895833332
29.92406702041626,7478,24576,30.428059895833332
30.034040689468384,7478,24576,30.428059895833332
30.09522843360901,7478,24576,30.428059895833332
30.174010515213013,7478,24576,30.428059895833332
30.25267267227173,7478,24576,30.428059895833332
30.307782411575317,7478,24576,30.428059895833332
30.385748386383057,7478,24576,30.428059895833332
30.465017318725586,7478,24576,30.428059895833332
30.519909143447876,7478,24576,30.428059895833332
30.61859893798828,7478,24576,30.428059895833332
30.697665691375732,7478,24576,30.428059895833332
30.753514766693115,7478,24576,30.428059895833332
30.83106565475464,7478,24576,30.428059895833332
30.88762402534485,7478,24576,30.428059895833332
30.94377326965332,7478,24576,30.428059895833332
31.021477699279785,7478,24576,30.428059895833332
31.07898759841919,7478,24576,30.428059895833332
31.176560401916504,7478,24576,30.428059895833332
31.235397815704346,7478,24576,30.428059895833332
31.29572105407715,7478,24576,30.428059895833332
31.352047204971313,7478,24576,30.428059895833332
31.43012309074402,7478,24576,30.428059895833332
31.486329555511475,7478,24576,30.428059895833332
31.581481456756592,7478,24576,30.428059895833332
31.657653093338013,7478,24576,30.428059895833332
31.76167058944702,7478,24576,30.428059895833332
31.82156777381897,7478,24576,30.428059895833332
31.926573753356934,7478,24576,30.428059895833332
31.98300266265869,7478,24576,30.428059895833332
32.04001069068909,7478,24576,30.428059895833332
32.098042011260986,7478,24576,30.428059895833332
32.153839349746704,7478,24576,30.428059895833332
32.230262994766235,7478,24576,30.428059895833332
32.30997395515442,7478,24576,30.428059895833332
32.41114664077759,7478,24576,30.428059895833332
32.47056865692139,7478,24576,30.428059895833332
32.52700209617615,7478,24576,30.428059895833332
32.62351989746094,7478,24576,30.428059895833332
32.68021082878113,7478,24576,30.428059895833332
32.77673673629761,7478,24576,30.428059895833332
32.835349798202515,7478,24576,30.428059895833332
32.93307137489319,7478,24576,30.428059895833332
32.99060678482056,7478,24576,30.428059895833332
33.086363077163696,7478,24576,30.428059895833332
33.161086320877075,7478,24576,30.428059895833332
33.259239196777344,7478,24576,30.428059895833332
33.33834266662598,7478,24576,30.428059895833332
33.43241834640503,7478,24576,30.428059895833332
33.51051640510559,7478,24576,30.428059895833332
33.590107917785645,7478,24576,30.428059895833332
33.6639940738678,7478,24576,30.428059895833332
33.753965616226196,7478,24576,30.428059895833332
33.83176612854004,7478,24576,30.428059895833332
33.889973640441895,7478,24576,30.428059895833332
33.9484326839447,7478,24576,30.428059895833332
34.0266900062561,7478,24576,30.428059895833332
34.15911149978638,7478,24576,30.428059895833332
34.21635913848877,7478,24576,30.428059895833332
34.292184352874756,7478,24576,30.428059895833332
34.35015654563904,7478,24576,30.428059895833332
34.40809440612793,7478,24576,30.428059895833332
34.466888189315796,7478,24576,30.428059895833332
34.54485011100769,7478,24576,30.428059895833332
34.64415264129639,7478,24576,30.428059895833332
34.703367710113525,7478,24576,30.428059895833332
34.75984787940979,7478,24576,30.428059895833332
34.8356077671051,7478,24576,30.428059895833332
34.91401219367981,7478,24576,30.428059895833332
35.00816869735718,7478,24576,30.428059895833332
35.072770833969116,7478,24576,30.428059895833332
35.148711919784546,7478,24576,30.428059895833332
35.25484228134155,7478,24576,30.428059895833332
35.333115100860596,7478,24576,30.428059895833332
35.41399335861206,7478,24576,30.428059895833332
35.491650104522705,7478,24576,30.428059895833332
35.55091118812561,7478,24576,30.428059895833332
35.60945105552673,7478,24576,30.428059895833332
35.683470249176025,7478,24576,30.428059895833332
35.763237714767456,7478,24576,30.428059895833332
35.86154389381409,7478,24576,30.428059895833332
35.91779351234436,7478,24576,30.428059895833332
35.975746631622314,7478,24576,30.428059895833332
36.075908184051514,7478,24576,30.428059895833332
36.17717885971069,7478,24576,30.428059895833332
36.256186723709106,7478,24576,30.428059895833332
36.35472369194031,7478,24576,30.428059895833332
36.43737721443176,7478,24576,30.428059895833332
36.514933586120605,7478,24576,30.428059895833332
36.592480182647705,7478,24576,30.428059895833332
36.65068221092224,7478,24576,30.428059895833332
36.7443106174469,7478,24576,30.428059895833332
36.80821466445923,7478,24576,30.428059895833332
36.867799043655396,7478,24576,30.428059895833332
36.94637060165405,7478,24576,30.428059895833332
37.04406809806824,7478,24576,30.428059895833332
37.12656307220459,7478,24576,30.428059895833332
37.18574047088623,7478,24576,30.428059895833332
37.26311230659485,7478,24576,30.428059895833332
37.34143328666687,7478,24576,30.428059895833332
37.417705059051514,7478,24576,30.428059895833332
37.49444103240967,7478,24576,30.428059895833332
37.593308210372925,7478,24576,30.428059895833332
37.650514125823975,7478,24576,30.428059895833332
37.784119606018066,7478,24576,30.428059895833332
37.84305667877197,7478,24576,30.428059895833332
37.944031715393066,7478,24576,30.428059895833332
38.022517681121826,7478,24576,30.428059895833332
38.12169575691223,7478,24576,30.428059895833332
38.17927646636963,7478,24576,30.428059895833332
38.25589203834534,7478,24576,30.428059895833332
38.31270956993103,7478,24576,30.428059895833332
38.369384765625,7478,24576,30.428059895833332
38.465771198272705,7478,24576,30.428059895833332
38.545740604400635,7478,24576,30.428059895833332
38.639665365219116,7478,24576,30.428059895833332
38.69815468788147,7478,24576,30.428059895833332
38.755770444869995,7478,24576,30.428059895833332
38.832507371902466,7478,24576,30.428059895833332
38.8914155960083,7478,24576,30.428059895833332
38.972399950027466,7478,24576,30.428059895833332
39.03349733352661,7478,24576,30.428059895833332
39.09152126312256,7622,24576,31.013997395833332
39.149086475372314,15686,24576,63.826497395833336
39.23495936393738,15686,24576,63.826497395833336
39.313238859176636,15686,24576,63.826497395833336
39.370699882507324,15686,24576,63.826497395833336
39.45206832885742,15686,24576,63.826497395833336
39.55098366737366,6912,24576,28.125
39.60806345939636,7478,24576,30.428059895833332
39.673433780670166,7478,24576,30.428059895833332
39.72999382019043,7478,24576,30.428059895833332
39.78814649581909,7478,24576,30.428059895833332
39.84553289413452,7478,24576,30.428059895833332
39.901286602020264,7478,24576,30.428059895833332
39.960551738739014,7478,24576,30.428059895833332
40.018481492996216,7478,24576,30.428059895833332
40.07444143295288,7478,24576,30.428059895833332
40.13847088813782,7478,24576,30.428059895833332
40.195680141448975,7478,24576,30.428059895833332
40.25276446342468,7478,24576,30.428059895833332
40.31051421165466,7478,24576,30.428059895833332
40.366697788238525,7478,24576,30.428059895833332
40.423938274383545,7478,24576,30.428059895833332
40.482555866241455,7478,24576,30.428059895833332
40.56185054779053,7478,24576,30.428059895833332
40.620457887649536,7478,24576,30.428059895833332
40.6773202419281,7478,24576,30.428059895833332
40.75440049171448,7478,24576,30.428059895833332
40.828835248947144,7478,24576,30.428059895833332
40.90564298629761,7478,24576,30.428059895833332
40.96290731430054,7478,24576,30.428059895833332
41.02008581161499,7478,24576,30.428059895833332
41.07959508895874,7478,24576,30.428059895833332
41.138567209243774,7478,24576,30.428059895833332
41.23638081550598,7478,24576,30.428059895833332
41.29563093185425,7478,24576,30.428059895833332
41.37226986885071,7478,24576,30.428059895833332
41.454535245895386,7478,24576,30.428059895833332
41.51426410675049,7478,24576,30.428059895833332
41.61272931098938,7478,24576,30.428059895833332
41.67056727409363,7478,24576,30.428059895833332
41.75231671333313,7478,24576,30.428059895833332
41.854350566864014,7478,24576,30.428059895833332
41.90070962905884,7478,24576,30.428059895833332
41.97603917121887,7478,24576,30.428059895833332
42.03506660461426,7478,24576,30.428059895833332
42.07821345329285,7478,24576,30.428059895833332
42.13847327232361,7478,24576,30.428059895833332
42.218318939208984,7478,24576,30.428059895833332
42.297510623931885,7478,24576,30.428059895833332
42.374173164367676,7478,24576,30.428059895833332
42.43157887458801,7478,24576,30.428059895833332
42.49424958229065,7478,24576,30.428059895833332
42.59141707420349,7478,24576,30.428059895833332
42.65123176574707,7478,24576,30.428059895833332
42.7307243347168,7478,24576,30.428059895833332
42.840035915374756,7478,24576,30.428059895833332
42.91640591621399,7478,24576,30.428059895833332
42.975215435028076,7478,24576,30.428059895833332
43.05544447898865,7478,24576,30.428059895833332
43.15579581260681,7478,24576,30.428059895833332
43.21541357040405,7478,24576,30.428059895833332
43.29641795158386,7478,24576,30.428059895833332
43.356682538986206,7478,24576,30.428059895833332
43.457950830459595,7478,24576,30.428059895833332
43.5167498588562,7478,24576,30.428059895833332
43.59184503555298,7478,24576,30.428059895833332
43.674713373184204,7478,24576,30.428059895833332
43.75145411491394,7478,24576,30.428059895833332
43.829535722732544,7478,24576,30.428059895833332
43.88536763191223,7478,24576,30.428059895833332
43.98639988899231,7478,24576,30.428059895833332
44.06241703033447,7478,24576,30.428059895833332
44.119648694992065,7478,24576,30.428059895833332
44.195777893066406,7478,24576,30.428059895833332
44.25261163711548,7478,24576,30.428059895833332
44.34791612625122,7478,24576,30.428059895833332
44.40852904319763,7478,24576,30.428059895833332
44.466228723526,7478,24576,30.428059895833332
44.54025220870972,7478,24576,30.428059895833332
44.636409521102905,7478,24576,30.428059895833332
44.717180252075195,7478,24576,30.428059895833332
44.79390096664429,7478,24576,30.428059895833332
44.87010717391968,7478,24576,30.428059895833332
44.929781913757324,7478,24576,30.428059895833332
44.988322019577026,7478,24576,30.428059895833332
45.08536148071289,7478,24576,30.428059895833332
45.16236996650696,7478,24576,30.428059895833332
45.241477489471436,7478,24576,30.428059895833332
45.31724810600281,7478,24576,30.428059895833332
45.39774012565613,7478,24576,30.428059895833332
45.45529389381409,7478,24576,30.428059895833332
45.51269769668579,7478,24576,30.428059895833332
45.588242053985596,7478,24576,30.428059895833332
45.67829346656799,7478,24576,30.428059895833332
45.73594880104065,7478,24576,30.428059895833332
45.797571897506714,7478,24576,30.428059895833332
45.84205198287964,7478,24576,30.428059895833332
45.904622077941895,7478,24576,30.428059895833332
45.98545742034912,7478,24576,30.428059895833332
46.04187726974487,7478,24576,30.428059895833332
46.099098920822144,7478,24576,30.428059895833332
46.1556122303009,7478,24576,30.428059895833332
46.23812818527222,7478,24576,30.428059895833332
46.31603264808655,7478,24576,30.428059895833332
46.40179395675659,7478,24576,30.428059895833332
46.47623562812805,7478,24576,30.428059895833332
46.55341553688049,7478,24576,30.428059895833332
46.60971212387085,7478,24576,30.428059895833332
46.666340827941895,7478,24576,30.428059895833332
46.742021322250366,7478,24576,30.428059895833332
46.80127024650574,7478,24576,30.428059895833332
46.88028597831726,7478,24576,30.428059895833332
46.93834948539734,7478,24576,30.428059895833332
47.0146119594574,7478,24576,30.428059895833332
47.09399366378784,7478,24576,30.428059895833332
47.18830418586731,7478,24576,30.428059895833332
47.24603223800659,7478,24576,30.428059895833332
47.303969621658325,7478,24576,30.428059895833332
47.36205339431763,7478,24576,30.428059895833332
47.41918730735779,7478,24576,30.428059895833332
47.497177600860596,7478,24576,30.428059895833332
47.572373151779175,7478,24576,30.428059895833332
47.698909521102905,7478,24576,30.428059895833332
47.776833295822144,7478,24576,30.428059895833332
47.86169242858887,7478,24576,30.428059895833332
47.93597745895386,7478,24576,30.428059895833332
48.01979351043701,7478,24576,30.428059895833332
48.116281509399414,7478,24576,30.428059895833332
48.21747851371765,7478,24576,30.428059895833332
48.29332208633423,7478,24576,30.428059895833332
48.350571155548096,7478,24576,30.428059895833332
48.40549898147583,7478,24576,30.428059895833332
48.487664222717285,7478,24576,30.428059895833332
48.530922412872314,7478,24576,30.428059895833332
48.60433554649353,7478,24576,30.428059895833332
48.681602001190186,7478,24576,30.428059895833332
48.738675117492676,7478,24576,30.428059895833332
48.79655194282532,7478,24576,30.428059895833332
48.87391209602356,7478,24576,30.428059895833332
48.97317934036255,7478,24576,30.428059895833332
49.07242679595947,7478,24576,30.428059895833332
49.16743087768555,7478,24576,30.428059895833332
49.24472713470459,7478,24576,30.428059895833332
49.301164388656616,7478,24576,30.428059895833332
49.37729811668396,7478,24576,30.428059895833332
49.43303322792053,7478,24576,30.428059895833332
49.53130102157593,7478,24576,30.428059895833332
49.59082746505737,7478,24576,30.428059895833332
49.66955876350403,7478,24576,30.428059895833332
49.74459958076477,7478,24576,30.428059895833332
49.80191779136658,7478,24576,30.428059895833332
49.896453857421875,7478,24576,30.428059895833332
49.95241141319275,7478,24576,30.428059895833332
50.0079984664917,7478,24576,30.428059895833332
50.0639283657074,7478,24576,30.428059895833332
50.14233088493347,7478,24576,30.428059895833332
50.21518063545227,7478,24576,30.428059895833332
50.27191734313965,7478,24576,30.428059895833332
50.367531538009644,7478,24576,30.428059895833332
50.4258451461792,7478,24576,30.428059895833332
50.48291563987732,7478,24576,30.428059895833332
50.57932686805725,7478,24576,30.428059895833332
50.65678906440735,7478,24576,30.428059895833332
50.71238827705383,7478,24576,30.428059895833332
50.790505170822144,7478,24576,30.428059895833332
50.84818506240845,7478,24576,30.428059895833332
50.90330410003662,7478,24576,30.428059895833332
50.98469662666321,7478,24576,30.428059895833332
51.04231095314026,7478,24576,30.428059895833332
51.09957671165466,7478,24576,30.428059895833332
51.15520262718201,7478,24576,30.428059895833332
51.23364067077637,7478,24576,30.428059895833332
51.30972218513489,7478,24576,30.428059895833332
51.384989976882935,7478,24576,30.428059895833332
51.48149347305298,7478,24576,30.428059895833332
51.5574905872345,7478,24576,30.428059895833332
51.61589503288269,7478,24576,30.428059895833332
51.67155575752258,7478,24576,30.428059895833332
51.74869680404663,7478,24576,30.428059895833332
51.84533143043518,7478,24576,30.428059895833332
51.90509486198425,7478,24576,30.428059895833332
52.00650596618652,7478,24576,30.428059895833332
52.08545136451721,7478,24576,30.428059895833332
52.16603374481201,7478,24576,30.428059895833332
52.22587037086487,7478,24576,30.428059895833332
52.28315997123718,7478,24576,30.428059895833332
52.36459732055664,7478,24576,30.428059895833332
52.464096546173096,7478,24576,30.428059895833332
52.5438015460968,7478,24576,30.428059895833332
52.600237131118774,7478,24576,30.428059895833332
52.659337520599365,7478,24576,30.428059895833332
52.72330617904663,7478,24576,30.428059895833332
52.800410985946655,7478,24576,30.428059895833332
52.87425994873047,7478,24576,30.428059895833332
52.97755980491638,7478,24576,30.428059895833332
53.05311870574951,7478,24576,30.428059895833332
53.12967658042908,7478,24576,30.428059895833332
53.205294609069824,7478,24576,30.428059895833332
53.28510022163391,7478,24576,30.428059895833332
53.34271264076233,7478,24576,30.428059895833332
53.41996693611145,7478,24576,30.428059895833332
53.526235818862915,7478,24576,30.428059895833332
53.602131366729736,7478,24576,30.428059895833332
53.684847593307495,7478,24576,30.428059895833332
53.78590250015259,7478,24576,30.428059895833332
53.88462424278259,7478,24576,30.428059895833332
53.940736055374146,7478,24576,30.428059895833332
54.01723837852478,8774,24576,35.70149739583333
54.1132972240448,15686,24576,63.826497395833336
54.18773293495178,15686,24576,63.826497395833336
54.28793454170227,15686,24576,63.826497395833336
54.34401035308838,15686,24576,63.826497395833336
54.40187191963196,15686,24576,63.826497395833336
54.479026079177856,15686,24576,63.826497395833336
54.55775213241577,15686,24576,63.826497395833336
54.63490128517151,15686,24576,63.826497395833336
54.73622703552246,7238,24576,29.451497395833332
54.795268535614014,7478,24576,30.428059895833332
54.854374170303345,7478,24576,30.428059895833332
54.91099238395691,7478,24576,30.428059895833332
54.96851134300232,7478,24576,30.428059895833332
55.02506375312805,7478,24576,30.428059895833332
55.081912994384766,7478,24576,30.428059895833332
55.13818001747131,7478,24576,30.428059895833332
55.203447580337524,7478,24576,30.428059895833332
55.260714530944824,7478,24576,30.428059895833332
55.31597924232483,7478,24576,30.428059895833332
55.374176263809204,7478,24576,30.428059895833332
55.431095123291016,7478,24576,30.428059895833332
55.48713660240173,7478,24576,30.428059895833332
55.54198908805847,7478,24576,30.428059895833332
55.59671878814697,7478,24576,30.428059895833332
55.645020961761475,7478,24576,30.428059895833332
55.702698945999146,7478,24576,30.428059895833332
55.78407382965088,7478,24576,30.428059895833332
55.84302043914795,7478,24576,30.428059895833332
55.900301933288574,7478,24576,30.428059895833332
55.95851802825928,7478,24576,30.428059895833332
56.01666307449341,7478,24576,30.428059895833332
56.07404661178589,7478,24576,30.428059895833332
56.15414214134216,7478,24576,30.428059895833332
56.21032238006592,7478,24576,30.428059895833332
56.30553102493286,7478,24576,30.428059895833332
56.40170645713806,7478,24576,30.428059895833332
56.45912170410156,7478,24576,30.428059895833332
56.558088541030884,7478,24576,30.428059895833332
56.63471221923828,7478,24576,30.428059895833332
56.69375038146973,7478,24576,30.428059895833332
56.77157378196716,7478,24576,30.428059895833332
56.831340312957764,7478,24576,30.428059895833332
56.89108157157898,7478,24576,30.428059895833332
56.99047660827637,7478,24576,30.428059895833332
57.07691550254822,7478,24576,30.428059895833332
57.13598823547363,7478,24576,30.428059895833332
57.1979775428772,7478,24576,30.428059895833332
57.25639486312866,7478,24576,30.428059895833332
57.334633350372314,7478,24576,30.428059895833332
57.394524812698364,7478,24576,30.428059895833332
57.454674243927,7478,24576,30.428059895833332
57.51166796684265,7478,24576,30.428059895833332
57.60784649848938,7478,24576,30.428059895833332
57.68617534637451,7478,24576,30.428059895833332
57.74495339393616,7478,24576,30.428059895833332
57.83975315093994,7478,24576,30.428059895833332
57.93956232070923,7478,24576,30.428059895833332
58.01851463317871,7478,24576,30.428059895833332
58.11784887313843,7478,24576,30.428059895833332
58.17451190948486,7478,24576,30.428059895833332
58.25199794769287,7478,24576,30.428059895833332
58.329800844192505,7478,24576,30.428059895833332
58.38591241836548,7478,24576,30.428059895833332
58.44461226463318,7478,24576,30.428059895833332
58.52278161048889,7478,24576,30.428059895833332
58.604689836502075,7478,24576,30.428059895833332
58.70442771911621,7478,24576,30.428059895833332
58.7804594039917,7478,24576,30.428059895833332
58.85764956474304,7478,24576,30.428059895833332
58.913092851638794,7478,24576,30.428059895833332
58.96966576576233,7478,24576,30.428059895833332
59.064515590667725,7478,24576,30.428059895833332
59.126609086990356,7478,24576,30.428059895833332
59.20932173728943,7478,24576,30.428059895833332
59.284759283065796,7478,24576,30.428059895833332
59.361860275268555,7478,24576,30.428059895833332
59.43759369850159,7478,24576,30.428059895833332
59.514835596084595,7478,24576,30.428059895833332
59.59186005592346,7478,24576,30.428059895833332
59.64783954620361,7478,24576,30.428059895833332
59.72572708129883,7478,24576,30.428059895833332
59.78252649307251,7478,24576,30.428059895833332
59.85718059539795,7478,24576,30.428059895833332
59.906851053237915,7478,24576,30.428059895833332
59.96531558036804,7478,24576,30.428059895833332
60.021891593933105,7478,24576,30.428059895833332
60.2247109413147,7478,24576,30.428059895833332
60.2816526889801,7478,24576,30.428059895833332
60.35831165313721,7478,24576,30.428059895833332
60.43146872520447,7478,24576,30.428059895833332
60.48777437210083,7478,24576,30.428059895833332
60.582841634750366,7478,24576,30.428059895833332
60.639692306518555,7478,24576,30.428059895833332
60.70818877220154,7478,24576,30.428059895833332
60.76825284957886,7478,24576,30.428059895833332
60.825520277023315,7478,24576,30.428059895833332
60.90217971801758,7478,24576,30.428059895833332
60.9763240814209,7478,24576,30.428059895833332
61.05465078353882,7478,24576,30.428059895833332
61.11005616188049,7478,24576,30.428059895833332
61.16723823547363,7478,24576,30.428059895833332
61.26986122131348,7478,24576,30.428059895833332
61.34928059577942,7478,24576,30.428059895833332
61.44526386260986,7478,24576,30.428059895833332
61.50258779525757,7478,24576,30.428059895833332
61.572598934173584,7478,24576,30.428059895833332
61.65664029121399,7478,24576,30.428059895833332
61.71589732170105,7478,24576,30.428059895833332
61.7922637462616,7478,24576,30.428059895833332
61.848288774490356,7478,24576,30.428059895833332
61.924317598342896,7478,24576,30.428059895833332
62.0014009475708,7478,24576,30.428059895833332
62.08197784423828,7478,24576,30.428059895833332
62.13792872428894,7478,24576,30.428059895833332
62.19681763648987,7478,24576,30.428059895833332
62.29356861114502,7478,24576,30.428059895833332
62.349552392959595,7478,24576,30.428059895833332
62.44669508934021,7478,24576,30.428059895833332
62.5265166759491,7478,24576,30.428059895833332
62.60033559799194,7478,24576,30.428059895833332
62.697611808776855,7478,24576,30.428059895833332
62.75613045692444,7478,24576,30.428059895833332
62.831578969955444,7478,24576,30.428059895833332
62.91289281845093,7478,24576,30.428059895833332
62.970280170440674,7478,24576,30.428059895833332
63.025574922561646,7478,24576,30.428059895833332
63.08275389671326,7478,24576,30.428059895833332
63.137999296188354,7478,24576,30.428059895833332
63.21580767631531,7478,24576,30.428059895833332
63.294716596603394,7478,24576,30.428059895833332
63.337679386138916,7478,24576,30.428059895833332
63.41718864440918,7478,24576,30.428059895833332
63.49208855628967,7478,24576,30.428059895833332
63.568458795547485,7478,24576,30.428059895833332
63.64583945274353,7478,24576,30.428059895833332
63.70275926589966,7478,24576,30.428059895833332
63.760512828826904,7478,24576,30.428059895833332
63.857576847076416,7478,24576,30.428059895833332
63.913883209228516,7478,24576,30.428059895833332
64.01010370254517,7478,24576,30.428059895833332
64.08546662330627,7478,24576,30.428059895833332
64.16191506385803,7478,24576,30.428059895833332
64.21815156936646,7478,24576,30.428059895833332
64.27636075019836,7478,24576,30.428059895833332
64.33318424224854,7478,24576,30.428059895833332
64.38795232772827,7478,24576,30.428059895833332
64.44449257850647,7478,24576,30.428059895833332
64.51980257034302,7478,24576,30.428059895833332
64.57767677307129,7478,24576,30.428059895833332
64.63579821586609,7478,24576,30.428059895833332
64.71119785308838,7478,24576,30.428059895833332
64.79240942001343,7478,24576,30.428059895833332
64.86978888511658,7478,24576,30.428059895833332
64.96390223503113,7478,24576,30.428059895833332
65.06107473373413,7478,24576,30.428059895833332
65.11676216125488,7478,24576,30.428059895833332
65.17448139190674,7478,24576,30.428059895833332
65.23217368125916,7478,24576,30.428059895833332
65.31024503707886,7478,24576,30.428059895833332
65.38549971580505,7478,24576,30.428059895833332
65.46701979637146,7478,24576,30.428059895833332
65.5243775844574,7478,24576,30.428059895833332
65.61148238182068,7478,24576,30.428059895833332
65.667733669281,7478,24576,30.428059895833332
65.72562646865845,7478,24576,30.428059895833332
65.8062105178833,7478,24576,30.428059895833332
65.86139559745789,7478,24576,30.428059895833332
65.93787407875061,7478,24576,30.428059895833332
66.01194357872009,7478,24576,30.428059895833332
66.08969593048096,7478,24576,30.428059895833332
66.16493821144104,7478,24576,30.428059895833332
66.22202920913696,7478,24576,30.428059895833332
66.31875586509705,7478,24576,30.428059895833332
66.37597346305847,7478,24576,30.428059895833332
66.44205808639526,7478,24576,30.428059895833332
66.51932883262634,7478,24576,30.428059895833332
66.62086009979248,7478,24576,30.428059895833332
66.69824194908142,7478,24576,30.428059895833332
66.77782011032104,7478,24576,30.428059895833332
66.82375955581665,7478,24576,30.428059895833332
66.87961912155151,7478,24576,30.428059895833332
66.98082160949707,7478,24576,30.428059895833332
67.02475333213806,7478,24576,30.428059895833332
67.10034465789795,7478,24576,30.428059895833332
67.1812515258789,7478,24576,30.428059895833332
67.2387683391571,7478,24576,30.428059895833332
67.304123878479,7478,24576,30.428059895833332
67.36340999603271,7478,24576,30.428059895833332
67.42134475708008,7478,24576,30.428059895833332
67.47880816459656,7478,24576,30.428059895833332
67.56147718429565,7478,24576,30.428059895833332
67.62473726272583,7478,24576,30.428059895833332
67.68294858932495,7478,24576,30.428059895833332
67.76207089424133,7478,24576,30.428059895833332
67.82368350028992,7478,24576,30.428059895833332
67.93088603019714,7478,24576,30.428059895833332
67.98939347267151,7478,24576,30.428059895833332
68.06926894187927,7478,24576,30.428059895833332
68.14590096473694,7478,24576,30.428059895833332
68.2553243637085,7478,24576,30.428059895833332
68.29804348945618,7478,24576,30.428059895833332
68.35512447357178,7478,24576,30.428059895833332
68.4355845451355,7478,24576,30.428059895833332
68.53691458702087,7478,24576,30.428059895833332
68.61366128921509,7478,24576,30.428059895833332
68.69113516807556,7478,24576,30.428059895833332
68.74731469154358,7478,24576,30.428059895833332
68.80484580993652,7478,24576,30.428059895833332
68.86269116401672,7478,24576,30.428059895833332
68.96167135238647,7478,24576,30.428059895833332
69.03095173835754,7478,24576,30.428059895833332
69.09026741981506,7478,24576,30.428059895833332
69.16832995414734,7478,24576,30.428059895833332
69.22667288780212,7478,24576,30.428059895833332
69.28429007530212,7478,24576,30.428059895833332
69.36407208442688,8774,24576,35.70149739583333
69.4449155330658,15686,24576,63.826497395833336
69.52482175827026,15686,24576,63.826497395833336
69.60183048248291,15686,24576,63.826497395833336
69.66021227836609,15686,24576,63.826497395833336
69.71572470664978,15686,24576,63.826497395833336
69.77465605735779,15686,24576,63.826497395833336
69.91695761680603,15686,24576,63.826497395833336
70.01179575920105,6912,24576,28.125
70.10357236862183,7478,24576,30.428059895833332
70.18002557754517,7478,24576,30.428059895833332
70.23799729347229,7478,24576,30.428059895833332
70.33377075195312,7478,24576,30.428059895833332
70.42820429801941,7478,24576,30.428059895833332
70.50726175308228,7478,24576,30.428059895833332
70.56348419189453,7478,24576,30.428059895833332
70.6202597618103,7478,24576,30.428059895833332
70.71098685264587,7478,24576,30.428059895833332
70.78988552093506,7478,24576,30.428059895833332
70.8674168586731,7478,24576,30.428059895833332
70.92329096794128,7478,24576,30.428059895833332
70.97753763198853,7478,24576,30.428059895833332
71.03377389907837,7478,24576,30.428059895833332
71.11584663391113,7478,24576,30.428059895833332
71.17524766921997,7478,24576,30.428059895833332
71.2552695274353,7478,24576,30.428059895833332
71.31472134590149,7478,24576,30.428059895833332
71.42093777656555,7478,24576,30.428059895833332
71.48422074317932,7478,24576,30.428059895833332
71.54261040687561,7478,24576,30.428059895833332
71.6217315196991,7478,24576,30.428059895833332
71.69946193695068,7478,24576,30.428059895833332
71.75624966621399,7478,24576,30.428059895833332
71.81366395950317,7478,24576,30.428059895833332
71.8732361793518,7478,24576,30.428059895833332
71.96306872367859,7478,24576,30.428059895833332
72.06235933303833,7478,24576,30.428059895833332
72.12625479698181,7478,24576,30.428059895833332
72.18474531173706,7478,24576,30.428059895833332
72.28420352935791,7478,24576,30.428059895833332
72.34037590026855,7478,24576,30.428059895833332
72.39970135688782,7478,24576,30.428059895833332
72.47898936271667,7478,24576,30.428059895833332
72.54251599311829,7478,24576,30.428059895833332
72.59976291656494,7478,24576,30.428059895833332
72.65804839134216,7478,24576,30.428059895833332
72.71429085731506,7478,24576,30.428059895833332
72.7926607131958,7478,24576,30.428059895833332
72.85153245925903,7478,24576,30.428059895833332
72.93389225006104,7478,24576,30.428059895833332
73.00946998596191,7478,24576,30.428059895833332
73.06644988059998,7478,24576,30.428059895833332
73.1246542930603,7478,24576,30.428059895833332
73.185861825943,7478,24576,30.428059895833332
73.24611067771912,7478,24576,30.428059895833332
73.3234236240387,7478,24576,30.428059895833332
73.3817708492279,7478,24576,30.428059895833332
73.45794081687927,7478,24576,30.428059895833332
73.5381669998169,7478,24576,30.428059895833332
73.59626197814941,7478,24576,30.428059895833332
73.67389249801636,7478,24576,30.428059895833332
73.7308554649353,7478,24576,30.428059895833332
73.8363778591156,7478,24576,30.428059895833332
73.933114528656,7478,24576,30.428059895833332
74.01007390022278,7478,24576,30.428059895833332
74.07702493667603,7478,24576,30.428059895833332
74.17307829856873,7478,24576,30.428059895833332
74.25035500526428,7478,24576,30.428059895833332
74.30801796913147,7478,24576,30.428059895833332
74.36555647850037,7478,24576,30.428059895833332
74.41988754272461,7478,24576,30.428059895833332
74.52172803878784,7478,24576,30.428059895833332
74.5773549079895,7478,24576,30.428059895833332
74.63272261619568,7478,24576,30.428059895833332
74.68931841850281,7478,24576,30.428059895833332
74.74939346313477,7478,24576,30.428059895833332
74.84587025642395,7478,24576,30.428059895833332
74.9139506816864,7478,24576,30.428059895833332
74.97053289413452,7478,24576,30.428059895833332
75.0457010269165,7478,24576,30.428059895833332
75.12133812904358,7478,24576,30.428059895833332
75.19720125198364,7478,24576,30.428059895833332
75.25535249710083,7478,24576,30.428059895833332
75.3136396408081,7478,24576,30.428059895833332
75.39232659339905,7478,24576,30.428059895833332
75.4782383441925,7478,24576,30.428059895833332
75.57610034942627,7478,24576,30.428059895833332
75.63533282279968,7478,24576,30.428059895833332
75.71462488174438,7478,24576,30.428059895833332
75.77196073532104,7478,24576,30.428059895833332
75.84843468666077,7478,24576,30.428059895833332
75.94561576843262,7478,24576,30.428059895833332
76.00207948684692,7478,24576,30.428059895833332
76.09833121299744,7478,24576,30.428059895833332
76.15472722053528,7478,24576,30.428059895833332
76.25189757347107,7478,24576,30.428059895833332
76.3083324432373,7478,24576,30.428059895833332
76.36467337608337,7478,24576,30.428059895833332
76.46073317527771,7478,24576,30.428059895833332
76.51598954200745,7478,24576,30.428059895833332
76.57369375228882,7478,24576,30.428059895833332
76.65851593017578,7478,24576,30.428059895833332
76.71599626541138,7478,24576,30.428059895833332
76.7602026462555,7478,24576,30.428059895833332
76.83772826194763,7478,24576,30.428059895833332
76.93834114074707,7478,24576,30.428059895833332
76.99647450447083,7478,24576,30.428059895833332
77.05327725410461,7478,24576,30.428059895833332
77.11027932167053,7478,24576,30.428059895833332
77.16742253303528,7478,24576,30.428059895833332
77.24646735191345,7478,24576,30.428059895833332
77.3267650604248,7478,24576,30.428059895833332
77.42728686332703,7478,24576,30.428059895833332
77.50651407241821,7478,24576,30.428059895833332
77.58614945411682,7478,24576,30.428059895833332
77.64388489723206,7478,24576,30.428059895833332
77.73955249786377,7478,24576,30.428059895833332
77.82311868667603,7478,24576,30.428059895833332
77.98817300796509,7478,24576,30.428059895833332
78.04749655723572,7478,24576,30.428059895833332
78.10618615150452,7478,24576,30.428059895833332
78.16426873207092,7478,24576,30.428059895833332
78.24400615692139,7478,24576,30.428059895833332
78.32141661643982,7478,24576,30.428059895833332
78.37936687469482,7478,24576,30.428059895833332
78.46258687973022,7478,24576,30.428059895833332
78.53998804092407,7478,24576,30.428059895833332
78.59677505493164,7478,24576,30.428059895833332
78.65291786193848,7478,24576,30.428059895833332
78.73069357872009,7478,24576,30.428059895833332
78.80977487564087,7478,24576,30.428059895833332
78.90283989906311,7478,24576,30.428059895833332
78.96146655082703,7478,24576,30.428059895833332
79.0420241355896,7478,24576,30.428059895833332
79.09767127037048,7478,24576,30.428059895833332
79.156418800354,7478,24576,30.428059895833332
79.23363661766052,7478,24576,30.428059895833332
79.28995728492737,7478,24576,30.428059895833332
79.3661859035492,7478,24576,30.428059895833332
79.4421489238739,7478,24576,30.428059895833332
79.53803014755249,7478,24576,30.428059895833332
79.61421966552734,7478,24576,30.428059895833332
79.68853521347046,7478,24576,30.428059895833332
79.74651670455933,7478,24576,30.428059895833332
79.8357105255127,7478,24576,30.428059895833332
79.93419742584229,7478,24576,30.428059895833332
80.01194095611572,7478,24576,30.428059895833332
80.09234690666199,7478,24576,30.428059895833332
80.1949348449707,7478,24576,30.428059895833332
80.27317261695862,7478,24576,30.428059895833332
80.37134957313538,7478,24576,30.428059895833332
80.45349884033203,7478,24576,30.428059895833332
80.52853846549988,7478,24576,30.428059895833332
80.58811902999878,7478,24576,30.428059895833332
80.64696788787842,7478,24576,30.428059895833332
80.70446586608887,7478,24576,30.428059895833332
80.78052711486816,7478,24576,30.428059895833332
80.85825538635254,7478,24576,30.428059895833332
80.9347333908081,7478,24576,30.428059895833332
80.99219465255737,7478,24576,30.428059895833332
81.05062484741211,7478,24576,30.428059895833332
81.13952255249023,7478,24576,30.428059895833332
81.21869421005249,7478,24576,30.428059895833332
81.28877806663513,7478,24576,30.428059895833332
81.38610863685608,7478,24576,30.428059895833332
81.4443576335907,7478,24576,30.428059895833332
81.50302314758301,7478,24576,30.428059895833332
81.56019711494446,7478,24576,30.428059895833332
81.6558449268341,7478,24576,30.428059895833332
81.75565719604492,7478,24576,30.428059895833332
81.81193423271179,7478,24576,30.428059895833332
81.88852500915527,7478,24576,30.428059895833332
81.96742296218872,7478,24576,30.428059895833332
82.02446866035461,7478,24576,30.428059895833332
82.10013151168823,7478,24576,30.428059895833332
82.15906167030334,7478,24576,30.428059895833332
82.22775030136108,7478,24576,30.428059895833332
82.33002710342407,7478,24576,30.428059895833332
82.3879165649414,7478,24576,30.428059895833332
82.44564843177795,7478,24576,30.428059895833332
82.50378131866455,7478,24576,30.428059895833332
82.60997819900513,7478,24576,30.428059895833332
82.68526721000671,7478,24576,30.428059895833332
82.76431822776794,7478,24576,30.428059895833332
82.84179830551147,7478,24576,30.428059895833332
82.92139315605164,7478,24576,30.428059895833332
83.0081524848938,7478,24576,30.428059895833332
83.06662344932556,7478,24576,30.428059895833332
83.14589142799377,7478,24576,30.428059895833332
83.20471835136414,7478,24576,30.428059895833332
83.26154494285583,7478,24576,30.428059895833332
83.32443928718567,7478,24576,30.428059895833332
83.38195967674255,7478,24576,30.428059895833332
83.44079184532166,7478,24576,30.428059895833332
83.52019691467285,7478,24576,30.428059895833332
83.57755947113037,7478,24576,30.428059895833332
83.6613540649414,7478,24576,30.428059895833332
83.71769618988037,7478,24576,30.428059895833332
83.80696558952332,7478,24576,30.428059895833332
83.86428236961365,7478,24576,30.428059895833332
83.94293165206909,7478,24576,30.428059895833332
84.04079151153564,7478,24576,30.428059895833332
84.09727430343628,7478,24576,30.428059895833332
84.15341305732727,7478,24576,30.428059895833332
84.22841906547546,7478,24576,30.428059895833332
84.30865240097046,7478,24576,30.428059895833332
84.40664792060852,7478,24576,30.428059895833332
84.51112055778503,7478,24576,30.428059895833332
84.57089233398438,7478,24576,30.428059895833332
84.62985181808472,7478,24576,30.428059895833332
84.68702244758606,7478,24576,30.428059895833332
84.74719071388245,7478,24576,30.428059895833332
84.82891416549683,11078,24576,45.07649739583333
84.91119241714478,15686,24576,63.826497395833336
84.99007558822632,15686,24576,63.826497395833336
85.0898129940033,15686,24576,63.826497395833336
85.16849517822266,15686,24576,63.826497395833336
85.2657060623169,15686,24576,63.826497395833336
85.34300661087036,15686,24576,63.826497395833336
85.40002655982971,15686,24576,63.826497395833336
85.52194690704346,7478,24576,30.428059895833332
85.59665942192078,7478,24576,30.428059895833332
85.67424821853638,7478,24576,30.428059895833332
85.73260283470154,7478,24576,30.428059895833332
85.83208656311035,7478,24576,30.428059895833332
85.89024066925049,7478,24576,30.428059895833332
85.94652152061462,7478,24576,30.428059895833332
86.00300335884094,7478,24576,30.428059895833332
86.05772852897644,7478,24576,30.428059895833332
86.11375260353088,7478,24576,30.428059895833332
86.21066474914551,7478,24576,30.428059895833332
86.2943663597107,7478,24576,30.428059895833332
86.37025761604309,7478,24576,30.428059895833332
86.42672300338745,7478,24576,30.428059895833332
86.48683834075928,7478,24576,30.428059895833332
86.54575300216675,7478,24576,30.428059895833332
86.62572264671326,7478,24576,30.428059895833332
86.6825156211853,7478,24576,30.428059895833332
86.75810194015503,7478,24576,30.428059895833332
86.8166732788086,7478,24576,30.428059895833332
86.8968505859375,7478,24576,30.428059895833332
86.97455477714539,7478,24576,30.428059895833332
87.06001353263855,7478,24576,30.428059895833332
87.13804268836975,7478,24576,30.428059895833332
87.19895362854004,7478,24576,30.428059895833332
87.30129671096802,7478,24576,30.428059895833332
87.35866594314575,7478,24576,30.428059895833332
87.43806004524231,7478,24576,30.428059895833332
87.49578976631165,7478,24576,30.428059895833332
87.59365153312683,7478,24576,30.428059895833332
87.65090703964233,7478,24576,30.428059895833332
87.72779965400696,7478,24576,30.428059895833332
87.78664088249207,7478,24576,30.428059895833332
87.83100390434265,7478,24576,30.428059895833332
87.89349699020386,7478,24576,30.428059895833332
87.96806836128235,7478,24576,30.428059895833332
88.0705144405365,7478,24576,30.428059895833332
88.1294002532959,7478,24576,30.428059895833332
88.18697476387024,7478,24576,30.428059895833332
88.28661179542542,7478,24576,30.428059895833332
88.37890839576721,7478,24576,30.428059895833332
88.47835731506348,7478,24576,30.428059895833332
88.56044483184814,7478,24576,30.428059895833332
88.66194868087769,7478,24576,30.428059895833332
88.71874976158142,7478,24576,30.428059895833332
88.77648067474365,7478,24576,30.428059895833332
88.83207273483276,7478,24576,30.428059895833332
88.88857173919678,7478,24576,30.428059895833332
88.94581532478333,7478,24576,30.428059895833332
89.04151964187622,7478,24576,30.428059895833332
89.09790587425232,7478,24576,30.428059895833332
89.15650749206543,7478,24576,30.428059895833332
89.25359964370728,7478,24576,30.428059895833332
89.34943914413452,7478,24576,30.428059895833332
89.42574501037598,7478,24576,30.428059895833332
89.48418354988098,7478,24576,30.428059895833332
89.58181667327881,7478,24576,30.428059895833332
89.65872049331665,7478,24576,30.428059895833332
89.71479535102844,7478,24576,30.428059895833332
89.77286148071289,7478,24576,30.428059895833332
89.82980632781982,7478,24576,30.428059895833332
89.88553881645203,7478,24576,30.428059895833332
89.96508860588074,7478,24576,30.428059895833332
90.06154370307922,7478,24576,30.428059895833332
90.12382674217224,7478,24576,30.428059895833332
90.17995357513428,7478,24576,30.428059895833332
90.23756670951843,7478,24576,30.428059895833332
90.31464862823486,7478,24576,30.428059895833332
90.37051677703857,7478,24576,30.428059895833332
90.4381251335144,7478,24576,30.428059895833332
90.53448796272278,7478,24576,30.428059895833332
90.61067271232605,7478,24576,30.428059895833332
90.66620063781738,7478,24576,30.428059895833332
90.74734950065613,7478,24576,30.428059895833332
90.8046281337738,7478,24576,30.428059895833332
90.88205099105835,7478,24576,30.428059895833332
90.95786333084106,7478,24576,30.428059895833332
91.0139274597168,7478,24576,30.428059895833332
91.06792902946472,7478,24576,30.428059895833332
91.14427185058594,7478,24576,30.428059895833332
91.22290062904358,7478,24576,30.428059895833332
91.27801275253296,7478,24576,30.428059895833332
91.33677530288696,7478,24576,30.428059895833332
91.43488335609436,7478,24576,30.428059895833332
91.53594446182251,7478,24576,30.428059895833332
91.61402082443237,7478,24576,30.428059895833332
91.68831872940063,7478,24576,30.428059895833332
91.78841280937195,7478,24576,30.428059895833332
91.86682105064392,7478,24576,30.428059895833332
91.92247557640076,7478,24576,30.428059895833332
91.97731399536133,7478,24576,30.428059895833332
92.03419637680054,7478,24576,30.428059895833332
92.09659266471863,7478,24576,30.428059895833332
92.15488815307617,7478,24576,30.428059895833332
92.2308623790741,7478,24576,30.428059895833332
92.31145310401917,7478,24576,30.428059895833332
92.40848088264465,7478,24576,30.428059895833332
92.48738884925842,7478,24576,30.428059895833332
92.58793640136719,7478,24576,30.428059895833332
92.64682292938232,7478,24576,30.428059895833332
92.72635197639465,7478,24576,30.428059895833332
92.78749179840088,7478,24576,30.428059895833332
92.84461641311646,7478,24576,30.428059895833332
92.90165185928345,7478,24576,30.428059895833332
92.98182678222656,7478,24576,30.428059895833332
93.05846095085144,7478,24576,30.428059895833332
93.13208532333374,7478,24576,30.428059895833332
93.21062302589417,7478,24576,30.428059895833332
93.26798987388611,7478,24576,30.428059895833332
93.3454327583313,7478,24576,30.428059895833332
93.42204451560974,7478,24576,30.428059895833332
93.51597905158997,7478,24576,30.428059895833332
93.59370231628418,7478,24576,30.428059895833332
93.64951825141907,7478,24576,30.428059895833332
93.72967529296875,7478,24576,30.428059895833332
93.82631635665894,7478,24576,30.428059895833332
93.89994168281555,7478,24576,30.428059895833332
93.97820496559143,7478,24576,30.428059895833332
94.07339262962341,7478,24576,30.428059895833332
94.14986491203308,7478,24576,30.428059895833332
94.22593283653259,7478,24576,30.428059895833332
94.30200576782227,7478,24576,30.428059895833332
94.36231803894043,7478,24576,30.428059895833332
94.44471788406372,7478,24576,30.428059895833332
94.50634908676147,7478,24576,30.428059895833332
94.56431531906128,7478,24576,30.428059895833332
94.63198709487915,7478,24576,30.428059895833332
94.7100887298584,7478,24576,30.428059895833332
94.79472184181213,7478,24576,30.428059895833332
94.90070629119873,7478,24576,30.428059895833332
94.98169350624084,7478,24576,30.428059895833332
95.08320951461792,7478,24576,30.428059895833332
95.16088700294495,7478,24576,30.428059895833332
95.24080300331116,7478,24576,30.428059895833332
95.31829857826233,7478,24576,30.428059895833332
95.3749258518219,7478,24576,30.428059895833332
95.46214818954468,7478,24576,30.428059895833332
95.5579481124878,7478,24576,30.428059895833332
95.61957383155823,7478,24576,30.428059895833332
95.67770147323608,7478,24576,30.428059895833332
95.73458313941956,7478,24576,30.428059895833332
95.81193470954895,7478,24576,30.428059895833332
95.86911273002625,7478,24576,30.428059895833332
95.93759393692017,7478,24576,30.428059895833332
95.99661540985107,7478,24576,30.428059895833332
96.05774188041687,7478,24576,30.428059895833332
96.13624835014343,7478,24576,30.428059895833332
96.23512864112854,7478,24576,30.428059895833332
96.29106140136719,7478,24576,30.428059895833332
96.35025262832642,7478,24576,30.428059895833332
96.4285261631012,7478,24576,30.428059895833332
96.48651671409607,7478,24576,30.428059895833332
96.58420586585999,7478,24576,30.428059895833332
96.64272451400757,7478,24576,30.428059895833332
96.72690105438232,7478,24576,30.428059895833332
96.78514003753662,7478,24576,30.428059895833332
96.88187909126282,7478,24576,30.428059895833332
96.95639133453369,7478,24576,30.428059895833332
97.0382649898529,7478,24576,30.428059895833332
97.09672808647156,7478,24576,30.428059895833332
97.15601682662964,7478,24576,30.428059895833332
97.23685646057129,7478,24576,30.428059895833332
97.29554390907288,7478,24576,30.428059895833332
97.37534856796265,7478,24576,30.428059895833332
97.45346117019653,7478,24576,30.428059895833332
97.51536583900452,7478,24576,30.428059895833332
97.59208798408508,7478,24576,30.428059895833332
97.65007638931274,7478,24576,30.428059895833332
97.70718836784363,7478,24576,30.428059895833332
97.76434826850891,7478,24576,30.428059895833332
97.84168815612793,7478,24576,30.428059895833332
97.93712329864502,7478,24576,30.428059895833332
97.99456834793091,7478,24576,30.428059895833332
98.09507369995117,7478,24576,30.428059895833332
98.15225744247437,7478,24576,30.428059895833332
98.20836663246155,7478,24576,30.428059895833332
98.30449604988098,7478,24576,30.428059895833332
98.3622682094574,7478,24576,30.428059895833332
98.43703126907349,7478,24576,30.428059895833332
98.49470663070679,7478,24576,30.428059895833332
98.5505678653717,7478,24576,30.428059895833332
98.60973024368286,7478,24576,30.428059895833332
98.66707849502563,7478,24576,30.428059895833332
98.72278475761414,7478,24576,30.428059895833332
98.82045936584473,7478,24576,30.428059895833332
98.87631058692932,7478,24576,30.428059895833332
98.94562077522278,7478,24576,30.428059895833332
99.0409369468689,7478,24576,30.428059895833332
99.14348340034485,7478,24576,30.428059895833332
99.20051908493042,7478,24576,30.428059895833332
99.25672125816345,7478,24576,30.428059895833332
99.31553673744202,7478,24576,30.428059895833332
99.37380480766296,7478,24576,30.428059895833332
99.43123626708984,7478,24576,30.428059895833332
99.48994565010071,7478,24576,30.428059895833332
99.54981970787048,7478,24576,30.428059895833332
99.60865807533264,7478,24576,30.428059895833332
99.68658423423767,7478,24576,30.428059895833332
99.76932406425476,7478,24576,30.428059895833332
99.8557550907135,7478,24576,30.428059895833332
99.91207313537598,7478,24576,30.428059895833332
99.97082090377808,7478,24576,30.428059895833332
100.06997585296631,7478,24576,30.428059895833332
100.12616062164307,7478,24576,30.428059895833332
100.18423914909363,7478,24576,30.428059895833332
100.23992872238159,7478,24576,30.428059895833332
100.33649206161499,7478,24576,30.428059895833332
100.39838075637817,15686,24576,63.826497395833336
100.47910404205322,15686,24576,63.826497395833336
100.56041646003723,15686,24576,63.826497395833336
100.65882086753845,15686,24576,63.826497395833336
100.71836304664612,15686,24576,63.826497395833336
100.77609658241272,15686,24576,63.826497395833336
100.85696935653687,15686,24576,63.826497395833336
100.93192315101624,15686,24576,63.826497395833336
100.9984622001648,15312,24576,62.3046875
101.08949589729309,7044,24576,28.662109375
101.14628672599792,7478,24576,30.428059895833332
101.20597052574158,7478,24576,30.428059895833332
101.26524639129639,7478,24576,30.428059895833332
101.32402300834656,7478,24576,30.428059895833332
101.38329315185547,7478,24576,30.428059895833332
101.44127368927002,7478,24576,30.428059895833332
101.49790954589844,7478,24576,30.428059895833332
101.55553245544434,7478,24576,30.428059895833332
101.61520314216614,7478,24576,30.428059895833332
101.67287111282349,7478,24576,30.428059895833332
101.72916340827942,7478,24576,30.428059895833332
101.78671479225159,7478,24576,30.428059895833332
101.84463357925415,7478,24576,30.428059895833332
101.90426874160767,7478,24576,30.428059895833332
101.94772291183472,7478,24576,30.428059895833332
102.00455260276794,7478,24576,30.428059895833332
102.0686206817627,7478,24576,30.428059895833332
102.12522768974304,7478,24576,30.428059895833332
102.18182420730591,7478,24576,30.428059895833332
102.28424263000488,7478,24576,30.428059895833332
102.36203694343567,7478,24576,30.428059895833332
102.44155049324036,7478,24576,30.428059895833332
102.52082657814026,7478,24576,30.428059895833332
102.57614779472351,7478,24576,30.428059895833332
102.65358114242554,7478,24576,30.428059895833332
102.74817943572998,7478,24576,30.428059895833332
102.81176829338074,7478,24576,30.428059895833332
102.91640996932983,7478,24576,30.428059895833332
102.97615694999695,7478,24576,30.428059895833332
103.05360841751099,7478,24576,30.428059895833332
103.11057329177856,7478,24576,30.428059895833332
103.16850852966309,7478,24576,30.428059895833332
103.24628019332886,7478,24576,30.428059895833332
103.32086372375488,7478,24576,30.428059895833332
103.4175751209259,7478,24576,30.428059895833332
103.47381329536438,7478,24576,30.428059895833332
103.55092692375183,7478,24576,30.428059895833332
103.60857725143433,7478,24576,30.428059895833332
103.66687726974487,7478,24576,30.428059895833332
103.77148365974426,7478,24576,30.428059895833332
103.85381531715393,7478,24576,30.428059895833332
103.91211414337158,7478,24576,30.428059895833332
103.99020290374756,7478,24576,30.428059895833332
104.04702663421631,7478,24576,30.428059895833332
104.1275885105133,7478,24576,30.428059895833332
104.18559074401855,7478,24576,30.428059895833332
104.26336526870728,7478,24576,30.428059895833332
104.30797839164734,7478,24576,30.428059895833332
104.38830351829529,7478,24576,30.428059895833332
104.46485781669617,7478,24576,30.428059895833332
104.52380681037903,7478,24576,30.428059895833332
104.64934277534485,7478,24576,30.428059895833332
104.70545101165771,7478,24576,30.428059895833332
104.764080286026,7478,24576,30.428059895833332
104.86390900611877,7478,24576,30.428059895833332
104.92216992378235,7478,24576,30.428059895833332
104.9966995716095,7478,24576,30.428059895833332
105.05393528938293,7478,24576,30.428059895833332
105.12891554832458,7478,24576,30.428059895833332
105.20217275619507,7478,24576,30.428059895833332
105.26489281654358,7478,24576,30.428059895833332
105.34403085708618,7478,24576,30.428059895833332
105.42191767692566,7478,24576,30.428059895833332
105.4993360042572,7478,24576,30.428059895833332
105.55644416809082,7478,24576,30.428059895833332
105.61186671257019,7478,24576,30.428059895833332
105.66977286338806,7478,24576,30.428059895833332
105.76039624214172,7478,24576,30.428059895833332
105.8236665725708,7478,24576,30.428059895833332
105.88174557685852,7478,24576,30.428059895833332
105.94138669967651,7478,24576,30.428059895833332
106.01716160774231,7478,24576,30.428059895833332
106.07952046394348,7478,24576,30.428059895833332
106.15614295005798,7478,24576,30.428059895833332
106.21425580978394,7478,24576,30.428059895833332
106.27203607559204,7478,24576,30.428059895833332
106.34858059883118,7478,24576,30.428059895833332
106.43003249168396,7478,24576,30.428059895833332
106.50792622566223,7478,24576,30.428059895833332
106.56744909286499,7478,24576,30.428059895833332
106.62479066848755,7478,24576,30.428059895833332
106.68165993690491,7478,24576,30.428059895833332
106.74015355110168,7478,24576,30.428059895833332
106.80221557617188,7478,24576,30.428059895833332
106.8814549446106,7478,24576,30.428059895833332
106.9398090839386,7478,24576,30.428059895833332
107.0394036769867,7478,24576,30.428059895833332
107.11849236488342,7478,24576,30.428059895833332
107.19766545295715,7478,24576,30.428059895833332
107.27401924133301,7478,24576,30.428059895833332
107.35108208656311,7478,24576,30.428059895833332
107.43080520629883,7478,24576,30.428059895833332
107.48944139480591,7478,24576,30.428059895833332
107.5886824131012,7478,24576,30.428059895833332
107.65002989768982,7478,24576,30.428059895833332
107.70750069618225,7478,24576,30.428059895833332
107.78726100921631,7478,24576,30.428059895833332
107.84580421447754,7478,24576,30.428059895833332
107.90166330337524,7478,24576,30.428059895833332
107.96173763275146,7478,24576,30.428059895833332
108.04032897949219,7478,24576,30.428059895833332
108.1217405796051,7478,24576,30.428059895833332
108.19829392433167,7478,24576,30.428059895833332
108.28466439247131,7478,24576,30.428059895833332
108.34563899040222,7478,24576,30.428059895833332
108.42800402641296,7478,24576,30.428059895833332
108.50566792488098,7478,24576,30.428059895833332
108.56469893455505,7478,24576,30.428059895833332
108.62145638465881,7478,24576,30.428059895833332
108.6806001663208,7478,24576,30.428059895833332
108.76237869262695,7478,24576,30.428059895833332
108.83806252479553,7478,24576,30.428059895833332
108.89666938781738,7478,24576,30.428059895833332
108.95363330841064,7478,24576,30.428059895833332
109.0107638835907,7478,24576,30.428059895833332
109.06766152381897,7478,24576,30.428059895833332
109.14638328552246,7478,24576,30.428059895833332
109.2082257270813,7478,24576,30.428059895833332
109.26859784126282,7478,24576,30.428059895833332
109.32408547401428,7478,24576,30.428059895833332
109.40171766281128,7478,24576,30.428059895833332
109.46378064155579,7478,24576,30.428059895833332
109.52547883987427,7478,24576,30.428059895833332
109.60212540626526,7478,24576,30.428059895833332
109.69496774673462,7478,24576,30.428059895833332
109.774649143219,7478,24576,30.428059895833332
109.86723017692566,7478,24576,30.428059895833332
109.94614815711975,7478,24576,30.428059895833332
110.02179002761841,7478,24576,30.428059895833332
110.07934069633484,7478,24576,30.428059895833332
110.13612961769104,7478,24576,30.428059895833332
110.21251940727234,7478,24576,30.428059895833332
110.29026746749878,7478,24576,30.428059895833332
110.37468409538269,7478,24576,30.428059895833332
110.45342683792114,7478,24576,30.428059895833332
110.53050565719604,7478,24576,30.428059895833332
110.60959196090698,7478,24576,30.428059895833332
110.68725109100342,7478,24576,30.428059895833332
110.74431467056274,7478,24576,30.428059895833332
110.80153059959412,7478,24576,30.428059895833332
110.87740182876587,7478,24576,30.428059895833332
110.95707702636719,7478,24576,30.428059895833332
111.05398941040039,7478,24576,30.428059895833332
111.11186742782593,7478,24576,30.428059895833332
111.16792631149292,7478,24576,30.428059895833332
111.24639534950256,7478,24576,30.428059895833332
111.30164074897766,7478,24576,30.428059895833332
111.38145184516907,7478,24576,30.428059895833332
111.43909549713135,7478,24576,30.428059895833332
111.49473357200623,7478,24576,30.428059895833332
111.55201196670532,7478,24576,30.428059895833332
111.61012125015259,7478,24576,30.428059895833332
111.68417978286743,7478,24576,30.428059895833332
111.7616810798645,7478,24576,30.428059895833332
111.8394660949707,7478,24576,30.428059895833332
111.91508531570435,7478,24576,30.428059895833332
111.969642162323,7478,24576,30.428059895833332
112.02706909179688,7478,24576,30.428059895833332
112.08137941360474,7478,24576,30.428059895833332
112.13910007476807,7478,24576,30.428059895833332
112.23810410499573,7478,24576,30.428059895833332
112.31358742713928,7478,24576,30.428059895833332
112.37496733665466,7478,24576,30.428059895833332
112.45508551597595,7478,24576,30.428059895833332
112.54441857337952,7478,24576,30.428059895833332
112.60204911231995,7478,24576,30.428059895833332
112.70903062820435,7478,24576,30.428059895833332
112.783762216568,7478,24576,30.428059895833332
112.86662006378174,7478,24576,30.428059895833332
112.9441134929657,7478,24576,30.428059895833332
113.04184055328369,7478,24576,30.428059895833332
113.1214394569397,7478,24576,30.428059895833332
113.19545006752014,7478,24576,30.428059895833332
113.27495217323303,7478,24576,30.428059895833332
113.3345136642456,7478,24576,30.428059895833332
113.39044833183289,7478,24576,30.428059895833332
113.46802997589111,7478,24576,30.428059895833332
113.5389358997345,7478,24576,30.428059895833332
113.64753007888794,7478,24576,30.428059895833332
113.74667978286743,7478,24576,30.428059895833332
113.82574105262756,7478,24576,30.428059895833332
113.8828809261322,7478,24576,30.428059895833332
113.96799159049988,7478,24576,30.428059895833332
114.02387714385986,7478,24576,30.428059895833332
114.08246755599976,7478,24576,30.428059895833332
114.14053130149841,7478,24576,30.428059895833332
114.19578647613525,7478,24576,30.428059895833332
114.25370573997498,7478,24576,30.428059895833332
114.33076548576355,7478,24576,30.428059895833332
114.38893008232117,7478,24576,30.428059895833332
114.45040321350098,7478,24576,30.428059895833332
114.50765228271484,7478,24576,30.428059895833332
114.60731625556946,7478,24576,30.428059895833332
114.68522095680237,7478,24576,30.428059895833332
114.76322221755981,7478,24576,30.428059895833332
114.81391763687134,7478,24576,30.428059895833332
114.87234616279602,7478,24576,30.428059895833332
114.94848847389221,7478,24576,30.428059895833332
115.02834248542786,7478,24576,30.428059895833332
115.1235580444336,7478,24576,30.428059895833332
115.18347072601318,7478,24576,30.428059895833332
115.28278350830078,7478,24576,30.428059895833332
115.33947610855103,7478,24576,30.428059895833332
115.39650654792786,7478,24576,30.428059895833332
115.47645092010498,7478,24576,30.428059895833332
115.53546857833862,7478,24576,30.428059895833332
115.6356942653656,7478,24576,30.428059895833332
115.71581315994263,7478,24576,30.428059895833332
115.7938973903656,7478,24576,30.428059895833332
115.86936473846436,7478,24576,30.428059895833332
115.94613313674927,7478,24576,30.428059895833332
116.00309729576111,7622,24576,31.013997395833332
116.06013107299805,15686,24576,63.826497395833336
116.13779950141907,15686,24576,63.826497395833336
116.21225118637085,15686,24576,63.826497395833336
116.29014086723328,15686,24576,63.826497395833336
116.38702440261841,15686,24576,63.826497395833336
116.44597125053406,15686,24576,63.826497395833336
116.5055103302002,15686,24576,63.826497395833336
116.58888697624207,15686,24576,63.826497395833336
116.66826868057251,11520,24576,46.875
116.7199478149414,7478,24576,30.428059895833332
116.80844926834106,7478,24576,30.428059895833332
116.9071877002716,7478,24576,30.428059895833332
117.0057327747345,7478,24576,30.428059895833332
117.10136413574219,7478,24576,30.428059895833332
117.1990807056427,7478,24576,30.428059895833332
117.28200626373291,7478,24576,30.428059895833332
117.37861943244934,7478,24576,30.428059895833332
117.45782399177551,7478,24576,30.428059895833332
117.53407573699951,7478,24576,30.428059895833332
117.59627676010132,7478,24576,30.428059895833332
117.65463638305664,7478,24576,30.428059895833332
117.75452542304993,7478,24576,30.428059895833332
117.82880592346191,7478,24576,30.428059895833332
117.90736079216003,7478,24576,30.428059895833332
117.9645414352417,7478,24576,30.428059895833332
118.04004621505737,7478,24576,30.428059895833332
118.11936545372009,7478,24576,30.428059895833332
118.1778314113617,7478,24576,30.428059895833332
118.27209758758545,7478,24576,30.428059895833332
118.3502082824707,7478,24576,30.428059895833332
118.4255793094635,7478,24576,30.428059895833332
118.52152228355408,7478,24576,30.428059895833332
118.57873272895813,7478,24576,30.428059895833332
118.63590669631958,7478,24576,30.428059895833332
118.69746041297913,7478,24576,30.428059895833332
118.75822710990906,7478,24576,30.428059895833332
118.81653141975403,7478,24576,30.428059895833332
118.89471769332886,7478,24576,30.428059895833332
118.95035934448242,7478,24576,30.428059895833332
119.01080465316772,7478,24576,30.428059895833332
119.08835816383362,7478,24576,30.428059895833332
119.14721941947937,7478,24576,30.428059895833332
119.20474052429199,7478,24576,30.428059895833332
119.30035972595215,7478,24576,30.428059895833332
119.37970066070557,7478,24576,30.428059895833332
119.45940899848938,7478,24576,30.428059895833332
119.53883862495422,7478,24576,30.428059895833332
119.63838362693787,7478,24576,30.428059895833332
119.69418954849243,7478,24576,30.428059895833332
119.79357600212097,7478,24576,30.428059895833332
119.87451815605164,7478,24576,30.428059895833332
119.95728659629822,7478,24576,30.428059895833332
120.03415322303772,7478,24576,30.428059895833332
120.09210109710693,7478,24576,30.428059895833332
120.14774799346924,7478,24576,30.428059895833332
120.20584392547607,7478,24576,30.428059895833332
120.28311204910278,7478,24576,30.428059895833332
120.33915424346924,7478,24576,30.428059895833332
120.42069339752197,7478,24576,30.428059895833332
120.4977126121521,7478,24576,30.428059895833332
120.55557298660278,7478,24576,30.428059895833332
120.6429169178009,7478,24576,30.428059895833332
120.70013308525085,7478,24576,30.428059895833332
120.77870583534241,7478,24576,30.428059895833332
120.85779404640198,7478,24576,30.428059895833332
120.93339657783508,7478,24576,30.428059895833332
120.99293851852417,7478,24576,30.428059895833332
121.07018494606018,7478,24576,30.428059895833332
121.12588024139404,7478,24576,30.428059895833332
121.20454621315002,7478,24576,30.428059895833332
121.25259900093079,7478,24576,30.428059895833332
121.30774354934692,7478,24576,30.428059895833332
121.38528561592102,7478,24576,30.428059895833332
121.46275424957275,7478,24576,30.428059895833332
121.51887488365173,7478,24576,30.428059895833332
121.57641291618347,7478,24576,30.428059895833332
121.65575838088989,7478,24576,30.428059895833332
121.71201491355896,7478,24576,30.428059895833332
121.78978705406189,7478,24576,30.428059895833332
121.85962653160095,7478,24576,30.428059895833332
121.938889503479,7478,24576,30.428059895833332
121.99597239494324,7478,24576,30.428059895833332
122.07251262664795,7478,24576,30.428059895833332
122.14964532852173,7478,24576,30.428059895833332
122.22377276420593,7478,24576,30.428059895833332
122.30153965950012,7478,24576,30.428059895833332
122.39608812332153,7478,24576,30.428059895833332
122.45617032051086,7478,24576,30.428059895833332
122.53416657447815,7478,24576,30.428059895833332
122.60967636108398,7478,24576,30.428059895833332
122.66843724250793,7478,24576,30.428059895833332
122.72752952575684,7478,24576,30.428059895833332
122.78604030609131,7478,24576,30.428059895833332
122.84306621551514,7478,24576,30.428059895833332
122.91990804672241,7478,24576,30.428059895833332
122.97863960266113,7478,24576,30.428059895833332
123.05901312828064,7478,24576,30.428059895833332
123.13197422027588,7478,24576,30.428059895833332
123.23221826553345,7478,24576,30.428059895833332
123.30997586250305,7478,24576,30.428059895833332
123.39092946052551,7478,24576,30.428059895833332
123.4726049900055,7478,24576,30.428059895833332
123.55017566680908,7478,24576,30.428059895833332
123.6057014465332,7478,24576,30.428059895833332
123.66448783874512,7478,24576,30.428059895833332
123.72442173957825,7478,24576,30.428059895833332
123.80264830589294,7478,24576,30.428059895833332
123.88177704811096,7478,24576,30.428059895833332
123.97795486450195,7478,24576,30.428059895833332
124.06043434143066,7478,24576,30.428059895833332
124.13905024528503,7478,24576,30.428059895833332
124.19805765151978,7478,24576,30.428059895833332
124.25722336769104,7478,24576,30.428059895833332
124.31336379051208,7478,24576,30.428059895833332
124.37328004837036,7478,24576,30.428059895833332
124.41810369491577,7478,24576,30.428059895833332
124.47581315040588,7478,24576,30.428059895833332
124.57241082191467,7478,24576,30.428059895833332
124.63051724433899,7478,24576,30.428059895833332
124.72986435890198,7478,24576,30.428059895833332
124.79096603393555,7478,24576,30.428059895833332
124.8584680557251,7478,24576,30.428059895833332
124.9549036026001,7478,24576,30.428059895833332
125.04031300544739,7478,24576,30.428059895833332
125.0976631641388,7478,24576,30.428059895833332
125.1786642074585,7478,24576,30.428059895833332
125.23722720146179,7478,24576,30.428059895833332
125.29670190811157,7478,24576,30.428059895833332
125.37485432624817,7478,24576,30.428059895833332
125.45381712913513,7478,24576,30.428059895833332
125.54983401298523,7478,24576,30.428059895833332
125.62371444702148,7478,24576,30.428059895833332
125.70220899581909,7478,24576,30.428059895833332
125.75820088386536,7478,24576,30.428059895833332
125.81488823890686,7478,24576,30.428059895833332
125.87227201461792,7478,24576,30.428059895833332
125.95379638671875,7478,24576,30.428059895833332
126.01192879676819,7478,24576,30.428059895833332
126.06792259216309,7478,24576,30.428059895833332
126.14611721038818,7478,24576,30.428059895833332
126.22176241874695,7478,24576,30.428059895833332
126.29705333709717,7478,24576,30.428059895833332
126.3941559791565,7478,24576,30.428059895833332
126.45250964164734,7478,24576,30.428059895833332
126.52947449684143,7478,24576,30.428059895833332
126.6145133972168,7478,24576,30.428059895833332
126.6895751953125,7478,24576,30.428059895833332
126.74728655815125,7478,24576,30.428059895833332
126.84360527992249,7478,24576,30.428059895833332
126.92235708236694,7478,24576,30.428059895833332
127.01517820358276,7478,24576,30.428059895833332
127.07394051551819,7478,24576,30.428059895833332
127.153005361557,7478,24576,30.428059895833332
127.21451449394226,7478,24576,30.428059895833332
127.27238917350769,7478,24576,30.428059895833332
127.37196254730225,7478,24576,30.428059895833332
127.46813678741455,7478,24576,30.428059895833332
127.54606127738953,7478,24576,30.428059895833332
127.62203407287598,7478,24576,30.428059895833332
127.68275380134583,7478,24576,30.428059895833332
127.77970361709595,7478,24576,30.428059895833332
127.83911943435669,7478,24576,30.428059895833332
127.92040276527405,7478,24576,30.428059895833332
127.97597551345825,7478,24576,30.428059895833332
128.05195450782776,7478,24576,30.428059895833332
128.10982012748718,7478,24576,30.428059895833332
128.1675853729248,7478,24576,30.428059895833332
128.24480605125427,7478,24576,30.428059895833332
128.32177734375,7478,24576,30.428059895833332
128.37846612930298,7478,24576,30.428059895833332
128.4599974155426,7478,24576,30.428059895833332
128.5377390384674,7478,24576,30.428059895833332
128.63503170013428,7478,24576,30.428059895833332
128.7351462841034,7478,24576,30.428059895833332
128.83417415618896,7478,24576,30.428059895833332
128.91418743133545,7478,24576,30.428059895833332
128.99051523208618,7478,24576,30.428059895833332
129.047949552536,7478,24576,30.428059895833332
129.10436248779297,7478,24576,30.428059895833332
129.1646273136139,7478,24576,30.428059895833332
129.22291731834412,7478,24576,30.428059895833332
129.27951383590698,7478,24576,30.428059895833332
129.35611176490784,7478,24576,30.428059895833332
129.41605186462402,7478,24576,30.428059895833332
129.49397802352905,7478,24576,30.428059895833332
129.5706865787506,7478,24576,30.428059895833332
129.64717769622803,7478,24576,30.428059895833332
129.70601892471313,7478,24576,30.428059895833332
129.7654881477356,7478,24576,30.428059895833332
129.8215093612671,7478,24576,30.428059895833332
129.89276337623596,7478,24576,30.428059895833332
129.99105763435364,7478,24576,30.428059895833332
130.0563554763794,7478,24576,30.428059895833332
130.13226652145386,7478,24576,30.428059895833332
130.21360993385315,7478,24576,30.428059895833332
130.3107328414917,7478,24576,30.428059895833332
130.36557507514954,7478,24576,30.428059895833332
130.44433903694153,7478,24576,30.428059895833332
130.52169585227966,7478,24576,30.428059895833332
130.57751202583313,7478,24576,30.428059895833332
130.68133425712585,7478,24576,30.428059895833332
130.75740694999695,7478,24576,30.428059895833332
130.86079812049866,7478,24576,30.428059895833332
130.9399721622467,7478,24576,30.428059895833332
131.04009819030762,7478,24576,30.428059895833332
131.0980987548828,7478,24576,30.428059895833332
131.15662932395935,7478,24576,30.428059895833332
131.2117714881897,7478,24576,30.428059895833332
131.26943349838257,7478,24576,30.428059895833332
131.34651279449463,7478,24576,30.428059895833332
131.4451286792755,7478,24576,30.428059895833332
131.52270317077637,7478,24576,30.428059895833332
131.58018350601196,7478,24576,30.428059895833332
131.6372697353363,7478,24576,30.428059895833332
131.7159547805786,7622,24576,31.013997395833332
131.77192211151123,15686,24576,63.826497395833336
131.84773802757263,15686,24576,63.826497395833336
131.928706407547,15686,24576,63.826497395833336
131.98733806610107,15686,24576,63.826497395833336
132.0454876422882,15686,24576,63.826497395833336
132.10139989852905,15686,24576,63.826497395833336
132.16124820709229,15686,24576,63.826497395833336
132.24590134620667,15686,24576,63.826497395833336
132.30422115325928,15686,24576,63.826497395833336
132.43037748336792,6912,24576,28.125
132.48841285705566,7478,24576,30.428059895833332
132.5510492324829,7478,24576,30.428059895833332
132.60752725601196,7478,24576,30.428059895833332
132.6658821105957,7478,24576,30.428059895833332
132.71418833732605,7478,24576,30.428059895833332
132.7723469734192,7478,24576,30.428059895833332
132.8283622264862,7478,24576,30.428059895833332
132.88630390167236,7478,24576,30.428059895833332
132.94471096992493,7478,24576,30.428059895833332
132.99990129470825,7478,24576,30.428059895833332
133.0583655834198,7478,24576,30.428059895833332
133.11807465553284,7478,24576,30.428059895833332
133.17874360084534,7478,24576,30.428059895833332
133.2360770702362,7478,24576,30.428059895833332
133.27932333946228,7478,24576,30.428059895833332
133.34622287750244,7478,24576,30.428059895833332
133.4215989112854,7478,24576,30.428059895833332
133.51029658317566,7478,24576,30.428059895833332
133.58448767662048,7478,24576,30.428059895833332
133.66315484046936,7478,24576,30.428059895833332
133.7219934463501,7478,24576,30.428059895833332
133.79625940322876,7478,24576,30.428059895833332
133.8741147518158,7478,24576,30.428059895833332
133.9485466480255,7478,24576,30.428059895833332
134.00714468955994,7478,24576,30.428059895833332
134.06668400764465,7478,24576,30.428059895833332
134.1293342113495,7478,24576,30.428059895833332
134.19397974014282,7478,24576,30.428059895833332
134.27096796035767,7478,24576,30.428059895833332
134.33192896842957,7478,24576,30.428059895833332
134.4308843612671,7478,24576,30.428059895833332
134.51045608520508,7478,24576,30.428059895833332
134.59614872932434,7478,24576,30.428059895833332
134.6736238002777,7478,24576,30.428059895833332
134.77058005332947,7478,24576,30.428059895833332
134.85120391845703,7478,24576,30.428059895833332
134.9142620563507,7478,24576,30.428059895833332
134.99519658088684,7478,24576,30.428059895833332
135.07894659042358,7478,24576,30.428059895833332
135.15677857398987,7478,24576,30.428059895833332
135.21514678001404,7478,24576,30.428059895833332
135.29486393928528,7478,24576,30.428059895833332
135.35174250602722,7478,24576,30.428059895833332
135.40969371795654,7478,24576,30.428059895833332
135.49158096313477,7478,24576,30.428059895833332
135.5687026977539,7478,24576,30.428059895833332
135.62541723251343,7478,24576,30.428059895833332
135.70581197738647,7478,24576,30.428059895833332
135.80264544487,7478,24576,30.428059895833332
135.86175298690796,7478,24576,30.428059895833332
135.943776845932,7478,24576,30.428059895833332
136.0023534297943,7478,24576,30.428059895833332
136.0620846748352,7478,24576,30.428059895833332
136.1566743850708,7478,24576,30.428059895833332
136.21599960327148,7478,24576,30.428059895833332
136.29718947410583,7478,24576,30.428059895833332
136.3577253818512,7478,24576,30.428059895833332
136.4183144569397,7478,24576,30.428059895833332
136.49896788597107,7478,24576,30.428059895833332
136.5582675933838,7478,24576,30.428059895833332
136.63580656051636,7478,24576,30.428059895833332
136.71354365348816,7478,24576,30.428059895833332
136.7729251384735,7478,24576,30.428059895833332
136.85197353363037,7478,24576,30.428059895833332
136.91378092765808,7478,24576,30.428059895833332
136.99117970466614,7478,24576,30.428059895833332
137.05030250549316,7478,24576,30.428059895833332
137.14502549171448,7478,24576,30.428059895833332
137.22213649749756,7478,24576,30.428059895833332
137.29616045951843,7478,24576,30.428059895833332
137.35654759407043,7478,24576,30.428059895833332
137.43528628349304,7478,24576,30.428059895833332
137.51480984687805,7478,24576,30.428059895833332
137.5712492465973,7478,24576,30.428059895833332
137.64840650558472,7478,24576,30.428059895833332
137.75315856933594,7478,24576,30.428059895833332
137.82932662963867,7478,24576,30.428059895833332
137.92612838745117,7478,24576,30.428059895833332
138.00682997703552,7478,24576,30.428059895833332
138.08713603019714,7478,24576,30.428059895833332
138.18496298789978,7478,24576,30.428059895833332
138.3084454536438,7478,24576,30.428059895833332
138.40582466125488,7478,24576,30.428059895833332
138.50659346580505,7478,24576,30.428059895833332
138.58585214614868,7478,24576,30.428059895833332
138.6668529510498,7478,24576,30.428059895833332
138.7257354259491,7478,24576,30.428059895833332
138.8082184791565,7478,24576,30.428059895833332
138.88744521141052,7478,24576,30.428059895833332
138.94473457336426,7478,24576,30.428059895833332
138.98978281021118,7478,24576,30.428059895833332
139.05299353599548,7478,24576,30.428059895833332
139.12991857528687,7478,24576,30.428059895833332
139.22649955749512,7478,24576,30.428059895833332
139.30581402778625,7478,24576,30.428059895833332
139.3626947402954,7478,24576,30.428059895833332
139.44206976890564,7478,24576,30.428059895833332
139.50042986869812,7478,24576,30.428059895833332
139.57752346992493,7478,24576,30.428059895833332
139.6602647304535,7478,24576,30.428059895833332
139.71620726585388,7478,24576,30.428059895833332
139.79387998580933,7478,24576,30.428059895833332
139.87025785446167,7478,24576,30.428059895833332
139.95652270317078,7478,24576,30.428059895833332
140.01623511314392,7478,24576,30.428059895833332
140.10551285743713,7478,24576,30.428059895833332
140.18230652809143,7478,24576,30.428059895833332
140.24041295051575,7478,24576,30.428059895833332
140.3381860256195,7478,24576,30.428059895833332
140.43400478363037,7478,24576,30.428059895833332
140.53015995025635,7478,24576,30.428059895833332
140.60642313957214,7478,24576,30.428059895833332
140.66400289535522,7478,24576,30.428059895833332
140.7297761440277,7478,24576,30.428059895833332
140.78595995903015,7478,24576,30.428059895833332
140.84476447105408,7478,24576,30.428059895833332
140.9234652519226,7478,24576,30.428059895833332
140.98159766197205,7478,24576,30.428059895833332
141.0430018901825,7478,24576,30.428059895833332
141.14335703849792,7478,24576,30.428059895833332
141.20354413986206,7478,24576,30.428059895833332
141.3030505180359,7478,24576,30.428059895833332
141.40013480186462,7478,24576,30.428059895833332
141.49802494049072,7478,24576,30.428059895833332
141.55668234825134,7478,24576,30.428059895833332
141.61197805404663,7478,24576,30.428059895833332
141.67064142227173,7478,24576,30.428059895833332
141.7291750907898,7478,24576,30.428059895833332
141.80523657798767,7478,24576,30.428059895833332
141.88247299194336,7478,24576,30.428059895833332
141.98365378379822,7478,24576,30.428059895833332
142.06285643577576,7478,24576,30.428059895833332
142.16213703155518,7478,24576,30.428059895833332
142.24407172203064,7478,24576,30.428059895833332
142.301415681839,7478,24576,30.428059895833332
142.39712381362915,7478,24576,30.428059895833332
142.4583477973938,7478,24576,30.428059895833332
142.54071259498596,7478,24576,30.428059895833332
142.6017301082611,7478,24576,30.428059895833332
142.67825150489807,7478,24576,30.428059895833332
142.75981450080872,7478,24576,30.428059895833332
142.83960556983948,7478,24576,30.428059895833332
142.9221329689026,7478,24576,30.428059895833332
142.9991352558136,7478,24576,30.428059895833332
143.05615878105164,7478,24576,30.428059895833332
143.1142168045044,7478,24576,30.428059895833332
143.17291116714478,7478,24576,30.428059895833332
143.26870226860046,7478,24576,30.428059895833332
143.33228516578674,7478,24576,30.428059895833332
143.38978481292725,7478,24576,30.428059895833332
143.44953107833862,7478,24576,30.428059895833332
143.5083668231964,7478,24576,30.428059895833332
143.58768796920776,7478,24576,30.428059895833332
143.6459355354309,7478,24576,30.428059895833332
143.70405197143555,7478,24576,30.428059895833332
143.7620542049408,7478,24576,30.428059895833332
143.82050728797913,7478,24576,30.428059895833332
143.91813230514526,7478,24576,30.428059895833332
143.97411346435547,7478,24576,30.428059895833332
144.0520567893982,7478,24576,30.428059895833332
144.10953068733215,7478,24576,30.428059895833332
144.16745281219482,7478,24576,30.428059895833332
144.24556875228882,7478,24576,30.428059895833332
144.32755827903748,7478,24576,30.428059895833332
144.40621161460876,7478,24576,30.428059895833332
144.48613834381104,7478,24576,30.428059895833332
144.54318380355835,7478,24576,30.428059895833332
144.64179515838623,7478,24576,30.428059895833332
144.70139241218567,7478,24576,30.428059895833332
144.778156042099,7478,24576,30.428059895833332
144.8248336315155,7478,24576,30.428059895833332
144.90133047103882,7478,24576,30.428059895833332
144.991313457489,7478,24576,30.428059895833332
145.04975128173828,7478,24576,30.428059895833332
145.0921595096588,7478,24576,30.428059895833332
145.17378616333008,7478,24576,30.428059895833332
145.2826247215271,7478,24576,30.428059895833332
145.3397877216339,7478,24576,30.428059895833332
145.41753387451172,7478,24576,30.428059895833332
145.51322388648987,7478,24576,30.428059895833332
145.5928030014038,7478,24576,30.428059895833332
145.68791317939758,7478,24576,30.428059895833332
145.7486720085144,7478,24576,30.428059895833332
145.80800557136536,7478,24576,30.428059895833332
145.90665698051453,7478,24576,30.428059895833332
145.98678350448608,7478,24576,30.428059895833332
146.04173922538757,7478,24576,30.428059895833332
146.10102725028992,7478,24576,30.428059895833332
146.18175530433655,7478,24576,30.428059895833332
146.26036405563354,7478,24576,30.428059895833332
146.3175699710846,7478,24576,30.428059895833332
146.38059306144714,7478,24576,30.428059895833332
146.4592468738556,7478,24576,30.428059895833332
146.53957295417786,7478,24576,30.428059895833332
146.59933853149414,7478,24576,30.428059895833332
146.67922019958496,7478,24576,30.428059895833332
146.77617192268372,7478,24576,30.428059895833332
146.85494995117188,7478,24576,30.428059895833332
146.93553256988525,7478,24576,30.428059895833332
147.01486253738403,7478,24576,30.428059895833332
147.0932765007019,7478,24576,30.428059895833332
147.15193819999695,7478,24576,30.428059895833332
147.22969841957092,7478,24576,30.428059895833332
147.30832695960999,7478,24576,30.428059895833332
147.36592030525208,7478,24576,30.428059895833332
147.42251229286194,7478,24576,30.428059895833332
147.47821307182312,11078,24576,45.07649739583333
147.55709314346313,15686,24576,63.826497395833336
147.61348700523376,15686,24576,63.826497395833336
147.70773935317993,15686,24576,63.826497395833336
147.7643175125122,15686,24576,63.826497395833336
147.82182598114014,15686,24576,63.826497395833336
147.90419244766235,15686,24576,63.826497395833336
147.95999240875244,15686,24576,63.826497395833336
148.017409324646,15686,24576,63.826497395833336
148.1731309890747,6912,24576,28.125
148.2318286895752,7478,24576,30.428059895833332
148.31070613861084,7478,24576,30.428059895833332
148.39057993888855,7478,24576,30.428059895833332
148.48790550231934,7478,24576,30.428059895833332
148.56503891944885,7478,24576,30.428059895833332
148.6219506263733,7478,24576,30.428059895833332
148.67796277999878,7478,24576,30.428059895833332
148.73611545562744,7478,24576,30.428059895833332
148.81580424308777,7478,24576,30.428059895833332
148.8943898677826,7478,24576,30.428059895833332
148.98782587051392,7478,24576,30.428059895833332
149.06697702407837,7478,24576,30.428059895833332
149.1451826095581,7478,24576,30.428059895833332
149.2410638332367,7478,24576,30.428059895833332
149.29721307754517,7478,24576,30.428059895833332
149.35335183143616,7478,24576,30.428059895833332
149.41051983833313,7478,24576,30.428059895833332
149.5100016593933,7478,24576,30.428059895833332
149.5846974849701,7478,24576,30.428059895833332
149.666410446167,7478,24576,30.428059895833332
149.742502450943,7478,24576,30.428059895833332
149.798513174057,7478,24576,30.428059895833332
149.85964798927307,7478,24576,30.428059895833332
149.91747307777405,7478,24576,30.428059895833332
149.97812962532043,7478,24576,30.428059895833332
150.07701444625854,7478,24576,30.428059895833332
150.13348126411438,7478,24576,30.428059895833332
150.23015832901,7478,24576,30.428059895833332
150.28826999664307,7478,24576,30.428059895833332
150.36495995521545,7478,24576,30.428059895833332
150.42333936691284,7478,24576,30.428059895833332
150.50870323181152,7478,24576,30.428059895833332
150.56420016288757,7478,24576,30.428059895833332
150.62303161621094,7478,24576,30.428059895833332
150.68113780021667,7478,24576,30.428059895833332
150.73780274391174,7478,24576,30.428059895833332
150.79608368873596,7478,24576,30.428059895833332
150.85463070869446,7478,24576,30.428059895833332
150.95392751693726,7478,24576,30.428059895833332
151.00920248031616,7478,24576,30.428059895833332
151.08519744873047,7478,24576,30.428059895833332
151.15106987953186,7478,24576,30.428059895833332
151.22989559173584,7478,24576,30.428059895833332
151.2977738380432,7478,24576,30.428059895833332
151.396648645401,7478,24576,30.428059895833332
151.47542071342468,7478,24576,30.428059895833332
151.5328826904297,7478,24576,30.428059895833332
151.61126828193665,7478,24576,30.428059895833332
151.7086799144745,7478,24576,30.428059895833332
151.79249954223633,7478,24576,30.428059895833332
151.8582968711853,7478,24576,30.428059895833332
151.9540638923645,7478,24576,30.428059895833332
152.02954411506653,7478,24576,30.428059895833332
152.12402844429016,7478,24576,30.428059895833332
152.18093156814575,7478,24576,30.428059895833332
152.27688479423523,7478,24576,30.428059895833332
152.35488843917847,7478,24576,30.428059895833332
152.41291522979736,7478,24576,30.428059895833332
152.4701795578003,7478,24576,30.428059895833332
152.52834129333496,7478,24576,30.428059895833332
152.62519335746765,7478,24576,30.428059895833332
152.70108938217163,7478,24576,30.428059895833332
152.7574462890625,7478,24576,30.428059895833332
152.81333208084106,7478,24576,30.428059895833332
152.87551760673523,7478,24576,30.428059895833332
152.95227932929993,7478,24576,30.428059895833332
153.03111577033997,7478,24576,30.428059895833332
153.0870189666748,7478,24576,30.428059895833332
153.16426944732666,7478,24576,30.428059895833332
153.2423610687256,7478,24576,30.428059895833332
153.31628489494324,7478,24576,30.428059895833332
153.4142303466797,7478,24576,30.428059895833332
153.49197125434875,7478,24576,30.428059895833332
153.58882570266724,7478,24576,30.428059895833332
153.686265707016,7478,24576,30.428059895833332
153.7804536819458,7478,24576,30.428059895833332
153.83788323402405,7478,24576,30.428059895833332
153.9322063922882,7478,24576,30.428059895833332
153.9906451702118,7478,24576,30.428059895833332
154.04759287834167,7478,24576,30.428059895833332
154.10585832595825,7478,24576,30.428059895833332
154.1833975315094,7478,24576,30.428059895833332
154.23997616767883,7478,24576,30.428059895833332
154.2951784133911,7478,24576,30.428059895833332
154.37421083450317,7478,24576,30.428059895833332
154.4350459575653,7478,24576,30.428059895833332
154.5163233280182,7478,24576,30.428059895833332
154.59910941123962,7478,24576,30.428059895833332
154.6966335773468,7478,24576,30.428059895833332
154.761536359787,7478,24576,30.428059895833332
154.8195128440857,7478,24576,30.428059895833332
154.89742302894592,7478,24576,30.428059895833332
154.95473623275757,7478,24576,30.428059895833332
155.0114290714264,7478,24576,30.428059895833332
155.07138442993164,7478,24576,30.428059895833332
155.17350959777832,7478,24576,30.428059895833332
155.25019717216492,7478,24576,30.428059895833332
155.32849884033203,7478,24576,30.428059895833332
155.3863503932953,7478,24576,30.428059895833332
155.44288158416748,7478,24576,30.428059895833332
155.49832725524902,7478,24576,30.428059895833332
155.5932183265686,7478,24576,30.428059895833332
155.6497025489807,7478,24576,30.428059895833332
155.70642614364624,7478,24576,30.428059895833332
155.7854962348938,7478,24576,30.428059895833332
155.86468362808228,7478,24576,30.428059895833332
155.94323825836182,7478,24576,30.428059895833332
156.00180768966675,7478,24576,30.428059895833332
156.05942726135254,7478,24576,30.428059895833332
156.13654327392578,7478,24576,30.428059895833332
156.19364380836487,7478,24576,30.428059895833332
156.25039720535278,7478,24576,30.428059895833332
156.30812573432922,7478,24576,30.428059895833332
156.36440348625183,7478,24576,30.428059895833332
156.44049978256226,7478,24576,30.428059895833332
156.51877856254578,7478,24576,30.428059895833332
156.59779858589172,7478,24576,30.428059895833332
156.65415143966675,7478,24576,30.428059895833332
156.71354222297668,7478,24576,30.428059895833332
156.80951189994812,7478,24576,30.428059895833332
156.8654806613922,7478,24576,30.428059895833332
156.96210193634033,7478,24576,30.428059895833332
157.03873586654663,7478,24576,30.428059895833332
157.10487937927246,7478,24576,30.428059895833332
157.2017343044281,7478,24576,30.428059895833332
157.28084421157837,7478,24576,30.428059895833332
157.3406298160553,7478,24576,30.428059895833332
157.40293622016907,7478,24576,30.428059895833332
157.46017622947693,7478,24576,30.428059895833332
157.53871083259583,7478,24576,30.428059895833332
157.59609508514404,7478,24576,30.428059895833332
157.6518051624298,7478,24576,30.428059895833332
157.70658206939697,7478,24576,30.428059895833332
157.7856867313385,7478,24576,30.428059895833332
157.84318494796753,7478,24576,30.428059895833332
157.9221441745758,7478,24576,30.428059895833332
157.98049879074097,7478,24576,30.428059895833332
158.05143022537231,7478,24576,30.428059895833332
158.10937571525574,7478,24576,30.428059895833332
158.20683312416077,7478,24576,30.428059895833332
158.28606343269348,7478,24576,30.428059895833332
158.36173033714294,7478,24576,30.428059895833332
158.41954016685486,7478,24576,30.428059895833332
158.5192391872406,7478,24576,30.428059895833332
158.59738326072693,7478,24576,30.428059895833332
158.6777000427246,7478,24576,30.428059895833332
158.77157044410706,7478,24576,30.428059895833332
158.85026454925537,7478,24576,30.428059895833332
158.92609977722168,7478,24576,30.428059895833332
158.98418998718262,7478,24576,30.428059895833332
159.04049849510193,7478,24576,30.428059895833332
159.09660243988037,7478,24576,30.428059895833332
159.153706073761,7478,24576,30.428059895833332
159.23100781440735,7478,24576,30.428059895833332
159.2868583202362,7478,24576,30.428059895833332
159.34438347816467,7478,24576,30.428059895833332
159.40157866477966,7478,24576,30.428059895833332
159.47756934165955,7478,24576,30.428059895833332
159.57339787483215,7478,24576,30.428059895833332
159.62945866584778,7478,24576,30.428059895833332
159.70673084259033,7478,24576,30.428059895833332
159.78579330444336,7478,24576,30.428059895833332
159.84230756759644,7478,24576,30.428059895833332
159.9187364578247,7478,24576,30.428059895833332
159.9987289905548,7478,24576,30.428059895833332
160.09881854057312,7478,24576,30.428059895833332
160.17100644111633,7478,24576,30.428059895833332
160.27171540260315,7478,24576,30.428059895833332
160.32954692840576,7478,24576,30.428059895833332
160.41039490699768,7478,24576,30.428059895833332
160.46727466583252,7478,24576,30.428059895833332
160.54712557792664,7478,24576,30.428059895833332
160.6442940235138,7478,24576,30.428059895833332
160.7005090713501,7478,24576,30.428059895833332
160.79704594612122,7478,24576,30.428059895833332
160.85417532920837,7478,24576,30.428059895833332
160.92812395095825,7478,24576,30.428059895833332
161.02823853492737,7478,24576,30.428059895833332
161.10557889938354,7478,24576,30.428059895833332
161.16279816627502,7478,24576,30.428059895833332
161.23754239082336,7478,24576,30.428059895833332
161.29348802566528,7478,24576,30.428059895833332
161.34765672683716,7478,24576,30.428059895833332
161.42440223693848,7478,24576,30.428059895833332
161.49914741516113,7478,24576,30.428059895833332
161.55568671226501,7478,24576,30.428059895833332
161.6192238330841,7478,24576,30.428059895833332
161.69605445861816,7478,24576,30.428059895833332
161.75336503982544,7478,24576,30.428059895833332
161.82807874679565,7478,24576,30.428059895833332
161.90587663650513,7478,24576,30.428059895833332
161.97966074943542,7478,24576,30.428059895833332
162.04013204574585,7478,24576,30.428059895833332
162.1190950870514,7478,24576,30.428059895833332
162.17565369606018,7478,24576,30.428059895833332
162.24414992332458,7478,24576,30.428059895833332
162.32179474830627,7478,24576,30.428059895833332
162.37937760353088,7478,24576,30.428059895833332
162.43790340423584,7478,24576,30.428059895833332
162.5377161502838,7478,24576,30.428059895833332
162.5961663722992,7478,24576,30.428059895833332
162.6542477607727,7478,24576,30.428059895833332
162.71623468399048,7478,24576,30.428059895833332
162.8139946460724,7478,24576,30.428059895833332
162.88775849342346,7478,24576,30.428059895833332
162.96685075759888,7478,24576,30.428059895833332
163.0579469203949,7478,24576,30.428059895833332
163.1341314315796,7478,24576,30.428059895833332
163.21015000343323,7622,24576,31.013997395833332
163.30821681022644,15686,24576,63.826497395833336
163.36426782608032,15686,24576,63.826497395833336
163.46218729019165,15686,24576,63.826497395833336
163.52081966400146,15686,24576,63.826497395833336
163.57872581481934,15686,24576,63.826497395833336
163.67670345306396,15686,24576,63.826497395833336
163.73507642745972,15686,24576,63.826497395833336
163.79528188705444,15686,24576,63.826497395833336
163.90732645988464,6912,24576,28.125
164.00234532356262,7478,24576,30.428059895833332
164.0599992275238,7478,24576,30.428059895833332
164.13647437095642,7478,24576,30.428059895833332
164.19370222091675,7478,24576,30.428059895833332
164.2739725112915,7478,24576,30.428059895833332
164.36958742141724,7478,24576,30.428059895833332
164.44951391220093,7478,24576,30.428059895833332
164.52655601501465,7478,24576,30.428059895833332
164.6078164577484,7478,24576,30.428059895833332
164.68364906311035,7478,24576,30.428059895833332
164.76177763938904,7478,24576,30.428059895833332
164.85643124580383,7478,24576,30.428059895833332
164.91828608512878,7478,24576,30.428059895833332
164.99622011184692,7478,24576,30.428059895833332
165.05266785621643,7478,24576,30.428059895833332
165.10766291618347,7478,24576,30.428059895833332
165.1866672039032,7478,24576,30.428059895833332
165.24421381950378,7478,24576,30.428059895833332
165.29986834526062,7478,24576,30.428059895833332
165.3577139377594,7478,24576,30.428059895833332
165.45398092269897,7478,24576,30.428059895833332
165.51128149032593,7478,24576,30.428059895833332
165.5903398990631,7478,24576,30.428059895833332
165.6661880016327,7478,24576,30.428059895833332
165.72322916984558,7478,24576,30.428059895833332
165.78156185150146,7478,24576,30.428059895833332
165.8406527042389,7478,24576,30.428059895833332
165.93979120254517,7478,24576,30.428059895833332
166.01799631118774,7478,24576,30.428059895833332
166.0746467113495,7478,24576,30.428059895833332
166.1336214542389,7478,24576,30.428059895833332
166.20941066741943,7478,24576,30.428059895833332
166.29001426696777,7478,24576,30.428059895833332
166.3669934272766,7478,24576,30.428059895833332
166.4274468421936,7478,24576,30.428059895833332
166.4859335422516,7478,24576,30.428059895833332
166.56651997566223,7478,24576,30.428059895833332
166.63861846923828,7478,24576,30.428059895833332
166.7380805015564,7478,24576,30.428059895833332
166.79544973373413,7478,24576,30.428059895833332
166.8958375453949,7478,24576,30.428059895833332
166.97201561927795,7478,24576,30.428059895833332
167.02998447418213,7478,24576,30.428059895833332
167.10581827163696,7478,24576,30.428059895833332
167.1639223098755,7478,24576,30.428059895833332
167.26160788536072,7478,24576,30.428059895833332
167.3193657398224,7478,24576,30.428059895833332
167.3785102367401,7478,24576,30.428059895833332
167.47416424751282,7478,24576,30.428059895833332
167.53024649620056,7478,24576,30.428059895833332
167.6255645751953,7478,24576,30.428059895833332
167.68206524848938,7478,24576,30.428059895833332
167.74037408828735,7478,24576,30.428059895833332
167.79904508590698,7478,24576,30.428059895833332
167.87978267669678,7478,24576,30.428059895833332
167.9575638771057,7478,24576,30.428059895833332
168.0334768295288,7478,24576,30.428059895833332
168.11399626731873,7478,24576,30.428059895833332
168.1966564655304,7478,24576,30.428059895833332
168.27376413345337,7478,24576,30.428059895833332
168.331223487854,7478,24576,30.428059895833332
168.38737201690674,7478,24576,30.428059895833332
168.44584131240845,7478,24576,30.428059895833332
168.5416214466095,7478,24576,30.428059895833332
168.63681387901306,7478,24576,30.428059895833332
168.6937611103058,7478,24576,30.428059895833332
168.74951076507568,7478,24576,30.428059895833332
168.8102719783783,7478,24576,30.428059895833332
168.88587427139282,7478,24576,30.428059895833332
168.96693444252014,7478,24576,30.428059895833332
169.0243422985077,7478,24576,30.428059895833332
169.08156156539917,7478,24576,30.428059895833332
169.1636505126953,7478,24576,30.428059895833332
169.24216151237488,7478,24576,30.428059895833332
169.31898069381714,7478,24576,30.428059895833332
169.39821696281433,7478,24576,30.428059895833332
169.48190188407898,7478,24576,30.428059895833332
169.58055138587952,7478,24576,30.428059895833332
169.6771378517151,7478,24576,30.428059895833332
169.7346155643463,7478,24576,30.428059895833332
169.83391880989075,7478,24576,30.428059895833332
169.89006423950195,7478,24576,30.428059895833332
169.98607182502747,7478,24576,30.428059895833332
170.04235792160034,7478,24576,30.428059895833332
170.10051608085632,7478,24576,30.428059895833332
170.1819784641266,7478,24576,30.428059895833332
170.25383496284485,7478,24576,30.428059895833332
170.33319067955017,7478,24576,30.428059895833332
170.41052532196045,7478,24576,30.428059895833332
170.48765230178833,7478,24576,30.428059895833332
170.56429028511047,7478,24576,30.428059895833332
170.64250802993774,7478,24576,30.428059895833332
170.69780659675598,7478,24576,30.428059895833332
170.7560520172119,7478,24576,30.428059895833332
170.8426685333252,7478,24576,30.428059895833332
170.9220039844513,7478,24576,30.428059895833332
171.00850558280945,7478,24576,30.428059895833332
171.0681083202362,7478,24576,30.428059895833332
171.12539386749268,7478,24576,30.428059895833332
171.20069026947021,7478,24576,30.428059895833332
171.25907230377197,7478,24576,30.428059895833332
171.3179280757904,7478,24576,30.428059895833332
171.39763140678406,7478,24576,30.428059895833332
171.45462918281555,7478,24576,30.428059895833332
171.55306220054626,7478,24576,30.428059895833332
171.6116862297058,7478,24576,30.428059895833332
171.69128108024597,7478,24576,30.428059895833332
171.74704098701477,7478,24576,30.428059895833332
171.8242666721344,7478,24576,30.428059895833332
171.881986618042,7478,24576,30.428059895833332
171.96128487586975,7478,24576,30.428059895833332
172.03836107254028,7478,24576,30.428059895833332
172.11578273773193,7478,24576,30.428059895833332
172.17207264900208,7478,24576,30.428059895833332
172.22956442832947,7478,24576,30.428059895833332
172.30948781967163,7478,24576,30.428059895833332
172.366619348526,7478,24576,30.428059895833332
172.44886326789856,7478,24576,30.428059895833332
172.50661301612854,7478,24576,30.428059895833332
172.60499715805054,7478,24576,30.428059895833332
172.66378331184387,7478,24576,30.428059895833332
172.7615110874176,7478,24576,30.428059895833332
172.8188455104828,7478,24576,30.428059895833332
172.88808155059814,7478,24576,30.428059895833332
172.96434450149536,7478,24576,30.428059895833332
173.06251406669617,7478,24576,30.428059895833332
173.14165258407593,7478,24576,30.428059895833332
173.21786427497864,7478,24576,30.428059895833332
173.3149471282959,7478,24576,30.428059895833332
173.3742709159851,7478,24576,30.428059895833332
173.45268487930298,7478,24576,30.428059895833332
173.5300054550171,7478,24576,30.428059895833332
173.58983540534973,7478,24576,30.428059895833332
173.6870632171631,7478,24576,30.428059895833332
173.74394392967224,7478,24576,30.428059895833332
173.804363489151,7478,24576,30.428059895833332
173.86423635482788,7478,24576,30.428059895833332
173.9212930202484,7478,24576,30.428059895833332
173.97630429267883,7478,24576,30.428059895833332
174.05397629737854,7478,24576,30.428059895833332
174.11575198173523,7478,24576,30.428059895833332
174.19604563713074,7478,24576,30.428059895833332
174.25418066978455,7478,24576,30.428059895833332
174.31340765953064,7478,24576,30.428059895833332
174.39432096481323,7478,24576,30.428059895833332
174.468035697937,7478,24576,30.428059895833332
174.56857585906982,7478,24576,30.428059895833332
174.6667287349701,7478,24576,30.428059895833332
174.72555589675903,7478,24576,30.428059895833332
174.7826852798462,7478,24576,30.428059895833332
174.86154007911682,7478,24576,30.428059895833332
174.9240527153015,7478,24576,30.428059895833332
175.00177431106567,7478,24576,30.428059895833332
175.07957863807678,7478,24576,30.428059895833332
175.14990711212158,7478,24576,30.428059895833332
175.20863103866577,7478,24576,30.428059895833332
175.28594541549683,7478,24576,30.428059895833332
175.34527897834778,7478,24576,30.428059895833332
175.405601978302,7478,24576,30.428059895833332
175.4642617702484,7478,24576,30.428059895833332
175.5221037864685,7478,24576,30.428059895833332
175.61755895614624,7478,24576,30.428059895833332
175.69682097434998,7478,24576,30.428059895833332
175.77553272247314,7478,24576,30.428059895833332
175.8553807735443,7478,24576,30.428059895833332
175.952162027359,7478,24576,30.428059895833332
176.04990601539612,7478,24576,30.428059895833332
176.1280324459076,7478,24576,30.428059895833332
176.18955063819885,7478,24576,30.428059895833332
176.24803924560547,7478,24576,30.428059895833332
176.3065221309662,7478,24576,30.428059895833332
176.3862807750702,7478,24576,30.428059895833332
176.44437289237976,7478,24576,30.428059895833332
176.52218317985535,7478,24576,30.428059895833332
176.5982801914215,7478,24576,30.428059895833332
176.67642378807068,7478,24576,30.428059895833332
176.7343728542328,7478,24576,30.428059895833332
176.79446458816528,7478,24576,30.428059895833332
176.89110398292542,7478,24576,30.428059895833332
176.99589943885803,7478,24576,30.428059895833332
177.0722255706787,7478,24576,30.428059895833332
177.15130066871643,7478,24576,30.428059895833332
177.2309501171112,7478,24576,30.428059895833332
177.2879068851471,7478,24576,30.428059895833332
177.35770416259766,7478,24576,30.428059895833332
177.461519241333,7478,24576,30.428059895833332
177.51827144622803,7478,24576,30.428059895833332
177.59597897529602,7478,24576,30.428059895833332
177.67393493652344,7478,24576,30.428059895833332
177.7541162967682,7478,24576,30.428059895833332
177.82869672775269,7478,24576,30.428059895833332
177.8860445022583,7478,24576,30.428059895833332
177.96086311340332,7478,24576,30.428059895833332
178.01819515228271,7478,24576,30.428059895833332
178.07463884353638,7478,24576,30.428059895833332
178.1520221233368,7478,24576,30.428059895833332
178.1957721710205,7478,24576,30.428059895833332
178.2549328804016,7478,24576,30.428059895833332
178.3614387512207,7478,24576,30.428059895833332
178.4379005432129,7478,24576,30.428059895833332
178.53545761108398,7478,24576,30.428059895833332
178.6138916015625,7478,24576,30.428059895833332
178.67233800888062,7478,24576,30.428059895833332
178.72969508171082,7478,24576,30.428059895833332
178.80828499794006,7478,24576,30.428059895833332
178.865740776062,7478,24576,30.428059895833332
178.92225575447083,7478,24576,30.428059895833332
178.98185682296753,7478,24576,30.428059895833332
179.05959224700928,15686,24576,63.826497395833336
179.16010999679565,15686,24576,63.826497395833336
179.23872184753418,15686,24576,63.826497395833336
179.3182291984558,15686,24576,63.826497395833336
179.3749327659607,15686,24576,63.826497395833336
179.43240451812744,15686,24576,63.826497395833336
179.51188921928406,15686,24576,63.826497395833336
179.57057785987854,15686,24576,63.826497395833336
179.62561297416687,15686,24576,63.826497395833336
179.69389986991882,6902,24576,28.084309895833332
