[2026-06-02 06:18:50.477524] #Entity   SMACT        SMOCC        DRAMA        SMCLK        SMMAX        DVCCTR                      TAPCV                       
[2026-06-02 06:18:50.477594] ID                                                                                                                                 
[2026-06-02 06:18:50.643752] GPU 0     0.000        0.000        0.000        300          2100         1                           606530552817728             
[2026-06-02 06:18:50.702235] GPU 0     0.000        0.000        0.000        825          2100         1                           606530603388096             
[2026-06-02 06:18:50.754811] GPU 0     0.000        0.000        0.000        825          2100         1                           606530653941184             
[2026-06-02 06:18:50.807684] GPU 0     0.000        0.000        0.000        825          2100         1                           606530704526368             
[2026-06-02 06:18:50.860213] GPU 0     0.000        0.000        0.000        825          2100         1                           606530755107392             
[2026-06-02 06:18:50.913029] GPU 0     0.000        0.000        0.000        825          2100         1                           606530805668672             
[2026-06-02 06:18:50.965651] GPU 0     0.000        0.000        0.000        825          2100         1                           606530856237088             
[2026-06-02 06:18:51.017767] GPU 0     0.000        0.000        0.000        825          2100         1                           606530906919744             
[2026-06-02 06:18:51.070295] GPU 0     0.000        0.000        0.000        825          2100         1                           606530957622784             
[2026-06-02 06:18:51.122865] GPU 0     0.000        0.000        0.000        825          2100         1                           606531008451296             
[2026-06-02 06:18:51.175298] GPU 0     0.000        0.000        0.000        825          2100         1                           606531059119040             
[2026-06-02 06:18:51.227849] GPU 0     0.000        0.000        0.000        825          2100         1                           606531109805952             
[2026-06-02 06:18:51.280217] GPU 0     0.000        0.000        0.000        825          2100         1                           606531160455936             
[2026-06-02 06:18:51.332882] GPU 0     0.000        0.000        0.000        825          2100         1                           606531211236640             
[2026-06-02 06:18:51.385327] GPU 0     0.000        0.000        0.000        825          2100         1                           606531261776064             
[2026-06-02 06:18:51.435470] #Entity   SMACT        SMOCC        DRAMA        SMCLK        SMMAX        DVCCTR                      TAPCV                       
[2026-06-02 06:18:51.435586] ID                                                                                                                                 
[2026-06-02 06:18:51.438356] GPU 0     0.000        0.000        0.000        825          2100         1                           606531312357696             
[2026-06-02 06:18:51.491425] GPU 0     0.000        0.000        0.000        825          2100         1                           606531362910368             
[2026-06-02 06:18:51.544511] GPU 0     0.000        0.000        0.000        825          2100         1                           606531413517984             
[2026-06-02 06:18:51.597223] GPU 0     0.000        0.000        0.000        825          2100         1                           606531464089120             
[2026-06-02 06:18:51.649723] GPU 0     0.000        0.000        0.000        825          2100         1                           606531514678016             
[2026-06-02 06:18:51.701885] GPU 0     0.000        0.000        0.000        825          2100         1                           606531565247360             
[2026-06-02 06:18:51.754193] GPU 0     0.000        0.000        0.000        825          2100         1                           606531615809824             
[2026-06-02 06:18:51.806184] GPU 0     0.000        0.000        0.000        825          2100         1                           606531666997600             
[2026-06-02 06:18:51.858510] GPU 0     0.000        0.000        0.000        825          2100         1                           606531768221376             
[2026-06-02 06:18:51.911089] GPU 0     0.000        0.000        0.000        825          2100         1                           606531818910720             
[2026-06-02 06:18:51.963549] GPU 0     0.000        0.000        0.000        825          2100         1                           606531870458720             
[2026-06-02 06:18:52.015584] GPU 0     0.000        0.000        0.000        825          2100         1                           606531921029280             
[2026-06-02 06:18:52.067612] GPU 0     0.000        0.000        0.000        825          2100         1                           606531971585152             
[2026-06-02 06:18:52.120036] GPU 0     0.000        0.000        0.000        825          2100         1                           606532022158784             
[2026-06-02 06:18:52.170089] #Entity   SMACT        SMOCC        DRAMA        SMCLK        SMMAX        DVCCTR                      TAPCV                       
[2026-06-02 06:18:52.170212] ID                                                                                                                                 
[2026-06-02 06:18:52.172622] GPU 0     0.000        0.000        0.000        825          2100         1                           606532022158784             
[2026-06-02 06:18:52.225275] GPU 0     0.000        0.000        0.000        825          2100         1                           606532090926912             
[2026-06-02 06:18:52.277766] GPU 0     0.000        0.000        0.000        825          2100         1                           606532141770496             
[2026-06-02 06:18:52.330389] GPU 0     0.000        0.000        0.000        825          2100         1                           606532192408032             
[2026-06-02 06:18:52.383001] GPU 0     0.000        0.000        0.000        825          2100         1                           606532243467296             
[2026-06-02 06:18:52.435597] GPU 0     0.000        0.000        0.000        825          2100         1                           606532344563168             
[2026-06-02 06:18:52.488066] GPU 0     0.000        0.000        0.000        825          2100         1                           606532396888896             
[2026-06-02 06:18:52.540457] GPU 0     0.000        0.000        0.000        795          2100         1                           606532396888896             
[2026-06-02 06:18:52.592922] GPU 0     0.000        0.000        0.000        795          2100         1                           606532503138976             
[2026-06-02 06:18:52.645356] GPU 0     0.000        0.000        0.000        795          2100         1                           606532553753216             
[2026-06-02 06:18:52.697836] GPU 0     0.000        0.000        0.000        795          2100         1                           606532607531808             
[2026-06-02 06:18:52.750239] GPU 0     0.000        0.000        0.000        825          2100         1                           606532658047232             
[2026-06-02 06:18:52.807618] GPU 0     0.000        0.000        0.000        825          2100         1                           606532708739808             
[2026-06-02 06:18:52.859873] GPU 0     0.000        0.000        0.000        825          2100         1                           606532759376768             
[2026-06-02 06:18:52.909981] #Entity   SMACT        SMOCC        DRAMA        SMCLK        SMMAX        DVCCTR                      TAPCV                       
[2026-06-02 06:18:52.910095] ID                                                                                                                                 
[2026-06-02 06:18:52.912378] GPU 0     0.000        0.000        0.000        885          2100         1                           606532811589408             
[2026-06-02 06:18:52.964737] GPU 0     0.000        0.000        0.000        885          2100         1                           606532862252160             
[2026-06-02 06:18:53.017218] GPU 0     0.000        0.000        0.000        885          2100         1                           606532912868672             
[2026-06-02 06:18:53.069640] GPU 0     0.000        0.000        0.000        885          2100         1                           606532965246496             
[2026-06-02 06:18:53.122021] GPU 0     0.000        0.000        0.000        885          2100         1                           606533015907776             
[2026-06-02 06:18:53.174533] GPU 0     0.000        0.000        0.000        885          2100         1                           606533066426624             
[2026-06-02 06:18:53.227024] GPU 0     0.000        0.000        0.000        885          2100         1                           606533116949024             
[2026-06-02 06:18:53.279472] GPU 0     0.000        0.000        0.000        885          2100         1                           606533167498880             
[2026-06-02 06:18:53.332059] GPU 0     0.000        0.000        0.000        885          2100         1                           606533218020064             
[2026-06-02 06:18:53.384827] GPU 0     0.000        0.000        0.000        885          2100         1                           606533268589984             
[2026-06-02 06:18:53.437670] GPU 0     0.000        0.000        0.000        885          2100         1                           606533337229664             
[2026-06-02 06:18:53.490617] GPU 0     0.000        0.000        0.000        885          2100         1                           606533387987968             
[2026-06-02 06:18:53.543583] GPU 0     0.000        0.000        0.000        885          2100         1                           606533438537792             
[2026-06-02 06:18:53.596671] GPU 0     0.000        0.000        0.000        885          2100         1                           606533490324736             
[2026-06-02 06:18:53.646810] #Entity   SMACT        SMOCC        DRAMA        SMCLK        SMMAX        DVCCTR                      TAPCV                       
[2026-06-02 06:18:53.646954] ID                                                                                                                                 
[2026-06-02 06:18:53.649659] GPU 0     0.000        0.000        0.000        885          2100         1                           606533540850528             
[2026-06-02 06:18:53.702417] GPU 0     0.000        0.000        0.000        885          2100         1                           606533591376480             
[2026-06-02 06:18:53.755460] GPU 0     0.000        0.000        0.000        885          2100         1                           606533641922272             
[2026-06-02 06:18:53.808354] GPU 0     0.000        0.000        0.000        885          2100         1                           606533692476576             
[2026-06-02 06:18:53.861325] GPU 0     0.000        0.000        0.000        885          2100         1                           606533743054816             
[2026-06-02 06:18:53.914243] GPU 0     0.000        0.000        0.000        885          2100         1                           606533793616320             
[2026-06-02 06:18:53.966877] GPU 0     0.000        0.000        0.000        885          2100         1                           606533844276640             
[2026-06-02 06:18:54.019734] GPU 0     0.000        0.000        0.000        885          2100         1                           606533894891136             
[2026-06-02 06:18:54.072956] GPU 0     0.000        0.000        0.000        885          2100         1                           606533945550240             
[2026-06-02 06:18:54.125770] GPU 0     0.000        0.000        0.000        885          2100         1                           606533996164864             
[2026-06-02 06:18:54.178492] GPU 0     0.000        0.000        0.000        885          2100         1                           606534060736384             
[2026-06-02 06:18:54.231273] GPU 0     0.000        0.000        0.000        885          2100         1                           606534111395424             
[2026-06-02 06:18:54.283920] GPU 0     0.000        0.000        0.000        885          2100         1                           606534162060928             
[2026-06-02 06:18:54.336735] GPU 0     0.000        0.000        0.000        885          2100         1                           606534213664672             
[2026-06-02 06:18:54.386850] #Entity   SMACT        SMOCC        DRAMA        SMCLK        SMMAX        DVCCTR                      TAPCV                       
[2026-06-02 06:18:54.386993] ID                                                                                                                                 
[2026-06-02 06:18:54.389198] GPU 0     0.000        0.000        0.000        885          2100         1                           606534264322144             
[2026-06-02 06:18:54.447138] GPU 0     0.000        0.000        0.000        885          2100         1                           606534314915392             
[2026-06-02 06:18:54.499778] GPU 0     0.000        0.000        0.000        885          2100         1                           606534365490176             
[2026-06-02 06:18:54.552378] GPU 0     0.000        0.000        0.000        885          2100         1                           606534433747648             
[2026-06-02 06:18:54.604967] GPU 0     0.000        0.000        0.000        885          2100         1                           606534484400832             
[2026-06-02 06:18:54.657595] GPU 0     0.000        0.000        0.000        885          2100         1                           606534535045152             
[2026-06-02 06:18:54.710244] GPU 0     0.000        0.000        0.000        885          2100         1                           606534586021184             
[2026-06-02 06:18:54.763295] GPU 0     0.000        0.000        0.000        855          2100         1                           606534636594784             
[2026-06-02 06:18:54.816242] GPU 0     0.000        0.000        0.000        855          2100         1                           606534687131488             
[2026-06-02 06:18:54.868867] GPU 0     0.000        0.000        0.000        855          2100         1                           606534737655168             
[2026-06-02 06:18:54.920749] GPU 0     0.000        0.000        0.000        855          2100         1                           606534788191008             
[2026-06-02 06:18:54.972480] GPU 0     0.000        0.000        0.000        885          2100         1                           606534838654560             
[2026-06-02 06:18:55.024960] GPU 0     0.000        0.000        0.000        885          2100         1                           606534889248896             
[2026-06-02 06:18:55.078087] GPU 0     0.000        0.000        0.000        885          2100         1                           606534940746240             
[2026-06-02 06:18:55.128237] #Entity   SMACT        SMOCC        DRAMA        SMCLK        SMMAX        DVCCTR                      TAPCV                       
[2026-06-02 06:18:55.128362] ID                                                                                                                                 
[2026-06-02 06:18:55.130793] GPU 0     0.000        0.000        0.000        885          2100         1                           606534991325344             
[2026-06-02 06:18:55.183517] GPU 0     0.000        0.000        0.000        885          2100         1                           606535092392256             
[2026-06-02 06:18:55.236112] GPU 0     0.000        0.000        0.000        885          2100         1                           606535092392256             
[2026-06-02 06:18:55.288954] GPU 0     0.000        0.000        0.000        885          2100         1                           606535159772416             
[2026-06-02 06:18:55.341690] GPU 0     0.000        0.000        0.000        885          2100         1                           606535210442752             
[2026-06-02 06:18:55.394524] GPU 0     0.000        0.000        0.000        885          2100         1                           606535261139744             
[2026-06-02 06:18:55.447407] GPU 0     0.000        0.000        0.000        885          2100         1                           606535312996352             
[2026-06-02 06:18:55.500140] GPU 0     0.000        0.000        0.000        885          2100         1                           606535363558912             
[2026-06-02 06:18:55.552989] GPU 0     0.000        0.000        0.000        885          2100         1                           606535414131392             
[2026-06-02 06:18:55.605755] GPU 0     0.000        0.000        0.000        885          2100         1                           606535515177632             
[2026-06-02 06:18:55.658257] GPU 0     0.000        0.000        0.000        885          2100         1                           606535565703712             
[2026-06-02 06:18:55.710852] GPU 0     0.000        0.000        0.000        885          2100         1                           606535616395168             
[2026-06-02 06:18:55.763597] GPU 0     0.000        0.000        0.000        885          2100         1                           606535667957984             
[2026-06-02 06:18:55.816115] GPU 0     0.000        0.000        0.000        885          2100         1                           606535718478752             
[2026-06-02 06:18:55.866246] #Entity   SMACT        SMOCC        DRAMA        SMCLK        SMMAX        DVCCTR                      TAPCV                       
[2026-06-02 06:18:55.866374] ID                                                                                                                                 
[2026-06-02 06:18:55.868808] GPU 0     0.000        0.000        0.000        885          2100         1                           606535769069664             
[2026-06-02 06:18:55.921463] GPU 0     0.000        0.000        0.000        885          2100         1                           606535819606560             
[2026-06-02 06:18:55.973970] GPU 0     0.000        0.000        0.000        885          2100         1                           606535870121280             
[2026-06-02 06:18:56.026050] GPU 0     0.000        0.000        0.000        885          2100         1                           606535920652480             
[2026-06-02 06:18:56.078613] GPU 0     0.000        0.000        0.000        885          2100         1                           606535971395392             
[2026-06-02 06:18:56.131251] GPU 0     0.000        0.000        0.000        885          2100         1                           606536022496544             
[2026-06-02 06:18:56.183993] GPU 0     0.000        0.000        0.000        885          2100         1                           606536073233024             
[2026-06-02 06:18:56.236557] GPU 0     0.000        0.000        0.000        885          2100         1                           606536123738016             
[2026-06-02 06:18:56.289170] GPU 0     0.000        0.000        0.000        885          2100         1                           606536174358944             
[2026-06-02 06:18:56.341882] GPU 0     0.000        0.000        0.000        885          2100         1                           606536241625824             
[2026-06-02 06:18:56.394673] GPU 0     0.000        0.000        0.000        885          2100         1                           606536292904992             
[2026-06-02 06:18:56.447403] GPU 0     0.000        0.000        0.000        885          2100         1                           606536343414976             
[2026-06-02 06:18:56.500153] GPU 0     0.000        0.000        0.000        885          2100         1                           606536395631232             
[2026-06-02 06:18:56.552767] GPU 0     0.000        0.000        0.000        885          2100         1                           606536446196224             
[2026-06-02 06:18:56.602933] #Entity   SMACT        SMOCC        DRAMA        SMCLK        SMMAX        DVCCTR                      TAPCV                       
[2026-06-02 06:18:56.603172] ID                                                                                                                                 
[2026-06-02 06:18:56.605734] GPU 0     0.000        0.000        0.000        885          2100         1                           606536496827712             
[2026-06-02 06:18:56.658691] GPU 0     0.000        0.000        0.000        885          2100         1                           606536547349184             
[2026-06-02 06:18:56.711369] GPU 0     0.000        0.000        0.000        885          2100         1                           606536598012672             
[2026-06-02 06:18:56.763643] GPU 0     0.000        0.000        0.000        855          2100         1                           606536648642784             
[2026-06-02 06:18:56.816334] GPU 0     0.000        0.000        0.000        855          2100         1                           606536699415200             
[2026-06-02 06:18:56.868610] GPU 0     0.000        0.000        0.000        855          2100         1                           606536750126784             
[2026-06-02 06:18:56.921113] GPU 0     0.000        0.000        0.000        855          2100         1                           606536800855360             
[2026-06-02 06:18:56.973678] GPU 0     0.000        0.000        0.000        855          2100         1                           606536851410336             
[2026-06-02 06:18:57.026263] GPU 0     0.000        0.000        0.000        855          2100         1                           606536902043456             
[2026-06-02 06:18:57.078872] GPU 0     0.000        0.000        0.000        855          2100         1                           606536952599328             
[2026-06-02 06:18:57.131559] GPU 0     0.000        0.000        0.000        855          2100         1                           606537003231456             
[2026-06-02 06:18:57.184154] GPU 0     0.000        0.000        0.000        855          2100         1                           606537053842112             
[2026-06-02 06:18:57.236600] GPU 0     0.000        0.000        0.000        855          2100         1                           606537106519872             
[2026-06-02 06:18:57.289419] GPU 0     0.000        0.000        0.000        855          2100         1                           606537157138880             
[2026-06-02 06:18:57.339598] #Entity   SMACT        SMOCC        DRAMA        SMCLK        SMMAX        DVCCTR                      TAPCV                       
[2026-06-02 06:18:57.339723] ID                                                                                                                                 
[2026-06-02 06:18:57.347415] GPU 0     0.000        0.000        0.000        855          2100         1                           606537258187552             
[2026-06-02 06:18:57.400055] GPU 0     0.000        0.000        0.000        855          2100         1                           606537258187552             
[2026-06-02 06:18:57.453000] GPU 0     0.000        0.000        0.000        855          2100         1                           606537322413632             
[2026-06-02 06:18:57.506026] GPU 0     0.000        0.000        0.000        855          2100         1                           606537373187072             
[2026-06-02 06:18:57.558911] GPU 0     0.000        0.000        0.000        855          2100         1                           606537423839008             
[2026-06-02 06:18:57.611737] GPU 0     0.000        0.000        0.000        855          2100         1                           606537475106624             
[2026-06-02 06:18:57.664456] GPU 0     0.000        0.000        0.000        855          2100         1                           606537525651552             
[2026-06-02 06:18:57.717019] GPU 0     0.000        0.000        0.000        855          2100         1                           606537626770144             
[2026-06-02 06:18:57.769835] GPU 0     0.000        0.000        0.000        825          2100         1                           606537677461120             
[2026-06-02 06:18:57.822596] GPU 0     0.000        0.000        0.000        825          2100         1                           606537728131776             
[2026-06-02 06:18:57.875368] GPU 0     0.000        0.000        0.000        825          2100         1                           606537778702400             
[2026-06-02 06:18:57.928321] GPU 0     0.000        0.000        0.000        825          2100         1                           606537829552000             
[2026-06-02 06:18:57.980914] GPU 0     0.000        0.000        0.000        825          2100         1                           606537880100128             
[2026-06-02 06:18:58.033548] GPU 0     0.000        0.000        0.000        825          2100         1                           606537930666464             
[2026-06-02 06:18:58.083678] #Entity   SMACT        SMOCC        DRAMA        SMCLK        SMMAX        DVCCTR                      TAPCV                       
[2026-06-02 06:18:58.083790] ID                                                                                                                                 
[2026-06-02 06:18:58.086122] GPU 0     0.000        0.000        0.000        825          2100         1                           606537981221472             
[2026-06-02 06:18:58.138905] GPU 0     0.000        0.000        0.000        825          2100         1                           606538032810848             
[2026-06-02 06:18:58.191650] GPU 0     0.000        0.000        0.000        945          2100         1                           606538083401024             
[2026-06-02 06:18:58.244427] GPU 0     0.000        0.000        0.000        945          2100         1                           606538133978336             
[2026-06-02 06:18:58.298201] GPU 0     0.000        0.000        0.000        945          2100         1                           606538184875968             
[2026-06-02 06:18:58.351527] GPU 0     0.000        0.000        0.000        945          2100         1                           606538235607520             
[2026-06-02 06:18:58.404856] GPU 0     0.000        0.000        0.000        945          2100         1                           606538286118304             
[2026-06-02 06:18:58.458569] GPU 0     0.000        0.000        0.000        945          2100         1                           606538336757216             
[2026-06-02 06:18:58.511984] GPU 0     0.000        0.000        0.000        945          2100         1                           606538387319040             
[2026-06-02 06:18:58.565526] GPU 0     0.000        0.000        0.000        945          2100         1                           606538437958944             
[2026-06-02 06:18:58.619036] GPU 0     0.000        0.000        0.000        945          2100         1                           606538488663136             
[2026-06-02 06:18:58.672668] GPU 0     0.000        0.000        0.000        945          2100         1                           606538556755744             
[2026-06-02 06:18:58.725919] GPU 0     0.000        0.000        0.000        945          2100         1                           606538607400864             
[2026-06-02 06:18:58.779344] GPU 0     0.000        0.000        0.000        945          2100         1                           606538657984256             
[2026-06-02 06:18:58.829478] #Entity   SMACT        SMOCC        DRAMA        SMCLK        SMMAX        DVCCTR                      TAPCV                       
[2026-06-02 06:18:58.829613] ID                                                                                                                                 
[2026-06-02 06:18:58.832792] GPU 0     0.000        0.000        0.000        945          2100         1                           606538709731744             
[2026-06-02 06:18:58.886339] GPU 0     0.000        0.000        0.000        945          2100         1                           606538760368160             
[2026-06-02 06:18:58.939870] GPU 0     0.000        0.000        0.000        945          2100         1                           606538810896224             
[2026-06-02 06:18:58.993156] GPU 0     0.000        0.000        0.000        945          2100         1                           606538861524416             
[2026-06-02 06:18:59.046180] GPU 0     0.000        0.000        0.000        945          2100         1                           606538912050752             
[2026-06-02 06:18:59.099754] GPU 0     0.000        0.000        0.000        945          2100         1                           606538962578336             
[2026-06-02 06:18:59.153219] GPU 0     0.000        0.000        0.000        945          2100         1                           606539063613152             
[2026-06-02 06:18:59.205954] GPU 0     0.000        0.000        0.000        945          2100         1                           606539114254880             
[2026-06-02 06:18:59.259315] GPU 0     0.000        0.000        0.000        945          2100         1                           606539164906016             
[2026-06-02 06:18:59.312680] GPU 0     0.000        0.000        0.000        945          2100         1                           606539215440992             
[2026-06-02 06:18:59.366538] GPU 0     0.000        0.000        0.000        1005         2100         1                           606539267321248             
[2026-06-02 06:18:59.420138] GPU 0     0.000        0.000        0.000        1005         2100         1                           606539317853344             
[2026-06-02 06:18:59.473808] GPU 0     0.000        0.000        0.000        1005         2100         1                           606539370766784             
[2026-06-02 06:18:59.527202] GPU 0     0.000        0.000        0.000        1005         2100         1                           606539421529376             
[2026-06-02 06:18:59.577226] #Entity   SMACT        SMOCC        DRAMA        SMCLK        SMMAX        DVCCTR                      TAPCV                       
[2026-06-02 06:18:59.577383] ID                                                                                                                                 
[2026-06-02 06:18:59.580371] GPU 0     0.000        0.000        0.000        1005         2100         1                           606539472465824             
[2026-06-02 06:18:59.633833] GPU 0     0.000        0.000        0.000        1005         2100         1                           606539523092864             
[2026-06-02 06:18:59.687626] GPU 0     0.000        0.000        0.000        1005         2100         1                           606539573715968             
[2026-06-02 06:18:59.741234] GPU 0     0.000        0.000        0.000        1005         2100         1                           606539628623744             
[2026-06-02 06:18:59.794867] GPU 0     0.000        0.000        0.000        1005         2100         1                           606539679289184             
[2026-06-02 06:18:59.848270] GPU 0     0.000        0.000        0.000        1005         2100         1                           606539730037024             
[2026-06-02 06:18:59.901734] GPU 0     0.000        0.000        0.000        1005         2100         1                           606539781683264             
[2026-06-02 06:18:59.955281] GPU 0     0.000        0.000        0.000        1005         2100         1                           606539832475712             
[2026-06-02 06:19:00.008761] GPU 0     0.000        0.000        0.000        1005         2100         1                           606539883036352             
[2026-06-02 06:19:00.062140] GPU 0     0.000        0.000        0.000        1005         2100         1                           606539933565984             
[2026-06-02 06:19:00.114927] GPU 0     0.000        0.000        0.000        1005         2100         1                           606539984100416             
[2026-06-02 06:19:00.168411] GPU 0     0.000        0.000        0.000        1005         2100         1                           606540034646304             
[2026-06-02 06:19:00.221793] GPU 0     0.000        0.000        0.000        1005         2100         1                           606540085231072             
[2026-06-02 06:19:00.275201] GPU 0     0.000        0.000        0.000        1005         2100         1                           606540136280576             
[2026-06-02 06:19:00.325353] #Entity   SMACT        SMOCC        DRAMA        SMCLK        SMMAX        DVCCTR                      TAPCV                       
[2026-06-02 06:19:00.325580] ID                                                                                                                                 
[2026-06-02 06:19:00.328750] GPU 0     0.000        0.000        0.000        1005         2100         1                           606540237370368             
[2026-06-02 06:19:00.382481] GPU 0     0.000        0.000        0.000        1005         2100         1                           606540287939072             
[2026-06-02 06:19:00.436505] GPU 0     0.000        0.000        0.000        1005         2100         1                           606540342315616             
[2026-06-02 06:19:00.489820] GPU 0     0.000        0.000        0.000        1005         2100         1                           606540392916864             
[2026-06-02 06:19:00.542771] GPU 0     0.000        0.000        0.000        1005         2100         1                           606540443575232             
[2026-06-02 06:19:00.595592] GPU 0     0.000        0.000        0.000        1005         2100         1                           606540494754432             
[2026-06-02 06:19:00.648440] GPU 0     0.000        0.000        0.000        1005         2100         1                           606540545304608             
[2026-06-02 06:19:00.701396] GPU 0     0.000        0.000        0.000        1005         2100         1                           606540595821472             
[2026-06-02 06:19:00.759083] GPU 0     0.000        0.000        0.000        1005         2100         1                           606540646327200             
[2026-06-02 06:19:00.812621] GPU 0     0.000        0.000        0.000        1005         2100         1                           606540696947584             
[2026-06-02 06:19:00.866190] GPU 0     0.000        0.000        0.000        1005         2100         1                           606540747572000             
[2026-06-02 06:19:00.919852] GPU 0     0.000        0.000        0.000        1005         2100         1                           606540798211232             
[2026-06-02 06:19:00.973296] GPU 0     0.000        0.000        0.000        1005         2100         1                           606540849712416             
[2026-06-02 06:19:01.026396] GPU 0     0.000        0.000        0.000        1005         2100         1                           606540900208384             
[2026-06-02 06:19:01.076534] #Entity   SMACT        SMOCC        DRAMA        SMCLK        SMMAX        DVCCTR                      TAPCV                       
[2026-06-02 06:19:01.076710] ID                                                                                                                                 
[2026-06-02 06:19:01.079310] GPU 0     0.000        0.000        0.000        1005         2100         1                           606540950765792             
[2026-06-02 06:19:01.132016] GPU 0     0.000        0.000        0.000        1005         2100         1                           606541001266656             
[2026-06-02 06:19:01.184992] GPU 0     0.000        0.000        0.000        1005         2100         1                           606541051777120             
[2026-06-02 06:19:01.237987] GPU 0     0.000        0.000        0.000        975          2100         1                           606541102323360             
[2026-06-02 06:19:01.291483] GPU 0     0.000        0.000        0.000        975          2100         1                           606541152960320             
[2026-06-02 06:19:01.345001] GPU 0     0.000        0.000        0.000        975          2100         1                           606541219745728             
[2026-06-02 06:19:01.398452] GPU 0     0.000        0.000        0.000        975          2100         1                           606541270388512             
[2026-06-02 06:19:01.452257] GPU 0     0.000        0.000        0.000        975          2100         1                           606541321072704             
[2026-06-02 06:19:01.505590] GPU 0     0.000        0.000        0.000        975          2100         1                           606541372609888             
[2026-06-02 06:19:01.558924] GPU 0     0.000        0.000        0.000        975          2100         1                           606541423152128             
[2026-06-02 06:19:01.612145] GPU 0     0.000        0.000        0.000        975          2100         1                           606541473697760             
[2026-06-02 06:19:01.665222] GPU 0     0.000        0.000        0.000        945          2100         1                           606541574781600             
[2026-06-02 06:19:01.717674] GPU 0     0.000        0.000        0.000        945          2100         1                           606541625312672             
[2026-06-02 06:19:01.770532] GPU 0     0.000        0.000        0.000        945          2100         1                           606541675817312             
[2026-06-02 06:19:01.820677] #Entity   SMACT        SMOCC        DRAMA        SMCLK        SMMAX        DVCCTR                      TAPCV                       
[2026-06-02 06:19:01.820881] ID                                                                                                                                 
[2026-06-02 06:19:01.823386] GPU 0     0.000        0.000        0.000        945          2100         1                           606541727020128             
[2026-06-02 06:19:01.876236] GPU 0     0.000        0.000        0.000        945          2100         1                           606541777682112             
[2026-06-02 06:19:01.928878] GPU 0     0.000        0.000        0.000        945          2100         1                           606541828264896             
[2026-06-02 06:19:01.981446] GPU 0     0.000        0.000        0.000        945          2100         1                           606541878773728             
[2026-06-02 06:19:02.034399] GPU 0     0.000        0.000        0.000        945          2100         1                           606541936739456             
[2026-06-02 06:19:02.087611] GPU 0     0.000        0.000        0.000        945          2100         1                           606541987322400             
[2026-06-02 06:19:02.140921] GPU 0     0.000        0.000        0.000        945          2100         1                           606542037997216             
[2026-06-02 06:19:02.194671] GPU 0     0.000        0.000        0.000        915          2100         1                           606542090812608             
[2026-06-02 06:19:02.248071] GPU 0     0.000        0.000        0.000        915          2100         1                           606542141439424             
[2026-06-02 06:19:02.301408] GPU 0     0.000        0.000        0.000        915          2100         1                           606542191955776             
[2026-06-02 06:19:02.354971] GPU 0     0.000        0.000        0.000        915          2100         1                           606542242493408             
[2026-06-02 06:19:02.408642] GPU 0     0.000        0.000        0.000        1005         2100         1                           606542293398560             
[2026-06-02 06:19:02.462478] GPU 0     0.000        0.000        0.000        1005         2100         1                           606542343894048             
[2026-06-02 06:19:02.515638] GPU 0     0.000        0.000        0.000        1005         2100         1                           606542394461344             
[2026-06-02 06:19:02.565757] #Entity   SMACT        SMOCC        DRAMA        SMCLK        SMMAX        DVCCTR                      TAPCV                       
[2026-06-02 06:19:02.565990] ID                                                                                                                                 
[2026-06-02 06:19:02.568787] GPU 0     0.000        0.000        0.000        1005         2100         1                           606542445595392             
[2026-06-02 06:19:02.621580] GPU 0     0.000        0.000        0.000        1005         2100         1                           606542496216608             
[2026-06-02 06:19:02.674814] GPU 0     0.000        0.000        0.000        1005         2100         1                           606542546778752             
[2026-06-02 06:19:02.727436] GPU 0     0.000        0.000        0.000        1005         2100         1                           606542597472416             
[2026-06-02 06:19:02.780439] GPU 0     0.000        0.000        0.000        1005         2100         1                           606542648009472             
[2026-06-02 06:19:02.833011] GPU 0     0.000        0.000        0.000        1005         2100         1                           606542698652096             
[2026-06-02 06:19:02.886082] GPU 0     0.000        0.000        0.000        1005         2100         1                           606542749182720             
[2026-06-02 06:19:02.938509] GPU 0     0.000        0.000        0.000        1005         2100         1                           606542814144384             
[2026-06-02 06:19:02.991368] GPU 0     0.000        0.000        0.000        1005         2100         1                           606542864792256             
[2026-06-02 06:19:03.044102] GPU 0     0.000        0.000        0.000        1005         2100         1                           606542915459296             
[2026-06-02 06:19:03.096832] GPU 0     0.000        0.000        0.000        1005         2100         1                           606542966506560             
[2026-06-02 06:19:03.149474] GPU 0     0.000        0.000        0.000        1005         2100         1                           606543017036096             
[2026-06-02 06:19:03.202974] GPU 0     0.000        0.000        0.000        1005         2100         1                           606543067582112             
[2026-06-02 06:19:03.255644] GPU 0     0.000        0.000        0.000        1005         2100         1                           606543118082112             
[2026-06-02 06:19:03.305662] #Entity   SMACT        SMOCC        DRAMA        SMCLK        SMMAX        DVCCTR                      TAPCV                       
[2026-06-02 06:19:03.305742] ID                                                                                                                                 
[2026-06-02 06:19:03.307562] GPU 0     0.000        0.000        0.000        1005         2100         1                           606543219059168             
[2026-06-02 06:19:03.359489] GPU 0     0.000        0.000        0.000        1005         2100         1                           606543269527712             
[2026-06-02 06:19:03.411765] GPU 0     0.000        0.000        0.000        1005         2100         1                           606543269527712             
[2026-06-02 06:19:03.464236] GPU 0     0.000        0.000        0.000        1005         2100         1                           606543335253440             
[2026-06-02 06:19:03.516838] GPU 0     0.000        0.000        0.000        1005         2100         1                           606543385775968             
[2026-06-02 06:19:03.571423] GPU 0     0.000        0.000        0.000        1005         2100         1                           606543436311008             
[2026-06-02 06:19:03.623699] GPU 0     0.000        0.000        0.000        1005         2100         1                           606543487761504             
[2026-06-02 06:19:03.676497] GPU 0     0.000        0.000        0.000        1005         2100         1                           606543538200704             
[2026-06-02 06:19:03.728838] GPU 0     0.000        0.000        0.000        1005         2100         1                           606543639205120             
[2026-06-02 06:19:03.781339] GPU 0     0.000        0.000        0.000        1005         2100         1                           606543689730816             
[2026-06-02 06:19:03.833906] GPU 0     0.000        0.000        0.000        1005         2100         1                           606543740279040             
[2026-06-02 06:19:03.886581] GPU 0     0.000        0.000        0.000        1005         2100         1                           606543790763840             
[2026-06-02 06:19:03.938630] GPU 0     0.000        0.000        0.000        1005         2100         1                           606543841372480             
[2026-06-02 06:19:03.990876] GPU 0     0.000        0.000        0.000        1005         2100         1                           606543891881856             
[2026-06-02 06:19:04.041068] #Entity   SMACT        SMOCC        DRAMA        SMCLK        SMMAX        DVCCTR                      TAPCV                       
[2026-06-02 06:19:04.041236] ID                                                                                                                                 
[2026-06-02 06:19:04.043518] GPU 0     0.000        0.000        0.000        1005         2100         1                           606543942330592             
[2026-06-02 06:19:04.096351] GPU 0     0.000        0.000        0.000        1005         2100         1                           606543992899680             
[2026-06-02 06:19:04.148343] GPU 0     0.000        0.000        0.000        1005         2100         1                           606544056190528             
[2026-06-02 06:19:04.200334] GPU 0     0.000        0.000        0.000        975          2100         1                           606544107439936             
[2026-06-02 06:19:04.253111] GPU 0     0.000        0.000        0.000        975          2100         1                           606544158053856             
[2026-06-02 06:19:04.305590] GPU 0     0.000        0.000        0.000        975          2100         1                           606544209017600             
[2026-06-02 06:19:04.358226] GPU 0     0.000        0.000        0.000        975          2100         1                           606544259523776             
[2026-06-02 06:19:04.410555] GPU 0     0.000        0.000        0.000        975          2100         1                           606544310051552             
[2026-06-02 06:19:04.463232] GPU 0     0.000        0.000        0.000        975          2100         1                           606544360560928             
[2026-06-02 06:19:04.515941] GPU 0     0.000        0.000        0.000        975          2100         1                           606544411160576             
[2026-06-02 06:19:04.568718] GPU 0     0.000        0.000        0.000        975          2100         1                           606544461666624             
[2026-06-02 06:19:04.621483] GPU 0     0.000        0.000        0.000        945          2100         1                           606544512286912             
[2026-06-02 06:19:04.674405] GPU 0     0.000        0.000        0.000        945          2100         1                           606544563077920             
[2026-06-02 06:19:04.727075] GPU 0     0.000        0.000        0.000        945          2100         1                           606544614039360             
[2026-06-02 06:19:04.777249] #Entity   SMACT        SMOCC        DRAMA        SMCLK        SMMAX        DVCCTR                      TAPCV                       
[2026-06-02 06:19:04.777433] ID                                                                                                                                 
[2026-06-02 06:19:04.780012] GPU 0     0.000        0.000        0.000        945          2100         1                           606544664667680             
[2026-06-02 06:19:04.832755] GPU 0     0.000        0.000        0.000        945          2100         1                           606544715373056             
[2026-06-02 06:19:04.885209] GPU 0     0.000        0.000        0.000        945          2100         1                           606544775037312             
[2026-06-02 06:19:04.937862] GPU 0     0.000        0.000        0.000        945          2100         1                           606544825742752             
[2026-06-02 06:19:04.990340] GPU 0     0.000        0.000        0.000        945          2100         1                           606544876516288             
[2026-06-02 06:19:05.042863] GPU 0     0.000        0.000        0.000        945          2100         1                           606544927737952             
[2026-06-02 06:19:05.095412] GPU 0     0.000        0.000        0.000        945          2100         1                           606544978284288             
[2026-06-02 06:19:05.147956] GPU 0     0.000        0.000        0.000        945          2100         1                           606545028809280             
[2026-06-02 06:19:05.200459] GPU 0     0.000        0.000        0.000        945          2100         1                           606545079336448             
[2026-06-02 06:19:05.252932] GPU 0     0.000        0.000        0.000        945          2100         1                           606545129904608             
[2026-06-02 06:19:05.305746] GPU 0     0.000        0.000        0.000        945          2100         1                           606545180446368             
[2026-06-02 06:19:05.358466] GPU 0     0.000        0.000        0.000        945          2100         1                           606545231007072             
[2026-06-02 06:19:05.411235] GPU 0     0.000        0.000        0.000        945          2100         1                           606545282072768             
[2026-06-02 06:19:05.464133] GPU 0     0.000        0.000        0.000        945          2100         1                           606545332786464             
[2026-06-02 06:19:05.514248] #Entity   SMACT        SMOCC        DRAMA        SMCLK        SMMAX        DVCCTR                      TAPCV                       
[2026-06-02 06:19:05.514358] ID                                                                                                                                 
[2026-06-02 06:19:05.516993] GPU 0     0.000        0.000        0.000        945          2100         1                           606545383391616             
[2026-06-02 06:19:05.569760] GPU 0     0.000        0.000        0.000        945          2100         1                           606545434088832             
[2026-06-02 06:19:05.622508] GPU 0     0.000        0.000        0.000        945          2100         1                           606545495478528             
[2026-06-02 06:19:05.685164] GPU 0     0.000        0.000        0.000        915          2100         1                           606545546164160             
[2026-06-02 06:19:05.737270] GPU 0     0.000        0.000        0.000        915          2100         1                           606545648571456             
[2026-06-02 06:19:05.789172] GPU 0     0.000        0.000        0.000        915          2100         1                           606545699140192             
[2026-06-02 06:19:05.841615] GPU 0     0.000        0.000        0.000        915          2100         1                           606545749649184             
[2026-06-02 06:19:05.895613] GPU 0     0.000        0.000        0.000        915          2100         1                           606545800147392             
[2026-06-02 06:19:05.947724] GPU 0     0.000        0.000        0.000        915          2100         1                           606545852369152             
[2026-06-02 06:19:05.999904] GPU 0     0.000        0.000        0.000        915          2100         1                           606545902883968             
[2026-06-02 06:19:06.051971] GPU 0     0.000        0.000        0.000        915          2100         1                           606545953430272             
[2026-06-02 06:19:06.104110] GPU 0     0.000        0.000        0.000        915          2100         1                           606546004716768             
[2026-06-02 06:19:06.156230] GPU 0     0.000        0.000        0.000        915          2100         1                           606546055209408             
[2026-06-02 06:19:06.208256] GPU 0     0.000        0.000        0.000        915          2100         1                           606546105837728             
[2026-06-02 06:19:06.258324] #Entity   SMACT        SMOCC        DRAMA        SMCLK        SMMAX        DVCCTR                      TAPCV                       
[2026-06-02 06:19:06.258396] ID                                                                                                                                 
[2026-06-02 06:19:06.260282] GPU 0     0.000        0.000        0.000        915          2100         1                           606546156334016             
[2026-06-02 06:19:06.312107] GPU 0     0.000        0.000        0.000        915          2100         1                           606546206839456             
[2026-06-02 06:19:06.363829] GPU 0     0.000        0.000        0.000        915          2100         1                           606546257391872             
[2026-06-02 06:19:06.415672] GPU 0     0.000        0.000        0.000        915          2100         1                           606546308351232             
[2026-06-02 06:19:06.467577] GPU 0     0.000        0.000        0.000        885          2100         1                           606546359633088             
[2026-06-02 06:19:06.519586] GPU 0     0.000        0.000        0.000        885          2100         1                           606546410454112             
[2026-06-02 06:19:06.571574] GPU 0     0.000        0.000        0.000        885          2100         1                           606546460981888             
[2026-06-02 06:19:06.623388] GPU 0     0.000        0.000        0.000        885          2100         1                           606546511566304             
[2026-06-02 06:19:06.675399] GPU 0     0.000        0.000        0.000        885          2100         1                           606546511566304             
[2026-06-02 06:19:06.727241] GPU 0     0.000        0.000        0.000        885          2100         1                           606546597059392             
[2026-06-02 06:19:06.779191] GPU 0     0.000        0.000        0.000        885          2100         1                           606546648322400             
[2026-06-02 06:19:06.830206] GPU 0     0.000        0.000        0.000        885          2100         1                           606546698911200             
[2026-06-02 06:19:06.881867] GPU 0     0.000        0.000        0.000        885          2100         1                           606546751587392             
[2026-06-02 06:19:06.933843] GPU 0     0.000        0.000        0.000        885          2100         1                           606546802197056             
[2026-06-02 06:19:06.984038] #Entity   SMACT        SMOCC        DRAMA        SMCLK        SMMAX        DVCCTR                      TAPCV                       
[2026-06-02 06:19:06.984166] ID                                                                                                                                 
[2026-06-02 06:19:06.986677] GPU 0     0.000        0.000        0.000        885          2100         1                           606546854195200             
[2026-06-02 06:19:07.039639] GPU 0     0.000        0.000        0.000        975          2100         1                           606546905886720             
[2026-06-02 06:19:07.092592] GPU 0     0.000        0.000        0.000        975          2100         1                           606546964152640             
[2026-06-02 06:19:07.145258] GPU 0     0.000        0.000        0.000        975          2100         1                           606547015464992             
[2026-06-02 06:19:07.198814] GPU 0     0.000        0.000        0.000        975          2100         1                           606547071065760             
[2026-06-02 06:19:07.252188] GPU 0     0.000        0.000        0.000        975          2100         0                           606547121677344             
[2026-06-02 06:19:07.305968] GPU 0     0.000        0.000        0.000        1440         2100         0                           606547131708992             
[2026-06-02 06:19:07.359619] GPU 0     0.000        0.000        0.000        1440         2100         0                           606547131708992             
[2026-06-02 06:19:07.412557] GPU 0     0.000        0.000        0.000        1440         2100         0                           606547131708992             
[2026-06-02 06:19:07.465303] GPU 0     0.000        0.000        0.000        1620         2100         0                           606547131708992             
[2026-06-02 06:19:07.518130] GPU 0     0.000        0.000        0.000        1620         2100         0                           606547131708992             
[2026-06-02 06:19:07.570790] GPU 0     0.000        0.000        0.001        1620         2100         0                           606547131708992             
[2026-06-02 06:19:07.623803] GPU 0     0.000        0.000        0.001        1620         2100         0                           606547131708992             
[2026-06-02 06:19:07.676394] GPU 0     0.000        0.000        0.001        1620         2100         0                           606547131708992             
[2026-06-02 06:19:07.726506] #Entity   SMACT        SMOCC        DRAMA        SMCLK        SMMAX        DVCCTR                      TAPCV                       
[2026-06-02 06:19:07.726617] ID                                                                                                                                 
[2026-06-02 06:19:07.729178] GPU 0     0.000        0.000        0.001        1620         2100         0                           606547131708992             
[2026-06-02 06:19:07.781935] GPU 0     0.000        0.000        0.001        1620         2100         0                           606547131708992             
[2026-06-02 06:19:07.834751] GPU 0     0.000        0.000        0.001        1620         2100         0                           606547131708992             
[2026-06-02 06:19:07.887711] GPU 0     0.000        0.000        0.001        1620         2100         0                           606547131708992             
[2026-06-02 06:19:07.940781] GPU 0     0.000        0.000        0.001        1620         2100         0                           606547131708992             
[2026-06-02 06:19:07.993774] GPU 0     0.000        0.000        0.001        1620         2100         0                           606547131708992             
[2026-06-02 06:19:08.046885] GPU 0     0.000        0.000        0.001        1620         2100         0                           606547131708992             
[2026-06-02 06:19:08.100140] GPU 0     0.000        0.000        0.001        1620         2100         0                           606547131708992             
[2026-06-02 06:19:08.153294] GPU 0     0.000        0.000        0.001        1620         2100         0                           606547131708992             
[2026-06-02 06:19:08.206342] GPU 0     0.000        0.000        0.001        1620         2100         0                           606547131708992             
[2026-06-02 06:19:08.259653] GPU 0     0.000        0.000        0.001        1620         2100         0                           606547131708992             
[2026-06-02 06:19:08.312993] GPU 0     0.000        0.000        0.001        1620         2100         0                           606547131708992             
[2026-06-02 06:19:08.366229] GPU 0     0.000        0.000        0.001        1620         2100         0                           606547131708992             
[2026-06-02 06:19:08.419349] GPU 0     0.000        0.000        0.001        1620         2100         0                           606547131708992             
[2026-06-02 06:19:08.469475] #Entity   SMACT        SMOCC        DRAMA        SMCLK        SMMAX        DVCCTR                      TAPCV                       
[2026-06-02 06:19:08.469669] ID                                                                                                                                 
[2026-06-02 06:19:08.472590] GPU 0     0.000        0.000        0.001        1620         2100         0                           606547131708992             
[2026-06-02 06:19:08.525854] GPU 0     0.000        0.000        0.001        1620         2100         0                           606547131708992             
[2026-06-02 06:19:08.579408] GPU 0     0.000        0.000        0.001        1620         2100         0                           606547131708992             
[2026-06-02 06:19:08.632656] GPU 0     0.000        0.000        0.001        1620         2100         0                           606547131708992             
[2026-06-02 06:19:08.685809] GPU 0     0.000        0.000        0.001        1620         2100         0                           606547131708992             
[2026-06-02 06:19:08.739031] GPU 0     0.000        0.000        0.001        1620         2100         0                           606547131708992             
[2026-06-02 06:19:08.792534] GPU 0     0.000        0.000        0.001        1620         2100         0                           606547131708992             
[2026-06-02 06:19:08.846316] GPU 0     0.000        0.000        0.001        1620         2100         0                           606547131708992             
[2026-06-02 06:19:08.900152] GPU 0     0.000        0.000        0.001        1620         2100         0                           606547131708992             
[2026-06-02 06:19:08.953870] GPU 0     0.000        0.000        0.001        1620         2100         0                           606547131708992             
[2026-06-02 06:19:09.007571] GPU 0     0.000        0.000        0.001        1620         2100         0                           606547131708992             
[2026-06-02 06:19:09.060992] GPU 0     0.000        0.000        0.001        1620         2100         0                           606547131708992             
[2026-06-02 06:19:09.114670] GPU 0     0.000        0.000        0.001        1620         2100         0                           606547131708992             
[2026-06-02 06:19:09.168252] GPU 0     0.000        0.000        0.001        1620         2100         0                           606547131708992             
[2026-06-02 06:19:09.218387] #Entity   SMACT        SMOCC        DRAMA        SMCLK        SMMAX        DVCCTR                      TAPCV                       
[2026-06-02 06:19:09.218543] ID                                                                                                                                 
[2026-06-02 06:19:09.221778] GPU 0     0.000        0.000        0.001        1620         2100         0                           606547131708992             
[2026-06-02 06:19:09.275067] GPU 0     0.000        0.000        0.001        1440         2100         0                           606547131708992             
[2026-06-02 06:19:09.328566] GPU 0     0.000        0.000        0.001        1440         2100         0                           606547131708992             
[2026-06-02 06:19:09.382004] GPU 0     0.000        0.000        0.000        1440         2100         0                           606547131708992             
[2026-06-02 06:19:09.435385] GPU 0     0.000        0.000        0.001        1440         2100         0                           606547131708992             
[2026-06-02 06:19:09.488760] GPU 0     0.000        0.000        0.001        1440         2100         0                           606547131708992             
[2026-06-02 06:19:09.542250] GPU 0     0.000        0.000        0.001        1440         2100         0                           606547131708992             
[2026-06-02 06:19:09.595945] GPU 0     0.000        0.000        0.001        1440         2100         0                           606547131708992             
[2026-06-02 06:19:09.649328] GPU 0     0.000        0.000        0.001        1440         2100         0                           606547131708992             
[2026-06-02 06:19:09.702428] GPU 0     0.000        0.000        0.001        1440         2100         0                           606547131708992             
[2026-06-02 06:19:09.755298] GPU 0     0.000        0.000        0.001        1440         2100         0                           606547131708992             
[2026-06-02 06:19:09.808192] GPU 0     0.000        0.000        0.001        1440         2100         0                           606547131708992             
[2026-06-02 06:19:09.861287] GPU 0     0.000        0.000        0.001        1440         2100         0                           606547131708992             
[2026-06-02 06:19:09.914454] GPU 0     0.000        0.000        0.000        1440         2100         0                           606547131708992             
[2026-06-02 06:19:09.964608] #Entity   SMACT        SMOCC        DRAMA        SMCLK        SMMAX        DVCCTR                      TAPCV                       
[2026-06-02 06:19:09.964760] ID                                                                                                                                 
[2026-06-02 06:19:09.967510] GPU 0     0.000        0.000        0.001        1440         2100         0                           606547131708992             
[2026-06-02 06:19:10.020703] GPU 0     0.000        0.000        0.001        1440         2100         0                           606547131708992             
[2026-06-02 06:19:10.073615] GPU 0     0.000        0.000        0.001        1440         2100         0                           606547131708992             
[2026-06-02 06:19:10.126560] GPU 0     0.000        0.000        0.001        1440         2100         0                           606547131708992             
[2026-06-02 06:19:10.179646] GPU 0     0.000        0.000        0.001        1440         2100         0                           606547131708992             
[2026-06-02 06:19:10.232530] GPU 0     0.000        0.000        0.001        1440         2100         0                           606547131708992             
[2026-06-02 06:19:10.285255] GPU 0     0.000        0.000        0.001        1440         2100         0                           606547131708992             
[2026-06-02 06:19:10.338026] GPU 0     0.000        0.000        0.001        1440         2100         0                           606547131708992             
[2026-06-02 06:19:10.390842] GPU 0     0.000        0.000        0.001        1440         2100         0                           606547131708992             
[2026-06-02 06:19:10.443964] GPU 0     0.000        0.000        0.001        1440         2100         0                           606547131708992             
[2026-06-02 06:19:10.496928] GPU 0     0.000        0.000        0.001        1440         2100         0                           606547131708992             
[2026-06-02 06:19:10.549979] GPU 0     0.000        0.000        0.001        1440         2100         0                           606547131708992             
[2026-06-02 06:19:10.602877] GPU 0     0.000        0.000        0.001        1440         2100         0                           606547131708992             
[2026-06-02 06:19:10.662431] GPU 0     0.000        0.000        0.001        1440         2100         0                           606547131708992             
[2026-06-02 06:19:10.712568] #Entity   SMACT        SMOCC        DRAMA        SMCLK        SMMAX        DVCCTR                      TAPCV                       
[2026-06-02 06:19:10.712695] ID                                                                                                                                 
[2026-06-02 06:19:10.715357] GPU 0     0.000        0.000        0.001        1440         2100         0                           606547131708992             
[2026-06-02 06:19:10.768364] GPU 0     0.000        0.000        0.001        1440         2100         0                           606547131708992             
[2026-06-02 06:19:10.821216] GPU 0     0.000        0.000        0.001        1440         2100         0                           606547131708992             
[2026-06-02 06:19:10.874185] GPU 0     0.000        0.000        0.001        1440         2100         0                           606547131708992             
[2026-06-02 06:19:10.927166] GPU 0     0.000        0.000        0.001        1440         2100         0                           606547131708992             
[2026-06-02 06:19:10.980099] GPU 0     0.000        0.000        0.001        1440         2100         0                           606547131708992             
[2026-06-02 06:19:11.033203] GPU 0     0.000        0.000        0.001        1440         2100         0                           606547131708992             
[2026-06-02 06:19:11.086191] GPU 0     0.000        0.000        0.000        1440         2100         0                           606547131708992             
[2026-06-02 06:19:11.139115] GPU 0     0.000        0.000        0.001        1440         2100         0                           606547131708992             
[2026-06-02 06:19:11.192308] GPU 0     0.000        0.000        0.001        1440         2100         0                           606547131708992             
[2026-06-02 06:19:11.245357] GPU 0     0.000        0.000        0.001        1440         2100         0                           606547131708992             
[2026-06-02 06:19:11.298374] GPU 0     0.000        0.000        0.001        1440         2100         0                           606547131708992             
[2026-06-02 06:19:11.351197] GPU 0     0.000        0.000        0.000        1440         2100         0                           606547131708992             
[2026-06-02 06:19:11.404099] GPU 0     0.000        0.000        0.001        1440         2100         0                           606547131708992             
[2026-06-02 06:19:11.454238] #Entity   SMACT        SMOCC        DRAMA        SMCLK        SMMAX        DVCCTR                      TAPCV                       
[2026-06-02 06:19:11.454384] ID                                                                                                                                 
[2026-06-02 06:19:11.457020] GPU 0     0.000        0.000        0.001        1440         2100         0                           606547131708992             
[2026-06-02 06:19:11.510017] GPU 0     0.000        0.000        0.001        1440         2100         0                           606547131708992             
[2026-06-02 06:19:11.562999] GPU 0     0.000        0.000        0.001        1440         2100         0                           606547131708992             
[2026-06-02 06:19:11.615960] GPU 0     0.000        0.000        0.001        1440         2100         0                           606547131708992             
[2026-06-02 06:19:11.669249] GPU 0     0.000        0.000        0.001        1440         2100         0                           606547131708992             
[2026-06-02 06:19:11.722217] GPU 0     0.000        0.000        0.001        1440         2100         0                           606547131708992             
[2026-06-02 06:19:11.775499] GPU 0     0.000        0.000        0.001        1440         2100         0                           606547131708992             
[2026-06-02 06:19:11.828688] GPU 0     0.000        0.000        0.000        1440         2100         0                           606547131708992             
[2026-06-02 06:19:11.882127] GPU 0     0.000        0.000        0.001        1440         2100         0                           606547131708992             
[2026-06-02 06:19:11.935458] GPU 0     0.000        0.000        0.000        1440         2100         0                           606547131708992             
[2026-06-02 06:19:11.988830] GPU 0     0.000        0.000        0.001        1440         2100         0                           606547131708992             
[2026-06-02 06:19:12.042224] GPU 0     0.000        0.000        0.001        1440         2100         0                           606547131708992             
[2026-06-02 06:19:12.095534] GPU 0     0.000        0.000        0.001        1440         2100         0                           606547131708992             
[2026-06-02 06:19:12.148943] GPU 0     0.000        0.000        0.001        1440         2100         0                           606547131708992             
[2026-06-02 06:19:12.199145] #Entity   SMACT        SMOCC        DRAMA        SMCLK        SMMAX        DVCCTR                      TAPCV                       
[2026-06-02 06:19:12.199301] ID                                                                                                                                 
[2026-06-02 06:19:12.202441] GPU 0     0.000        0.000        0.001        1440         2100         0                           606547131708992             
[2026-06-02 06:19:12.255819] GPU 0     0.000        0.000        0.001        1440         2100         0                           606547131708992             
[2026-06-02 06:19:12.308858] GPU 0     0.000        0.000        0.001        1440         2100         0                           606547131708992             
[2026-06-02 06:19:12.362135] GPU 0     0.000        0.000        0.001        1440         2100         0                           606547131708992             
[2026-06-02 06:19:12.415366] GPU 0     0.000        0.000        0.000        1440         2100         0                           606547131708992             
[2026-06-02 06:19:12.468798] GPU 0     0.000        0.000        0.001        1440         2100         0                           606547131708992             
[2026-06-02 06:19:12.522353] GPU 0     0.000        0.000        0.000        1440         2100         0                           606547131708992             
[2026-06-02 06:19:12.575797] GPU 0     0.000        0.000        0.001        1440         2100         0                           606547131708992             
[2026-06-02 06:19:12.629013] GPU 0     0.000        0.000        0.000        1440         2100         0                           606547131708992             
[2026-06-02 06:19:12.682214] GPU 0     0.000        0.000        0.000        1440         2100         0                           606547131708992             
[2026-06-02 06:19:12.735334] GPU 0     0.000        0.000        0.001        1440         2100         0                           606547131708992             
[2026-06-02 06:19:12.788559] GPU 0     0.000        0.000        0.001        1440         2100         0                           606547131708992             
[2026-06-02 06:19:12.842086] GPU 0     0.000        0.000        0.001        1440         2100         0                           606547131708992             
[2026-06-02 06:19:12.894978] GPU 0     0.000        0.000        0.001        1440         2100         0                           606547131708992             
[2026-06-02 06:19:12.945158] #Entity   SMACT        SMOCC        DRAMA        SMCLK        SMMAX        DVCCTR                      TAPCV                       
[2026-06-02 06:19:12.945295] ID                                                                                                                                 
[2026-06-02 06:19:12.947662] GPU 0     0.000        0.000        0.001        1440         2100         0                           606547131708992             
[2026-06-02 06:19:13.000627] GPU 0     0.000        0.000        0.001        1440         2100         0                           606547131708992             
[2026-06-02 06:19:13.053519] GPU 0     0.000        0.000        0.000        1440         2100         0                           606547131708992             
[2026-06-02 06:19:13.106523] GPU 0     0.000        0.000        0.001        1440         2100         0                           606547131708992             
[2026-06-02 06:19:13.159414] GPU 0     0.000        0.000        0.000        1440         2100         0                           606547131708992             
[2026-06-02 06:19:13.212629] GPU 0     0.000        0.000        0.001        1440         2100         0                           606547131708992             
[2026-06-02 06:19:13.265757] GPU 0     0.000        0.000        0.001        1440         2100         0                           606547131708992             
[2026-06-02 06:19:13.318872] GPU 0     0.000        0.000        0.001        1440         2100         0                           606547131708992             
[2026-06-02 06:19:13.371728] GPU 0     0.000        0.000        0.001        1440         2100         0                           606547131708992             
[2026-06-02 06:19:13.424790] GPU 0     0.000        0.000        0.001        1440         2100         0                           606547131708992             
[2026-06-02 06:19:13.477942] GPU 0     0.000        0.000        0.001        1440         2100         0                           606547131708992             
[2026-06-02 06:19:13.531211] GPU 0     0.000        0.000        0.001        1440         2100         0                           606547131708992             
[2026-06-02 06:19:13.584619] GPU 0     0.000        0.000        0.001        1440         2100         0                           606547131708992             
[2026-06-02 06:19:13.637636] GPU 0     0.000        0.000        0.000        1440         2100         0                           606547131708992             
[2026-06-02 06:19:13.687850] #Entity   SMACT        SMOCC        DRAMA        SMCLK        SMMAX        DVCCTR                      TAPCV                       
[2026-06-02 06:19:13.687999] ID                                                                                                                                 
[2026-06-02 06:19:13.691169] GPU 0     0.000        0.000        0.001        1440         2100         0                           606547131708992             
[2026-06-02 06:19:13.744318] GPU 0     0.000        0.000        0.000        1440         2100         0                           606547131708992             
[2026-06-02 06:19:13.797436] GPU 0     0.000        0.000        0.000        1440         2100         0                           606547131708992             
[2026-06-02 06:19:13.850438] GPU 0     0.000        0.000        0.000        1440         2100         0                           606547131708992             
[2026-06-02 06:19:13.903855] GPU 0     0.000        0.000        0.001        1440         2100         0                           606547131708992             
[2026-06-02 06:19:13.956786] GPU 0     0.000        0.000        0.001        1440         2100         0                           606547131708992             
[2026-06-02 06:19:14.009746] GPU 0     0.000        0.000        0.001        1440         2100         0                           606547131708992             
[2026-06-02 06:19:14.062522] GPU 0     0.000        0.000        0.001        1440         2100         0                           606547131708992             
[2026-06-02 06:19:14.115285] GPU 0     0.000        0.000        0.001        1440         2100         0                           606547131708992             
[2026-06-02 06:19:14.173405] GPU 0     0.000        0.000        0.001        1440         2100         0                           606547131708992             
[2026-06-02 06:19:14.226157] GPU 0     0.000        0.000        0.001        1440         2100         0                           606547131708992             
[2026-06-02 06:19:14.279294] GPU 0     0.000        0.000        0.001        1440         2100         0                           606547131708992             
[2026-06-02 06:19:14.332301] GPU 0     0.000        0.000        0.001        1440         2100         0                           606547131708992             
[2026-06-02 06:19:14.385374] GPU 0     0.000        0.000        0.001        1440         2100         0                           606547131708992             
[2026-06-02 06:19:14.435484] #Entity   SMACT        SMOCC        DRAMA        SMCLK        SMMAX        DVCCTR                      TAPCV                       
[2026-06-02 06:19:14.435633] ID                                                                                                                                 
[2026-06-02 06:19:14.438548] GPU 0     0.000        0.000        0.000        1440         2100         0                           606547131708992             
[2026-06-02 06:19:14.491753] GPU 0     0.000        0.000        0.001        1440         2100         0                           606547131708992             
[2026-06-02 06:19:14.544794] GPU 0     0.000        0.000        0.001        1440         2100         0                           606547131708992             
[2026-06-02 06:19:14.597762] GPU 0     0.000        0.000        0.001        1440         2100         0                           606547131708992             
[2026-06-02 06:19:14.651047] GPU 0     0.000        0.000        0.001        1440         2100         0                           606547131708992             
[2026-06-02 06:19:14.704324] GPU 0     0.000        0.000        0.001        1440         2100         0                           606547131708992             
[2026-06-02 06:19:14.757567] GPU 0     0.000        0.000        0.001        1440         2100         0                           606547131708992             
[2026-06-02 06:19:14.810376] GPU 0     0.000        0.000        0.001        1440         2100         0                           606547131708992             
[2026-06-02 06:19:14.863217] GPU 0     0.000        0.000        0.001        1440         2100         0                           606547131708992             
[2026-06-02 06:19:14.916250] GPU 0     0.000        0.000        0.001        1440         2100         0                           606547131708992             
[2026-06-02 06:19:14.969297] GPU 0     0.000        0.000        0.001        1440         2100         0                           606547131708992             
[2026-06-02 06:19:15.022434] GPU 0     0.000        0.000        0.001        1440         2100         0                           606547131708992             
[2026-06-02 06:19:15.075276] GPU 0     0.000        0.000        0.001        1440         2100         0                           606547131708992             
[2026-06-02 06:19:15.128210] GPU 0     0.000        0.000        0.001        1440         2100         0                           606547131708992             
[2026-06-02 06:19:15.178367] #Entity   SMACT        SMOCC        DRAMA        SMCLK        SMMAX        DVCCTR                      TAPCV                       
[2026-06-02 06:19:15.178512] ID                                                                                                                                 
[2026-06-02 06:19:15.181043] GPU 0     0.000        0.000        0.001        1440         2100         0                           606547131708992             
[2026-06-02 06:19:15.234047] GPU 0     0.000        0.000        0.001        1440         2100         0                           606547131708992             
[2026-06-02 06:19:15.287248] GPU 0     0.000        0.000        0.000        1440         2100         0                           606547131708992             
[2026-06-02 06:19:15.340493] GPU 0     0.000        0.000        0.001        1440         2100         0                           606547131708992             
[2026-06-02 06:19:15.393624] GPU 0     0.000        0.000        0.001        1440         2100         0                           606547131708992             
[2026-06-02 06:19:15.446956] GPU 0     0.000        0.000        0.001        1440         2100         0                           606547131708992             
[2026-06-02 06:19:15.500195] GPU 0     0.000        0.000        0.001        1440         2100         0                           606547131708992             
[2026-06-02 06:19:15.553461] GPU 0     0.000        0.000        0.000        1440         2100         0                           606547131708992             
[2026-06-02 06:19:15.606971] GPU 0     0.000        0.000        0.001        1440         2100         0                           606547131708992             
[2026-06-02 06:19:15.660699] GPU 0     0.000        0.000        0.001        1440         2100         0                           606547131708992             
[2026-06-02 06:19:15.714474] GPU 0     0.000        0.000        0.001        1440         2100         0                           606547131708992             
[2026-06-02 06:19:15.768114] GPU 0     0.000        0.000        0.001        1440         2100         0                           606547131708992             
[2026-06-02 06:19:15.821517] GPU 0     0.000        0.000        0.001        1440         2100         0                           606547131708992             
[2026-06-02 06:19:15.874775] GPU 0     0.000        0.000        0.001        1440         2100         0                           606547131708992             
[2026-06-02 06:19:15.924930] #Entity   SMACT        SMOCC        DRAMA        SMCLK        SMMAX        DVCCTR                      TAPCV                       
[2026-06-02 06:19:15.925059] ID                                                                                                                                 
[2026-06-02 06:19:15.928110] GPU 0     0.000        0.000        0.001        1440         2100         0                           606547131708992             
[2026-06-02 06:19:15.981668] GPU 0     0.000        0.000        0.001        1440         2100         0                           606547131708992             
[2026-06-02 06:19:16.035312] GPU 0     0.000        0.000        0.001        1440         2100         0                           606547131708992             
[2026-06-02 06:19:16.089001] GPU 0     0.000        0.000        0.001        1440         2100         0                           606547131708992             
[2026-06-02 06:19:16.142587] GPU 0     0.000        0.000        0.001        1440         2100         0                           606547131708992             
[2026-06-02 06:19:16.195893] GPU 0     0.000        0.000        0.001        1440         2100         0                           606547131708992             
[2026-06-02 06:19:16.249098] GPU 0     0.000        0.000        0.001        1440         2100         0                           606547131708992             
[2026-06-02 06:19:16.302469] GPU 0     0.000        0.000        0.001        1440         2100         0                           606547131708992             
[2026-06-02 06:19:16.355423] GPU 0     0.000        0.000        0.001        1440         2100         0                           606547131708992             
[2026-06-02 06:19:16.408322] GPU 0     0.000        0.000        0.001        1440         2100         0                           606547131708992             
[2026-06-02 06:19:16.461107] GPU 0     0.000        0.000        0.001        1440         2100         0                           606547131708992             
[2026-06-02 06:19:16.514166] GPU 0     0.000        0.000        0.001        1440         2100         0                           606547131708992             
[2026-06-02 06:19:16.567124] GPU 0     0.000        0.000        0.001        1440         2100         0                           606547131708992             
[2026-06-02 06:19:16.620090] GPU 0     0.000        0.000        0.000        1440         2100         0                           606547131708992             
[2026-06-02 06:19:16.670294] #Entity   SMACT        SMOCC        DRAMA        SMCLK        SMMAX        DVCCTR                      TAPCV                       
[2026-06-02 06:19:16.670447] ID                                                                                                                                 
[2026-06-02 06:19:16.673223] GPU 0     0.000        0.000        0.001        1440         2100         0                           606547131708992             
[2026-06-02 06:19:16.726483] GPU 0     0.000        0.000        0.001        1440         2100         0                           606547131708992             
[2026-06-02 06:19:16.779742] GPU 0     0.000        0.000        0.001        1440         2100         0                           606547131708992             
[2026-06-02 06:19:16.832932] GPU 0     0.000        0.000        0.001        1440         2100         0                           606547131708992             
[2026-06-02 06:19:16.886242] GPU 0     0.000        0.000        0.001        1440         2100         0                           606547131708992             
[2026-06-02 06:19:16.939261] GPU 0     0.000        0.000        0.001        1440         2100         0                           606547131708992             
[2026-06-02 06:19:16.992437] GPU 0     0.000        0.000        0.001        1440         2100         0                           606547131708992             
[2026-06-02 06:19:17.045603] GPU 0     0.000        0.000        0.001        1440         2100         0                           606547131708992             
[2026-06-02 06:19:17.098825] GPU 0     0.000        0.000        0.000        1440         2100         0                           606547131708992             
[2026-06-02 06:19:17.152118] GPU 0     0.000        0.000        0.001        1440         2100         0                           606547131708992             
[2026-06-02 06:19:17.204923] GPU 0     0.000        0.000        0.001        1440         2100         0                           606547131708992             
[2026-06-02 06:19:17.257985] GPU 0     0.000        0.000        0.001        1440         2100         0                           606547131708992             
[2026-06-02 06:19:17.311116] GPU 0     0.000        0.000        0.000        1440         2100         0                           606547131708992             
[2026-06-02 06:19:17.363859] GPU 0     0.000        0.000        0.001        1440         2100         0                           606547131708992             
[2026-06-02 06:19:17.414002] #Entity   SMACT        SMOCC        DRAMA        SMCLK        SMMAX        DVCCTR                      TAPCV                       
[2026-06-02 06:19:17.414144] ID                                                                                                                                 
[2026-06-02 06:19:17.416836] GPU 0     0.000        0.000        0.000        1440         2100         0                           606547131708992             
[2026-06-02 06:19:17.469873] GPU 0     0.000        0.000        0.001        1440         2100         0                           606547131708992             
[2026-06-02 06:19:17.523051] GPU 0     0.000        0.000        0.001        1440         2100         0                           606547131708992             
[2026-06-02 06:19:17.576265] GPU 0     0.000        0.000        0.000        1440         2100         0                           606547131708992             
[2026-06-02 06:19:17.629461] GPU 0     0.000        0.000        0.001        1440         2100         0                           606547131708992             
[2026-06-02 06:19:17.682483] GPU 0     0.000        0.000        0.001        1440         2100         0                           606547131708992             
[2026-06-02 06:19:17.735438] GPU 0     0.000        0.000        0.001        1440         2100         0                           606547131708992             
[2026-06-02 06:19:17.788494] GPU 0     0.000        0.000        0.001        1440         2100         0                           606547131708992             
[2026-06-02 06:19:17.841476] GPU 0     0.000        0.000        0.000        1440         2100         0                           606547131708992             
[2026-06-02 06:19:17.894504] GPU 0     0.000        0.000        0.001        1440         2100         0                           606547131708992             
[2026-06-02 06:19:17.947616] GPU 0     0.000        0.000        0.001        1440         2100         0                           606547131708992             
[2026-06-02 06:19:18.000513] GPU 0     0.000        0.000        0.001        1440         2100         0                           606547131708992             
[2026-06-02 06:19:18.053492] GPU 0     0.000        0.000        0.001        1440         2100         0                           606547131708992             
[2026-06-02 06:19:18.106592] GPU 0     0.000        0.000        0.001        1440         2100         0                           606547131708992             
[2026-06-02 06:19:18.156737] #Entity   SMACT        SMOCC        DRAMA        SMCLK        SMMAX        DVCCTR                      TAPCV                       
[2026-06-02 06:19:18.156897] ID                                                                                                                                 
[2026-06-02 06:19:18.159261] GPU 0     0.000        0.000        0.001        1440         2100         0                           606547131708992             
[2026-06-02 06:19:18.212092] GPU 0     0.000        0.000        0.001        1440         2100         0                           606547131708992             
[2026-06-02 06:19:18.265018] GPU 0     0.000        0.000        0.001        1440         2100         0                           606547131708992             
[2026-06-02 06:19:18.317872] GPU 0     0.000        0.000        0.000        1440         2100         0                           606547131708992             
[2026-06-02 06:19:18.370793] GPU 0     0.000        0.000        0.001        1440         2100         0                           606547131708992             
[2026-06-02 06:19:18.423750] GPU 0     0.000        0.000        0.001        1440         2100         0                           606547131708992             
[2026-06-02 06:19:18.476723] GPU 0     0.000        0.000        0.001        1440         2100         0                           606547131708992             
[2026-06-02 06:19:18.529667] GPU 0     0.000        0.000        0.001        1440         2100         0                           606547131708992             
[2026-06-02 06:19:18.582632] GPU 0     0.000        0.000        0.001        1440         2100         0                           606547131708992             
[2026-06-02 06:19:18.635835] GPU 0     0.000        0.000        0.001        1440         2100         0                           606547131708992             
[2026-06-02 06:19:18.688887] GPU 0     0.000        0.000        0.001        1440         2100         0                           606547131708992             
[2026-06-02 06:19:18.741929] GPU 0     0.000        0.000        0.001        1440         2100         0                           606547131708992             
[2026-06-02 06:19:18.794893] GPU 0     0.000        0.000        0.001        1440         2100         0                           606547131708992             
[2026-06-02 06:19:18.848087] GPU 0     0.000        0.000        0.000        1440         2100         0                           606547131708992             
[2026-06-02 06:19:18.898284] #Entity   SMACT        SMOCC        DRAMA        SMCLK        SMMAX        DVCCTR                      TAPCV                       
[2026-06-02 06:19:18.898430] ID                                                                                                                                 
[2026-06-02 06:19:18.901387] GPU 0     0.000        0.000        0.000        1440         2100         0                           606547131708992             
[2026-06-02 06:19:18.954780] GPU 0     0.000        0.000        0.001        1440         2100         0                           606547131708992             
[2026-06-02 06:19:19.008290] GPU 0     0.000        0.000        0.000        1440         2100         0                           606547131708992             
[2026-06-02 06:19:19.061201] GPU 0     0.000        0.000        0.001        1440         2100         0                           606547131708992             
[2026-06-02 06:19:19.114341] GPU 0     0.000        0.000        0.001        1440         2100         0                           606547131708992             
[2026-06-02 06:19:19.172486] GPU 0     0.000        0.000        0.000        1440         2100         0                           606547131708992             
[2026-06-02 06:19:19.225482] GPU 0     0.000        0.000        0.001        1440         2100         0                           606547131708992             
[2026-06-02 06:19:19.278310] GPU 0     0.000        0.000        0.001        1440         2100         0                           606547131708992             
[2026-06-02 06:19:19.331367] GPU 0     0.000        0.000        0.000        1440         2100         0                           606547131708992             
[2026-06-02 06:19:19.384282] GPU 0     0.000        0.000        0.001        1440         2100         0                           606547131708992             
[2026-06-02 06:19:19.437308] GPU 0     0.000        0.000        0.001        1440         2100         0                           606547131708992             
[2026-06-02 06:19:19.490095] GPU 0     0.000        0.000        0.001        1440         2100         0                           606547131708992             
[2026-06-02 06:19:19.543134] GPU 0     0.000        0.000        0.000        1440         2100         0                           606547131708992             
[2026-06-02 06:19:19.596094] GPU 0     0.000        0.000        0.001        1440         2100         0                           606547131708992             
[2026-06-02 06:19:19.646309] #Entity   SMACT        SMOCC        DRAMA        SMCLK        SMMAX        DVCCTR                      TAPCV                       
[2026-06-02 06:19:19.646462] ID                                                                                                                                 
[2026-06-02 06:19:19.649375] GPU 0     0.000        0.000        0.000        1440         2100         0                           606547131708992             
[2026-06-02 06:19:19.702713] GPU 0     0.000        0.000        0.001        1440         2100         0                           606547131708992             
[2026-06-02 06:19:19.755831] GPU 0     0.000        0.000        0.001        1440         2100         0                           606547131708992             
[2026-06-02 06:19:19.808965] GPU 0     0.000        0.000        0.001        1440         2100         0                           606547131708992             
[2026-06-02 06:19:19.862500] GPU 0     0.000        0.000        0.001        1440         2100         0                           606547131708992             
[2026-06-02 06:19:19.915937] GPU 0     0.000        0.000        0.001        1440         2100         0                           606547131708992             
[2026-06-02 06:19:19.969228] GPU 0     0.000        0.000        0.001        1440         2100         0                           606547131708992             
[2026-06-02 06:19:20.022598] GPU 0     0.000        0.000        0.000        1440         2100         0                           606547131708992             
[2026-06-02 06:19:20.075974] GPU 0     0.000        0.000        0.000        1440         2100         0                           606547131708992             
[2026-06-02 06:19:20.129297] GPU 0     0.000        0.000        0.001        1440         2100         0                           606547131708992             
[2026-06-02 06:19:20.182662] GPU 0     0.000        0.000        0.000        1440         2100         0                           606547131708992             
[2026-06-02 06:19:20.235671] GPU 0     0.000        0.000        0.001        1440         2100         0                           606547131708992             
[2026-06-02 06:19:20.288832] GPU 0     0.000        0.000        0.001        1440         2100         0                           606547131708992             
[2026-06-02 06:19:20.342082] GPU 0     0.000        0.000        0.001        1440         2100         0                           606547131708992             
[2026-06-02 06:19:20.392295] #Entity   SMACT        SMOCC        DRAMA        SMCLK        SMMAX        DVCCTR                      TAPCV                       
[2026-06-02 06:19:20.392450] ID                                                                                                                                 
[2026-06-02 06:19:20.395501] GPU 0     0.000        0.000        0.001        1440         2100         0                           606547131708992             
[2026-06-02 06:19:20.448477] GPU 0     0.000        0.000        0.001        1440         2100         0                           606547131708992             
[2026-06-02 06:19:20.501450] GPU 0     0.000        0.000        0.001        1440         2100         0                           606547131708992             
[2026-06-02 06:19:20.554564] GPU 0     0.000        0.000        0.000        1440         2100         0                           606547131708992             
[2026-06-02 06:19:20.607750] GPU 0     0.000        0.000        0.000        1440         2100         0                           606547131708992             
[2026-06-02 06:19:20.660819] GPU 0     0.000        0.000        0.000        1440         2100         0                           606547131708992             
[2026-06-02 06:19:20.714179] GPU 0     0.000        0.000        0.001        1440         2100         0                           606547131708992             
[2026-06-02 06:19:20.767588] GPU 0     0.000        0.000        0.001        1440         2100         0                           606547131708992             
[2026-06-02 06:19:20.820804] GPU 0     0.000        0.000        0.001        1440         2100         0                           606547131708992             
[2026-06-02 06:19:20.874043] GPU 0     0.000        0.000        0.001        1440         2100         0                           606547131708992             
[2026-06-02 06:19:20.927215] GPU 0     0.000        0.000        0.001        1440         2100         0                           606547131708992             
[2026-06-02 06:19:20.980359] GPU 0     0.000        0.000        0.001        1440         2100         0                           606547131708992             
[2026-06-02 06:19:21.033465] GPU 0     0.000        0.000        0.000        1440         2100         0                           606547131708992             
[2026-06-02 06:19:21.086339] GPU 0     0.000        0.000        0.001        1440         2100         0                           606547131708992             
[2026-06-02 06:19:21.136383] #Entity   SMACT        SMOCC        DRAMA        SMCLK        SMMAX        DVCCTR                      TAPCV                       
[2026-06-02 06:19:21.136526] ID                                                                                                                                 
[2026-06-02 06:19:21.139039] GPU 0     0.000        0.000        0.001        1440         2100         0                           606547131708992             
[2026-06-02 06:19:21.191852] GPU 0     0.000        0.000        0.001        1440         2100         0                           606547131708992             
[2026-06-02 06:19:21.244649] GPU 0     0.000        0.000        0.001        1440         2100         0                           606547131708992             
[2026-06-02 06:19:21.297429] GPU 0     0.000        0.000        0.001        1440         2100         0                           606547131708992             
[2026-06-02 06:19:21.350260] GPU 0     0.000        0.000        0.001        1440         2100         0                           606547131708992             
[2026-06-02 06:19:21.403191] GPU 0     0.000        0.000        0.001        1440         2100         0                           606547131708992             
[2026-06-02 06:19:21.455877] GPU 0     0.000        0.000        0.001        1440         2100         0                           606547131708992             
[2026-06-02 06:19:21.508664] GPU 0     0.000        0.000        0.001        1440         2100         0                           606547131708992             
[2026-06-02 06:19:21.561391] GPU 0     0.000        0.000        0.001        1440         2100         0                           606547131708992             
[2026-06-02 06:19:21.614296] GPU 0     0.000        0.000        0.001        1440         2100         0                           606547131708992             
[2026-06-02 06:19:21.667470] GPU 0     0.000        0.000        0.000        1440         2100         0                           606547131708992             
[2026-06-02 06:19:21.720537] GPU 0     0.000        0.000        0.001        1440         2100         0                           606547131708992             
[2026-06-02 06:19:21.773381] GPU 0     0.000        0.000        0.000        1440         2100         0                           606547131708992             
[2026-06-02 06:19:21.826162] GPU 0     0.000        0.000        0.000        1440         2100         0                           606547131708992             
[2026-06-02 06:19:21.876321] #Entity   SMACT        SMOCC        DRAMA        SMCLK        SMMAX        DVCCTR                      TAPCV                       
[2026-06-02 06:19:21.876481] ID                                                                                                                                 
[2026-06-02 06:19:21.878949] GPU 0     0.000        0.000        0.000        1440         2100         0                           606547131708992             
[2026-06-02 06:19:21.931924] GPU 0     0.000        0.000        0.001        1440         2100         0                           606547131708992             
[2026-06-02 06:19:21.984801] GPU 0     0.000        0.000        0.001        1440         2100         0                           606547131708992             
[2026-06-02 06:19:22.037778] GPU 0     0.000        0.000        0.001        1440         2100         0                           606547131708992             
[2026-06-02 06:19:22.090710] GPU 0     0.000        0.000        0.001        1440         2100         0                           606547131708992             
[2026-06-02 06:19:22.143758] GPU 0     0.000        0.000        0.001        1440         2100         0                           606547131708992             
[2026-06-02 06:19:22.197095] GPU 0     0.000        0.000        0.001        1440         2100         0                           606547131708992             
[2026-06-02 06:19:22.250315] GPU 0     0.000        0.000        0.001        1440         2100         0                           606547131708992             
[2026-06-02 06:19:22.303329] GPU 0     0.000        0.000        0.001        1440         2100         0                           606547131708992             
[2026-06-02 06:19:22.356471] GPU 0     0.000        0.000        0.001        1440         2100         0                           606547131708992             
[2026-06-02 06:19:22.410177] GPU 0     0.000        0.000        0.000        1440         2100         0                           606547131708992             
[2026-06-02 06:19:22.463612] GPU 0     0.000        0.000        0.001        1440         2100         0                           606547131708992             
[2026-06-02 06:19:22.517257] GPU 0     0.000        0.000        0.001        1440         2100         0                           606547131708992             
[2026-06-02 06:19:22.570778] GPU 0     0.000        0.000        0.001        1440         2100         0                           606547131708992             
[2026-06-02 06:19:22.620927] #Entity   SMACT        SMOCC        DRAMA        SMCLK        SMMAX        DVCCTR                      TAPCV                       
[2026-06-02 06:19:22.621108] ID                                                                                                                                 
[2026-06-02 06:19:22.624483] GPU 0     0.000        0.000        0.000        1440         2100         0                           606547131708992             
[2026-06-02 06:19:22.678099] GPU 0     0.000        0.000        0.000        1440         2100         0                           606547131708992             
[2026-06-02 06:19:22.731304] GPU 0     0.000        0.000        0.001        1440         2100         0                           606547131708992             
[2026-06-02 06:19:22.784739] GPU 0     0.000        0.000        0.001        1440         2100         0                           606547131708992             
[2026-06-02 06:19:22.838477] GPU 0     0.000        0.000        0.000        1440         2100         0                           606547131708992             
[2026-06-02 06:19:22.892339] GPU 0     0.000        0.000        0.000        1440         2100         0                           606547131708992             
[2026-06-02 06:19:22.945837] GPU 0     0.000        0.000        0.001        1440         2100         0                           606547131708992             
[2026-06-02 06:19:22.999357] GPU 0     0.000        0.000        0.001        1440         2100         0                           606547131708992             
[2026-06-02 06:19:23.053350] GPU 0     0.000        0.000        0.000        1440         2100         0                           606547131708992             
[2026-06-02 06:19:23.107150] GPU 0     0.000        0.000        0.001        1440         2100         0                           606547131708992             
[2026-06-02 06:19:23.160664] GPU 0     0.000        0.000        0.001        1440         2100         0                           606547131708992             
[2026-06-02 06:19:23.213830] GPU 0     0.000        0.000        0.001        1440         2100         0                           606547131708992             
[2026-06-02 06:19:23.267164] GPU 0     0.000        0.000        0.001        1440         2100         0                           606547131708992             
[2026-06-02 06:19:23.320409] GPU 0     0.000        0.000        0.000        1440         2100         0                           606547131708992             
[2026-06-02 06:19:23.370555] #Entity   SMACT        SMOCC        DRAMA        SMCLK        SMMAX        DVCCTR                      TAPCV                       
[2026-06-02 06:19:23.370700] ID                                                                                                                                 
[2026-06-02 06:19:23.373352] GPU 0     0.000        0.000        0.000        1440         2100         0                           606547131708992             
[2026-06-02 06:19:23.426421] GPU 0     0.000        0.000        0.001        1440         2100         0                           606547131708992             
[2026-06-02 06:19:23.479485] GPU 0     0.000        0.000        0.001        1440         2100         0                           606547131708992             
[2026-06-02 06:19:23.532529] GPU 0     0.000        0.000        0.001        1440         2100         0                           606547131708992             
[2026-06-02 06:19:23.585490] GPU 0     0.000        0.000        0.001        1440         2100         0                           606547131708992             
[2026-06-02 06:19:23.638546] GPU 0     0.000        0.000        0.001        1440         2100         0                           606547131708992             
[2026-06-02 06:19:23.691530] GPU 0     0.000        0.000        0.001        1440         2100         0                           606547131708992             
[2026-06-02 06:19:23.744520] GPU 0     0.000        0.000        0.001        1440         2100         0                           606547131708992             
[2026-06-02 06:19:23.797513] GPU 0     0.000        0.000        0.001        1440         2100         0                           606547131708992             
[2026-06-02 06:19:23.850610] GPU 0     0.000        0.000        0.001        1440         2100         0                           606547131708992             
[2026-06-02 06:19:23.903418] GPU 0     0.000        0.000        0.001        1440         2100         0                           606547131708992             
[2026-06-02 06:19:23.956622] GPU 0     0.000        0.000        0.001        1440         2100         0                           606547131708992             
[2026-06-02 06:19:24.009565] GPU 0     0.000        0.000        0.000        1440         2100         0                           606547131708992             
[2026-06-02 06:19:24.062762] GPU 0     0.000        0.000        0.001        1440         2100         0                           606547131708992             
[2026-06-02 06:19:24.112916] #Entity   SMACT        SMOCC        DRAMA        SMCLK        SMMAX        DVCCTR                      TAPCV                       
[2026-06-02 06:19:24.113070] ID                                                                                                                                 
[2026-06-02 06:19:24.116025] GPU 0     0.000        0.000        0.001        1440         2100         0                           606547131708992             
[2026-06-02 06:19:24.169170] GPU 0     0.000        0.000        0.001        1440         2100         0                           606547131708992             
[2026-06-02 06:19:24.222430] GPU 0     0.000        0.000        0.001        1440         2100         0                           606547131708992             
[2026-06-02 06:19:24.275304] GPU 0     0.000        0.000        0.001        1440         2100         0                           606547131708992             
[2026-06-02 06:19:24.328389] GPU 0     0.000        0.000        0.001        1440         2100         0                           606547131708992             
[2026-06-02 06:19:24.381333] GPU 0     0.000        0.000        0.001        1440         2100         0                           606547131708992             
[2026-06-02 06:19:24.434364] GPU 0     0.000        0.000        0.001        1440         2100         0                           606547131708992             
[2026-06-02 06:19:24.487382] GPU 0     0.000        0.000        0.001        1440         2100         0                           606547131708992             
[2026-06-02 06:19:24.540316] GPU 0     0.000        0.000        0.001        1440         2100         0                           606547131708992             
[2026-06-02 06:19:24.593289] GPU 0     0.000        0.000        0.001        1440         2100         0                           606547131708992             
[2026-06-02 06:19:24.646492] GPU 0     0.000        0.000        0.001        1440         2100         0                           606547131708992             
[2026-06-02 06:19:24.699845] GPU 0     0.000        0.000        0.000        1440         2100         0                           606547131708992             
[2026-06-02 06:19:24.753199] GPU 0     0.000        0.000        0.000        1440         2100         0                           606547131708992             
[2026-06-02 06:19:24.806507] GPU 0     0.000        0.000        0.001        1440         2100         0                           606547131708992             
[2026-06-02 06:19:24.856704] #Entity   SMACT        SMOCC        DRAMA        SMCLK        SMMAX        DVCCTR                      TAPCV                       
[2026-06-02 06:19:24.856876] ID                                                                                                                                 
[2026-06-02 06:19:24.859646] GPU 0     0.000        0.000        0.001        1440         2100         0                           606547131708992             
[2026-06-02 06:19:24.912807] GPU 0     0.000        0.000        0.001        1440         2100         0                           606547131708992             
[2026-06-02 06:19:24.966218] GPU 0     0.000        0.000        0.000        1440         2100         0                           606547131708992             
[2026-06-02 06:19:25.019560] GPU 0     0.000        0.000        0.001        1440         2100         0                           606547131708992             
[2026-06-02 06:19:25.077925] GPU 0     0.000        0.000        0.001        1440         2100         0                           606547131708992             
[2026-06-02 06:19:25.130991] GPU 0     0.000        0.000        0.001        1440         2100         0                           606547131708992             
[2026-06-02 06:19:25.184076] GPU 0     0.000        0.000        0.000        1440         2100         0                           606547131708992             
[2026-06-02 06:19:25.237124] GPU 0     0.000        0.000        0.001        1440         2100         0                           606547131708992             
[2026-06-02 06:19:25.290285] GPU 0     0.000        0.000        0.001        1440         2100         0                           606547131708992             
[2026-06-02 06:19:25.343422] GPU 0     0.000        0.000        0.001        1440         2100         0                           606547131708992             
[2026-06-02 06:19:25.396208] GPU 0     0.000        0.000        0.001        1440         2100         0                           606547131708992             
[2026-06-02 06:19:25.449213] GPU 0     0.000        0.000        0.000        1440         2100         0                           606547131708992             
[2026-06-02 06:19:25.502071] GPU 0     0.000        0.000        0.001        1440         2100         0                           606547131708992             
[2026-06-02 06:19:25.554870] GPU 0     0.000        0.000        0.001        1440         2100         0                           606547131708992             
[2026-06-02 06:19:25.605065] #Entity   SMACT        SMOCC        DRAMA        SMCLK        SMMAX        DVCCTR                      TAPCV                       
[2026-06-02 06:19:25.605257] ID                                                                                                                                 
[2026-06-02 06:19:25.607982] GPU 0     0.000        0.000        0.001        1440         2100         0                           606547131708992             
[2026-06-02 06:19:25.661160] GPU 0     0.000        0.000        0.000        1440         2100         0                           606547131708992             
[2026-06-02 06:19:25.714370] GPU 0     0.000        0.000        0.001        1440         2100         0                           606547131708992             
[2026-06-02 06:19:25.767502] GPU 0     0.000        0.000        0.001        1440         2100         0                           606547131708992             
[2026-06-02 06:19:25.820778] GPU 0     0.000        0.000        0.001        1440         2100         0                           606547131708992             
[2026-06-02 06:19:25.873996] GPU 0     0.000        0.000        0.001        1440         2100         0                           606547131708992             
[2026-06-02 06:19:25.927236] GPU 0     0.000        0.000        0.001        1440         2100         0                           606547131708992             
[2026-06-02 06:19:25.980426] GPU 0     0.000        0.000        0.000        1440         2100         0                           606547131708992             
[2026-06-02 06:19:26.033559] GPU 0     0.000        0.000        0.001        1440         2100         0                           606547131708992             
[2026-06-02 06:19:26.087131] GPU 0     0.000        0.000        0.001        1440         2100         0                           606547131708992             
[2026-06-02 06:19:26.140545] GPU 0     0.000        0.000        0.001        1440         2100         0                           606547131708992             
[2026-06-02 06:19:26.193839] GPU 0     0.000        0.000        0.001        1440         2100         0                           606547131708992             
[2026-06-02 06:19:26.247077] GPU 0     0.000        0.000        0.000        1440         2100         0                           606547131708992             
[2026-06-02 06:19:26.300496] GPU 0     0.000        0.000        0.000        1440         2100         0                           606547131708992             
[2026-06-02 06:19:26.350668] #Entity   SMACT        SMOCC        DRAMA        SMCLK        SMMAX        DVCCTR                      TAPCV                       
[2026-06-02 06:19:26.350825] ID                                                                                                                                 
[2026-06-02 06:19:26.353943] GPU 0     0.000        0.000        0.001        1440         2100         0                           606547131708992             
[2026-06-02 06:19:26.412323] GPU 0     0.000        0.000        0.001        1440         2100         0                           606547131708992             
[2026-06-02 06:19:26.473471] GPU 0     0.000        0.000        0.001        1440         2100         0                           606547131708992             
[2026-06-02 06:19:26.526233] GPU 0     0.000        0.000        0.001        1440         2100         0                           606547131708992             
[2026-06-02 06:19:26.578885] GPU 0     0.000        0.000        0.000        1440         2100         0                           606547131708992             
[2026-06-02 06:19:26.631440] GPU 0     0.000        0.000        0.000        1440         2100         0                           606547131708992             
[2026-06-02 06:19:26.684135] GPU 0     0.000        0.000        0.001        1440         2100         0                           606547131708992             
[2026-06-02 06:19:26.736683] GPU 0     0.000        0.000        0.000        1440         2100         0                           606547131708992             
[2026-06-02 06:19:26.789127] GPU 0     0.000        0.000        0.001        1440         2100         0                           606547131708992             
[2026-06-02 06:19:26.841564] GPU 0     0.000        0.000        0.001        1440         2100         0                           606547131708992             
[2026-06-02 06:19:26.893788] GPU 0     0.000        0.000        0.001        1440         2100         0                           606547131708992             
[2026-06-02 06:19:26.946079] GPU 0     0.000        0.000        0.001        1440         2100         0                           606547131708992             
[2026-06-02 06:19:26.998407] GPU 0     0.000        0.000        0.000        1440         2100         0                           606547131708992             
[2026-06-02 06:19:27.050953] GPU 0     0.000        0.000        0.000        1440         2100         0                           606547131708992             
[2026-06-02 06:19:27.101181] #Entity   SMACT        SMOCC        DRAMA        SMCLK        SMMAX        DVCCTR                      TAPCV                       
[2026-06-02 06:19:27.101342] ID                                                                                                                                 
[2026-06-02 06:19:27.103595] GPU 0     0.000        0.000        0.004        1440         2100         0                           606547131708992             
[2026-06-02 06:19:27.156444] GPU 0     0.000        0.000        0.000        1440         2100         0                           606547131708992             
[2026-06-02 06:19:27.209106] GPU 0     0.000        0.000        0.000        1440         2100         0                           606547131708992             
[2026-06-02 06:19:27.261560] GPU 0     0.000        0.000        0.000        1440         2100         0                           606547131708992             
[2026-06-02 06:19:27.314001] GPU 0     0.000        0.000        0.000        1440         2100         0                           606547131708992             
[2026-06-02 06:19:27.366532] GPU 0     0.022        0.003        0.004        1440         2100         0                           606547131708992             
[2026-06-02 06:19:27.418875] GPU 0     0.023        0.005        0.013        1440         2100         0                           606547131708992             
[2026-06-02 06:19:27.471147] GPU 0     0.162        0.035        0.079        1440         2100         0                           606547131708992             
[2026-06-02 06:19:27.523461] GPU 0     0.010        0.008        0.005        1440         2100         0                           606547131708992             
[2026-06-02 06:19:27.575824] GPU 0     0.050        0.025        0.021        1440         2100         0                           606547131708992             
[2026-06-02 06:19:27.628157] GPU 0     0.730        0.360        0.174        1440         2100         0                           606547131708992             
[2026-06-02 06:19:27.680532] GPU 0     0.959        0.470        0.267        1440         2100         0                           606547131708992             
[2026-06-02 06:19:27.732801] GPU 0     0.968        0.465        0.219        1440         2100         0                           606547131708992             
[2026-06-02 06:19:27.785110] GPU 0     0.959        0.476        0.263        1440         2100         0                           606547131708992             
[2026-06-02 06:19:27.835277] #Entity   SMACT        SMOCC        DRAMA        SMCLK        SMMAX        DVCCTR                      TAPCV                       
[2026-06-02 06:19:27.835404] ID                                                                                                                                 
[2026-06-02 06:19:27.837190] GPU 0     0.959        0.476        0.263        1440         2100         0                           606547131708992             
[2026-06-02 06:19:27.889512] GPU 0     0.963        0.466        0.246        1710         2100         4                           606547131708992             
[2026-06-02 06:19:27.941824] GPU 0     0.965        0.474        0.269        1740         2100         4                           606547131708992             
[2026-06-02 06:19:27.994042] GPU 0     0.965        0.474        0.269        1740         2100         4                           606547131708992             
[2026-06-02 06:19:28.046313] GPU 0     0.965        0.474        0.269        1740         2100         4                           606547131708992             
[2026-06-02 06:19:28.103882] GPU 0     0.959        0.475        0.308        1740         2100         4                           606547131708992             
[2026-06-02 06:19:28.156255] GPU 0     0.930        0.466        0.296        1725         2100         4                           606547131708992             
[2026-06-02 06:19:28.208495] GPU 0     0.841        0.422        0.241        1845         2100         4                           606547131708992             
[2026-06-02 06:19:28.260801] GPU 0     0.960        0.474        0.298        1710         2100         4                           606547131708992             
[2026-06-02 06:19:28.313197] GPU 0     0.963        0.479        0.286        1740         2100         4                           606547131708992             
[2026-06-02 06:19:28.365340] GPU 0     0.963        0.477        0.282        1740         2100         4                           606547131708992             
[2026-06-02 06:19:28.417528] GPU 0     0.963        0.487        0.293        1740         2100         4                           606547131708992             
[2026-06-02 06:19:28.469884] GPU 0     0.966        0.472        0.262        1740         2100         4                           606547131708992             
[2026-06-02 06:19:28.522129] GPU 0     0.957        0.471        0.308        1740         2100         4                           606547131708992             
[2026-06-02 06:19:28.572314] #Entity   SMACT        SMOCC        DRAMA        SMCLK        SMMAX        DVCCTR                      TAPCV                       
[2026-06-02 06:19:28.572435] ID                                                                                                                                 
[2026-06-02 06:19:28.574177] GPU 0     0.962        0.484        0.299        1725         2100         4                           606547131708992             
[2026-06-02 06:19:28.626446] GPU 0     0.959        0.479        0.300        1725         2100         4                           606547131708992             
[2026-06-02 06:19:28.678686] GPU 0     0.957        0.480        0.315        1740         2100         4                           606547131708992             
[2026-06-02 06:19:28.730866] GPU 0     0.963        0.480        0.285        1755         2100         4                           606547131708992             
[2026-06-02 06:19:28.783097] GPU 0     0.964        0.485        0.291        1740         2100         4                           606547131708992             
[2026-06-02 06:19:28.835401] GPU 0     0.963        0.474        0.279        1740         2100         4                           606547131708992             
[2026-06-02 06:19:28.887686] GPU 0     0.964        0.478        0.283        1725         2100         4                           606547131708992             
[2026-06-02 06:19:28.939845] GPU 0     0.966        0.465        0.260        1740         2100         4                           606547131708992             
[2026-06-02 06:19:28.992009] GPU 0     0.963        0.477        0.282        1725         2100         4                           606547131708992             
[2026-06-02 06:19:29.044376] GPU 0     0.960        0.480        0.320        1725         2100         4                           606547131708992             
[2026-06-02 06:19:29.096619] GPU 0     0.957        0.474        0.307        1740         2100         4                           606547131708992             
[2026-06-02 06:19:29.148791] GPU 0     0.957        0.481        0.316        1755         2100         4                           606547131708992             
[2026-06-02 06:19:29.200871] GPU 0     0.965        0.487        0.286        1725         2100         4                           606547131708992             
[2026-06-02 06:19:29.253179] GPU 0     0.963        0.478        0.282        1740         2100         4                           606547131708992             
[2026-06-02 06:19:29.303293] #Entity   SMACT        SMOCC        DRAMA        SMCLK        SMMAX        DVCCTR                      TAPCV                       
[2026-06-02 06:19:29.303401] ID                                                                                                                                 
[2026-06-02 06:19:29.305423] GPU 0     0.963        0.478        0.280        1740         2100         4                           606547131708992             
[2026-06-02 06:19:29.357590] GPU 0     0.964        0.473        0.285        1740         2100         4                           606547131708992             
[2026-06-02 06:19:29.409538] GPU 0     0.963        0.478        0.280        1740         2100         4                           606547131708992             
[2026-06-02 06:19:29.461942] GPU 0     0.963        0.479        0.279        1725         2100         4                           606547131708992             
[2026-06-02 06:19:29.514187] GPU 0     0.964        0.474        0.283        1740         2100         4                           606547131708992             
[2026-06-02 06:19:29.566248] GPU 0     0.960        0.471        0.313        1740         2100         4                           606547131708992             
[2026-06-02 06:19:29.618811] GPU 0     0.954        0.477        0.310        1725         2100         4                           606547131708992             
[2026-06-02 06:19:29.671109] GPU 0     0.962        0.484        0.296        1740         2100         4                           606547131708992             
[2026-06-02 06:19:29.723426] GPU 0     0.958        0.496        0.330        1740         2100         4                           606547131708992             
[2026-06-02 06:19:29.775720] GPU 0     0.963        0.475        0.282        1740         2100         4                           606547131708992             
[2026-06-02 06:19:29.828041] GPU 0     0.963        0.475        0.282        1740         2100         4                           606547131708992             
[2026-06-02 06:19:29.880312] GPU 0     0.963        0.475        0.282        1740         2100         4                           606547131708992             
[2026-06-02 06:19:29.932615] GPU 0     0.965        0.472        0.271        1740         2100         4                           606547131708992             
[2026-06-02 06:19:29.985042] GPU 0     0.959        0.487        0.302        1740         2100         4                           606547131708992             
[2026-06-02 06:19:30.035143] #Entity   SMACT        SMOCC        DRAMA        SMCLK        SMMAX        DVCCTR                      TAPCV                       
[2026-06-02 06:19:30.035285] ID                                                                                                                                 
[2026-06-02 06:19:30.037209] GPU 0     0.963        0.478        0.284        1725         2100         4                           606547131708992             
[2026-06-02 06:19:30.089541] GPU 0     0.965        0.465        0.274        1725         2100         4                           606547131708992             
[2026-06-02 06:19:30.141970] GPU 0     0.955        0.472        0.311        1740         2100         4                           606547131708992             
[2026-06-02 06:19:30.194307] GPU 0     0.959        0.494        0.318        1725         2100         4                           606547131708992             
[2026-06-02 06:19:30.246639] GPU 0     0.961        0.483        0.298        1755         2100         4                           606547131708992             
[2026-06-02 06:19:30.299024] GPU 0     0.964        0.475        0.279        1740         2100         4                           606547131708992             
[2026-06-02 06:19:30.351222] GPU 0     0.963        0.478        0.284        1725         2100         4                           606547131708992             
[2026-06-02 06:19:30.403426] GPU 0     0.964        0.475        0.277        1740         2100         4                           606547131708992             
[2026-06-02 06:19:30.455735] GPU 0     0.964        0.475        0.278        1740         2100         4                           606547131708992             
[2026-06-02 06:19:30.508020] GPU 0     0.963        0.478        0.284        1725         2100         4                           606547131708992             
[2026-06-02 06:19:30.560083] GPU 0     0.963        0.477        0.282        1740         2100         4                           606547131708992             
[2026-06-02 06:19:30.612401] GPU 0     0.961        0.469        0.287        1725         2100         4                           606547131708992             
[2026-06-02 06:19:30.664693] GPU 0     0.960        0.481        0.313        1740         2100         4                           606547131708992             
[2026-06-02 06:19:30.716860] GPU 0     0.957        0.472        0.312        1740         2100         4                           606547131708992             
[2026-06-02 06:19:30.767011] #Entity   SMACT        SMOCC        DRAMA        SMCLK        SMMAX        DVCCTR                      TAPCV                       
[2026-06-02 06:19:30.767143] ID                                                                                                                                 
[2026-06-02 06:19:30.769091] GPU 0     0.962        0.492        0.296        1740         2100         4                           606547131708992             
[2026-06-02 06:19:30.821364] GPU 0     0.963        0.478        0.284        1725         2100         4                           606547131708992             
[2026-06-02 06:19:30.873464] GPU 0     0.964        0.474        0.275        1740         2100         4                           606547131708992             
[2026-06-02 06:19:30.925661] GPU 0     0.963        0.474        0.278        1740         2100         4                           606547131708992             
[2026-06-02 06:19:30.977942] GPU 0     0.964        0.479        0.284        1725         2100         4                           606547131708992             
[2026-06-02 06:19:31.030262] GPU 0     0.960        0.472        0.296        1740         2100         4                           606547131708992             
[2026-06-02 06:19:31.082486] GPU 0     0.963        0.487        0.288        1740         2100         4                           606547131708992             
[2026-06-02 06:19:31.134889] GPU 0     0.961        0.473        0.293        1725         2100         4                           606547131708992             
[2026-06-02 06:19:31.187289] GPU 0     0.961        0.471        0.308        1725         2100         4                           606547131708992             
[2026-06-02 06:19:31.239751] GPU 0     0.955        0.479        0.315        1740         2100         4                           606547131708992             
[2026-06-02 06:19:31.292080] GPU 0     0.965        0.487        0.281        1725         2100         4                           606547131708992             
[2026-06-02 06:19:31.344544] GPU 0     0.963        0.479        0.285        1740         2100         4                           606547131708992             
[2026-06-02 06:19:31.396882] GPU 0     0.963        0.473        0.280        1740         2100         4                           606547131708992             
[2026-06-02 06:19:31.449239] GPU 0     0.964        0.478        0.281        1725         2100         4                           606547131708992             
[2026-06-02 06:19:31.499441] #Entity   SMACT        SMOCC        DRAMA        SMCLK        SMMAX        DVCCTR                      TAPCV                       
[2026-06-02 06:19:31.499587] ID                                                                                                                                 
[2026-06-02 06:19:31.501699] GPU 0     0.964        0.477        0.281        1725         2100         4                           606547131708992             
[2026-06-02 06:19:31.554110] GPU 0     0.963        0.477        0.282        1740         2100         4                           606547131708992             
[2026-06-02 06:19:31.606379] GPU 0     0.963        0.476        0.281        1725         2100         4                           606547131708992             
[2026-06-02 06:19:31.658733] GPU 0     0.958        0.481        0.309        1740         2100         4                           606547131708992             
[2026-06-02 06:19:31.711058] GPU 0     0.957        0.469        0.314        1710         2100         4                           606547131708992             
[2026-06-02 06:19:31.763382] GPU 0     0.957        0.474        0.307        1740         2100         4                           606547131708992             
[2026-06-02 06:19:31.815905] GPU 0     0.963        0.488        0.289        1725         2100         4                           606547131708992             
[2026-06-02 06:19:31.868264] GPU 0     0.963        0.490        0.295        1740         2100         4                           606547131708992             
[2026-06-02 06:19:31.920632] GPU 0     0.963        0.475        0.280        1725         2100         4                           606547131708992             
[2026-06-02 06:19:31.973021] GPU 0     0.964        0.477        0.280        1740         2100         4                           606547131708992             
[2026-06-02 06:19:32.025342] GPU 0     0.964        0.475        0.278        1725         2100         4                           606547131708992             
[2026-06-02 06:19:32.077607] GPU 0     0.963        0.478        0.284        1740         2100         4                           606547131708992             
[2026-06-02 06:19:32.129916] GPU 0     0.962        0.460        0.279        1740         2100         4                           606547131708992             
[2026-06-02 06:19:32.182225] GPU 0     0.958        0.490        0.322        1710         2100         4                           606547131708992             
[2026-06-02 06:19:32.232384] #Entity   SMACT        SMOCC        DRAMA        SMCLK        SMMAX        DVCCTR                      TAPCV                       
[2026-06-02 06:19:32.232530] ID                                                                                                                                 
[2026-06-02 06:19:32.234345] GPU 0     0.960        0.480        0.299        1725         2100         4                           606547131708992             
[2026-06-02 06:19:32.286696] GPU 0     0.961        0.473        0.292        1725         2100         4                           606547131708992             
[2026-06-02 06:19:32.339058] GPU 0     0.962        0.487        0.296        1740         2100         4                           606547131708992             
[2026-06-02 06:19:32.391348] GPU 0     0.963        0.478        0.284        1725         2100         4                           606547131708992             
[2026-06-02 06:19:32.443402] GPU 0     0.964        0.475        0.278        1740         2100         4                           606547131708992             
[2026-06-02 06:19:32.495729] GPU 0     0.964        0.475        0.278        1725         2100         4                           606547131708992             
[2026-06-02 06:19:32.548069] GPU 0     0.963        0.478        0.284        1740         2100         4                           606547131708992             
[2026-06-02 06:19:32.600449] GPU 0     0.963        0.477        0.283        1725         2100         4                           606547131708992             
[2026-06-02 06:19:32.652763] GPU 0     0.959        0.465        0.294        1725         2100         4                           606547131708992             
[2026-06-02 06:19:32.705132] GPU 0     0.959        0.465        0.294        1725         2100         4                           606547131708992             
[2026-06-02 06:19:32.757332] GPU 0     0.961        0.483        0.300        1725         2100         4                           606547131708992             
[2026-06-02 06:19:32.809594] GPU 0     0.957        0.470        0.316        1725         2100         4                           606547131708992             
[2026-06-02 06:19:32.862020] GPU 0     0.963        0.486        0.285        1725         2100         4                           606547131708992             
[2026-06-02 06:19:32.914300] GPU 0     0.964        0.479        0.284        1740         2100         4                           606547131708992             
[2026-06-02 06:19:32.964494] #Entity   SMACT        SMOCC        DRAMA        SMCLK        SMMAX        DVCCTR                      TAPCV                       
[2026-06-02 06:19:32.964639] ID                                                                                                                                 
[2026-06-02 06:19:32.966706] GPU 0     0.963        0.475        0.279        1725         2100         4                           606547131708992             
[2026-06-02 06:19:33.018958] GPU 0     0.963        0.478        0.284        1725         2100         4                           606547131708992             
[2026-06-02 06:19:33.071411] GPU 0     0.963        0.478        0.284        1725         2100         4                           606547131708992             
[2026-06-02 06:19:33.123488] GPU 0     0.963        0.476        0.281        1725         2100         4                           606547131708992             
[2026-06-02 06:19:33.175845] GPU 0     0.961        0.473        0.294        1725         2100         4                           606547131708992             
[2026-06-02 06:19:33.228291] GPU 0     0.958        0.480        0.305        1725         2100         4                           606547131708992             
[2026-06-02 06:19:33.280699] GPU 0     0.960        0.473        0.318        1725         2100         4                           606547131708992             
[2026-06-02 06:19:33.333065] GPU 0     0.958        0.494        0.309        1740         2100         4                           606547131708992             
[2026-06-02 06:19:33.385407] GPU 0     0.963        0.478        0.284        1725         2100         4                           606547131708992             
[2026-06-02 06:19:33.437670] GPU 0     0.963        0.478        0.283        1725         2100         4                           606547131708992             
[2026-06-02 06:19:33.489994] GPU 0     0.963        0.478        0.284        1740         2100         4                           606547131708992             
[2026-06-02 06:19:33.542290] GPU 0     0.963        0.477        0.283        1710         2100         4                           606547131708992             
[2026-06-02 06:19:33.594627] GPU 0     0.964        0.472        0.279        1725         2100         4                           606547131708992             
[2026-06-02 06:19:33.646809] GPU 0     0.963        0.472        0.275        1725         2100         4                           606547131708992             
[2026-06-02 06:19:33.697007] #Entity   SMACT        SMOCC        DRAMA        SMCLK        SMMAX        DVCCTR                      TAPCV                       
[2026-06-02 06:19:33.697207] ID                                                                                                                                 
[2026-06-02 06:19:33.699190] GPU 0     0.960        0.481        0.302        1710         2100         4                           606547131708992             
[2026-06-02 06:19:33.751322] GPU 0     0.961        0.473        0.294        1740         2100         4                           606547131708992             
[2026-06-02 06:19:33.803866] GPU 0     0.960        0.473        0.294        1710         2100         4                           606547131708992             
[2026-06-02 06:19:33.856160] GPU 0     0.957        0.480        0.316        1725         2100         4                           606547131708992             
[2026-06-02 06:19:33.908557] GPU 0     0.964        0.479        0.281        1710         2100         4                           606547131708992             
[2026-06-02 06:19:33.960894] GPU 0     0.963        0.478        0.281        1740         2100         4                           606547131708992             
[2026-06-02 06:19:34.013479] GPU 0     0.962        0.486        0.293        1710         2100         4                           606547131708992             
[2026-06-02 06:19:34.065828] GPU 0     0.963        0.481        0.283        1740         2100         4                           606547131708992             
[2026-06-02 06:19:34.118314] GPU 0     0.964        0.472        0.279        1725         2100         4                           606547131708992             
[2026-06-02 06:19:34.170512] GPU 0     0.964        0.477        0.276        1725         2100         4                           606547131708992             
[2026-06-02 06:19:34.222630] GPU 0     0.962        0.470        0.286        1740         2100         4                           606547131708992             
[2026-06-02 06:19:34.274909] GPU 0     0.959        0.480        0.304        1725         2100         4                           606547131708992             
[2026-06-02 06:19:34.327233] GPU 0     0.959        0.473        0.319        1710         2100         4                           606547131708992             
[2026-06-02 06:19:34.379659] GPU 0     0.960        0.491        0.299        1740         2100         4                           606547131708992             
[2026-06-02 06:19:34.429821] #Entity   SMACT        SMOCC        DRAMA        SMCLK        SMMAX        DVCCTR                      TAPCV                       
[2026-06-02 06:19:34.429963] ID                                                                                                                                 
[2026-06-02 06:19:34.432269] GPU 0     0.963        0.477        0.283        1725         2100         4                           606547131708992             
[2026-06-02 06:19:34.484559] GPU 0     0.963        0.478        0.284        1740         2100         4                           606547131708992             
[2026-06-02 06:19:34.536963] GPU 0     0.964        0.475        0.276        1710         2100         4                           606547131708992             
[2026-06-02 06:19:34.589318] GPU 0     0.962        0.478        0.284        1740         2100         4                           606547131708992             
[2026-06-02 06:19:34.641625] GPU 0     0.963        0.477        0.283        1725         2100         4                           606547131708992             
[2026-06-02 06:19:34.694051] GPU 0     0.964        0.468        0.264        1725         2100         4                           606547131708992             
[2026-06-02 06:19:34.746242] GPU 0     0.960        0.481        0.311        1710         2100         4                           606547131708992             
[2026-06-02 06:19:34.798584] GPU 0     0.956        0.471        0.314        1725         2100         4                           606547131708992             
[2026-06-02 06:19:34.850874] GPU 0     0.961        0.484        0.302        1740         2100         4                           606547131708992             
[2026-06-02 06:19:34.902992] GPU 0     0.963        0.484        0.288        1740         2100         4                           606547131708992             
[2026-06-02 06:19:34.955315] GPU 0     0.963        0.473        0.273        1725         2100         4                           606547131708992             
[2026-06-02 06:19:35.007603] GPU 0     0.962        0.469        0.290        1710         2100         4                           606547131708992             
[2026-06-02 06:19:35.059902] GPU 0     0.966        0.480        0.280        1725         2100         4                           606547131708992             
[2026-06-02 06:19:35.112208] GPU 0     0.960        0.478        0.285        1725         2100         4                           606547131708992             
[2026-06-02 06:19:35.162366] #Entity   SMACT        SMOCC        DRAMA        SMCLK        SMMAX        DVCCTR                      TAPCV                       
[2026-06-02 06:19:35.162508] ID                                                                                                                                 
[2026-06-02 06:19:35.164436] GPU 0     0.962        0.489        0.298        1740         2100         4                           606547131708992             
[2026-06-02 06:19:35.216805] GPU 0     0.965        0.465        0.275        1710         2100         4                           606547131708992             
[2026-06-02 06:19:35.269120] GPU 0     0.965        0.465        0.275        1725         2100         4                           606547131708992             
[2026-06-02 06:19:35.321456] GPU 0     0.963        0.469        0.277        1710         2100         4                           606547131708992             
[2026-06-02 06:19:35.373732] GPU 0     0.958        0.487        0.314        1725         2100         4                           606547131708992             
[2026-06-02 06:19:35.425981] GPU 0     0.958        0.487        0.314        1740         2100         4                           606547131708992             
[2026-06-02 06:19:35.478318] GPU 0     0.962        0.473        0.282        1725         2100         4                           606547131708992             
[2026-06-02 06:19:35.530638] GPU 0     0.967        0.482        0.276        1740         2100         4                           606547131708992             
[2026-06-02 06:19:35.583247] GPU 0     0.963        0.478        0.283        1725         2100         4                           606547131708992             
[2026-06-02 06:19:35.635482] GPU 0     0.964        0.474        0.276        1740         2100         4                           606547131708992             
[2026-06-02 06:19:35.687775] GPU 0     0.962        0.478        0.281        1725         2100         4                           606547131708992             
[2026-06-02 06:19:35.740095] GPU 0     0.963        0.477        0.282        1725         2100         4                           606547131708992             
[2026-06-02 06:19:35.792599] GPU 0     0.955        0.470        0.321        1725         2100         4                           606547131708992             
[2026-06-02 06:19:35.844818] GPU 0     0.961        0.487        0.303        1740         2100         4                           606547131708992             
[2026-06-02 06:19:35.895021] #Entity   SMACT        SMOCC        DRAMA        SMCLK        SMMAX        DVCCTR                      TAPCV                       
[2026-06-02 06:19:35.895163] ID                                                                                                                                 
[2026-06-02 06:19:35.897053] GPU 0     0.961        0.473        0.294        1740         2100         4                           606547131708992             
[2026-06-02 06:19:35.949381] GPU 0     0.959        0.482        0.311        1710         2100         4                           606547131708992             
[2026-06-02 06:19:36.001794] GPU 0     0.963        0.473        0.275        1725         2100         4                           606547131708992             
[2026-06-02 06:19:36.054154] GPU 0     0.963        0.475        0.281        1725         2100         4                           606547131708992             
[2026-06-02 06:19:36.106798] GPU 0     0.964        0.477        0.278        1725         2100         4                           606547131708992             
[2026-06-02 06:19:36.159155] GPU 0     0.963        0.480        0.285        1725         2100         4                           606547131708992             
[2026-06-02 06:19:36.211475] GPU 0     0.963        0.473        0.275        1710         2100         4                           606547131708992             
[2026-06-02 06:19:36.269174] GPU 0     0.962        0.487        0.290        1710         2100         4                           606547131708992             
[2026-06-02 06:19:36.321516] GPU 0     0.961        0.468        0.284        1725         2100         4                           606547131708992             
[2026-06-02 06:19:36.373878] GPU 0     0.960        0.478        0.315        1725         2100         4                           606547131708992             
[2026-06-02 06:19:36.426158] GPU 0     0.955        0.489        0.326        1710         2100         4                           606547131708992             
[2026-06-02 06:19:36.478578] GPU 0     0.963        0.473        0.274        1740         2100         4                           606547131708992             
[2026-06-02 06:19:36.530844] GPU 0     0.963        0.476        0.281        1725         2100         4                           606547131708992             
[2026-06-02 06:19:36.583125] GPU 0     0.964        0.486        0.287        1725         2100         4                           606547131708992             
[2026-06-02 06:19:36.633282] #Entity   SMACT        SMOCC        DRAMA        SMCLK        SMMAX        DVCCTR                      TAPCV                       
[2026-06-02 06:19:36.633421] ID                                                                                                                                 
[2026-06-02 06:19:36.635386] GPU 0     0.963        0.476        0.279        1725         2100         4                           606547131708992             
[2026-06-02 06:19:36.687664] GPU 0     0.962        0.478        0.284        1725         2100         4                           606547131708992             
[2026-06-02 06:19:36.739990] GPU 0     0.963        0.476        0.278        1740         2100         4                           606547131708992             
[2026-06-02 06:19:36.792363] GPU 0     0.962        0.459        0.277        1725         2100         4                           606547131708992             
[2026-06-02 06:19:36.844619] GPU 0     0.957        0.479        0.310        1710         2100         4                           606547131708992             
[2026-06-02 06:19:36.896952] GPU 0     0.959        0.490        0.319        1725         2100         4                           606547131708992             
[2026-06-02 06:19:36.949323] GPU 0     0.961        0.474        0.287        1725         2100         4                           606547131708992             
[2026-06-02 06:19:37.001929] GPU 0     0.962        0.488        0.296        1725         2100         4                           606547131708992             
[2026-06-02 06:19:37.054165] GPU 0     0.965        0.474        0.274        1725         2100         4                           606547131708992             
[2026-06-02 06:19:37.106505] GPU 0     0.964        0.476        0.278        1725         2100         4                           606547131708992             
[2026-06-02 06:19:37.158805] GPU 0     0.964        0.476        0.278        1725         2100         4                           606547131708992             
[2026-06-02 06:19:37.211226] GPU 0     0.961        0.475        0.287        1725         2100         4                           606547131708992             
[2026-06-02 06:19:37.263590] GPU 0     0.967        0.477        0.268        1725         2100         4                           606547131708992             
[2026-06-02 06:19:37.315969] GPU 0     0.957        0.473        0.309        1725         2100         4                           606547131708992             
[2026-06-02 06:19:37.366126] #Entity   SMACT        SMOCC        DRAMA        SMCLK        SMMAX        DVCCTR                      TAPCV                       
[2026-06-02 06:19:37.366267] ID                                                                                                                                 
[2026-06-02 06:19:37.368227] GPU 0     0.959        0.489        0.312        1710         2100         4                           606547131708992             
[2026-06-02 06:19:37.420626] GPU 0     0.960        0.473        0.294        1725         2100         4                           606547131708992             
[2026-06-02 06:19:37.472959] GPU 0     0.961        0.489        0.297        1725         2100         4                           606547131708992             
[2026-06-02 06:19:37.525252] GPU 0     0.963        0.477        0.282        1725         2100         4                           606547131708992             
[2026-06-02 06:19:37.577557] GPU 0     0.963        0.478        0.284        1725         2100         4                           606547131708992             
[2026-06-02 06:19:37.629977] GPU 0     0.963        0.475        0.280        1710         2100         4                           606547131708992             
[2026-06-02 06:19:37.682342] GPU 0     0.963        0.472        0.277        1725         2100         4                           606547131708992             
[2026-06-02 06:19:37.734794] GPU 0     0.963        0.472        0.275        1710         2100         4                           606547131708992             
[2026-06-02 06:19:37.787060] GPU 0     0.966        0.478        0.283        1725         2100         4                           606547131708992             
[2026-06-02 06:19:37.839340] GPU 0     0.959        0.471        0.310        1725         2100         4                           606547131708992             
[2026-06-02 06:19:37.891563] GPU 0     0.956        0.480        0.308        1710         2100         4                           606547131708992             
[2026-06-02 06:19:37.943900] GPU 0     0.958        0.485        0.316        1725         2100         4                           606547131708992             
[2026-06-02 06:19:37.996144] GPU 0     0.964        0.479        0.274        1725         2100         4                           606547131708992             
[2026-06-02 06:19:38.048492] GPU 0     0.964        0.477        0.281        1740         2100         4                           606547131708992             
[2026-06-02 06:19:38.098591] #Entity   SMACT        SMOCC        DRAMA        SMCLK        SMMAX        DVCCTR                      TAPCV                       
[2026-06-02 06:19:38.098720] ID                                                                                                                                 
[2026-06-02 06:19:38.101010] GPU 0     0.964        0.478        0.282        1710         2100         4                           606547131708992             
[2026-06-02 06:19:38.153420] GPU 0     0.964        0.477        0.282        1725         2100         4                           606547131708992             
[2026-06-02 06:19:38.205656] GPU 0     0.963        0.478        0.284        1710         2100         4                           606547131708992             
[2026-06-02 06:19:38.257838] GPU 0     0.963        0.478        0.284        1725         2100         4                           606547131708992             
[2026-06-02 06:19:38.310200] GPU 0     0.963        0.476        0.281        1725         2100         4                           606547131708992             
[2026-06-02 06:19:38.362688] GPU 0     0.961        0.473        0.294        1725         2100         4                           606547131708992             
[2026-06-02 06:19:38.415215] GPU 0     0.959        0.473        0.299        1725         2100         4                           606547131708992             
[2026-06-02 06:19:38.467563] GPU 0     0.960        0.480        0.311        1710         2100         4                           606547131708992             
[2026-06-02 06:19:38.519881] GPU 0     0.957        0.495        0.323        1725         2100         4                           606547131708992             
[2026-06-02 06:19:38.572143] GPU 0     0.963        0.472        0.279        1725         2100         4                           606547131708992             
[2026-06-02 06:19:38.624400] GPU 0     0.964        0.474        0.278        1710         2100         4                           606547131708992             
[2026-06-02 06:19:38.676582] GPU 0     0.963        0.467        0.270        1725         2100         4                           606547131708992             
[2026-06-02 06:19:38.728620] GPU 0     0.964        0.474        0.276        1710         2100         4                           606547131708992             
[2026-06-02 06:19:38.780767] GPU 0     0.963        0.479        0.280        1725         2100         4                           606547131708992             
[2026-06-02 06:19:38.830912] #Entity   SMACT        SMOCC        DRAMA        SMCLK        SMMAX        DVCCTR                      TAPCV                       
[2026-06-02 06:19:38.831026] ID                                                                                                                                 
[2026-06-02 06:19:38.833251] GPU 0     0.964        0.477        0.279        1725         2100         4                           606547131708992             
[2026-06-02 06:19:38.885655] GPU 0     0.958        0.479        0.311        1725         2100         4                           606547131708992             
[2026-06-02 06:19:38.938029] GPU 0     0.959        0.487        0.310        1710         2100         4                           606547131708992             
[2026-06-02 06:19:38.990481] GPU 0     0.961        0.473        0.294        1725         2100         4                           606547131708992             
[2026-06-02 06:19:39.043014] GPU 0     0.963        0.475        0.293        1725         2100         4                           606547131708992             
[2026-06-02 06:19:39.095483] GPU 0     0.963        0.480        0.282        1710         2100         4                           606547131708992             
[2026-06-02 06:19:39.147856] GPU 0     0.964        0.476        0.275        1725         2100         4                           606547131708992             
[2026-06-02 06:19:39.200432] GPU 0     0.962        0.480        0.275        1710         2100         4                           606547131708992             
[2026-06-02 06:19:39.253007] GPU 0     0.963        0.476        0.274        1725         2100         4                           606547131708992             
[2026-06-02 06:19:39.305510] GPU 0     0.964        0.472        0.278        1725         2100         4                           606547131708992             
[2026-06-02 06:19:39.357696] GPU 0     0.964        0.480        0.282        1710         2100         4                           606547131708992             
[2026-06-02 06:19:39.410172] GPU 0     0.958        0.479        0.303        1710         2100         4                           606547131708992             
[2026-06-02 06:19:39.462673] GPU 0     0.960        0.471        0.309        1710         2100         4                           606547131708992             
[2026-06-02 06:19:39.515054] GPU 0     0.956        0.472        0.307        1695         2100         4                           606547131708992             
[2026-06-02 06:19:39.565214] #Entity   SMACT        SMOCC        DRAMA        SMCLK        SMMAX        DVCCTR                      TAPCV                       
[2026-06-02 06:19:39.565339] ID                                                                                                                                 
[2026-06-02 06:19:39.567399] GPU 0     0.961        0.498        0.304        1725         2100         4                           606547131708992             
[2026-06-02 06:19:39.619716] GPU 0     0.963        0.478        0.284        1725         2100         4                           606547131708992             
[2026-06-02 06:19:39.672053] GPU 0     0.963        0.478        0.284        1710         2100         4                           606547131708992             
[2026-06-02 06:19:39.724411] GPU 0     0.963        0.474        0.279        1710         2100         4                           606547131708992             
[2026-06-02 06:19:39.776517] GPU 0     0.963        0.474        0.276        1710         2100         4                           606547131708992             
[2026-06-02 06:19:39.828868] GPU 0     0.964        0.481        0.280        1725         2100         4                           606547131708992             
[2026-06-02 06:19:39.881644] GPU 0     0.964        0.481        0.280        1710         2100         4                           606547131708992             
[2026-06-02 06:19:39.933858] GPU 0     0.963        0.468        0.281        1725         2100         4                           606547131708992             
[2026-06-02 06:19:39.986329] GPU 0     0.959        0.480        0.302        1695         2100         4                           606547131708992             
[2026-06-02 06:19:40.038820] GPU 0     0.957        0.478        0.311        1725         2100         4                           606547131708992             
[2026-06-02 06:19:40.091356] GPU 0     0.964        0.473        0.277        1725         2100         4                           606547131708992             
[2026-06-02 06:19:40.143626] GPU 0     0.964        0.478        0.282        1725         2100         4                           606547131708992             
[2026-06-02 06:19:40.196217] GPU 0     0.963        0.476        0.280        1725         2100         4                           606547131708992             
[2026-06-02 06:19:40.248749] GPU 0     0.964        0.479        0.278        1710         2100         4                           606547131708992             
[2026-06-02 06:19:40.298898] #Entity   SMACT        SMOCC        DRAMA        SMCLK        SMMAX        DVCCTR                      TAPCV                       
[2026-06-02 06:19:40.299020] ID                                                                                                                                 
[2026-06-02 06:19:40.301297] GPU 0     0.964        0.478        0.279        1725         2100         4                           606547131708992             
[2026-06-02 06:19:40.353691] GPU 0     0.963        0.474        0.279        1725         2100         4                           606547131708992             
[2026-06-02 06:19:40.406240] GPU 0     0.959        0.484        0.318        1710         2100         4                           606547131708992             
[2026-06-02 06:19:40.458642] GPU 0     0.959        0.479        0.300        1710         2100         4                           606547131708992             
[2026-06-02 06:19:40.510752] GPU 0     0.961        0.471        0.288        1710         2100         4                           606547131708992             
[2026-06-02 06:19:40.563096] GPU 0     0.960        0.484        0.307        1695         2100         4                           606547131708992             
[2026-06-02 06:19:40.615393] GPU 0     0.963        0.477        0.283        1725         2100         4                           606547131708992             
[2026-06-02 06:19:40.667698] GPU 0     0.964        0.476        0.279        1725         2100         4                           606547131708992             
[2026-06-02 06:19:40.719836] GPU 0     0.963        0.478        0.284        1725         2100         4                           606547131708992             
[2026-06-02 06:19:40.771973] GPU 0     0.963        0.478        0.284        1725         2100         4                           606547131708992             
[2026-06-02 06:19:40.824138] GPU 0     0.962        0.477        0.280        1710         2100         4                           606547131708992             
[2026-06-02 06:19:40.876345] GPU 0     0.966        0.473        0.265        1725         2100         4                           606547131708992             
[2026-06-02 06:19:40.928577] GPU 0     0.959        0.468        0.298        1725         2100         4                           606547131708992             
[2026-06-02 06:19:40.980734] GPU 0     0.958        0.492        0.318        1710         2100         4                           606547131708992             
[2026-06-02 06:19:41.030828] #Entity   SMACT        SMOCC        DRAMA        SMCLK        SMMAX        DVCCTR                      TAPCV                       
[2026-06-02 06:19:41.030969] ID                                                                                                                                 
[2026-06-02 06:19:41.033072] GPU 0     0.961        0.471        0.289        1710         2100         4                           606547131708992             
[2026-06-02 06:19:41.085295] GPU 0     0.960        0.473        0.293        1710         2100         4                           606547131708992             
[2026-06-02 06:19:41.137612] GPU 0     0.962        0.485        0.289        1710         2100         4                           606547131708992             
[2026-06-02 06:19:41.189983] GPU 0     0.964        0.476        0.278        1710         2100         4                           606547131708992             
[2026-06-02 06:19:41.242321] GPU 0     0.962        0.478        0.284        1710         2100         4                           606547131708992             
[2026-06-02 06:19:41.294690] GPU 0     0.963        0.476        0.280        1725         2100         4                           606547131708992             
[2026-06-02 06:19:41.347037] GPU 0     0.963        0.476        0.278        1710         2100         4                           606547131708992             
[2026-06-02 06:19:41.399301] GPU 0     0.962        0.478        0.283        1710         2100         4                           606547131708992             
[2026-06-02 06:19:41.451637] GPU 0     0.963        0.460        0.278        1695         2100         4                           606547131708992             
[2026-06-02 06:19:41.503988] GPU 0     0.956        0.481        0.311        1695         2100         4                           606547131708992             
[2026-06-02 06:19:41.556428] GPU 0     0.959        0.490        0.313        1710         2100         4                           606547131708992             
[2026-06-02 06:19:41.608719] GPU 0     0.961        0.470        0.285        1695         2100         4                           606547131708992             
[2026-06-02 06:19:41.660919] GPU 0     0.964        0.481        0.274        1725         2100         4                           606547131708992             
[2026-06-02 06:19:41.713335] GPU 0     0.963        0.471        0.279        1725         2100         4                           606547131708992             
[2026-06-02 06:19:41.763443] #Entity   SMACT        SMOCC        DRAMA        SMCLK        SMMAX        DVCCTR                      TAPCV                       
[2026-06-02 06:19:41.763585] ID                                                                                                                                 
[2026-06-02 06:19:41.765577] GPU 0     0.964        0.477        0.287        1710         2100         4                           606547131708992             
[2026-06-02 06:19:41.817978] GPU 0     0.962        0.470        0.282        1710         2100         4                           606547131708992             
[2026-06-02 06:19:41.870391] GPU 0     0.964        0.482        0.279        1710         2100         4                           606547131708992             
[2026-06-02 06:19:41.922887] GPU 0     0.963        0.475        0.278        1710         2100         4                           606547131708992             
[2026-06-02 06:19:41.975144] GPU 0     0.960        0.482        0.284        1710         2100         4                           606547131708992             
[2026-06-02 06:19:42.027322] GPU 0     0.960        0.471        0.309        1710         2100         4                           606547131708992             
[2026-06-02 06:19:42.079577] GPU 0     0.956        0.472        0.306        1710         2100         4                           606547131708992             
[2026-06-02 06:19:42.131932] GPU 0     0.948        0.477        0.302        1695         2100         4                           606547131708992             
[2026-06-02 06:19:42.184270] GPU 0     0.505        0.092        0.283        1905         2100         4                           606547131708992             
[2026-06-02 06:19:42.236543] GPU 0     0.870        0.398        0.705        1875         2100         4                           606547131708992             
[2026-06-02 06:19:42.288933] GPU 0     0.930        0.481        0.772        1695         2100         4                           606547131708992             
[2026-06-02 06:19:42.341248] GPU 0     0.912        0.577        0.630        1680         2100         4                           606547131708992             
[2026-06-02 06:19:42.393636] GPU 0     0.908        0.642        0.620        1740         2100         4                           606547131708992             
[2026-06-02 06:19:42.445975] GPU 0     0.899        0.551        0.696        1710         2100         4                           606547131708992             
[2026-06-02 06:19:42.497134] #Entity   SMACT        SMOCC        DRAMA        SMCLK        SMMAX        DVCCTR                      TAPCV                       
[2026-06-02 06:19:42.497235] ID                                                                                                                                 
[2026-06-02 06:19:42.499372] GPU 0     0.907        0.629        0.704        1830         2100         4                           606547131708992             
[2026-06-02 06:19:42.551175] GPU 0     0.226        0.149        0.175        1965         2100         4                           606547131708992             
[2026-06-02 06:19:42.603368] GPU 0     0.000        0.000        0.043        1965         2100         0                           606547131708992             
[2026-06-02 06:19:42.655530] GPU 0     0.178        0.036        0.183        1965         2100         0                           606547131708992             
[2026-06-02 06:19:42.707671] GPU 0     0.882        0.457        0.342        1710         2100         4                           606547131708992             
[2026-06-02 06:19:42.759917] GPU 0     0.961        0.471        0.343        1710         2100         4                           606547131708992             
[2026-06-02 06:19:42.812171] GPU 0     0.966        0.476        0.276        1710         2100         4                           606547131708992             
[2026-06-02 06:19:42.864434] GPU 0     0.963        0.480        0.279        1695         2100         4                           606547131708992             
[2026-06-02 06:19:42.916648] GPU 0     0.963        0.476        0.278        1710         2100         4                           606547131708992             
[2026-06-02 06:19:42.968755] GPU 0     0.963        0.477        0.271        1725         2100         4                           606547131708992             
[2026-06-02 06:19:43.021057] GPU 0     0.958        0.484        0.309        1710         2100         4                           606547131708992             
[2026-06-02 06:19:43.073325] GPU 0     0.961        0.471        0.288        1710         2100         4                           606547131708992             
[2026-06-02 06:19:43.125574] GPU 0     0.959        0.473        0.296        1710         2100         4                           606547131708992             
[2026-06-02 06:19:43.177805] GPU 0     0.959        0.483        0.305        1710         2100         4                           606547131708992             
[2026-06-02 06:19:43.227957] #Entity   SMACT        SMOCC        DRAMA        SMCLK        SMMAX        DVCCTR                      TAPCV                       
[2026-06-02 06:19:43.228098] ID                                                                                                                                 
[2026-06-02 06:19:43.230041] GPU 0     0.944        0.467        0.289        1710         2100         4                           606547131708992             
[2026-06-02 06:19:43.282075] GPU 0     0.963        0.475        0.278        1710         2100         4                           606547131708992             
[2026-06-02 06:19:43.334408] GPU 0     0.962        0.490        0.295        1695         2100         4                           606547131708992             
[2026-06-02 06:19:43.386757] GPU 0     0.963        0.477        0.280        1710         2100         4                           606547131708992             
[2026-06-02 06:19:43.438893] GPU 0     0.964        0.470        0.275        1725         2100         4                           606547131708992             
[2026-06-02 06:19:43.491175] GPU 0     0.965        0.475        0.267        1710         2100         4                           606547131708992             
[2026-06-02 06:19:43.543331] GPU 0     0.959        0.465        0.290        1710         2100         4                           606547131708992             
[2026-06-02 06:19:43.595608] GPU 0     0.958        0.484        0.313        1710         2100         4                           606547131708992             
[2026-06-02 06:19:43.647854] GPU 0     0.960        0.481        0.297        1710         2100         4                           606547131708992             
[2026-06-02 06:19:43.700149] GPU 0     0.960        0.483        0.304        1710         2100         4                           606547131708992             
[2026-06-02 06:19:43.752284] GPU 0     0.962        0.478        0.284        1710         2100         4                           606547131708992             
[2026-06-02 06:19:43.804419] GPU 0     0.963        0.478        0.283        1710         2100         4                           606547131708992             
[2026-06-02 06:19:43.856695] GPU 0     0.963        0.476        0.278        1710         2100         4                           606547131708992             
[2026-06-02 06:19:43.909122] GPU 0     0.962        0.478        0.284        1710         2100         4                           606547131708992             
[2026-06-02 06:19:43.959354] #Entity   SMACT        SMOCC        DRAMA        SMCLK        SMMAX        DVCCTR                      TAPCV                       
[2026-06-02 06:19:43.959496] ID                                                                                                                                 
[2026-06-02 06:19:43.961402] GPU 0     0.963        0.473        0.277        1695         2100         4                           606547131708992             
[2026-06-02 06:19:44.013696] GPU 0     0.963        0.477        0.280        1710         2100         4                           606547131708992             
[2026-06-02 06:19:44.066012] GPU 0     0.966        0.465        0.266        1710         2100         4                           606547131708992             
[2026-06-02 06:19:44.118324] GPU 0     0.956        0.470        0.309        1710         2100         4                           606547131708992             
[2026-06-02 06:19:44.170827] GPU 0     0.957        0.477        0.305        1695         2100         4                           606547131708992             
[2026-06-02 06:19:44.223363] GPU 0     0.958        0.486        0.312        1710         2100         4                           606547131708992             
[2026-06-02 06:19:44.275930] GPU 0     0.963        0.477        0.280        1710         2100         4                           606547131708992             
[2026-06-02 06:19:44.328481] GPU 0     0.963        0.483        0.285        1710         2100         4                           606547131708992             
[2026-06-02 06:19:44.380953] GPU 0     0.963        0.470        0.272        1695         2100         4                           606547131708992             
[2026-06-02 06:19:44.433532] GPU 0     0.963        0.472        0.275        1710         2100         4                           606547131708992             
[2026-06-02 06:19:44.486277] GPU 0     0.963        0.488        0.290        1710         2100         4                           606547131708992             
[2026-06-02 06:19:44.538712] GPU 0     0.963        0.478        0.276        1695         2100         4                           606547131708992             
[2026-06-02 06:19:44.591048] GPU 0     0.964        0.459        0.273        1710         2100         4                           606547131708992             
[2026-06-02 06:19:44.643574] GPU 0     0.956        0.489        0.321        1710         2100         4                           606547131708992             
[2026-06-02 06:19:44.693675] #Entity   SMACT        SMOCC        DRAMA        SMCLK        SMMAX        DVCCTR                      TAPCV                       
[2026-06-02 06:19:44.693819] ID                                                                                                                                 
[2026-06-02 06:19:44.696029] GPU 0     0.959        0.478        0.297        1710         2100         4                           606547131708992             
[2026-06-02 06:19:44.748494] GPU 0     0.959        0.484        0.307        1710         2100         4                           606547131708992             
[2026-06-02 06:19:44.801005] GPU 0     0.962        0.478        0.284        1725         2100         4                           606547131708992             
[2026-06-02 06:19:44.853378] GPU 0     0.962        0.478        0.283        1695         2100         4                           606547131708992             
[2026-06-02 06:19:44.905775] GPU 0     0.963        0.471        0.276        1710         2100         4                           606547131708992             
[2026-06-02 06:19:44.958125] GPU 0     0.963        0.476        0.278        1695         2100         4                           606547131708992             
[2026-06-02 06:19:45.010246] GPU 0     0.962        0.467        0.270        1710         2100         4                           606547131708992             
[2026-06-02 06:19:45.062644] GPU 0     0.963        0.474        0.277        1710         2100         4                           606547131708992             
[2026-06-02 06:19:45.115078] GPU 0     0.965        0.481        0.276        1695         2100         4                           606547131708992             
[2026-06-02 06:19:45.167348] GPU 0     0.959        0.472        0.310        1710         2100         4                           606547131708992             
[2026-06-02 06:19:45.219607] GPU 0     0.956        0.476        0.306        1710         2100         4                           606547131708992             
[2026-06-02 06:19:45.271893] GPU 0     0.958        0.487        0.316        1710         2100         4                           606547131708992             
[2026-06-02 06:19:45.324075] GPU 0     0.962        0.469        0.272        1710         2100         4                           606547131708992             
[2026-06-02 06:19:45.376194] GPU 0     0.964        0.477        0.278        1710         2100         4                           606547131708992             
[2026-06-02 06:19:45.426243] #Entity   SMACT        SMOCC        DRAMA        SMCLK        SMMAX        DVCCTR                      TAPCV                       
[2026-06-02 06:19:45.426385] ID                                                                                                                                 
[2026-06-02 06:19:45.428289] GPU 0     0.963        0.486        0.289        1710         2100         4                           606547131708992             
[2026-06-02 06:19:45.480564] GPU 0     0.963        0.466        0.269        1710         2100         4                           606547131708992             
[2026-06-02 06:19:45.532937] GPU 0     0.964        0.474        0.275        1710         2100         4                           606547131708992             
[2026-06-02 06:19:45.585382] GPU 0     0.962        0.479        0.282        1710         2100         4                           606547131708992             
[2026-06-02 06:19:45.637723] GPU 0     0.965        0.479        0.271        1710         2100         4                           606547131708992             
[2026-06-02 06:19:45.690016] GPU 0     0.960        0.474        0.314        1710         2100         4                           606547131708992             
[2026-06-02 06:19:45.742287] GPU 0     0.956        0.473        0.303        1710         2100         4                           606547131708992             
[2026-06-02 06:19:45.794625] GPU 0     0.958        0.488        0.312        1710         2100         4                           606547131708992             
[2026-06-02 06:19:45.846877] GPU 0     0.964        0.482        0.279        1710         2100         4                           606547131708992             
[2026-06-02 06:19:45.899176] GPU 0     0.962        0.468        0.280        1710         2100         4                           606547131708992             
[2026-06-02 06:19:45.951466] GPU 0     0.963        0.472        0.271        1710         2100         4                           606547131708992             
[2026-06-02 06:19:46.003980] GPU 0     0.963        0.480        0.284        1710         2100         4                           606547131708992             
[2026-06-02 06:19:46.056340] GPU 0     0.962        0.474        0.279        1710         2100         4                           606547131708992             
[2026-06-02 06:19:46.108747] GPU 0     0.964        0.474        0.272        1695         2100         4                           606547131708992             
[2026-06-02 06:19:46.158900] #Entity   SMACT        SMOCC        DRAMA        SMCLK        SMMAX        DVCCTR                      TAPCV                       
[2026-06-02 06:19:46.159045] ID                                                                                                                                 
[2026-06-02 06:19:46.161073] GPU 0     0.957        0.473        0.305        1710         2100         4                           606547131708992             
[2026-06-02 06:19:46.213383] GPU 0     0.960        0.493        0.313        1695         2100         4                           606547131708992             
[2026-06-02 06:19:46.265657] GPU 0     0.960        0.473        0.294        1695         2100         4                           606547131708992             
[2026-06-02 06:19:46.317529] GPU 0     0.961        0.471        0.290        1710         2100         4                           606547131708992             
[2026-06-02 06:19:46.369753] GPU 0     0.963        0.478        0.279        1710         2100         4                           606547131708992             
[2026-06-02 06:19:46.422078] GPU 0     0.966        0.475        0.278        1710         2100         4                           606547131708992             
[2026-06-02 06:19:46.474329] GPU 0     0.963        0.477        0.277        1695         2100         4                           606547131708992             
[2026-06-02 06:19:46.526737] GPU 0     0.963        0.475        0.278        1710         2100         4                           606547131708992             
[2026-06-02 06:19:46.578978] GPU 0     0.962        0.480        0.279        1710         2100         4                           606547131708992             
[2026-06-02 06:19:46.631317] GPU 0     0.962        0.480        0.279        1710         2100         4                           606547131708992             
[2026-06-02 06:19:46.683434] GPU 0     0.964        0.472        0.277        1710         2100         4                           606547131708992             
[2026-06-02 06:19:46.735779] GPU 0     0.958        0.477        0.293        1710         2100         4                           606547131708992             
[2026-06-02 06:19:46.788064] GPU 0     0.960        0.478        0.313        1710         2100         4                           606547131708992             
[2026-06-02 06:19:46.840329] GPU 0     0.959        0.473        0.305        1710         2100         4                           606547131708992             
[2026-06-02 06:19:46.890485] #Entity   SMACT        SMOCC        DRAMA        SMCLK        SMMAX        DVCCTR                      TAPCV                       
[2026-06-02 06:19:46.890624] ID                                                                                                                                 
[2026-06-02 06:19:46.892631] GPU 0     0.962        0.478        0.284        1710         2100         4                           606547131708992             
[2026-06-02 06:19:46.944907] GPU 0     0.962        0.478        0.284        1710         2100         4                           606547131708992             
[2026-06-02 06:19:46.997268] GPU 0     0.963        0.475        0.277        1710         2100         4                           606547131708992             
[2026-06-02 06:19:47.049623] GPU 0     0.962        0.476        0.282        1710         2100         4                           606547131708992             
[2026-06-02 06:19:47.101910] GPU 0     0.964        0.469        0.273        1710         2100         4                           606547131708992             
[2026-06-02 06:19:47.154231] GPU 0     0.963        0.466        0.268        1695         2100         4                           606547131708992             
[2026-06-02 06:19:47.206554] GPU 0     0.959        0.492        0.316        1710         2100         4                           606547131708992             
[2026-06-02 06:19:47.258875] GPU 0     0.962        0.469        0.281        1710         2100         4                           606547131708992             
[2026-06-02 06:19:47.311066] GPU 0     0.959        0.472        0.295        1710         2100         4                           606547131708992             
[2026-06-02 06:19:47.363223] GPU 0     0.958        0.481        0.314        1695         2100         4                           606547131708992             
[2026-06-02 06:19:47.415482] GPU 0     0.958        0.481        0.314        1710         2100         4                           606547131708992             
[2026-06-02 06:19:47.467877] GPU 0     0.963        0.481        0.283        1710         2100         4                           606547131708992             
[2026-06-02 06:19:47.520062] GPU 0     0.965        0.480        0.272        1695         2100         4                           606547131708992             
[2026-06-02 06:19:47.572506] GPU 0     0.962        0.478        0.283        1710         2100         4                           606547131708992             
[2026-06-02 06:19:47.622637] #Entity   SMACT        SMOCC        DRAMA        SMCLK        SMMAX        DVCCTR                      TAPCV                       
[2026-06-02 06:19:47.622760] ID                                                                                                                                 
[2026-06-02 06:19:47.624756] GPU 0     0.963        0.474        0.274        1710         2100         4                           606547131708992             
[2026-06-02 06:19:47.677135] GPU 0     0.962        0.475        0.280        1695         2100         4                           606547131708992             
[2026-06-02 06:19:47.729168] GPU 0     0.959        0.473        0.294        1710         2100         4                           606547131708992             
[2026-06-02 06:19:47.781428] GPU 0     0.959        0.470        0.291        1710         2100         4                           606547131708992             
[2026-06-02 06:19:47.833728] GPU 0     0.959        0.482        0.310        1710         2100         4                           606547131708992             
[2026-06-02 06:19:47.886108] GPU 0     0.957        0.491        0.320        1710         2100         4                           606547131708992             
[2026-06-02 06:19:47.938213] GPU 0     0.963        0.477        0.279        1710         2100         4                           606547131708992             
[2026-06-02 06:19:47.990468] GPU 0     0.964        0.469        0.273        1695         2100         4                           606547131708992             
[2026-06-02 06:19:48.042653] GPU 0     0.963        0.475        0.276        1695         2100         4                           606547131708992             
[2026-06-02 06:19:48.094698] GPU 0     0.963        0.476        0.277        1695         2100         4                           606547131708992             
[2026-06-02 06:19:48.146898] GPU 0     0.963        0.467        0.269        1710         2100         4                           606547131708992             
[2026-06-02 06:19:48.199141] GPU 0     0.963        0.475        0.277        1710         2100         4                           606547131708992             
[2026-06-02 06:19:48.251346] GPU 0     0.960        0.489        0.308        1710         2100         4                           606547131708992             
[2026-06-02 06:19:48.303625] GPU 0     0.961        0.473        0.294        1710         2100         4                           606547131708992             
[2026-06-02 06:19:48.353771] #Entity   SMACT        SMOCC        DRAMA        SMCLK        SMMAX        DVCCTR                      TAPCV                       
[2026-06-02 06:19:48.353914] ID                                                                                                                                 
[2026-06-02 06:19:48.355865] GPU 0     0.961        0.472        0.290        1710         2100         4                           606547131708992             
[2026-06-02 06:19:48.408113] GPU 0     0.956        0.492        0.322        1710         2100         4                           606547131708992             
[2026-06-02 06:19:48.460384] GPU 0     0.963        0.476        0.278        1695         2100         4                           606547131708992             
[2026-06-02 06:19:48.512673] GPU 0     0.963        0.476        0.278        1710         2100         4                           606547131708992             
[2026-06-02 06:19:48.564877] GPU 0     0.963        0.475        0.277        1710         2100         4                           606547131708992             
[2026-06-02 06:19:48.617187] GPU 0     0.963        0.474        0.280        1710         2100         4                           606547131708992             
[2026-06-02 06:19:48.669267] GPU 0     0.963        0.474        0.280        1695         2100         4                           606547131708992             
[2026-06-02 06:19:48.721612] GPU 0     0.964        0.476        0.272        1710         2100         4                           606547131708992             
[2026-06-02 06:19:48.773785] GPU 0     0.961        0.473        0.293        1710         2100         4                           606547131708992             
[2026-06-02 06:19:48.826145] GPU 0     0.961        0.473        0.293        1680         2100         4                           606547131708992             
[2026-06-02 06:19:48.878407] GPU 0     0.958        0.468        0.301        1695         2100         4                           606547131708992             
[2026-06-02 06:19:48.930867] GPU 0     0.957        0.478        0.308        1710         2100         4                           606547131708992             
[2026-06-02 06:19:48.982984] GPU 0     0.965        0.488        0.279        1710         2100         4                           606547131708992             
[2026-06-02 06:19:49.035154] GPU 0     0.963        0.477        0.281        1695         2100         4                           606547131708992             
[2026-06-02 06:19:49.085346] #Entity   SMACT        SMOCC        DRAMA        SMCLK        SMMAX        DVCCTR                      TAPCV                       
[2026-06-02 06:19:49.085489] ID                                                                                                                                 
[2026-06-02 06:19:49.087252] GPU 0     0.963        0.475        0.277        1710         2100         4                           606547131708992             
[2026-06-02 06:19:49.139570] GPU 0     0.962        0.478        0.283        1710         2100         4                           606547131708992             
[2026-06-02 06:19:49.191743] GPU 0     0.962        0.478        0.283        1695         2100         4                           606547131708992             
[2026-06-02 06:19:49.243987] GPU 0     0.963        0.476        0.279        1710         2100         4                           606547131708992             
[2026-06-02 06:19:49.296071] GPU 0     0.963        0.476        0.280        1710         2100         4                           606547131708992             
[2026-06-02 06:19:49.348381] GPU 0     0.961        0.472        0.292        1695         2100         4                           606547131708992             
[2026-06-02 06:19:49.400433] GPU 0     0.960        0.481        0.310        1710         2100         4                           606547131708992             
[2026-06-02 06:19:49.452632] GPU 0     0.960        0.481        0.310        1695         2100         4                           606547131708992             
[2026-06-02 06:19:49.504780] GPU 0     0.957        0.492        0.317        1695         2100         4                           606547131708992             
[2026-06-02 06:19:49.556925] GPU 0     0.966        0.469        0.260        1695         2100         4                           606547131708992             
[2026-06-02 06:19:49.609104] GPU 0     0.962        0.478        0.284        1710         2100         4                           606547131708992             
[2026-06-02 06:19:49.661303] GPU 0     0.964        0.470        0.266        1695         2100         4                           606547131708992             
[2026-06-02 06:19:49.713442] GPU 0     0.961        0.477        0.283        1695         2100         4                           606547131708992             
[2026-06-02 06:19:49.765653] GPU 0     0.964        0.471        0.271        1695         2100         4                           606547131708992             
[2026-06-02 06:19:49.815852] #Entity   SMACT        SMOCC        DRAMA        SMCLK        SMMAX        DVCCTR                      TAPCV                       
[2026-06-02 06:19:49.815988] ID                                                                                                                                 
[2026-06-02 06:19:49.817778] GPU 0     0.965        0.483        0.279        1710         2100         4                           606547131708992             
[2026-06-02 06:19:49.870017] GPU 0     0.957        0.467        0.309        1710         2100         4                           606547131708992             
[2026-06-02 06:19:49.922198] GPU 0     0.957        0.475        0.306        1680         2100         4                           606547131708992             
[2026-06-02 06:19:49.974395] GPU 0     0.958        0.489        0.315        1710         2100         4                           606547131708992             
[2026-06-02 06:19:50.026703] GPU 0     0.963        0.474        0.269        1710         2100         4                           606547131708992             
[2026-06-02 06:19:50.078871] GPU 0     0.964        0.479        0.278        1710         2100         4                           606547131708992             
[2026-06-02 06:19:50.130998] GPU 0     0.964        0.474        0.276        1695         2100         4                           606547131708992             
[2026-06-02 06:19:50.183047] GPU 0     0.964        0.476        0.276        1695         2100         4                           606547131708992             
[2026-06-02 06:19:50.235175] GPU 0     0.962        0.478        0.283        1695         2100         4                           606547131708992             
[2026-06-02 06:19:50.287269] GPU 0     0.963        0.476        0.279        1695         2100         4                           606547131708992             
[2026-06-02 06:19:50.339350] GPU 0     0.963        0.474        0.275        1680         2100         4                           606547131708992             
[2026-06-02 06:19:50.391641] GPU 0     0.960        0.472        0.293        1695         2100         4                           606547131708992             
[2026-06-02 06:19:50.443772] GPU 0     0.958        0.482        0.305        1695         2100         4                           606547131708992             
[2026-06-02 06:19:50.495877] GPU 0     0.960        0.469        0.311        1710         2100         4                           606547131708992             
[2026-06-02 06:19:50.545974] #Entity   SMACT        SMOCC        DRAMA        SMCLK        SMMAX        DVCCTR                      TAPCV                       
[2026-06-02 06:19:50.546128] ID                                                                                                                                 
[2026-06-02 06:19:50.547903] GPU 0     0.958        0.496        0.308        1695         2100         4                           606547131708992             
[2026-06-02 06:19:50.600054] GPU 0     0.962        0.478        0.284        1710         2100         4                           606547131708992             
[2026-06-02 06:19:50.652076] GPU 0     0.964        0.472        0.269        1710         2100         4                           606547131708992             
[2026-06-02 06:19:50.704002] GPU 0     0.963        0.475        0.274        1695         2100         4                           606547131708992             
[2026-06-02 06:19:50.756128] GPU 0     0.966        0.470        0.257        1695         2100         4                           606547131708992             
[2026-06-02 06:19:50.808496] GPU 0     0.965        0.476        0.277        1695         2100         4                           606547131708992             
[2026-06-02 06:19:50.860617] GPU 0     0.958        0.479        0.302        1695         2100         4                           606547131708992             
[2026-06-02 06:19:50.912806] GPU 0     0.960        0.471        0.308        1695         2100         4                           606547131708992             
[2026-06-02 06:19:50.964940] GPU 0     0.959        0.472        0.304        1695         2100         4                           606547131708992             
[2026-06-02 06:19:51.017061] GPU 0     0.957        0.498        0.306        1695         2100         4                           606547131708992             
[2026-06-02 06:19:51.069174] GPU 0     0.962        0.473        0.278        1695         2100         4                           606547131708992             
[2026-06-02 06:19:51.121523] GPU 0     0.963        0.468        0.271        1710         2100         4                           606547131708992             
[2026-06-02 06:19:51.173818] GPU 0     0.965        0.477        0.272        1695         2100         4                           606547131708992             
[2026-06-02 06:19:51.226140] GPU 0     0.963        0.474        0.274        1695         2100         4                           606547131708992             
[2026-06-02 06:19:51.276295] #Entity   SMACT        SMOCC        DRAMA        SMCLK        SMMAX        DVCCTR                      TAPCV                       
[2026-06-02 06:19:51.276436] ID                                                                                                                                 
[2026-06-02 06:19:51.278452] GPU 0     0.963        0.479        0.282        1680         2100         4                           606547131708992             
[2026-06-02 06:19:51.330663] GPU 0     0.962        0.478        0.284        1695         2100         4                           606547131708992             
[2026-06-02 06:19:51.383002] GPU 0     0.961        0.463        0.283        1695         2100         4                           606547131708992             
[2026-06-02 06:19:51.435223] GPU 0     0.958        0.478        0.304        1695         2100         4                           606547131708992             
[2026-06-02 06:19:51.487407] GPU 0     0.958        0.477        0.304        1695         2100         4                           606547131708992             
[2026-06-02 06:19:51.539649] GPU 0     0.959        0.484        0.306        1680         2100         4                           606547131708992             
[2026-06-02 06:19:51.591857] GPU 0     0.964        0.475        0.272        1695         2100         4                           606547131708992             
[2026-06-02 06:19:51.644171] GPU 0     0.964        0.474        0.273        1695         2100         4                           606547131708992             
[2026-06-02 06:19:51.696414] GPU 0     0.967        0.474        0.275        1695         2100         4                           606547131708992             
[2026-06-02 06:19:51.748644] GPU 0     0.963        0.479        0.275        1695         2100         4                           606547131708992             
[2026-06-02 06:19:51.801011] GPU 0     0.964        0.480        0.271        1695         2100         4                           606547131708992             
[2026-06-02 06:19:51.853335] GPU 0     0.963        0.471        0.270        1695         2100         4                           606547131708992             
[2026-06-02 06:19:51.905666] GPU 0     0.959        0.481        0.315        1695         2100         4                           606547131708992             
[2026-06-02 06:19:51.957775] GPU 0     0.959        0.483        0.304        1695         2100         4                           606547131708992             
[2026-06-02 06:19:52.007975] #Entity   SMACT        SMOCC        DRAMA        SMCLK        SMMAX        DVCCTR                      TAPCV                       
[2026-06-02 06:19:52.008117] ID                                                                                                                                 
[2026-06-02 06:19:52.010042] GPU 0     0.960        0.473        0.293        1680         2100         4                           606547131708992             
[2026-06-02 06:19:52.061848] GPU 0     0.960        0.473        0.292        1695         2100         4                           606547131708992             
[2026-06-02 06:19:52.114152] GPU 0     0.961        0.488        0.296        1695         2100         4                           606547131708992             
[2026-06-02 06:19:52.166446] GPU 0     0.963        0.465        0.267        1710         2100         4                           606547131708992             
[2026-06-02 06:19:52.218726] GPU 0     0.964        0.476        0.273        1680         2100         4                           606547131708992             
[2026-06-02 06:19:52.271051] GPU 0     0.964        0.475        0.272        1695         2100         4                           606547131708992             
[2026-06-02 06:19:52.323398] GPU 0     0.964        0.479        0.283        1695         2100         4                           606547131708992             
[2026-06-02 06:19:52.375659] GPU 0     0.962        0.478        0.284        1680         2100         4                           606547131708992             
[2026-06-02 06:19:52.428046] GPU 0     0.962        0.476        0.280        1695         2100         4                           606547131708992             
[2026-06-02 06:19:52.480351] GPU 0     0.960        0.473        0.293        1695         2100         4                           606547131708992             
[2026-06-02 06:19:52.532616] GPU 0     0.960        0.473        0.294        1695         2100         4                           606547131708992             
[2026-06-02 06:19:52.584900] GPU 0     0.960        0.473        0.292        1680         2100         4                           606547131708992             
[2026-06-02 06:19:52.637282] GPU 0     0.957        0.490        0.321        1695         2100         4                           606547131708992             
[2026-06-02 06:19:52.689621] GPU 0     0.963        0.464        0.265        1695         2100         4                           606547131708992             
[2026-06-02 06:19:52.739808] #Entity   SMACT        SMOCC        DRAMA        SMCLK        SMMAX        DVCCTR                      TAPCV                       
[2026-06-02 06:19:52.739942] ID                                                                                                                                 
[2026-06-02 06:19:52.741889] GPU 0     0.965        0.477        0.273        1695         2100         4                           606547131708992             
[2026-06-02 06:19:52.794303] GPU 0     0.963        0.475        0.276        1695         2100         4                           606547131708992             
[2026-06-02 06:19:52.846605] GPU 0     0.964        0.473        0.269        1680         2100         4                           606547131708992             
[2026-06-02 06:19:52.898709] GPU 0     0.966        0.478        0.276        1695         2100         4                           606547131708992             
[2026-06-02 06:19:52.951036] GPU 0     0.963        0.478        0.270        1695         2100         4                           606547131708992             
[2026-06-02 06:19:53.003357] GPU 0     0.959        0.473        0.306        1695         2100         4                           606547131708992             
[2026-06-02 06:19:53.055667] GPU 0     0.956        0.471        0.298        1695         2100         4                           606547131708992             
[2026-06-02 06:19:53.108037] GPU 0     0.959        0.480        0.305        1695         2100         4                           606547131708992             
[2026-06-02 06:19:53.160268] GPU 0     0.962        0.491        0.292        1680         2100         4                           606547131708992             
[2026-06-02 06:19:53.212545] GPU 0     0.962        0.478        0.284        1695         2100         4                           606547131708992             
[2026-06-02 06:19:53.264908] GPU 0     0.963        0.477        0.279        1710         2100         4                           606547131708992             
[2026-06-02 06:19:53.317319] GPU 0     0.963        0.478        0.282        1695         2100         4                           606547131708992             
[2026-06-02 06:19:53.369563] GPU 0     0.963        0.463        0.265        1695         2100         4                           606547131708992             
[2026-06-02 06:19:53.421898] GPU 0     0.963        0.482        0.283        1695         2100         4                           606547131708992             
[2026-06-02 06:19:53.472090] #Entity   SMACT        SMOCC        DRAMA        SMCLK        SMMAX        DVCCTR                      TAPCV                       
[2026-06-02 06:19:53.472228] ID                                                                                                                                 
[2026-06-02 06:19:53.474262] GPU 0     0.964        0.477        0.277        1695         2100         4                           606547131708992             
[2026-06-02 06:19:53.526637] GPU 0     0.960        0.475        0.296        1680         2100         4                           606547131708992             
[2026-06-02 06:19:53.578646] GPU 0     0.960        0.473        0.292        1695         2100         4                           606547131708992             
[2026-06-02 06:19:53.631061] GPU 0     0.960        0.469        0.287        1680         2100         4                           606547131708992             
[2026-06-02 06:19:53.683407] GPU 0     0.959        0.485        0.306        1695         2100         4                           606547131708992             
[2026-06-02 06:19:53.735844] GPU 0     0.963        0.476        0.276        1695         2100         4                           606547131708992             
[2026-06-02 06:19:53.788060] GPU 0     0.963        0.478        0.279        1665         2100         4                           606547131708992             
[2026-06-02 06:19:53.840377] GPU 0     0.962        0.478        0.283        1680         2100         4                           606547131708992             
[2026-06-02 06:19:53.892651] GPU 0     0.963        0.476        0.278        1695         2100         4                           606547131708992             
[2026-06-02 06:19:53.945018] GPU 0     0.963        0.478        0.283        1695         2100         4                           606547131708992             
[2026-06-02 06:19:53.997253] GPU 0     0.965        0.460        0.273        1695         2100         4                           606547131708992             
[2026-06-02 06:19:54.049480] GPU 0     0.954        0.476        0.306        1695         2100         4                           606547131708992             
[2026-06-02 06:19:54.101847] GPU 0     0.960        0.487        0.309        1680         2100         4                           606547131708992             
[2026-06-02 06:19:54.154146] GPU 0     0.958        0.489        0.310        1695         2100         4                           606547131708992             
[2026-06-02 06:19:54.204338] #Entity   SMACT        SMOCC        DRAMA        SMCLK        SMMAX        DVCCTR                      TAPCV                       
[2026-06-02 06:19:54.204473] ID                                                                                                                                 
[2026-06-02 06:19:54.206487] GPU 0     0.964        0.476        0.277        1695         2100         4                           606547131708992             
[2026-06-02 06:19:54.258834] GPU 0     0.963        0.470        0.275        1695         2100         4                           606547131708992             
[2026-06-02 06:19:54.311005] GPU 0     0.963        0.462        0.260        1665         2100         4                           606547131708992             
[2026-06-02 06:19:54.363301] GPU 0     0.963        0.485        0.287        1695         2100         4                           606547131708992             
[2026-06-02 06:19:54.415483] GPU 0     0.964        0.465        0.265        1695         2100         4                           606547131708992             
[2026-06-02 06:19:54.467246] GPU 0     0.964        0.465        0.265        1695         2100         4                           606547131708992             
[2026-06-02 06:19:54.519490] GPU 0     0.963        0.487        0.287        1680         2100         4                           606547131708992             
[2026-06-02 06:19:54.571804] GPU 0     0.961        0.471        0.285        1680         2100         4                           606547131708992             
[2026-06-02 06:19:54.624199] GPU 0     0.960        0.481        0.298        1695         2100         4                           606547131708992             
[2026-06-02 06:19:54.676551] GPU 0     0.960        0.473        0.292        1680         2100         4                           606547131708992             
[2026-06-02 06:19:54.728872] GPU 0     0.959        0.485        0.307        1680         2100         4                           606547131708992             
[2026-06-02 06:19:54.781059] GPU 0     0.962        0.478        0.283        1695         2100         4                           606547131708992             
[2026-06-02 06:19:54.832886] GPU 0     0.963        0.476        0.281        1695         2100         4                           606547131708992             
[2026-06-02 06:19:54.885244] GPU 0     0.964        0.465        0.267        1680         2100         4                           606547131708992             
[2026-06-02 06:19:54.935422] #Entity   SMACT        SMOCC        DRAMA        SMCLK        SMMAX        DVCCTR                      TAPCV                       
[2026-06-02 06:19:54.935563] ID                                                                                                                                 
[2026-06-02 06:19:54.937546] GPU 0     0.964        0.476        0.273        1695         2100         4                           606547131708992             
[2026-06-02 06:19:54.989609] GPU 0     0.966        0.471        0.272        1695         2100         4                           606547131708992             
[2026-06-02 06:19:55.041881] GPU 0     0.959        0.488        0.293        1680         2100         4                           606547131708992             
[2026-06-02 06:19:55.094207] GPU 0     0.960        0.472        0.290        1680         2100         4                           606547131708992             
[2026-06-02 06:19:55.151837] GPU 0     0.959        0.473        0.294        1680         2100         4                           606547131708992             
[2026-06-02 06:19:55.204204] GPU 0     0.958        0.478        0.305        1665         2100         4                           606547131708992             
[2026-06-02 06:19:55.256519] GPU 0     0.963        0.479        0.275        1695         2100         4                           606547131708992             
[2026-06-02 06:19:55.308839] GPU 0     0.964        0.478        0.278        1695         2100         4                           606547131708992             
[2026-06-02 06:19:55.360939] GPU 0     0.962        0.477        0.281        1680         2100         4                           606547131708992             
[2026-06-02 06:19:55.413156] GPU 0     0.963        0.477        0.281        1695         2100         4                           606547131708992             
[2026-06-02 06:19:55.465202] GPU 0     0.963        0.477        0.280        1695         2100         4                           606547131708992             
[2026-06-02 06:19:55.517429] GPU 0     0.962        0.478        0.283        1680         2100         4                           606547131708992             
[2026-06-02 06:19:55.569593] GPU 0     0.965        0.465        0.274        1695         2100         4                           606547131708992             
[2026-06-02 06:19:55.621833] GPU 0     0.957        0.473        0.301        1695         2100         4                           606547131708992             
[2026-06-02 06:19:55.672022] #Entity   SMACT        SMOCC        DRAMA        SMCLK        SMMAX        DVCCTR                      TAPCV                       
[2026-06-02 06:19:55.672159] ID                                                                                                                                 
[2026-06-02 06:19:55.673914] GPU 0     0.958        0.473        0.301        1680         2100         4                           606547131708992             
[2026-06-02 06:19:55.726122] GPU 0     0.958        0.489        0.314        1695         2100         4                           606547131708992             
[2026-06-02 06:19:55.778288] GPU 0     0.964        0.482        0.274        1680         2100         4                           606547131708992             
[2026-06-02 06:19:55.830514] GPU 0     0.962        0.478        0.284        1695         2100         4                           606547131708992             
[2026-06-02 06:19:55.882823] GPU 0     0.965        0.470        0.259        1680         2100         4                           606547131708992             
[2026-06-02 06:19:55.934975] GPU 0     0.965        0.470        0.259        1680         2100         4                           606547131708992             
[2026-06-02 06:19:55.987097] GPU 0     0.964        0.470        0.283        1695         2100         4                           606547131708992             
[2026-06-02 06:19:56.039175] GPU 0     0.960        0.472        0.281        1695         2100         4                           606547131708992             
[2026-06-02 06:19:56.091331] GPU 0     0.965        0.480        0.276        1665         2100         4                           606547131708992             
[2026-06-02 06:19:56.143539] GPU 0     0.963        0.478        0.276        1680         2100         4                           606547131708992             
[2026-06-02 06:19:56.195680] GPU 0     0.960        0.473        0.293        1680         2100         4                           606547131708992             
[2026-06-02 06:19:56.247893] GPU 0     0.959        0.484        0.305        1695         2100         4                           606547131708992             
[2026-06-02 06:19:56.299971] GPU 0     0.963        0.479        0.280        1710         2100         4                           606547131708992             
[2026-06-02 06:19:56.352194] GPU 0     0.963        0.478        0.282        1680         2100         4                           606547131708992             
[2026-06-02 06:19:56.402286] #Entity   SMACT        SMOCC        DRAMA        SMCLK        SMMAX        DVCCTR                      TAPCV                       
[2026-06-02 06:19:56.402422] ID                                                                                                                                 
[2026-06-02 06:19:56.404257] GPU 0     0.962        0.478        0.283        1695         2100         4                           606547131708992             
[2026-06-02 06:19:56.456613] GPU 0     0.962        0.478        0.282        1695         2100         4                           606547131708992             
[2026-06-02 06:19:56.508432] GPU 0     0.962        0.473        0.277        1680         2100         4                           606547131708992             
[2026-06-02 06:19:56.560743] GPU 0     0.964        0.467        0.263        1695         2100         4                           606547131708992             
[2026-06-02 06:19:56.613035] GPU 0     0.964        0.475        0.273        1695         2100         4                           606547131708992             
[2026-06-02 06:19:56.665375] GPU 0     0.961        0.476        0.307        1680         2100         4                           606547131708992             
[2026-06-02 06:19:56.717708] GPU 0     0.959        0.474        0.303        1680         2100         4                           606547131708992             
[2026-06-02 06:19:56.769777] GPU 0     0.956        0.474        0.300        1665         2100         4                           606547131708992             
[2026-06-02 06:19:56.822063] GPU 0     0.961        0.494        0.299        1665         2100         4                           606547131708992             
[2026-06-02 06:19:56.874275] GPU 0     0.963        0.477        0.281        1695         2100         4                           606547131708992             
[2026-06-02 06:19:56.926596] GPU 0     0.963        0.476        0.281        1695         2100         4                           606547131708992             
[2026-06-02 06:19:56.978890] GPU 0     0.964        0.476        0.273        1680         2100         4                           606547131708992             
[2026-06-02 06:19:57.031011] GPU 0     0.963        0.476        0.278        1695         2100         4                           606547131708992             
[2026-06-02 06:19:57.083278] GPU 0     0.964        0.467        0.271        1695         2100         4                           606547131708992             
[2026-06-02 06:19:57.133366] #Entity   SMACT        SMOCC        DRAMA        SMCLK        SMMAX        DVCCTR                      TAPCV                       
[2026-06-02 06:19:57.133503] ID                                                                                                                                 
[2026-06-02 06:19:57.135499] GPU 0     0.963        0.470        0.269        1665         2100         4                           606547131708992             
[2026-06-02 06:19:57.187790] GPU 0     0.959        0.486        0.305        1680         2100         4                           606547131708992             
[2026-06-02 06:19:57.240038] GPU 0     0.960        0.473        0.294        1695         2100         4                           606547131708992             
[2026-06-02 06:19:57.292351] GPU 0     0.960        0.473        0.292        1680         2100         4                           606547131708992             
[2026-06-02 06:19:57.344632] GPU 0     0.967        0.322        0.419        1680         2100         4                           606547131708992             
[2026-06-02 06:19:57.396971] GPU 0     0.877        0.406        0.690        1815         2100         4                           606547131708992             
[2026-06-02 06:19:57.449184] GPU 0     0.921        0.447        0.767        1680         2100         4                           606547131708992             
[2026-06-02 06:19:57.501485] GPU 0     0.916        0.601        0.635        1680         2100         4                           606547131708992             
[2026-06-02 06:19:57.553667] GPU 0     0.911        0.644        0.610        1680         2100         4                           606547131708992             
[2026-06-02 06:19:57.605912] GPU 0     0.892        0.548        0.698        1755         2100         4                           606547131708992             
[2026-06-02 06:19:57.658214] GPU 0     0.888        0.607        0.677        1800         2100         4                           606547131708992             
[2026-06-02 06:19:57.709792] GPU 0     0.213        0.143        0.174        1830         2100         4                           606547131708992             
[2026-06-02 06:19:57.761993] GPU 0     0.000        0.000        0.053        1950         2100         4                           606547131708992             
[2026-06-02 06:19:57.814246] GPU 0     0.184        0.037        0.185        1950         2100         0                           606547131708992             
[2026-06-02 06:19:57.864441] #Entity   SMACT        SMOCC        DRAMA        SMCLK        SMMAX        DVCCTR                      TAPCV                       
[2026-06-02 06:19:57.864586] ID                                                                                                                                 
[2026-06-02 06:19:57.866454] GPU 0     0.902        0.464        0.345        1830         2100         4                           606547131708992             
[2026-06-02 06:19:57.918747] GPU 0     0.964        0.478        0.321        1665         2100         4                           606547131708992             
[2026-06-02 06:19:57.970983] GPU 0     0.962        0.478        0.283        1680         2100         4                           606547131708992             
[2026-06-02 06:19:58.023316] GPU 0     0.962        0.478        0.282        1680         2100         4                           606547131708992             
[2026-06-02 06:19:58.075623] GPU 0     0.962        0.477        0.281        1695         2100         4                           606547131708992             
[2026-06-02 06:19:58.127836] GPU 0     0.963        0.475        0.278        1695         2100         4                           606547131708992             
[2026-06-02 06:19:58.180011] GPU 0     0.966        0.467        0.268        1695         2100         4                           606547131708992             
[2026-06-02 06:19:58.232154] GPU 0     0.957        0.468        0.303        1680         2100         4                           606547131708992             
[2026-06-02 06:19:58.284348] GPU 0     0.957        0.479        0.308        1695         2100         4                           606547131708992             
[2026-06-02 06:19:58.336434] GPU 0     0.960        0.488        0.310        1680         2100         4                           606547131708992             
[2026-06-02 06:19:58.388810] GPU 0     0.945        0.467        0.260        1680         2100         4                           606547131708992             
[2026-06-02 06:19:58.441219] GPU 0     0.963        0.477        0.281        1695         2100         4                           606547131708992             
[2026-06-02 06:19:58.493606] GPU 0     0.962        0.478        0.282        1695         2100         4                           606547131708992             
[2026-06-02 06:19:58.546010] GPU 0     0.963        0.477        0.281        1695         2100         4                           606547131708992             
[2026-06-02 06:19:58.596202] #Entity   SMACT        SMOCC        DRAMA        SMCLK        SMMAX        DVCCTR                      TAPCV                       
[2026-06-02 06:19:58.596342] ID                                                                                                                                 
[2026-06-02 06:19:58.598482] GPU 0     0.963        0.477        0.281        1680         2100         4                           606547131708992             
[2026-06-02 06:19:58.650910] GPU 0     0.962        0.476        0.282        1695         2100         4                           606547131708992             
[2026-06-02 06:19:58.703458] GPU 0     0.964        0.467        0.269        1680         2100         4                           606547131708992             
[2026-06-02 06:19:58.755964] GPU 0     0.960        0.481        0.297        1680         2100         4                           606547131708992             
[2026-06-02 06:19:58.808382] GPU 0     0.960        0.473        0.293        1665         2100         4                           606547131708992             
[2026-06-02 06:19:58.860935] GPU 0     0.960        0.473        0.291        1680         2100         4                           606547131708992             
[2026-06-02 06:19:58.913387] GPU 0     0.959        0.480        0.302        1695         2100         4                           606547131708992             
[2026-06-02 06:19:58.965945] GPU 0     0.964        0.467        0.268        1695         2100         4                           606547131708992             
[2026-06-02 06:19:59.018489] GPU 0     0.966        0.480        0.277        1695         2100         4                           606547131708992             
[2026-06-02 06:19:59.071042] GPU 0     0.963        0.476        0.276        1695         2100         4                           606547131708992             
[2026-06-02 06:19:59.123554] GPU 0     0.960        0.473        0.276        1680         2100         4                           606547131708992             
[2026-06-02 06:19:59.176088] GPU 0     0.964        0.474        0.275        1695         2100         4                           606547131708992             
[2026-06-02 06:19:59.228814] GPU 0     0.966        0.478        0.276        1680         2100         4                           606547131708992             
[2026-06-02 06:19:59.280930] GPU 0     0.957        0.475        0.300        1680         2100         4                           606547131708992             
[2026-06-02 06:19:59.331038] #Entity   SMACT        SMOCC        DRAMA        SMCLK        SMMAX        DVCCTR                      TAPCV                       
[2026-06-02 06:19:59.331175] ID                                                                                                                                 
[2026-06-02 06:19:59.333383] GPU 0     0.958        0.476        0.305        1695         2100         4                           606547131708992             
[2026-06-02 06:19:59.385757] GPU 0     0.958        0.489        0.314        1680         2100         4                           606547131708992             
[2026-06-02 06:19:59.438250] GPU 0     0.965        0.475        0.265        1695         2100         4                           606547131708992             
[2026-06-02 06:19:59.490848] GPU 0     0.964        0.476        0.276        1680         2100         4                           606547131708992             
[2026-06-02 06:19:59.543275] GPU 0     0.963        0.475        0.276        1695         2100         4                           606547131708992             
[2026-06-02 06:19:59.595907] GPU 0     0.962        0.478        0.283        1695         2100         4                           606547131708992             
[2026-06-02 06:19:59.648348] GPU 0     0.962        0.478        0.282        1695         2100         4                           606547131708992             
[2026-06-02 06:19:59.700906] GPU 0     0.963        0.476        0.277        1695         2100         4                           606547131708992             
[2026-06-02 06:19:59.753307] GPU 0     0.962        0.478        0.283        1680         2100         4                           606547131708992             
[2026-06-02 06:19:59.805639] GPU 0     0.963        0.466        0.276        1695         2100         4                           606547131708992             
[2026-06-02 06:19:59.858359] GPU 0     0.959        0.479        0.303        1680         2100         4                           606547131708992             
[2026-06-02 06:19:59.910879] GPU 0     0.959        0.470        0.304        1680         2100         4                           606547131708992             
[2026-06-02 06:19:59.963269] GPU 0     0.961        0.485        0.288        1680         2100         4                           606547131708992             
[2026-06-02 06:20:00.015840] GPU 0     0.963        0.476        0.277        1695         2100         4                           606547131708992             
[2026-06-02 06:20:00.066011] #Entity   SMACT        SMOCC        DRAMA        SMCLK        SMMAX        DVCCTR                      TAPCV                       
[2026-06-02 06:20:00.066151] ID                                                                                                                                 
[2026-06-02 06:20:00.068201] GPU 0     0.962        0.478        0.283        1680         2100         4                           606547131708992             
[2026-06-02 06:20:00.120677] GPU 0     0.963        0.477        0.279        1695         2100         4                           606547131708992             
[2026-06-02 06:20:00.173016] GPU 0     0.963        0.475        0.275        1695         2100         4                           606547131708992             
[2026-06-02 06:20:00.225341] GPU 0     0.962        0.478        0.283        1695         2100         4                           606547131708992             
[2026-06-02 06:20:00.277445] GPU 0     0.963        0.474        0.272        1695         2100         4                           606547131708992             
[2026-06-02 06:20:00.329511] GPU 0     0.962        0.469        0.283        1680         2100         4                           606547131708992             
[2026-06-02 06:20:00.381855] GPU 0     0.959        0.473        0.294        1695         2100         4                           606547131708992             
[2026-06-02 06:20:00.434054] GPU 0     0.959        0.482        0.306        1665         2100         4                           606547131708992             
[2026-06-02 06:20:00.486731] GPU 0     0.957        0.488        0.315        1695         2100         4                           606547131708992             
[2026-06-02 06:20:00.539142] GPU 0     0.963        0.467        0.267        1695         2100         4                           606547131708992             
[2026-06-02 06:20:00.591551] GPU 0     0.964        0.483        0.283        1695         2100         4                           606547131708992             
[2026-06-02 06:20:00.644035] GPU 0     0.963        0.467        0.268        1695         2100         4                           606547131708992             
[2026-06-02 06:20:00.696427] GPU 0     0.965        0.473        0.270        1680         2100         4                           606547131708992             
[2026-06-02 06:20:00.749041] GPU 0     0.963        0.474        0.274        1695         2100         4                           606547131708992             
[2026-06-02 06:20:00.799187] #Entity   SMACT        SMOCC        DRAMA        SMCLK        SMMAX        DVCCTR                      TAPCV                       
[2026-06-02 06:20:00.799327] ID                                                                                                                                 
[2026-06-02 06:20:00.801317] GPU 0     0.964        0.476        0.275        1695         2100         4                           606547131708992             
[2026-06-02 06:20:00.853694] GPU 0     0.957        0.476        0.308        1680         2100         4                           606547131708992             
[2026-06-02 06:20:00.906274] GPU 0     0.959        0.487        0.307        1680         2100         4                           606547131708992             
[2026-06-02 06:20:00.958540] GPU 0     0.961        0.471        0.288        1680         2100         4                           606547131708992             
[2026-06-02 06:20:01.010953] GPU 0     0.958        0.485        0.307        1680         2100         4                           606547131708992             
[2026-06-02 06:20:01.063248] GPU 0     0.962        0.478        0.281        1680         2100         4                           606547131708992             
[2026-06-02 06:20:01.115449] GPU 0     0.963        0.476        0.278        1695         2100         4                           606547131708992             
[2026-06-02 06:20:01.167866] GPU 0     0.963        0.470        0.274        1695         2100         4                           606547131708992             
[2026-06-02 06:20:01.220175] GPU 0     0.964        0.473        0.275        1695         2100         4                           606547131708992             
[2026-06-02 06:20:01.272366] GPU 0     0.963        0.475        0.277        1680         2100         4                           606547131708992             
[2026-06-02 06:20:01.324722] GPU 0     0.963        0.466        0.262        1695         2100         4                           606547131708992             
[2026-06-02 06:20:01.377154] GPU 0     0.965        0.480        0.272        1680         2100         4                           606547131708992             
[2026-06-02 06:20:01.429554] GPU 0     0.959        0.477        0.307        1680         2100         4                           606547131708992             
[2026-06-02 06:20:01.481886] GPU 0     0.959        0.474        0.305        1680         2100         4                           606547131708992             
[2026-06-02 06:20:01.532079] #Entity   SMACT        SMOCC        DRAMA        SMCLK        SMMAX        DVCCTR                      TAPCV                       
[2026-06-02 06:20:01.532219] ID                                                                                                                                 
[2026-06-02 06:20:01.534205] GPU 0     0.957        0.475        0.300        1680         2100         4                           606547131708992             
[2026-06-02 06:20:01.586590] GPU 0     0.965        0.481        0.279        1695         2100         4                           606547131708992             
[2026-06-02 06:20:01.638993] GPU 0     0.963        0.478        0.272        1680         2100         4                           606547131708992             
[2026-06-02 06:20:01.691460] GPU 0     0.962        0.478        0.272        1695         2100         4                           606547131708992             
[2026-06-02 06:20:01.743851] GPU 0     0.963        0.476        0.275        1695         2100         4                           606547131708992             
[2026-06-02 06:20:01.796159] GPU 0     0.963        0.470        0.270        1680         2100         4                           606547131708992             
[2026-06-02 06:20:01.848530] GPU 0     0.963        0.479        0.275        1695         2100         4                           606547131708992             
[2026-06-02 06:20:01.900936] GPU 0     0.962        0.474        0.292        1695         2100         4                           606547131708992             
[2026-06-02 06:20:01.953360] GPU 0     0.959        0.473        0.296        1665         2100         4                           606547131708992             
[2026-06-02 06:20:02.005561] GPU 0     0.959        0.477        0.311        1680         2100         4                           606547131708992             
[2026-06-02 06:20:02.057630] GPU 0     0.955        0.478        0.307        1665         2100         4                           606547131708992             
[2026-06-02 06:20:02.109904] GPU 0     0.962        0.474        0.276        1695         2100         4                           606547131708992             
[2026-06-02 06:20:02.162313] GPU 0     0.965        0.480        0.275        1680         2100         4                           606547131708992             
[2026-06-02 06:20:02.214512] GPU 0     0.962        0.471        0.275        1695         2100         4                           606547131708992             
[2026-06-02 06:20:02.264707] #Entity   SMACT        SMOCC        DRAMA        SMCLK        SMMAX        DVCCTR                      TAPCV                       
[2026-06-02 06:20:02.264845] ID                                                                                                                                 
[2026-06-02 06:20:02.266859] GPU 0     0.965        0.479        0.273        1680         2100         4                           606547131708992             
[2026-06-02 06:20:02.319187] GPU 0     0.964        0.469        0.271        1695         2100         4                           606547131708992             
[2026-06-02 06:20:02.371439] GPU 0     0.966        0.476        0.274        1680         2100         4                           606547131708992             
[2026-06-02 06:20:02.423832] GPU 0     0.958        0.487        0.293        1680         2100         4                           606547131708992             
[2026-06-02 06:20:02.476235] GPU 0     0.960        0.472        0.291        1665         2100         4                           606547131708992             
[2026-06-02 06:20:02.528657] GPU 0     0.959        0.471        0.288        1680         2100         4                           606547131708992             
[2026-06-02 06:20:02.581113] GPU 0     0.959        0.481        0.302        1680         2100         4                           606547131708992             
[2026-06-02 06:20:02.633421] GPU 0     0.963        0.483        0.287        1680         2100         4                           606547131708992             
[2026-06-02 06:20:02.685796] GPU 0     0.963        0.474        0.273        1695         2100         4                           606547131708992             
[2026-06-02 06:20:02.738086] GPU 0     0.963        0.470        0.269        1680         2100         4                           606547131708992             
[2026-06-02 06:20:02.790410] GPU 0     0.964        0.479        0.277        1680         2100         4                           606547131708992             
[2026-06-02 06:20:02.842706] GPU 0     0.963        0.476        0.277        1680         2100         4                           606547131708992             
[2026-06-02 06:20:02.895036] GPU 0     0.962        0.478        0.283        1695         2100         4                           606547131708992             
[2026-06-02 06:20:02.947362] GPU 0     0.960        0.467        0.287        1680         2100         4                           606547131708992             
[2026-06-02 06:20:02.997504] #Entity   SMACT        SMOCC        DRAMA        SMCLK        SMMAX        DVCCTR                      TAPCV                       
[2026-06-02 06:20:02.997681] ID                                                                                                                                 
[2026-06-02 06:20:02.999700] GPU 0     0.958        0.477        0.306        1680         2100         4                           606547131708992             
[2026-06-02 06:20:03.052043] GPU 0     0.959        0.485        0.307        1680         2100         4                           606547131708992             
[2026-06-02 06:20:03.103931] GPU 0     0.960        0.477        0.295        1665         2100         4                           606547131708992             
[2026-06-02 06:20:03.156201] GPU 0     0.961        0.475        0.275        1665         2100         4                           606547131708992             
[2026-06-02 06:20:03.207855] GPU 0     0.961        0.475        0.275        1665         2100         4                           606547131708992             
[2026-06-02 06:20:03.260174] GPU 0     0.965        0.475        0.270        1680         2100         4                           606547131708992             
[2026-06-02 06:20:03.312545] GPU 0     0.959        0.467        0.287        1680         2100         4                           606547131708992             
[2026-06-02 06:20:03.364889] GPU 0     0.965        0.480        0.273        1680         2100         4                           606547131708992             
[2026-06-02 06:20:03.417260] GPU 0     0.964        0.471        0.270        1695         2100         4                           606547131708992             
[2026-06-02 06:20:03.469535] GPU 0     0.962        0.482        0.282        1680         2100         4                           606547131708992             
[2026-06-02 06:20:03.521861] GPU 0     0.960        0.473        0.293        1680         2100         4                           606547131708992             
[2026-06-02 06:20:03.573975] GPU 0     0.958        0.477        0.297        1680         2100         4                           606547131708992             
[2026-06-02 06:20:03.626331] GPU 0     0.960        0.475        0.311        1665         2100         4                           606547131708992             
[2026-06-02 06:20:03.678661] GPU 0     0.961        0.480        0.266        1680         2100         4                           606547131708992             
[2026-06-02 06:20:03.728862] #Entity   SMACT        SMOCC        DRAMA        SMCLK        SMMAX        DVCCTR                      TAPCV                       
[2026-06-02 06:20:03.729003] ID                                                                                                                                 
[2026-06-02 06:20:03.730988] GPU 0     0.961        0.473        0.292        1695         2100         4                           606547131708992             
[2026-06-02 06:20:03.783291] GPU 0     0.962        0.482        0.285        1680         2100         4                           606547131708992             
[2026-06-02 06:20:03.835601] GPU 0     0.964        0.467        0.262        1680         2100         4                           606547131708992             
[2026-06-02 06:20:03.887877] GPU 0     0.964        0.474        0.269        1665         2100         4                           606547131708992             
[2026-06-02 06:20:03.940197] GPU 0     0.962        0.486        0.293        1680         2100         4                           606547131708992             
[2026-06-02 06:20:03.992459] GPU 0     0.964        0.469        0.256        1680         2100         4                           606547131708992             
[2026-06-02 06:20:04.044746] GPU 0     0.960        0.470        0.309        1680         2100         4                           606547131708992             
[2026-06-02 06:20:04.097141] GPU 0     0.956        0.473        0.302        1680         2100         4                           606547131708992             
[2026-06-02 06:20:04.149451] GPU 0     0.959        0.484        0.305        1680         2100         4                           606547131708992             
[2026-06-02 06:20:04.201765] GPU 0     0.962        0.475        0.278        1680         2100         4                           606547131708992             
[2026-06-02 06:20:04.253819] GPU 0     0.963        0.473        0.271        1680         2100         4                           606547131708992             
[2026-06-02 06:20:04.306161] GPU 0     0.965        0.478        0.270        1680         2100         4                           606547131708992             
[2026-06-02 06:20:04.358459] GPU 0     0.967        0.471        0.270        1680         2100         4                           606547131708992             
[2026-06-02 06:20:04.410804] GPU 0     0.963        0.478        0.274        1665         2100         4                           606547131708992             
[2026-06-02 06:20:04.461004] #Entity   SMACT        SMOCC        DRAMA        SMCLK        SMMAX        DVCCTR                      TAPCV                       
[2026-06-02 06:20:04.461184] ID                                                                                                                                 
[2026-06-02 06:20:04.463158] GPU 0     0.963        0.477        0.270        1680         2100         4                           606547131708992             
[2026-06-02 06:20:04.515502] GPU 0     0.957        0.484        0.303        1665         2100         4                           606547131708992             
[2026-06-02 06:20:04.567964] GPU 0     0.961        0.472        0.288        1665         2100         4                           606547131708992             
[2026-06-02 06:20:04.620313] GPU 0     0.960        0.473        0.293        1680         2100         4                           606547131708992             
[2026-06-02 06:20:04.672617] GPU 0     0.960        0.472        0.289        1665         2100         4                           606547131708992             
[2026-06-02 06:20:04.724991] GPU 0     0.963        0.481        0.288        1680         2100         4                           606547131708992             
[2026-06-02 06:20:04.777291] GPU 0     0.962        0.479        0.268        1680         2100         4                           606547131708992             
[2026-06-02 06:20:04.829602] GPU 0     0.963        0.470        0.284        1680         2100         4                           606547131708992             
[2026-06-02 06:20:04.881872] GPU 0     0.961        0.470        0.275        1665         2100         4                           606547131708992             
[2026-06-02 06:20:04.934181] GPU 0     0.966        0.481        0.274        1680         2100         4                           606547131708992             
[2026-06-02 06:20:04.986400] GPU 0     0.966        0.481        0.274        1665         2100         4                           606547131708992             
[2026-06-02 06:20:05.038800] GPU 0     0.964        0.474        0.268        1680         2100         4                           606547131708992             
[2026-06-02 06:20:05.091057] GPU 0     0.960        0.477        0.283        1665         2100         4                           606547131708992             
[2026-06-02 06:20:05.143383] GPU 0     0.958        0.481        0.303        1680         2100         4                           606547131708992             
[2026-06-02 06:20:05.193493] #Entity   SMACT        SMOCC        DRAMA        SMCLK        SMMAX        DVCCTR                      TAPCV                       
[2026-06-02 06:20:05.193631] ID                                                                                                                                 
[2026-06-02 06:20:05.195793] GPU 0     0.960        0.472        0.303        1665         2100         4                           606547131708992             
[2026-06-02 06:20:05.248162] GPU 0     0.962        0.479        0.272        1680         2100         4                           606547131708992             
[2026-06-02 06:20:05.300440] GPU 0     0.963        0.479        0.281        1680         2100         4                           606547131708992             
[2026-06-02 06:20:05.352810] GPU 0     0.962        0.478        0.283        1680         2100         4                           606547131708992             
[2026-06-02 06:20:05.405215] GPU 0     0.962        0.478        0.283        1680         2100         4                           606547131708992             
[2026-06-02 06:20:05.457505] GPU 0     0.962        0.466        0.267        1680         2100         4                           606547131708992             
[2026-06-02 06:20:05.509875] GPU 0     0.963        0.469        0.268        1665         2100         4                           606547131708992             
[2026-06-02 06:20:05.562232] GPU 0     0.965        0.477        0.271        1665         2100         4                           606547131708992             
[2026-06-02 06:20:05.614572] GPU 0     0.960        0.475        0.306        1680         2100         4                           606547131708992             
[2026-06-02 06:20:05.666833] GPU 0     0.957        0.469        0.301        1665         2100         4                           606547131708992             
[2026-06-02 06:20:05.719106] GPU 0     0.958        0.480        0.304        1680         2100         4                           606547131708992             
[2026-06-02 06:20:05.771468] GPU 0     0.962        0.490        0.287        1665         2100         4                           606547131708992             
[2026-06-02 06:20:05.823832] GPU 0     0.963        0.475        0.275        1680         2100         4                           606547131708992             
[2026-06-02 06:20:05.876170] GPU 0     0.962        0.478        0.283        1680         2100         4                           606547131708992             
[2026-06-02 06:20:05.926366] #Entity   SMACT        SMOCC        DRAMA        SMCLK        SMMAX        DVCCTR                      TAPCV                       
[2026-06-02 06:20:05.926496] ID                                                                                                                                 
[2026-06-02 06:20:05.928486] GPU 0     0.962        0.478        0.281        1680         2100         4                           606547131708992             
[2026-06-02 06:20:05.980885] GPU 0     0.963        0.475        0.275        1680         2100         4                           606547131708992             
[2026-06-02 06:20:06.033234] GPU 0     0.964        0.459        0.259        1665         2100         4                           606547131708992             
[2026-06-02 06:20:06.085813] GPU 0     0.964        0.474        0.269        1680         2100         4                           606547131708992             
[2026-06-02 06:20:06.138208] GPU 0     0.958        0.489        0.311        1680         2100         4                           606547131708992             
[2026-06-02 06:20:06.190571] GPU 0     0.960        0.473        0.293        1665         2100         4                           606547131708992             
[2026-06-02 06:20:06.242886] GPU 0     0.961        0.472        0.288        1680         2100         4                           606547131708992             
[2026-06-02 06:20:06.295051] GPU 0     0.960        0.472        0.291        1680         2100         4                           606547131708992             
[2026-06-02 06:20:06.347336] GPU 0     0.966        0.481        0.275        1680         2100         4                           606547131708992             
[2026-06-02 06:20:06.399850] GPU 0     0.964        0.475        0.269        1665         2100         4                           606547131708992             
[2026-06-02 06:20:06.452224] GPU 0     0.963        0.477        0.271        1680         2100         4                           606547131708992             
[2026-06-02 06:20:06.504545] GPU 0     0.963        0.471        0.266        1665         2100         4                           606547131708992             
[2026-06-02 06:20:06.556903] GPU 0     0.963        0.478        0.278        1680         2100         4                           606547131708992             
[2026-06-02 06:20:06.609280] GPU 0     0.964        0.472        0.269        1665         2100         4                           606547131708992             
[2026-06-02 06:20:06.659471] #Entity   SMACT        SMOCC        DRAMA        SMCLK        SMMAX        DVCCTR                      TAPCV                       
[2026-06-02 06:20:06.659606] ID                                                                                                                                 
[2026-06-02 06:20:06.661568] GPU 0     0.958        0.478        0.299        1650         2100         4                           606547131708992             
[2026-06-02 06:20:06.713971] GPU 0     0.959        0.473        0.309        1680         2100         4                           606547131708992             
[2026-06-02 06:20:06.766453] GPU 0     0.957        0.470        0.298        1665         2100         4                           606547131708992             
[2026-06-02 06:20:06.818741] GPU 0     0.961        0.496        0.299        1665         2100         4                           606547131708992             
[2026-06-02 06:20:06.871013] GPU 0     0.962        0.477        0.280        1680         2100         4                           606547131708992             
[2026-06-02 06:20:06.923325] GPU 0     0.963        0.474        0.274        1680         2100         4                           606547131708992             
[2026-06-02 06:20:06.975627] GPU 0     0.963        0.462        0.262        1680         2100         4                           606547131708992             
[2026-06-02 06:20:07.027941] GPU 0     0.965        0.477        0.271        1665         2100         4                           606547131708992             
[2026-06-02 06:20:07.080280] GPU 0     0.964        0.477        0.274        1680         2100         4                           606547131708992             
[2026-06-02 06:20:07.132604] GPU 0     0.962        0.479        0.283        1665         2100         4                           606547131708992             
[2026-06-02 06:20:07.184893] GPU 0     0.959        0.465        0.287        1680         2100         4                           606547131708992             
[2026-06-02 06:20:07.237193] GPU 0     0.957        0.490        0.314        1665         2100         4                           606547131708992             
[2026-06-02 06:20:07.289502] GPU 0     0.960        0.473        0.293        1680         2100         4                           606547131708992             
[2026-06-02 06:20:07.341819] GPU 0     0.961        0.478        0.290        1665         2100         4                           606547131708992             
[2026-06-02 06:20:07.392007] #Entity   SMACT        SMOCC        DRAMA        SMCLK        SMMAX        DVCCTR                      TAPCV                       
[2026-06-02 06:20:07.392152] ID                                                                                                                                 
[2026-06-02 06:20:07.394173] GPU 0     0.961        0.470        0.272        1680         2100         4                           606547131708992             
[2026-06-02 06:20:07.446573] GPU 0     0.965        0.478        0.271        1680         2100         4                           606547131708992             
[2026-06-02 06:20:07.498896] GPU 0     0.965        0.474        0.273        1680         2100         4                           606547131708992             
[2026-06-02 06:20:07.551230] GPU 0     0.963        0.476        0.277        1680         2100         4                           606547131708992             
[2026-06-02 06:20:07.603571] GPU 0     0.962        0.478        0.284        1665         2100         4                           606547131708992             
[2026-06-02 06:20:07.655854] GPU 0     0.962        0.476        0.278        1665         2100         4                           606547131708992             
[2026-06-02 06:20:07.708206] GPU 0     0.965        0.461        0.274        1680         2100         4                           606547131708992             
[2026-06-02 06:20:07.760512] GPU 0     0.955        0.475        0.300        1650         2100         4                           606547131708992             
[2026-06-02 06:20:07.812760] GPU 0     0.959        0.477        0.298        1665         2100         4                           606547131708992             
[2026-06-02 06:20:07.865112] GPU 0     0.957        0.482        0.307        1665         2100         4                           606547131708992             
[2026-06-02 06:20:07.917422] GPU 0     0.964        0.477        0.270        1680         2100         4                           606547131708992             
[2026-06-02 06:20:07.969748] GPU 0     0.964        0.468        0.267        1680         2100         4                           606547131708992             
[2026-06-02 06:20:08.022183] GPU 0     0.964        0.482        0.273        1665         2100         4                           606547131708992             
[2026-06-02 06:20:08.074500] GPU 0     0.963        0.476        0.277        1680         2100         4                           606547131708992             
[2026-06-02 06:20:08.124623] #Entity   SMACT        SMOCC        DRAMA        SMCLK        SMMAX        DVCCTR                      TAPCV                       
[2026-06-02 06:20:08.124762] ID                                                                                                                                 
[2026-06-02 06:20:08.126673] GPU 0     0.963        0.477        0.279        1665         2100         4                           606547131708992             
[2026-06-02 06:20:08.178943] GPU 0     0.962        0.478        0.281        1665         2100         4                           606547131708992             
[2026-06-02 06:20:08.231287] GPU 0     0.964        0.463        0.269        1665         2100         4                           606547131708992             
[2026-06-02 06:20:08.283582] GPU 0     0.957        0.470        0.299        1665         2100         4                           606547131708992             
[2026-06-02 06:20:08.335829] GPU 0     0.958        0.478        0.301        1650         2100         4                           606547131708992             
[2026-06-02 06:20:08.388232] GPU 0     0.960        0.486        0.304        1665         2100         4                           606547131708992             
[2026-06-02 06:20:08.440511] GPU 0     0.963        0.473        0.271        1680         2100         4                           606547131708992             
[2026-06-02 06:20:08.492680] GPU 0     0.963        0.472        0.272        1680         2100         4                           606547131708992             
[2026-06-02 06:20:08.544964] GPU 0     0.966        0.478        0.272        1665         2100         4                           606547131708992             
[2026-06-02 06:20:08.597274] GPU 0     0.964        0.478        0.267        1680         2100         4                           606547131708992             
[2026-06-02 06:20:08.649613] GPU 0     0.963        0.478        0.270        1680         2100         4                           606547131708992             
[2026-06-02 06:20:08.702017] GPU 0     0.964        0.471        0.270        1665         2100         4                           606547131708992             
[2026-06-02 06:20:08.754373] GPU 0     0.957        0.470        0.301        1665         2100         4                           606547131708992             
[2026-06-02 06:20:08.806584] GPU 0     0.959        0.488        0.306        1665         2100         4                           606547131708992             
[2026-06-02 06:20:08.856782] #Entity   SMACT        SMOCC        DRAMA        SMCLK        SMMAX        DVCCTR                      TAPCV                       
[2026-06-02 06:20:08.856920] ID                                                                                                                                 
[2026-06-02 06:20:08.858855] GPU 0     0.960        0.473        0.293        1680         2100         4                           606547131708992             
[2026-06-02 06:20:08.911236] GPU 0     0.962        0.466        0.286        1650         2100         4                           606547131708992             
[2026-06-02 06:20:08.963498] GPU 0     0.963        0.484        0.273        1665         2100         4                           606547131708992             
[2026-06-02 06:20:09.015861] GPU 0     0.962        0.473        0.268        1680         2100         4                           606547131708992             
[2026-06-02 06:20:09.068137] GPU 0     0.964        0.480        0.276        1665         2100         4                           606547131708992             
[2026-06-02 06:20:09.120389] GPU 0     0.963        0.471        0.270        1680         2100         4                           606547131708992             
[2026-06-02 06:20:09.172948] GPU 0     0.964        0.476        0.277        1680         2100         4                           606547131708992             
[2026-06-02 06:20:09.225195] GPU 0     0.964        0.476        0.277        1665         2100         4                           606547131708992             
[2026-06-02 06:20:09.277542] GPU 0     0.962        0.471        0.270        1680         2100         4                           606547131708992             
[2026-06-02 06:20:09.329598] GPU 0     0.960        0.474        0.293        1665         2100         4                           606547131708992             
[2026-06-02 06:20:09.381940] GPU 0     0.959        0.473        0.292        1665         2100         4                           606547131708992             
[2026-06-02 06:20:09.434509] GPU 0     0.960        0.473        0.291        1680         2100         4                           606547131708992             
[2026-06-02 06:20:09.486646] GPU 0     0.961        0.485        0.291        1680         2100         4                           606547131708992             
[2026-06-02 06:20:09.538940] GPU 0     0.963        0.465        0.264        1665         2100         4                           606547131708992             
[2026-06-02 06:20:09.589116] #Entity   SMACT        SMOCC        DRAMA        SMCLK        SMMAX        DVCCTR                      TAPCV                       
[2026-06-02 06:20:09.589256] ID                                                                                                                                 
[2026-06-02 06:20:09.591176] GPU 0     0.964        0.474        0.272        1680         2100         4                           606547131708992             
[2026-06-02 06:20:09.643464] GPU 0     0.966        0.477        0.269        1665         2100         4                           606547131708992             
[2026-06-02 06:20:09.695814] GPU 0     0.963        0.478        0.280        1680         2100         4                           606547131708992             
[2026-06-02 06:20:09.748105] GPU 0     0.963        0.476        0.278        1665         2100         4                           606547131708992             
[2026-06-02 06:20:09.800365] GPU 0     0.962        0.476        0.280        1665         2100         4                           606547131708992             
[2026-06-02 06:20:09.852814] GPU 0     0.960        0.473        0.290        1665         2100         4                           606547131708992             
[2026-06-02 06:20:09.905160] GPU 0     0.960        0.472        0.288        1665         2100         4                           606547131708992             
[2026-06-02 06:20:09.957425] GPU 0     0.960        0.474        0.292        1650         2100         4                           606547131708992             
[2026-06-02 06:20:10.009756] GPU 0     0.958        0.481        0.305        1665         2100         4                           606547131708992             
[2026-06-02 06:20:10.062046] GPU 0     0.962        0.471        0.274        1680         2100         4                           606547131708992             
[2026-06-02 06:20:10.114352] GPU 0     0.965        0.474        0.268        1680         2100         4                           606547131708992             
[2026-06-02 06:20:10.166644] GPU 0     0.967        0.474        0.270        1665         2100         4                           606547131708992             
[2026-06-02 06:20:10.218881] GPU 0     0.961        0.473        0.274        1680         2100         4                           606547131708992             
[2026-06-02 06:20:10.271105] GPU 0     0.965        0.480        0.271        1665         2100         4                           606547131708992             
[2026-06-02 06:20:10.321283] #Entity   SMACT        SMOCC        DRAMA        SMCLK        SMMAX        DVCCTR                      TAPCV                       
[2026-06-02 06:20:10.321450] ID                                                                                                                                 
[2026-06-02 06:20:10.323363] GPU 0     0.965        0.480        0.271        1680         2100         4                           606547131708992             
[2026-06-02 06:20:10.375638] GPU 0     0.958        0.476        0.287        1680         2100         4                           606547131708992             
[2026-06-02 06:20:10.427905] GPU 0     0.960        0.474        0.293        1665         2100         4                           606547131708992             
[2026-06-02 06:20:10.480000] GPU 0     0.960        0.474        0.293        1665         2100         4                           606547131708992             
[2026-06-02 06:20:10.532304] GPU 0     0.960        0.472        0.287        1650         2100         4                           606547131708992             
[2026-06-02 06:20:10.584508] GPU 0     0.960        0.483        0.294        1665         2100         4                           606547131708992             
[2026-06-02 06:20:10.636707] GPU 0     0.963        0.476        0.278        1680         2100         4                           606547131708992             
[2026-06-02 06:20:10.688946] GPU 0     0.962        0.478        0.280        1665         2100         4                           606547131708992             
[2026-06-02 06:20:10.741250] GPU 0     0.963        0.475        0.275        1665         2100         4                           606547131708992             
[2026-06-02 06:20:10.793418] GPU 0     0.964        0.460        0.259        1680         2100         4                           606547131708992             
[2026-06-02 06:20:10.845661] GPU 0     0.964        0.473        0.270        1680         2100         4                           606547131708992             
[2026-06-02 06:20:10.897935] GPU 0     0.963        0.471        0.271        1665         2100         4                           606547131708992             
[2026-06-02 06:20:10.950098] GPU 0     0.960        0.483        0.304        1665         2100         4                           606547131708992             
[2026-06-02 06:20:11.002258] GPU 0     0.959        0.482        0.304        1650         2100         4                           606547131708992             
[2026-06-02 06:20:11.052453] #Entity   SMACT        SMOCC        DRAMA        SMCLK        SMMAX        DVCCTR                      TAPCV                       
[2026-06-02 06:20:11.052597] ID                                                                                                                                 
[2026-06-02 06:20:11.054396] GPU 0     0.960        0.476        0.291        1650         2100         4                           606547131708992             
[2026-06-02 06:20:11.106587] GPU 0     0.963        0.478        0.269        1680         2100         4                           606547131708992             
[2026-06-02 06:20:11.158787] GPU 0     0.963        0.468        0.269        1665         2100         4                           606547131708992             
[2026-06-02 06:20:11.211048] GPU 0     0.965        0.478        0.275        1665         2100         4                           606547131708992             
[2026-06-02 06:20:11.263153] GPU 0     0.962        0.479        0.283        1665         2100         4                           606547131708992             
[2026-06-02 06:20:11.315235] GPU 0     0.962        0.478        0.281        1665         2100         4                           606547131708992             
[2026-06-02 06:20:11.367512] GPU 0     0.966        0.468        0.256        1680         2100         4                           606547131708992             
[2026-06-02 06:20:11.419915] GPU 0     0.962        0.479        0.283        1665         2100         4                           606547131708992             
[2026-06-02 06:20:11.472239] GPU 0     0.960        0.472        0.284        1665         2100         4                           606547131708992             
[2026-06-02 06:20:11.524739] GPU 0     0.960        0.471        0.309        1620         2100         4                           606547131708992             
[2026-06-02 06:20:11.577127] GPU 0     0.959        0.474        0.293        1650         2100         4                           606547131708992             
[2026-06-02 06:20:11.629409] GPU 0     0.957        0.490        0.301        1680         2100         4                           606547131708992             
[2026-06-02 06:20:11.681743] GPU 0     0.963        0.468        0.267        1665         2100         4                           606547131708992             
[2026-06-02 06:20:11.734067] GPU 0     0.965        0.476        0.270        1665         2100         4                           606547131708992             
[2026-06-02 06:20:11.784255] #Entity   SMACT        SMOCC        DRAMA        SMCLK        SMMAX        DVCCTR                      TAPCV                       
[2026-06-02 06:20:11.784396] ID                                                                                                                                 
[2026-06-02 06:20:11.786419] GPU 0     0.964        0.475        0.272        1665         2100         4                           606547131708992             
[2026-06-02 06:20:11.838836] GPU 0     0.963        0.476        0.277        1665         2100         4                           606547131708992             
[2026-06-02 06:20:11.891195] GPU 0     0.962        0.479        0.283        1680         2100         4                           606547131708992             
[2026-06-02 06:20:11.943572] GPU 0     0.962        0.478        0.282        1650         2100         4                           606547131708992             
[2026-06-02 06:20:11.995868] GPU 0     0.961        0.460        0.273        1665         2100         4                           606547131708992             
[2026-06-02 06:20:12.048240] GPU 0     0.960        0.488        0.303        1665         2100         4                           606547131708992             
[2026-06-02 06:20:12.100550] GPU 0     0.960        0.473        0.292        1665         2100         4                           606547131708992             
[2026-06-02 06:20:12.152785] GPU 0     0.961        0.474        0.281        1665         2100         4                           606547131708992             
[2026-06-02 06:20:12.205191] GPU 0     0.963        0.479        0.280        1665         2100         4                           606547131708992             
[2026-06-02 06:20:12.257533] GPU 0     0.963        0.477        0.279        1680         2100         4                           606547131708992             
[2026-06-02 06:20:12.309975] GPU 0     0.963        0.475        0.275        1665         2100         4                           606547131708992             
[2026-06-02 06:20:12.362261] GPU 0     0.962        0.479        0.283        1680         2100         4                           606547131708992             
[2026-06-02 06:20:12.414627] GPU 0     0.963        0.470        0.272        1665         2100         4                           606547131708992             
[2026-06-02 06:20:12.466996] GPU 0     0.963        0.477        0.275        1665         2100         4                           606547131708992             
[2026-06-02 06:20:12.517177] #Entity   SMACT        SMOCC        DRAMA        SMCLK        SMMAX        DVCCTR                      TAPCV                       
[2026-06-02 06:20:12.517320] ID                                                                                                                                 
[2026-06-02 06:20:12.519137] GPU 0     0.966        0.466        0.260        1665         2100         4                           606547131708992             
[2026-06-02 06:20:12.571206] GPU 0     0.959        0.474        0.302        1665         2100         4                           606547131708992             
[2026-06-02 06:20:12.623093] GPU 0     0.956        0.470        0.298        1650         2100         4                           606547131708992             
[2026-06-02 06:20:12.675258] GPU 0     0.960        0.480        0.298        1650         2100         4                           606547131708992             
[2026-06-02 06:20:12.727202] GPU 0     0.901        0.259        0.558        1695         2100         4                           606547131708992             
[2026-06-02 06:20:12.779370] GPU 0     0.922        0.482        0.775        1620         2100         4                           606547131708992             
[2026-06-02 06:20:12.831342] GPU 0     0.932        0.500        0.700        1665         2100         4                           606547131708992             
[2026-06-02 06:20:12.883410] GPU 0     0.932        0.500        0.700        1665         2100         4                           606547131708992             
[2026-06-02 06:20:12.935216] GPU 0     0.910        0.601        0.642        1665         2100         4                           606547131708992             
[2026-06-02 06:20:12.987294] GPU 0     0.872        0.609        0.649        1770         2100         4                           606547131708992             
[2026-06-02 06:20:13.038874] GPU 0     0.479        0.321        0.372        1815         2100         4                           606547131708992             
[2026-06-02 06:20:13.090927] GPU 0     0.000        0.000        0.028        1935         2100         4                           606547131708992             
[2026-06-02 06:20:13.142999] GPU 0     0.148        0.030        0.163        1950         2100         4                           606547131708992             
[2026-06-02 06:20:13.195215] GPU 0     0.820        0.423        0.343        1785         2100         4                           606547131708992             
[2026-06-02 06:20:13.245346] #Entity   SMACT        SMOCC        DRAMA        SMCLK        SMMAX        DVCCTR                      TAPCV                       
[2026-06-02 06:20:13.245490] ID                                                                                                                                 
[2026-06-02 06:20:13.247524] GPU 0     0.962        0.481        0.347        1650         2100         4                           606547131708992             
[2026-06-02 06:20:13.299780] GPU 0     0.965        0.471        0.268        1680         2100         4                           606547131708992             
[2026-06-02 06:20:13.351826] GPU 0     0.962        0.479        0.284        1680         2100         4                           606547131708992             
[2026-06-02 06:20:13.404031] GPU 0     0.963        0.471        0.272        1680         2100         4                           606547131708992             
[2026-06-02 06:20:13.456316] GPU 0     0.964        0.476        0.271        1650         2100         4                           606547131708992             
[2026-06-02 06:20:13.508376] GPU 0     0.965        0.465        0.267        1665         2100         4                           606547131708992             
[2026-06-02 06:20:13.560277] GPU 0     0.956        0.483        0.314        1680         2100         4                           606547131708992             
[2026-06-02 06:20:13.612484] GPU 0     0.961        0.472        0.287        1650         2100         4                           606547131708992             
[2026-06-02 06:20:13.664347] GPU 0     0.960        0.474        0.292        1665         2100         4                           606547131708992             
[2026-06-02 06:20:13.716568] GPU 0     0.960        0.474        0.292        1665         2100         4                           606547131708992             
[2026-06-02 06:20:13.768982] GPU 0     0.947        0.474        0.270        1680         2100         4                           606547131708992             
[2026-06-02 06:20:13.821268] GPU 0     0.963        0.474        0.273        1680         2100         4                           606547131708992             
[2026-06-02 06:20:13.873626] GPU 0     0.964        0.473        0.274        1665         2100         4                           606547131708992             
[2026-06-02 06:20:13.925884] GPU 0     0.962        0.478        0.281        1680         2100         4                           606547131708992             
[2026-06-02 06:20:13.976077] #Entity   SMACT        SMOCC        DRAMA        SMCLK        SMMAX        DVCCTR                      TAPCV                       
[2026-06-02 06:20:13.976225] ID                                                                                                                                 
[2026-06-02 06:20:13.978095] GPU 0     0.962        0.476        0.277        1665         2100         4                           606547131708992             
[2026-06-02 06:20:14.030326] GPU 0     0.962        0.478        0.283        1665         2100         4                           606547131708992             
[2026-06-02 06:20:14.082712] GPU 0     0.963        0.460        0.267        1650         2100         4                           606547131708992             
[2026-06-02 06:20:14.134984] GPU 0     0.957        0.479        0.305        1665         2100         4                           606547131708992             
[2026-06-02 06:20:14.187303] GPU 0     0.959        0.482        0.304        1680         2100         4                           606547131708992             
[2026-06-02 06:20:14.239481] GPU 0     0.960        0.478        0.292        1680         2100         4                           606547131708992             
[2026-06-02 06:20:14.291905] GPU 0     0.962        0.471        0.271        1665         2100         4                           606547131708992             
[2026-06-02 06:20:14.344048] GPU 0     0.966        0.478        0.269        1665         2100         4                           606547131708992             
[2026-06-02 06:20:14.396282] GPU 0     0.962        0.478        0.281        1680         2100         4                           606547131708992             
[2026-06-02 06:20:14.448768] GPU 0     0.962        0.478        0.281        1665         2100         4                           606547131708992             
[2026-06-02 06:20:14.501270] GPU 0     0.962        0.479        0.283        1665         2100         4                           606547131708992             
[2026-06-02 06:20:14.553688] GPU 0     0.963        0.473        0.275        1665         2100         4                           606547131708992             
[2026-06-02 06:20:14.606263] GPU 0     0.963        0.473        0.267        1665         2100         4                           606547131708992             
[2026-06-02 06:20:14.658797] GPU 0     0.959        0.474        0.293        1650         2100         4                           606547131708992             
[2026-06-02 06:20:14.708980] #Entity   SMACT        SMOCC        DRAMA        SMCLK        SMMAX        DVCCTR                      TAPCV                       
[2026-06-02 06:20:14.709142] ID                                                                                                                                 
[2026-06-02 06:20:14.711318] GPU 0     0.960        0.474        0.293        1665         2100         4                           606547131708992             
[2026-06-02 06:20:14.763916] GPU 0     0.962        0.477        0.288        1650         2100         4                           606547131708992             
[2026-06-02 06:20:14.816495] GPU 0     0.963        0.479        0.264        1680         2100         4                           606547131708992             
[2026-06-02 06:20:14.868936] GPU 0     0.963        0.472        0.268        1665         2100         4                           606547131708992             
[2026-06-02 06:20:14.921364] GPU 0     0.964        0.476        0.277        1665         2100         4                           606547131708992             
[2026-06-02 06:20:14.973606] GPU 0     0.964        0.476        0.277        1665         2100         4                           606547131708992             
[2026-06-02 06:20:15.026219] GPU 0     0.963        0.470        0.280        1665         2100         4                           606547131708992             
[2026-06-02 06:20:15.078644] GPU 0     0.964        0.475        0.267        1680         2100         4                           606547131708992             
[2026-06-02 06:20:15.131044] GPU 0     0.962        0.480        0.267        1650         2100         4                           606547131708992             
[2026-06-02 06:20:15.183516] GPU 0     0.960        0.472        0.300        1665         2100         4                           606547131708992             
[2026-06-02 06:20:15.236026] GPU 0     0.959        0.476        0.297        1650         2100         4                           606547131708992             
[2026-06-02 06:20:15.288439] GPU 0     0.961        0.493        0.294        1665         2100         4                           606547131708992             
[2026-06-02 06:20:15.340961] GPU 0     0.963        0.477        0.278        1680         2100         4                           606547131708992             
[2026-06-02 06:20:15.393360] GPU 0     0.962        0.470        0.271        1665         2100         4                           606547131708992             
[2026-06-02 06:20:15.443542] #Entity   SMACT        SMOCC        DRAMA        SMCLK        SMMAX        DVCCTR                      TAPCV                       
[2026-06-02 06:20:15.443684] ID                                                                                                                                 
[2026-06-02 06:20:15.445657] GPU 0     0.964        0.470        0.264        1665         2100         4                           606547131708992             
[2026-06-02 06:20:15.498099] GPU 0     0.964        0.475        0.271        1665         2100         4                           606547131708992             
[2026-06-02 06:20:15.550593] GPU 0     0.964        0.477        0.276        1680         2100         4                           606547131708992             
[2026-06-02 06:20:15.602913] GPU 0     0.964        0.473        0.270        1665         2100         4                           606547131708992             
[2026-06-02 06:20:15.655472] GPU 0     0.957        0.471        0.301        1665         2100         4                           606547131708992             
[2026-06-02 06:20:15.707912] GPU 0     0.960        0.483        0.304        1665         2100         4                           606547131708992             
[2026-06-02 06:20:15.760636] GPU 0     0.959        0.480        0.298        1665         2100         4                           606547131708992             
[2026-06-02 06:20:15.813066] GPU 0     0.959        0.483        0.301        1665         2100         4                           606547131708992             
[2026-06-02 06:20:15.865487] GPU 0     0.963        0.470        0.274        1665         2100         4                           606547131708992             
[2026-06-02 06:20:15.917820] GPU 0     0.963        0.468        0.267        1635         2100         4                           606547131708992             
[2026-06-02 06:20:15.970302] GPU 0     0.965        0.471        0.265        1650         2100         4                           606547131708992             
[2026-06-02 06:20:16.022586] GPU 0     0.965        0.471        0.265        1665         2100         4                           606547131708992             
[2026-06-02 06:20:16.075265] GPU 0     0.966        0.479        0.274        1680         2100         4                           606547131708992             
[2026-06-02 06:20:16.127676] GPU 0     0.963        0.475        0.268        1665         2100         4                           606547131708992             
[2026-06-02 06:20:16.177821] #Entity   SMACT        SMOCC        DRAMA        SMCLK        SMMAX        DVCCTR                      TAPCV                       
[2026-06-02 06:20:16.177985] ID                                                                                                                                 
[2026-06-02 06:20:16.180192] GPU 0     0.957        0.487        0.304        1665         2100         4                           606547131708992             
[2026-06-02 06:20:16.232679] GPU 0     0.962        0.469        0.279        1665         2100         4                           606547131708992             
[2026-06-02 06:20:16.285259] GPU 0     0.960        0.472        0.288        1650         2100         4                           606547131708992             
[2026-06-02 06:20:16.337593] GPU 0     0.959        0.474        0.294        1665         2100         4                           606547131708992             
[2026-06-02 06:20:16.390294] GPU 0     0.962        0.487        0.290        1665         2100         4                           606547131708992             
[2026-06-02 06:20:16.442819] GPU 0     0.963        0.477        0.278        1665         2100         4                           606547131708992             
[2026-06-02 06:20:16.495399] GPU 0     0.961        0.478        0.282        1665         2100         4                           606547131708992             
[2026-06-02 06:20:16.547779] GPU 0     0.963        0.463        0.261        1665         2100         4                           606547131708992             
[2026-06-02 06:20:16.600296] GPU 0     0.964        0.473        0.270        1680         2100         4                           606547131708992             
[2026-06-02 06:20:16.652736] GPU 0     0.966        0.476        0.270        1665         2100         4                           606547131708992             
[2026-06-02 06:20:16.705063] GPU 0     0.963        0.476        0.277        1665         2100         4                           606547131708992             
[2026-06-02 06:20:16.757522] GPU 0     0.959        0.472        0.289        1665         2100         4                           606547131708992             
[2026-06-02 06:20:16.809940] GPU 0     0.959        0.476        0.298        1650         2100         4                           606547131708992             
[2026-06-02 06:20:16.862456] GPU 0     0.960        0.476        0.308        1665         2100         4                           606547131708992             
[2026-06-02 06:20:16.912658] #Entity   SMACT        SMOCC        DRAMA        SMCLK        SMMAX        DVCCTR                      TAPCV                       
[2026-06-02 06:20:16.912800] ID                                                                                                                                 
[2026-06-02 06:20:16.914640] GPU 0     0.957        0.494        0.307        1665         2100         4                           606547131708992             
[2026-06-02 06:20:16.967026] GPU 0     0.964        0.464        0.265        1665         2100         4                           606547131708992             
[2026-06-02 06:20:17.019380] GPU 0     0.963        0.473        0.271        1650         2100         4                           606547131708992             
[2026-06-02 06:20:17.076965] GPU 0     0.963        0.476        0.273        1665         2100         4                           606547131708992             
[2026-06-02 06:20:17.129476] GPU 0     0.963        0.483        0.278        1680         2100         4                           606547131708992             
[2026-06-02 06:20:17.182044] GPU 0     0.963        0.467        0.269        1665         2100         4                           606547131708992             
[2026-06-02 06:20:17.234624] GPU 0     0.964        0.462        0.257        1665         2100         4                           606547131708992             
[2026-06-02 06:20:17.286974] GPU 0     0.959        0.479        0.301        1665         2100         4                           606547131708992             
[2026-06-02 06:20:17.339012] GPU 0     0.959        0.481        0.302        1665         2100         4                           606547131708992             
[2026-06-02 06:20:17.391444] GPU 0     0.959        0.481        0.301        1665         2100         4                           606547131708992             
[2026-06-02 06:20:17.443751] GPU 0     0.966        0.473        0.258        1665         2100         4                           606547131708992             
[2026-06-02 06:20:17.496091] GPU 0     0.962        0.479        0.277        1680         2100         4                           606547131708992             
[2026-06-02 06:20:17.548453] GPU 0     0.963        0.468        0.268        1650         2100         4                           606547131708992             
[2026-06-02 06:20:17.600784] GPU 0     0.964        0.479        0.279        1665         2100         4                           606547131708992             
[2026-06-02 06:20:17.650922] #Entity   SMACT        SMOCC        DRAMA        SMCLK        SMMAX        DVCCTR                      TAPCV                       
[2026-06-02 06:20:17.651064] ID                                                                                                                                 
[2026-06-02 06:20:17.653069] GPU 0     0.962        0.477        0.278        1680         2100         4                           606547131708992             
[2026-06-02 06:20:17.705537] GPU 0     0.964        0.473        0.264        1665         2100         4                           606547131708992             
[2026-06-02 06:20:17.757943] GPU 0     0.964        0.471        0.270        1680         2100         4                           606547131708992             
[2026-06-02 06:20:17.810139] GPU 0     0.958        0.478        0.299        1650         2100         4                           606547131708992             
[2026-06-02 06:20:17.862447] GPU 0     0.960        0.469        0.304        1665         2100         4                           606547131708992             
[2026-06-02 06:20:17.914638] GPU 0     0.960        0.471        0.297        1665         2100         4                           606547131708992             
[2026-06-02 06:20:17.966895] GPU 0     0.956        0.498        0.304        1650         2100         4                           606547131708992             
[2026-06-02 06:20:18.019072] GPU 0     0.962        0.468        0.267        1680         2100         4                           606547131708992             
[2026-06-02 06:20:18.071241] GPU 0     0.964        0.471        0.265        1665         2100         4                           606547131708992             
[2026-06-02 06:20:18.123437] GPU 0     0.965        0.475        0.270        1665         2100         4                           606547131708992             
[2026-06-02 06:20:18.175738] GPU 0     0.963        0.476        0.277        1665         2100         4                           606547131708992             
[2026-06-02 06:20:18.228066] GPU 0     0.961        0.479        0.283        1665         2100         4                           606547131708992             
[2026-06-02 06:20:18.280503] GPU 0     0.962        0.477        0.280        1650         2100         4                           606547131708992             
[2026-06-02 06:20:18.332868] GPU 0     0.962        0.462        0.270        1650         2100         4                           606547131708992             
[2026-06-02 06:20:18.383062] #Entity   SMACT        SMOCC        DRAMA        SMCLK        SMMAX        DVCCTR                      TAPCV                       
[2026-06-02 06:20:18.383203] ID                                                                                                                                 
[2026-06-02 06:20:18.385204] GPU 0     0.959        0.473        0.296        1665         2100         4                           606547131708992             
[2026-06-02 06:20:18.437590] GPU 0     0.960        0.481        0.293        1650         2100         4                           606547131708992             
[2026-06-02 06:20:18.489814] GPU 0     0.959        0.477        0.291        1665         2100         4                           606547131708992             
[2026-06-02 06:20:18.542201] GPU 0     0.962        0.475        0.276        1665         2100         4                           606547131708992             
[2026-06-02 06:20:18.594575] GPU 0     0.965        0.474        0.267        1665         2100         4                           606547131708992             
[2026-06-02 06:20:18.646928] GPU 0     0.964        0.477        0.276        1680         2100         4                           606547131708992             
[2026-06-02 06:20:18.699308] GPU 0     0.961        0.479        0.283        1665         2100         4                           606547131708992             
[2026-06-02 06:20:18.751692] GPU 0     0.962        0.479        0.283        1665         2100         4                           606547131708992             
[2026-06-02 06:20:18.804068] GPU 0     0.963        0.466        0.269        1665         2100         4                           606547131708992             
[2026-06-02 06:20:18.856281] GPU 0     0.965        0.469        0.256        1650         2100         4                           606547131708992             
[2026-06-02 06:20:18.908418] GPU 0     0.958        0.477        0.296        1650         2100         4                           606547131708992             
[2026-06-02 06:20:18.960752] GPU 0     0.959        0.477        0.300        1650         2100         4                           606547131708992             
[2026-06-02 06:20:19.012941] GPU 0     0.959        0.472        0.297        1635         2100         4                           606547131708992             
[2026-06-02 06:20:19.065142] GPU 0     0.963        0.480        0.278        1680         2100         4                           606547131708992             
[2026-06-02 06:20:19.115280] #Entity   SMACT        SMOCC        DRAMA        SMCLK        SMMAX        DVCCTR                      TAPCV                       
[2026-06-02 06:20:19.115418] ID                                                                                                                                 
[2026-06-02 06:20:19.117267] GPU 0     0.963        0.477        0.270        1665         2100         4                           606547131708992             
[2026-06-02 06:20:19.169517] GPU 0     0.964        0.472        0.266        1665         2100         4                           606547131708992             
[2026-06-02 06:20:19.221695] GPU 0     0.962        0.479        0.282        1680         2100         4                           606547131708992             
[2026-06-02 06:20:19.274021] GPU 0     0.962        0.476        0.278        1665         2100         4                           606547131708992             
[2026-06-02 06:20:19.326199] GPU 0     0.961        0.478        0.282        1665         2100         4                           606547131708992             
[2026-06-02 06:20:19.378429] GPU 0     0.966        0.463        0.263        1665         2100         4                           606547131708992             
[2026-06-02 06:20:19.430785] GPU 0     0.960        0.471        0.299        1650         2100         4                           606547131708992             
[2026-06-02 06:20:19.483016] GPU 0     0.956        0.475        0.297        1665         2100         4                           606547131708992             
[2026-06-02 06:20:19.535309] GPU 0     0.959        0.478        0.299        1650         2100         4                           606547131708992             
[2026-06-02 06:20:19.587652] GPU 0     0.962        0.488        0.286        1665         2100         4                           606547131708992             
[2026-06-02 06:20:19.640047] GPU 0     0.962        0.478        0.282        1665         2100         4                           606547131708992             
[2026-06-02 06:20:19.692276] GPU 0     0.962        0.478        0.281        1665         2100         4                           606547131708992             
[2026-06-02 06:20:19.744994] GPU 0     0.965        0.470        0.261        1665         2100         4                           606547131708992             
[2026-06-02 06:20:19.797355] GPU 0     0.962        0.478        0.282        1665         2100         4                           606547131708992             
[2026-06-02 06:20:19.847504] #Entity   SMACT        SMOCC        DRAMA        SMCLK        SMMAX        DVCCTR                      TAPCV                       
[2026-06-02 06:20:19.847647] ID                                                                                                                                 
[2026-06-02 06:20:19.849571] GPU 0     0.964        0.474        0.270        1665         2100         4                           606547131708992             
[2026-06-02 06:20:19.901854] GPU 0     0.963        0.473        0.272        1665         2100         4                           606547131708992             
[2026-06-02 06:20:19.954169] GPU 0     0.960        0.474        0.293        1665         2100         4                           606547131708992             
[2026-06-02 06:20:20.006503] GPU 0     0.960        0.473        0.293        1650         2100         4                           606547131708992             
[2026-06-02 06:20:20.058755] GPU 0     0.960        0.470        0.284        1650         2100         4                           606547131708992             
[2026-06-02 06:20:20.111035] GPU 0     0.962        0.477        0.289        1665         2100         4                           606547131708992             
[2026-06-02 06:20:20.163331] GPU 0     0.963        0.479        0.265        1665         2100         4                           606547131708992             
[2026-06-02 06:20:20.215619] GPU 0     0.964        0.468        0.279        1665         2100         4                           606547131708992             
[2026-06-02 06:20:20.267988] GPU 0     0.963        0.480        0.265        1665         2100         4                           606547131708992             
[2026-06-02 06:20:20.320168] GPU 0     0.964        0.472        0.265        1650         2100         4                           606547131708992             
[2026-06-02 06:20:20.372461] GPU 0     0.963        0.474        0.271        1665         2100         4                           606547131708992             
[2026-06-02 06:20:20.424746] GPU 0     0.962        0.479        0.283        1665         2100         4                           606547131708992             
[2026-06-02 06:20:20.477189] GPU 0     0.960        0.471        0.290        1665         2100         4                           606547131708992             
[2026-06-02 06:20:20.529432] GPU 0     0.959        0.471        0.287        1635         2100         4                           606547131708992             
[2026-06-02 06:20:20.579576] #Entity   SMACT        SMOCC        DRAMA        SMCLK        SMMAX        DVCCTR                      TAPCV                       
[2026-06-02 06:20:20.579717] ID                                                                                                                                 
[2026-06-02 06:20:20.581774] GPU 0     0.958        0.474        0.293        1635         2100         4                           606547131708992             
[2026-06-02 06:20:20.633959] GPU 0     0.959        0.484        0.303        1665         2100         4                           606547131708992             
[2026-06-02 06:20:20.686420] GPU 0     0.964        0.477        0.277        1665         2100         4                           606547131708992             
[2026-06-02 06:20:20.738859] GPU 0     0.962        0.479        0.283        1665         2100         4                           606547131708992             
[2026-06-02 06:20:20.791359] GPU 0     0.962        0.477        0.278        1650         2100         4                           606547131708992             
[2026-06-02 06:20:20.843555] GPU 0     0.963        0.476        0.277        1665         2100         4                           606547131708992             
[2026-06-02 06:20:20.895870] GPU 0     0.964        0.459        0.259        1680         2100         4                           606547131708992             
[2026-06-02 06:20:20.948051] GPU 0     0.964        0.459        0.259        1680         2100         4                           606547131708992             
[2026-06-02 06:20:21.000399] GPU 0     0.965        0.476        0.272        1650         2100         4                           606547131708992             
[2026-06-02 06:20:21.052703] GPU 0     0.958        0.473        0.288        1650         2100         4                           606547131708992             
[2026-06-02 06:20:21.104887] GPU 0     0.958        0.475        0.297        1665         2100         4                           606547131708992             
[2026-06-02 06:20:21.157193] GPU 0     0.958        0.493        0.315        1650         2100         4                           606547131708992             
[2026-06-02 06:20:21.209428] GPU 0     0.962        0.464        0.262        1665         2100         4                           606547131708992             
[2026-06-02 06:20:21.261846] GPU 0     0.965        0.475        0.268        1665         2100         4                           606547131708992             
[2026-06-02 06:20:21.312045] #Entity   SMACT        SMOCC        DRAMA        SMCLK        SMMAX        DVCCTR                      TAPCV                       
[2026-06-02 06:20:21.312186] ID                                                                                                                                 
[2026-06-02 06:20:21.314187] GPU 0     0.962        0.469        0.271        1665         2100         4                           606547131708992             
[2026-06-02 06:20:21.366564] GPU 0     0.964        0.475        0.271        1650         2100         4                           606547131708992             
[2026-06-02 06:20:21.418796] GPU 0     0.965        0.476        0.271        1665         2100         4                           606547131708992             
[2026-06-02 06:20:21.470985] GPU 0     0.963        0.474        0.271        1665         2100         4                           606547131708992             
[2026-06-02 06:20:21.523224] GPU 0     0.957        0.468        0.296        1650         2100         4                           606547131708992             
[2026-06-02 06:20:21.575461] GPU 0     0.958        0.472        0.294        1650         2100         4                           606547131708992             
[2026-06-02 06:20:21.627813] GPU 0     0.959        0.489        0.311        1650         2100         4                           606547131708992             
[2026-06-02 06:20:21.680313] GPU 0     0.959        0.480        0.299        1650         2100         4                           606547131708992             
[2026-06-02 06:20:21.732592] GPU 0     0.964        0.467        0.260        1635         2100         4                           606547131708992             
[2026-06-02 06:20:21.784866] GPU 0     0.964        0.470        0.266        1650         2100         4                           606547131708992             
[2026-06-02 06:20:21.837218] GPU 0     0.967        0.474        0.270        1665         2100         4                           606547131708992             
[2026-06-02 06:20:21.889399] GPU 0     0.963        0.480        0.267        1665         2100         4                           606547131708992             
[2026-06-02 06:20:21.941749] GPU 0     0.963        0.480        0.267        1650         2100         4                           606547131708992             
[2026-06-02 06:20:21.994089] GPU 0     0.959        0.470        0.280        1665         2100         4                           606547131708992             
[2026-06-02 06:20:22.044181] #Entity   SMACT        SMOCC        DRAMA        SMCLK        SMMAX        DVCCTR                      TAPCV                       
[2026-06-02 06:20:22.044324] ID                                                                                                                                 
[2026-06-02 06:20:22.046339] GPU 0     0.962        0.482        0.283        1665         2100         4                           606547131708992             
[2026-06-02 06:20:22.098715] GPU 0     0.964        0.469        0.257        1650         2100         4                           606547131708992             
[2026-06-02 06:20:22.151199] GPU 0     0.961        0.472        0.305        1665         2100         4                           606547131708992             
[2026-06-02 06:20:22.203443] GPU 0     0.956        0.477        0.300        1650         2100         4                           606547131708992             
[2026-06-02 06:20:22.255709] GPU 0     0.958        0.478        0.298        1650         2100         4                           606547131708992             
[2026-06-02 06:20:22.307986] GPU 0     0.966        0.478        0.271        1665         2100         4                           606547131708992             
[2026-06-02 06:20:22.360272] GPU 0     0.958        0.475        0.283        1665         2100         4                           606547131708992             
[2026-06-02 06:20:22.412647] GPU 0     0.965        0.475        0.265        1650         2100         4                           606547131708992             
[2026-06-02 06:20:22.464885] GPU 0     0.962        0.484        0.284        1665         2100         4                           606547131708992             
[2026-06-02 06:20:22.517342] GPU 0     0.962        0.475        0.274        1650         2100         4                           606547131708992             
[2026-06-02 06:20:22.569564] GPU 0     0.963        0.455        0.255        1650         2100         4                           606547131708992             
[2026-06-02 06:20:22.621799] GPU 0     0.966        0.479        0.264        1650         2100         4                           606547131708992             
[2026-06-02 06:20:22.674096] GPU 0     0.959        0.473        0.303        1650         2100         4                           606547131708992             
[2026-06-02 06:20:22.726343] GPU 0     0.958        0.476        0.297        1650         2100         4                           606547131708992             
[2026-06-02 06:20:22.776430] #Entity   SMACT        SMOCC        DRAMA        SMCLK        SMMAX        DVCCTR                      TAPCV                       
[2026-06-02 06:20:22.776573] ID                                                                                                                                 
[2026-06-02 06:20:22.778577] GPU 0     0.959        0.472        0.294        1665         2100         4                           606547131708992             
[2026-06-02 06:20:22.830963] GPU 0     0.960        0.482        0.281        1665         2100         4                           606547131708992             
[2026-06-02 06:20:22.883370] GPU 0     0.965        0.468        0.267        1650         2100         4                           606547131708992             
[2026-06-02 06:20:22.935640] GPU 0     0.964        0.478        0.273        1665         2100         4                           606547131708992             
[2026-06-02 06:20:22.987913] GPU 0     0.962        0.480        0.262        1665         2100         4                           606547131708992             
[2026-06-02 06:20:23.040196] GPU 0     0.964        0.472        0.269        1650         2100         4                           606547131708992             
[2026-06-02 06:20:23.092512] GPU 0     0.961        0.478        0.283        1665         2100         4                           606547131708992             
[2026-06-02 06:20:23.144871] GPU 0     0.963        0.464        0.279        1650         2100         4                           606547131708992             
[2026-06-02 06:20:23.197222] GPU 0     0.956        0.474        0.295        1650         2100         4                           606547131708992             
[2026-06-02 06:20:23.249522] GPU 0     0.959        0.475        0.295        1635         2100         4                           606547131708992             
[2026-06-02 06:20:23.302096] GPU 0     0.958        0.475        0.297        1650         2100         4                           606547131708992             
[2026-06-02 06:20:23.354417] GPU 0     0.962        0.493        0.291        1665         2100         4                           606547131708992             
[2026-06-02 06:20:23.406785] GPU 0     0.961        0.478        0.281        1650         2100         4                           606547131708992             
[2026-06-02 06:20:23.458825] GPU 0     0.962        0.462        0.263        1665         2100         4                           606547131708992             
[2026-06-02 06:20:23.509027] #Entity   SMACT        SMOCC        DRAMA        SMCLK        SMMAX        DVCCTR                      TAPCV                       
[2026-06-02 06:20:23.509194] ID                                                                                                                                 
[2026-06-02 06:20:23.511145] GPU 0     0.964        0.472        0.266        1665         2100         4                           606547131708992             
[2026-06-02 06:20:23.563508] GPU 0     0.964        0.471        0.265        1650         2100         4                           606547131708992             
[2026-06-02 06:20:23.616283] GPU 0     0.966        0.478        0.267        1665         2100         4                           606547131708992             
[2026-06-02 06:20:23.668651] GPU 0     0.962        0.475        0.262        1650         2100         4                           606547131708992             
[2026-06-02 06:20:23.720928] GPU 0     0.957        0.469        0.305        1650         2100         4                           606547131708992             
[2026-06-02 06:20:23.773198] GPU 0     0.959        0.477        0.294        1635         2100         4                           606547131708992             
[2026-06-02 06:20:23.825553] GPU 0     0.959        0.476        0.295        1650         2100         4                           606547131708992             
[2026-06-02 06:20:23.877891] GPU 0     0.961        0.490        0.289        1665         2100         4                           606547131708992             
[2026-06-02 06:20:23.930710] GPU 0     0.961        0.478        0.283        1665         2100         4                           606547131708992             
[2026-06-02 06:20:23.982923] GPU 0     0.963        0.461        0.258        1665         2100         4                           606547131708992             
[2026-06-02 06:20:24.035244] GPU 0     0.964        0.476        0.269        1650         2100         4                           606547131708992             
[2026-06-02 06:20:24.087577] GPU 0     0.964        0.477        0.276        1665         2100         4                           606547131708992             
[2026-06-02 06:20:24.139892] GPU 0     0.961        0.479        0.283        1665         2100         4                           606547131708992             
[2026-06-02 06:20:24.192241] GPU 0     0.964        0.471        0.265        1650         2100         4                           606547131708992             
[2026-06-02 06:20:24.242451] #Entity   SMACT        SMOCC        DRAMA        SMCLK        SMMAX        DVCCTR                      TAPCV                       
[2026-06-02 06:20:24.242596] ID                                                                                                                                 
[2026-06-02 06:20:24.244578] GPU 0     0.957        0.469        0.295        1650         2100         4                           606547131708992             
[2026-06-02 06:20:24.296913] GPU 0     0.959        0.484        0.297        1650         2100         4                           606547131708992             
[2026-06-02 06:20:24.349278] GPU 0     0.963        0.466        0.270        1650         2100         4                           606547131708992             
[2026-06-02 06:20:24.401530] GPU 0     0.957        0.481        0.300        1650         2100         4                           606547131708992             
[2026-06-02 06:20:24.453945] GPU 0     0.964        0.478        0.276        1650         2100         4                           606547131708992             
[2026-06-02 06:20:24.506305] GPU 0     0.962        0.477        0.279        1665         2100         4                           606547131708992             
[2026-06-02 06:20:24.558625] GPU 0     0.962        0.476        0.278        1650         2100         4                           606547131708992             
[2026-06-02 06:20:24.611175] GPU 0     0.962        0.469        0.273        1665         2100         4                           606547131708992             
[2026-06-02 06:20:24.663443] GPU 0     0.964        0.465        0.259        1665         2100         4                           606547131708992             
[2026-06-02 06:20:24.715749] GPU 0     0.963        0.476        0.271        1650         2100         4                           606547131708992             
[2026-06-02 06:20:24.768022] GPU 0     0.962        0.478        0.275        1650         2100         4                           606547131708992             
[2026-06-02 06:20:24.820652] GPU 0     0.959        0.474        0.293        1650         2100         4                           606547131708992             
[2026-06-02 06:20:24.872979] GPU 0     0.960        0.471        0.286        1650         2100         4                           606547131708992             
[2026-06-02 06:20:24.925321] GPU 0     0.958        0.474        0.294        1650         2100         4                           606547131708992             
[2026-06-02 06:20:24.975500] #Entity   SMACT        SMOCC        DRAMA        SMCLK        SMMAX        DVCCTR                      TAPCV                       
[2026-06-02 06:20:24.975645] ID                                                                                                                                 
[2026-06-02 06:20:24.977562] GPU 0     0.961        0.489        0.294        1650         2100         4                           606547131708992             
[2026-06-02 06:20:25.029996] GPU 0     0.962        0.476        0.277        1665         2100         4                           606547131708992             
[2026-06-02 06:20:25.082278] GPU 0     0.962        0.468        0.269        1650         2100         4                           606547131708992             
[2026-06-02 06:20:25.134645] GPU 0     0.964        0.470        0.263        1665         2100         4                           606547131708992             
[2026-06-02 06:20:25.187146] GPU 0     0.963        0.477        0.272        1665         2100         4                           606547131708992             
[2026-06-02 06:20:25.239582] GPU 0     0.964        0.475        0.275        1665         2100         4                           606547131708992             
[2026-06-02 06:20:25.291896] GPU 0     0.961        0.477        0.280        1665         2100         4                           606547131708992             
[2026-06-02 06:20:25.344285] GPU 0     0.959        0.474        0.293        1635         2100         4                           606547131708992             
[2026-06-02 06:20:25.396424] GPU 0     0.960        0.472        0.288        1650         2100         4                           606547131708992             
[2026-06-02 06:20:25.448814] GPU 0     0.958        0.478        0.300        1650         2100         4                           606547131708992             
[2026-06-02 06:20:25.501446] GPU 0     0.966        0.477        0.268        1620         2100         4                           606547131708992             
[2026-06-02 06:20:25.553791] GPU 0     0.966        0.477        0.268        1650         2100         4                           606547131708992             
[2026-06-02 06:20:25.606158] GPU 0     0.959        0.472        0.279        1665         2100         4                           606547131708992             
[2026-06-02 06:20:25.658476] GPU 0     0.965        0.480        0.266        1650         2100         4                           606547131708992             
[2026-06-02 06:20:25.708642] #Entity   SMACT        SMOCC        DRAMA        SMCLK        SMMAX        DVCCTR                      TAPCV                       
[2026-06-02 06:20:25.708784] ID                                                                                                                                 
[2026-06-02 06:20:25.710725] GPU 0     0.962        0.476        0.276        1650         2100         4                           606547131708992             
[2026-06-02 06:20:25.763006] GPU 0     0.962        0.478        0.280        1665         2100         4                           606547131708992             
[2026-06-02 06:20:25.815323] GPU 0     0.962        0.473        0.272        1650         2100         4                           606547131708992             
[2026-06-02 06:20:25.867675] GPU 0     0.959        0.474        0.293        1650         2100         4                           606547131708992             
[2026-06-02 06:20:25.919968] GPU 0     0.959        0.473        0.291        1650         2100         4                           606547131708992             
[2026-06-02 06:20:25.972302] GPU 0     0.961        0.471        0.285        1635         2100         4                           606547131708992             
[2026-06-02 06:20:26.024625] GPU 0     0.962        0.477        0.288        1650         2100         4                           606547131708992             
[2026-06-02 06:20:26.077237] GPU 0     0.963        0.476        0.265        1665         2100         4                           606547131708992             
[2026-06-02 06:20:26.129495] GPU 0     0.962        0.477        0.269        1650         2100         4                           606547131708992             
[2026-06-02 06:20:26.181843] GPU 0     0.964        0.471        0.270        1650         2100         4                           606547131708992             
[2026-06-02 06:20:26.234391] GPU 0     0.961        0.478        0.280        1650         2100         4                           606547131708992             
[2026-06-02 06:20:26.286680] GPU 0     0.962        0.477        0.278        1650         2100         4                           606547131708992             
[2026-06-02 06:20:26.339031] GPU 0     0.962        0.464        0.265        1620         2100         4                           606547131708992             
[2026-06-02 06:20:26.391398] GPU 0     0.959        0.485        0.305        1635         2100         4                           606547131708992             
[2026-06-02 06:20:26.441485] #Entity   SMACT        SMOCC        DRAMA        SMCLK        SMMAX        DVCCTR                      TAPCV                       
[2026-06-02 06:20:26.441629] ID                                                                                                                                 
[2026-06-02 06:20:26.443670] GPU 0     0.961        0.469        0.280        1650         2100         4                           606547131708992             
[2026-06-02 06:20:26.495953] GPU 0     0.959        0.474        0.292        1650         2100         4                           606547131708992             
[2026-06-02 06:20:26.548237] GPU 0     0.959        0.473        0.287        1665         2100         4                           606547131708992             
[2026-06-02 06:20:26.600570] GPU 0     0.963        0.476        0.273        1650         2100         4                           606547131708992             
[2026-06-02 06:20:26.652765] GPU 0     0.965        0.477        0.270        1650         2100         4                           606547131708992             
[2026-06-02 06:20:26.705164] GPU 0     0.961        0.478        0.283        1650         2100         4                           606547131708992             
[2026-06-02 06:20:26.757431] GPU 0     0.963        0.467        0.261        1665         2100         4                           606547131708992             
[2026-06-02 06:20:26.809842] GPU 0     0.963        0.484        0.281        1650         2100         4                           606547131708992             
[2026-06-02 06:20:26.862198] GPU 0     0.962        0.462        0.261        1650         2100         4                           606547131708992             
[2026-06-02 06:20:26.914395] GPU 0     0.959        0.486        0.307        1650         2100         4                           606547131708992             
[2026-06-02 06:20:26.966554] GPU 0     0.959        0.475        0.294        1650         2100         4                           606547131708992             
[2026-06-02 06:20:27.019017] GPU 0     0.959        0.473        0.291        1620         2100         4                           606547131708992             
[2026-06-02 06:20:27.071452] GPU 0     0.959        0.483        0.300        1650         2100         4                           606547131708992             
[2026-06-02 06:20:27.123700] GPU 0     0.963        0.461        0.261        1650         2100         4                           606547131708992             
[2026-06-02 06:20:27.173809] #Entity   SMACT        SMOCC        DRAMA        SMCLK        SMMAX        DVCCTR                      TAPCV                       
[2026-06-02 06:20:27.173952] ID                                                                                                                                 
[2026-06-02 06:20:27.176078] GPU 0     0.964        0.473        0.267        1665         2100         4                           606547131708992             
[2026-06-02 06:20:27.228446] GPU 0     0.964        0.475        0.269        1665         2100         4                           606547131708992             
[2026-06-02 06:20:27.280837] GPU 0     0.966        0.472        0.268        1665         2100         4                           606547131708992             
[2026-06-02 06:20:27.333252] GPU 0     0.963        0.478        0.265        1650         2100         4                           606547131708992             
[2026-06-02 06:20:27.385658] GPU 0     0.962        0.476        0.263        1650         2100         4                           606547131708992             
[2026-06-02 06:20:27.437941] GPU 0     0.957        0.469        0.302        1650         2100         4                           606547131708992             
[2026-06-02 06:20:27.490217] GPU 0     0.959        0.482        0.302        1635         2100         4                           606547131708992             
[2026-06-02 06:20:27.542646] GPU 0     0.962        0.470        0.273        1650         2100         4                           606547131708992             
[2026-06-02 06:20:27.594816] GPU 0     0.959        0.474        0.292        1650         2100         4                           606547131708992             
[2026-06-02 06:20:27.647127] GPU 0     0.963        0.482        0.279        1665         2100         4                           606547131708992             
[2026-06-02 06:20:27.699467] GPU 0     0.962        0.476        0.278        1665         2100         4                           606547131708992             
[2026-06-02 06:20:27.751779] GPU 0     0.961        0.478        0.283        1650         2100         4                           606547131708992             
[2026-06-02 06:20:27.804043] GPU 0     0.962        0.471        0.270        1665         2100         4                           606547131708992             
[2026-06-02 06:20:27.856379] GPU 0     0.963        0.466        0.263        1650         2100         4                           606547131708992             
[2026-06-02 06:20:27.906569] #Entity   SMACT        SMOCC        DRAMA        SMCLK        SMMAX        DVCCTR                      TAPCV                       
[2026-06-02 06:20:27.906707] ID                                                                                                                                 
[2026-06-02 06:20:27.908764] GPU 0     0.966        0.474        0.263        1650         2100         4                           606547131708992             
[2026-06-02 06:20:27.961177] GPU 0     0.963        0.475        0.273        1650         2100         4                           606547131708992             
[2026-06-02 06:20:28.013433] GPU 0     0.959        0.471        0.289        1665         2100         4                           606547131708992             
[2026-06-02 06:20:28.065516] GPU 0     0.959        0.475        0.297        1650         2100         4                           606547131708992             
[2026-06-02 06:20:28.117820] GPU 0     0.960        0.481        0.298        1650         2100         4                           606547131708992             
[2026-06-02 06:20:28.170168] GPU 0     0.969        0.292        0.444        1740         2100         4                           606547131708992             
[2026-06-02 06:20:28.222552] GPU 0     0.863        0.434        0.698        1650         2100         4                           606547131708992             
[2026-06-02 06:20:28.274867] GPU 0     0.936        0.502        0.747        1605         2100         4                           606547131708992             
[2026-06-02 06:20:28.327231] GPU 0     0.906        0.597        0.614        1665         2100         4                           606547131708992             
[2026-06-02 06:20:28.379713] GPU 0     0.917        0.607        0.629        1620         2100         4                           606547131708992             
[2026-06-02 06:20:28.432047] GPU 0     0.885        0.604        0.658        1680         2100         4                           606547131708992             
[2026-06-02 06:20:28.486880] GPU 0     0.890        0.617        0.675        1770         2100         4                           606547131708992             
[2026-06-02 06:20:28.538786] GPU 0     0.092        0.028        0.085        1845         2100         4                           606547131708992             
[2026-06-02 06:20:28.591053] GPU 0     0.018        0.003        0.067        1935         2100         4                           606547131708992             
[2026-06-02 06:20:28.641183] #Entity   SMACT        SMOCC        DRAMA        SMCLK        SMMAX        DVCCTR                      TAPCV                       
[2026-06-02 06:20:28.641324] ID                                                                                                                                 
[2026-06-02 06:20:28.643449] GPU 0     0.314        0.124        0.235        1935         2100         4                           606547131708992             
[2026-06-02 06:20:28.695751] GPU 0     0.963        0.487        0.362        1755         2100         4                           606547131708992             
[2026-06-02 06:20:28.748138] GPU 0     0.961        0.478        0.328        1635         2100         4                           606547131708992             
[2026-06-02 06:20:28.800500] GPU 0     0.964        0.469        0.266        1650         2100         4                           606547131708992             
[2026-06-02 06:20:28.852921] GPU 0     0.964        0.468        0.259        1665         2100         4                           606547131708992             
[2026-06-02 06:20:28.905484] GPU 0     0.966        0.470        0.264        1665         2100         4                           606547131708992             
[2026-06-02 06:20:28.957915] GPU 0     0.963        0.476        0.272        1665         2100         4                           606547131708992             
[2026-06-02 06:20:29.010202] GPU 0     0.957        0.486        0.295        1650         2100         4                           606547131708992             
[2026-06-02 06:20:29.062653] GPU 0     0.959        0.474        0.293        1650         2100         4                           606547131708992             
[2026-06-02 06:20:29.114921] GPU 0     0.961        0.471        0.284        1650         2100         4                           606547131708992             
[2026-06-02 06:20:29.167174] GPU 0     0.960        0.474        0.293        1665         2100         4                           606547131708992             
[2026-06-02 06:20:29.219323] GPU 0     0.937        0.479        0.292        1665         2100         4                           606547131708992             
[2026-06-02 06:20:29.271692] GPU 0     0.964        0.471        0.264        1665         2100         4                           606547131708992             
[2026-06-02 06:20:29.324032] GPU 0     0.961        0.473        0.276        1650         2100         4                           606547131708992             
[2026-06-02 06:20:29.374175] #Entity   SMACT        SMOCC        DRAMA        SMCLK        SMMAX        DVCCTR                      TAPCV                       
[2026-06-02 06:20:29.374319] ID                                                                                                                                 
[2026-06-02 06:20:29.376377] GPU 0     0.964        0.467        0.258        1650         2100         4                           606547131708992             
[2026-06-02 06:20:29.428864] GPU 0     0.964        0.472        0.268        1650         2100         4                           606547131708992             
[2026-06-02 06:20:29.481199] GPU 0     0.962        0.479        0.280        1650         2100         4                           606547131708992             
[2026-06-02 06:20:29.533493] GPU 0     0.962        0.476        0.277        1650         2100         4                           606547131708992             
[2026-06-02 06:20:29.585770] GPU 0     0.960        0.472        0.287        1650         2100         4                           606547131708992             
[2026-06-02 06:20:29.638114] GPU 0     0.959        0.474        0.293        1650         2100         4                           606547131708992             
[2026-06-02 06:20:29.690506] GPU 0     0.960        0.468        0.296        1650         2100         4                           606547131708992             
[2026-06-02 06:20:29.742805] GPU 0     0.960        0.488        0.286        1650         2100         4                           606547131708992             
[2026-06-02 06:20:29.795153] GPU 0     0.962        0.477        0.278        1665         2100         4                           606547131708992             
[2026-06-02 06:20:29.847390] GPU 0     0.962        0.478        0.280        1650         2100         4                           606547131708992             
[2026-06-02 06:20:29.899819] GPU 0     0.962        0.472        0.273        1650         2100         4                           606547131708992             
[2026-06-02 06:20:29.952062] GPU 0     0.964        0.460        0.254        1650         2100         4                           606547131708992             
[2026-06-02 06:20:30.004477] GPU 0     0.964        0.478        0.273        1665         2100         4                           606547131708992             
[2026-06-02 06:20:30.056653] GPU 0     0.961        0.469        0.271        1665         2100         4                           606547131708992             
[2026-06-02 06:20:30.106855] #Entity   SMACT        SMOCC        DRAMA        SMCLK        SMMAX        DVCCTR                      TAPCV                       
[2026-06-02 06:20:30.106999] ID                                                                                                                                 
[2026-06-02 06:20:30.109030] GPU 0     0.959        0.484        0.305        1650         2100         4                           606547131708992             
[2026-06-02 06:20:30.161545] GPU 0     0.958        0.481        0.298        1635         2100         4                           606547131708992             
[2026-06-02 06:20:30.214015] GPU 0     0.960        0.476        0.293        1650         2100         4                           606547131708992             
[2026-06-02 06:20:30.266279] GPU 0     0.964        0.469        0.258        1665         2100         4                           606547131708992             
[2026-06-02 06:20:30.318694] GPU 0     0.962        0.480        0.280        1650         2100         4                           606547131708992             
[2026-06-02 06:20:30.370896] GPU 0     0.962        0.477        0.278        1650         2100         4                           606547131708992             
[2026-06-02 06:20:30.423300] GPU 0     0.961        0.479        0.283        1650         2100         4                           606547131708992             
[2026-06-02 06:20:30.475557] GPU 0     0.963        0.459        0.254        1650         2100         4                           606547131708992             
[2026-06-02 06:20:30.527925] GPU 0     0.964        0.475        0.271        1665         2100         4                           606547131708992             
[2026-06-02 06:20:30.580163] GPU 0     0.965        0.476        0.270        1650         2100         4                           606547131708992             
[2026-06-02 06:20:30.632508] GPU 0     0.959        0.470        0.294        1635         2100         4                           606547131708992             
[2026-06-02 06:20:30.684834] GPU 0     0.958        0.483        0.305        1650         2100         4                           606547131708992             
[2026-06-02 06:20:30.737289] GPU 0     0.958        0.477        0.297        1650         2100         4                           606547131708992             
[2026-06-02 06:20:30.789538] GPU 0     0.959        0.482        0.303        1650         2100         4                           606547131708992             
[2026-06-02 06:20:30.839702] #Entity   SMACT        SMOCC        DRAMA        SMCLK        SMMAX        DVCCTR                      TAPCV                       
[2026-06-02 06:20:30.839847] ID                                                                                                                                 
[2026-06-02 06:20:30.841759] GPU 0     0.963        0.471        0.269        1635         2100         4                           606547131708992             
[2026-06-02 06:20:30.894258] GPU 0     0.965        0.468        0.258        1650         2100         4                           606547131708992             
[2026-06-02 06:20:30.946760] GPU 0     0.967        0.469        0.263        1665         2100         4                           606547131708992             
[2026-06-02 06:20:30.999162] GPU 0     0.960        0.474        0.271        1650         2100         4                           606547131708992             
[2026-06-02 06:20:31.051589] GPU 0     0.966        0.476        0.267        1650         2100         4                           606547131708992             
[2026-06-02 06:20:31.104049] GPU 0     0.960        0.473        0.276        1665         2100         4                           606547131708992             
[2026-06-02 06:20:31.156618] GPU 0     0.963        0.481        0.274        1650         2100         4                           606547131708992             
[2026-06-02 06:20:31.208773] GPU 0     0.959        0.473        0.295        1650         2100         4                           606547131708992             
[2026-06-02 06:20:31.261128] GPU 0     0.956        0.467        0.307        1650         2100         4                           606547131708992             
[2026-06-02 06:20:31.313367] GPU 0     0.957        0.483        0.303        1635         2100         4                           606547131708992             
[2026-06-02 06:20:31.365703] GPU 0     0.965        0.474        0.264        1665         2100         4                           606547131708992             
[2026-06-02 06:20:31.417959] GPU 0     0.966        0.475        0.267        1635         2100         4                           606547131708992             
[2026-06-02 06:20:31.470591] GPU 0     0.959        0.473        0.279        1650         2100         4                           606547131708992             
[2026-06-02 06:20:31.522845] GPU 0     0.965        0.473        0.263        1665         2100         4                           606547131708992             
[2026-06-02 06:20:31.572993] #Entity   SMACT        SMOCC        DRAMA        SMCLK        SMMAX        DVCCTR                      TAPCV                       
[2026-06-02 06:20:31.573159] ID                                                                                                                                 
[2026-06-02 06:20:31.575206] GPU 0     0.966        0.474        0.268        1650         2100         4                           606547131708992             
[2026-06-02 06:20:31.627396] GPU 0     0.958        0.473        0.281        1665         2100         4                           606547131708992             
[2026-06-02 06:20:31.679707] GPU 0     0.966        0.478        0.264        1650         2100         4                           606547131708992             
[2026-06-02 06:20:31.731946] GPU 0     0.958        0.473        0.293        1650         2100         4                           606547131708992             
[2026-06-02 06:20:31.784334] GPU 0     0.960        0.476        0.306        1635         2100         4                           606547131708992             
[2026-06-02 06:20:31.836485] GPU 0     0.959        0.474        0.293        1650         2100         4                           606547131708992             
[2026-06-02 06:20:31.888813] GPU 0     0.963        0.480        0.262        1665         2100         4                           606547131708992             
[2026-06-02 06:20:31.941067] GPU 0     0.963        0.480        0.277        1650         2100         4                           606547131708992             
[2026-06-02 06:20:31.993325] GPU 0     0.963        0.472        0.270        1650         2100         4                           606547131708992             
[2026-06-02 06:20:32.045557] GPU 0     0.962        0.478        0.280        1650         2100         4                           606547131708992             
[2026-06-02 06:20:32.097862] GPU 0     0.962        0.476        0.278        1650         2100         4                           606547131708992             
[2026-06-02 06:20:32.150143] GPU 0     0.963        0.460        0.257        1650         2100         4                           606547131708992             
[2026-06-02 06:20:32.202655] GPU 0     0.965        0.476        0.280        1635         2100         4                           606547131708992             
[2026-06-02 06:20:32.254927] GPU 0     0.956        0.473        0.297        1650         2100         4                           606547131708992             
[2026-06-02 06:20:32.305152] #Entity   SMACT        SMOCC        DRAMA        SMCLK        SMMAX        DVCCTR                      TAPCV                       
[2026-06-02 06:20:32.305300] ID                                                                                                                                 
[2026-06-02 06:20:32.307250] GPU 0     0.959        0.474        0.293        1635         2100         4                           606547131708992             
[2026-06-02 06:20:32.359591] GPU 0     0.958        0.471        0.294        1650         2100         4                           606547131708992             
[2026-06-02 06:20:32.411816] GPU 0     0.963        0.495        0.288        1665         2100         4                           606547131708992             
[2026-06-02 06:20:32.464089] GPU 0     0.961        0.479        0.283        1650         2100         4                           606547131708992             
[2026-06-02 06:20:32.516407] GPU 0     0.963        0.467        0.269        1650         2100         4                           606547131708992             
[2026-06-02 06:20:32.568568] GPU 0     0.963        0.471        0.269        1650         2100         4                           606547131708992             
[2026-06-02 06:20:32.620968] GPU 0     0.965        0.469        0.256        1635         2100         4                           606547131708992             
[2026-06-02 06:20:32.673166] GPU 0     0.966        0.476        0.267        1650         2100         4                           606547131708992             
[2026-06-02 06:20:32.725532] GPU 0     0.963        0.476        0.263        1650         2100         4                           606547131708992             
[2026-06-02 06:20:32.777819] GPU 0     0.959        0.472        0.297        1650         2100         4                           606547131708992             
[2026-06-02 06:20:32.830190] GPU 0     0.959        0.474        0.299        1650         2100         4                           606547131708992             
[2026-06-02 06:20:32.882415] GPU 0     0.956        0.471        0.296        1650         2100         4                           606547131708992             
[2026-06-02 06:20:32.934737] GPU 0     0.959        0.497        0.300        1620         2100         4                           606547131708992             
[2026-06-02 06:20:32.986962] GPU 0     0.966        0.463        0.249        1650         2100         4                           606547131708992             
[2026-06-02 06:20:33.037169] #Entity   SMACT        SMOCC        DRAMA        SMCLK        SMMAX        DVCCTR                      TAPCV                       
[2026-06-02 06:20:33.037325] ID                                                                                                                                 
[2026-06-02 06:20:33.039113] GPU 0     0.963        0.478        0.275        1650         2100         4                           606547131708992             
[2026-06-02 06:20:33.091368] GPU 0     0.961        0.479        0.283        1665         2100         4                           606547131708992             
[2026-06-02 06:20:33.143678] GPU 0     0.962        0.476        0.276        1650         2100         4                           606547131708992             
[2026-06-02 06:20:33.196114] GPU 0     0.965        0.468        0.257        1665         2100         4                           606547131708992             
[2026-06-02 06:20:33.248550] GPU 0     0.961        0.479        0.283        1650         2100         4                           606547131708992             
[2026-06-02 06:20:33.300811] GPU 0     0.962        0.466        0.273        1650         2100         4                           606547131708992             
[2026-06-02 06:20:33.353216] GPU 0     0.957        0.480        0.299        1650         2100         4                           606547131708992             
[2026-06-02 06:20:33.405507] GPU 0     0.959        0.472        0.293        1635         2100         4                           606547131708992             
[2026-06-02 06:20:33.458003] GPU 0     0.960        0.483        0.293        1650         2100         4                           606547131708992             
[2026-06-02 06:20:33.510250] GPU 0     0.962        0.478        0.279        1635         2100         4                           606547131708992             
[2026-06-02 06:20:33.562610] GPU 0     0.962        0.464        0.265        1650         2100         4                           606547131708992             
[2026-06-02 06:20:33.614859] GPU 0     0.965        0.476        0.265        1650         2100         4                           606547131708992             
[2026-06-02 06:20:33.667209] GPU 0     0.963        0.475        0.274        1650         2100         4                           606547131708992             
[2026-06-02 06:20:33.719483] GPU 0     0.961        0.479        0.283        1650         2100         4                           606547131708992             
[2026-06-02 06:20:33.769682] #Entity   SMACT        SMOCC        DRAMA        SMCLK        SMMAX        DVCCTR                      TAPCV                       
[2026-06-02 06:20:33.769823] ID                                                                                                                                 
[2026-06-02 06:20:33.771750] GPU 0     0.962        0.476        0.279        1650         2100         4                           606547131708992             
[2026-06-02 06:20:33.824041] GPU 0     0.966        0.462        0.260        1650         2100         4                           606547131708992             
[2026-06-02 06:20:33.876345] GPU 0     0.958        0.475        0.298        1650         2100         4                           606547131708992             
[2026-06-02 06:20:33.928557] GPU 0     0.959        0.473        0.293        1650         2100         4                           606547131708992             
[2026-06-02 06:20:33.980906] GPU 0     0.957        0.471        0.294        1650         2100         4                           606547131708992             
[2026-06-02 06:20:34.033173] GPU 0     0.965        0.488        0.270        1665         2100         4                           606547131708992             
[2026-06-02 06:20:34.085560] GPU 0     0.964        0.473        0.265        1650         2100         4                           606547131708992             
[2026-06-02 06:20:34.137845] GPU 0     0.962        0.476        0.276        1650         2100         4                           606547131708992             
[2026-06-02 06:20:34.190262] GPU 0     0.961        0.479        0.283        1650         2100         4                           606547131708992             
[2026-06-02 06:20:34.242550] GPU 0     0.962        0.468        0.269        1650         2100         4                           606547131708992             
[2026-06-02 06:20:34.294898] GPU 0     0.963        0.474        0.271        1665         2100         4                           606547131708992             
[2026-06-02 06:20:34.347393] GPU 0     0.965        0.472        0.262        1650         2100         4                           606547131708992             
[2026-06-02 06:20:34.399789] GPU 0     0.960        0.478        0.298        1650         2100         4                           606547131708992             
[2026-06-02 06:20:34.452039] GPU 0     0.959        0.470        0.302        1650         2100         4                           606547131708992             
[2026-06-02 06:20:34.502204] #Entity   SMACT        SMOCC        DRAMA        SMCLK        SMMAX        DVCCTR                      TAPCV                       
[2026-06-02 06:20:34.502343] ID                                                                                                                                 
[2026-06-02 06:20:34.504417] GPU 0     0.959        0.473        0.294        1650         2100         4                           606547131708992             
[2026-06-02 06:20:34.556707] GPU 0     0.959        0.490        0.294        1650         2100         4                           606547131708992             
[2026-06-02 06:20:34.609059] GPU 0     0.962        0.477        0.278        1650         2100         4                           606547131708992             
[2026-06-02 06:20:34.661382] GPU 0     0.963        0.465        0.267        1650         2100         4                           606547131708992             
[2026-06-02 06:20:34.713787] GPU 0     0.964        0.469        0.261        1650         2100         4                           606547131708992             
[2026-06-02 06:20:34.765992] GPU 0     0.964        0.476        0.270        1665         2100         4                           606547131708992             
[2026-06-02 06:20:34.818461] GPU 0     0.966        0.472        0.265        1650         2100         4                           606547131708992             
[2026-06-02 06:20:34.870830] GPU 0     0.963        0.479        0.262        1650         2100         4                           606547131708992             
[2026-06-02 06:20:34.923232] GPU 0     0.959        0.471        0.301        1650         2100         4                           606547131708992             
[2026-06-02 06:20:34.975534] GPU 0     0.959        0.474        0.293        1635         2100         4                           606547131708992             
[2026-06-02 06:20:35.027972] GPU 0     0.957        0.472        0.296        1650         2100         4                           606547131708992             
[2026-06-02 06:20:35.080237] GPU 0     0.963        0.486        0.277        1650         2100         4                           606547131708992             
[2026-06-02 06:20:35.132585] GPU 0     0.961        0.479        0.283        1650         2100         4                           606547131708992             
[2026-06-02 06:20:35.184857] GPU 0     0.962        0.478        0.280        1650         2100         4                           606547131708992             
[2026-06-02 06:20:35.235051] #Entity   SMACT        SMOCC        DRAMA        SMCLK        SMMAX        DVCCTR                      TAPCV                       
[2026-06-02 06:20:35.235194] ID                                                                                                                                 
[2026-06-02 06:20:35.237116] GPU 0     0.962        0.468        0.267        1650         2100         4                           606547131708992             
[2026-06-02 06:20:35.289363] GPU 0     0.962        0.468        0.267        1650         2100         4                           606547131708992             
[2026-06-02 06:20:35.341758] GPU 0     0.964        0.471        0.267        1635         2100         4                           606547131708992             
[2026-06-02 06:20:35.394087] GPU 0     0.965        0.475        0.262        1665         2100         4                           606547131708992             
[2026-06-02 06:20:35.446528] GPU 0     0.958        0.470        0.294        1635         2100         4                           606547131708992             
[2026-06-02 06:20:35.498778] GPU 0     0.958        0.472        0.292        1650         2100         4                           606547131708992             
[2026-06-02 06:20:35.551164] GPU 0     0.959        0.473        0.294        1650         2100         4                           606547131708992             
[2026-06-02 06:20:35.603499] GPU 0     0.958        0.473        0.294        1650         2100         4                           606547131708992             
[2026-06-02 06:20:35.655822] GPU 0     0.963        0.494        0.289        1635         2100         4                           606547131708992             
[2026-06-02 06:20:35.708123] GPU 0     0.961        0.479        0.282        1650         2100         4                           606547131708992             
[2026-06-02 06:20:35.760476] GPU 0     0.963        0.459        0.260        1650         2100         4                           606547131708992             
[2026-06-02 06:20:35.812785] GPU 0     0.965        0.472        0.261        1650         2100         4                           606547131708992             
[2026-06-02 06:20:35.865048] GPU 0     0.966        0.477        0.267        1650         2100         4                           606547131708992             
[2026-06-02 06:20:35.917355] GPU 0     0.963        0.473        0.256        1650         2100         4                           606547131708992             
[2026-06-02 06:20:35.967553] #Entity   SMACT        SMOCC        DRAMA        SMCLK        SMMAX        DVCCTR                      TAPCV                       
[2026-06-02 06:20:35.967715] ID                                                                                                                                 
[2026-06-02 06:20:35.969643] GPU 0     0.963        0.480        0.279        1635         2100         4                           606547131708992             
[2026-06-02 06:20:36.021977] GPU 0     0.960        0.472        0.290        1650         2100         4                           606547131708992             
[2026-06-02 06:20:36.074234] GPU 0     0.959        0.474        0.293        1635         2100         4                           606547131708992             
[2026-06-02 06:20:36.126551] GPU 0     0.959        0.474        0.293        1650         2100         4                           606547131708992             
[2026-06-02 06:20:36.178861] GPU 0     0.962        0.479        0.282        1650         2100         4                           606547131708992             
[2026-06-02 06:20:36.231149] GPU 0     0.963        0.463        0.264        1635         2100         4                           606547131708992             
[2026-06-02 06:20:36.283474] GPU 0     0.965        0.472        0.261        1650         2100         4                           606547131708992             
[2026-06-02 06:20:36.335763] GPU 0     0.966        0.470        0.264        1650         2100         4                           606547131708992             
[2026-06-02 06:20:36.388156] GPU 0     0.962        0.482        0.260        1635         2100         4                           606547131708992             
[2026-06-02 06:20:36.440434] GPU 0     0.964        0.472        0.271        1650         2100         4                           606547131708992             
[2026-06-02 06:20:36.492844] GPU 0     0.959        0.467        0.287        1650         2100         4                           606547131708992             
[2026-06-02 06:20:36.545181] GPU 0     0.959        0.477        0.297        1650         2100         4                           606547131708992             
[2026-06-02 06:20:36.597570] GPU 0     0.959        0.474        0.292        1635         2100         4                           606547131708992             
[2026-06-02 06:20:36.649901] GPU 0     0.959        0.473        0.294        1635         2100         4                           606547131708992             
[2026-06-02 06:20:36.700004] #Entity   SMACT        SMOCC        DRAMA        SMCLK        SMMAX        DVCCTR                      TAPCV                       
[2026-06-02 06:20:36.700144] ID                                                                                                                                 
[2026-06-02 06:20:36.702006] GPU 0     0.961        0.493        0.292        1650         2100         4                           606547131708992             
[2026-06-02 06:20:36.754536] GPU 0     0.962        0.477        0.278        1650         2100         4                           606547131708992             
[2026-06-02 06:20:36.806681] GPU 0     0.963        0.469        0.269        1650         2100         4                           606547131708992             
[2026-06-02 06:20:36.858940] GPU 0     0.965        0.467        0.256        1650         2100         4                           606547131708992             
[2026-06-02 06:20:36.911362] GPU 0     0.967        0.470        0.263        1650         2100         4                           606547131708992             
[2026-06-02 06:20:36.963560] GPU 0     0.963        0.475        0.271        1650         2100         4                           606547131708992             
[2026-06-02 06:20:37.015948] GPU 0     0.963        0.475        0.264        1650         2100         4                           606547131708992             
[2026-06-02 06:20:37.068079] GPU 0     0.957        0.467        0.298        1635         2100         4                           606547131708992             
[2026-06-02 06:20:37.120375] GPU 0     0.956        0.474        0.296        1635         2100         4                           606547131708992             
[2026-06-02 06:20:37.172646] GPU 0     0.959        0.473        0.293        1635         2100         4                           606547131708992             
[2026-06-02 06:20:37.224953] GPU 0     0.963        0.494        0.284        1650         2100         4                           606547131708992             
[2026-06-02 06:20:37.277176] GPU 0     0.962        0.477        0.277        1650         2100         4                           606547131708992             
[2026-06-02 06:20:37.329681] GPU 0     0.962        0.473        0.276        1650         2100         4                           606547131708992             
[2026-06-02 06:20:37.381960] GPU 0     0.965        0.468        0.257        1650         2100         4                           606547131708992             
[2026-06-02 06:20:37.432163] #Entity   SMACT        SMOCC        DRAMA        SMCLK        SMMAX        DVCCTR                      TAPCV                       
[2026-06-02 06:20:37.432303] ID                                                                                                                                 
[2026-06-02 06:20:37.434220] GPU 0     0.963        0.471        0.268        1650         2100         4                           606547131708992             
[2026-06-02 06:20:37.486578] GPU 0     0.962        0.479        0.280        1650         2100         4                           606547131708992             
[2026-06-02 06:20:37.538961] GPU 0     0.961        0.478        0.281        1650         2100         4                           606547131708992             
[2026-06-02 06:20:37.591176] GPU 0     0.965        0.461        0.269        1635         2100         4                           606547131708992             
[2026-06-02 06:20:37.643625] GPU 0     0.960        0.473        0.294        1650         2100         4                           606547131708992             
[2026-06-02 06:20:37.696029] GPU 0     0.955        0.474        0.296        1650         2100         4                           606547131708992             
[2026-06-02 06:20:37.748486] GPU 0     0.959        0.486        0.302        1635         2100         4                           606547131708992             
[2026-06-02 06:20:37.800812] GPU 0     0.966        0.473        0.265        1650         2100         4                           606547131708992             
[2026-06-02 06:20:37.853137] GPU 0     0.963        0.480        0.263        1650         2100         4                           606547131708992             
[2026-06-02 06:20:37.905330] GPU 0     0.962        0.468        0.266        1650         2100         4                           606547131708992             
[2026-06-02 06:20:37.957692] GPU 0     0.963        0.480        0.279        1650         2100         4                           606547131708992             
[2026-06-02 06:20:38.010056] GPU 0     0.962        0.475        0.275        1650         2100         4                           606547131708992             
[2026-06-02 06:20:38.062257] GPU 0     0.962        0.476        0.275        1650         2100         4                           606547131708992             
[2026-06-02 06:20:38.114539] GPU 0     0.965        0.464        0.267        1650         2100         4                           606547131708992             
[2026-06-02 06:20:38.164691] #Entity   SMACT        SMOCC        DRAMA        SMCLK        SMMAX        DVCCTR                      TAPCV                       
[2026-06-02 06:20:38.164833] ID                                                                                                                                 
[2026-06-02 06:20:38.167009] GPU 0     0.959        0.476        0.298        1635         2100         4                           606547131708992             
[2026-06-02 06:20:38.219473] GPU 0     0.960        0.469        0.291        1650         2100         4                           606547131708992             
[2026-06-02 06:20:38.271892] GPU 0     0.957        0.472        0.293        1635         2100         4                           606547131708992             
[2026-06-02 06:20:38.324318] GPU 0     0.958        0.499        0.303        1650         2100         4                           606547131708992             
[2026-06-02 06:20:38.376734] GPU 0     0.963        0.473        0.273        1650         2100         4                           606547131708992             
[2026-06-02 06:20:38.429285] GPU 0     0.964        0.458        0.256        1650         2100         4                           606547131708992             
[2026-06-02 06:20:38.481607] GPU 0     0.964        0.486        0.274        1635         2100         4                           606547131708992             
[2026-06-02 06:20:38.534063] GPU 0     0.964        0.472        0.266        1650         2100         4                           606547131708992             
[2026-06-02 06:20:38.586523] GPU 0     0.961        0.479        0.283        1650         2100         4                           606547131708992             
[2026-06-02 06:20:38.644106] GPU 0     0.964        0.470        0.263        1620         2100         4                           606547131708992             
[2026-06-02 06:20:38.696480] GPU 0     0.961        0.470        0.281        1635         2100         4                           606547131708992             
[2026-06-02 06:20:38.748917] GPU 0     0.959        0.474        0.293        1650         2100         4                           606547131708992             
[2026-06-02 06:20:38.801197] GPU 0     0.961        0.469        0.289        1635         2100         4                           606547131708992             
[2026-06-02 06:20:38.853556] GPU 0     0.956        0.495        0.310        1650         2100         4                           606547131708992             
[2026-06-02 06:20:38.903745] #Entity   SMACT        SMOCC        DRAMA        SMCLK        SMMAX        DVCCTR                      TAPCV                       
[2026-06-02 06:20:38.903884] ID                                                                                                                                 
[2026-06-02 06:20:38.905918] GPU 0     0.963        0.458        0.257        1650         2100         4                           606547131708992             
[2026-06-02 06:20:38.958515] GPU 0     0.965        0.477        0.265        1635         2100         4                           606547131708992             
[2026-06-02 06:20:39.010849] GPU 0     0.962        0.483        0.285        1650         2100         4                           606547131708992             
[2026-06-02 06:20:39.063260] GPU 0     0.964        0.458        0.253        1650         2100         4                           606547131708992             
[2026-06-02 06:20:39.115744] GPU 0     0.963        0.488        0.281        1635         2100         4                           606547131708992             
[2026-06-02 06:20:39.168010] GPU 0     0.963        0.469        0.270        1650         2100         4                           606547131708992             
[2026-06-02 06:20:39.220305] GPU 0     0.959        0.476        0.294        1635         2100         4                           606547131708992             
[2026-06-02 06:20:39.272763] GPU 0     0.961        0.472        0.281        1650         2100         4                           606547131708992             
[2026-06-02 06:20:39.325111] GPU 0     0.960        0.472        0.287        1635         2100         4                           606547131708992             
[2026-06-02 06:20:39.377444] GPU 0     0.962        0.477        0.289        1650         2100         4                           606547131708992             
[2026-06-02 06:20:39.429650] GPU 0     0.963        0.479        0.262        1650         2100         4                           606547131708992             
[2026-06-02 06:20:39.481886] GPU 0     0.963        0.472        0.266        1650         2100         4                           606547131708992             
[2026-06-02 06:20:39.534159] GPU 0     0.963        0.475        0.277        1650         2100         4                           606547131708992             
[2026-06-02 06:20:39.586598] GPU 0     0.962        0.477        0.277        1620         2100         4                           606547131708992             
[2026-06-02 06:20:39.636793] #Entity   SMACT        SMOCC        DRAMA        SMCLK        SMMAX        DVCCTR                      TAPCV                       
[2026-06-02 06:20:39.636936] ID                                                                                                                                 
[2026-06-02 06:20:39.638814] GPU 0     0.963        0.473        0.269        1650         2100         4                           606547131708992             
[2026-06-02 06:20:39.691199] GPU 0     0.962        0.476        0.278        1650         2100         4                           606547131708992             
[2026-06-02 06:20:39.743425] GPU 0     0.960        0.473        0.291        1635         2100         4                           606547131708992             
[2026-06-02 06:20:39.795871] GPU 0     0.961        0.468        0.276        1620         2100         4                           606547131708992             
[2026-06-02 06:20:39.848061] GPU 0     0.959        0.474        0.293        1650         2100         4                           606547131708992             
[2026-06-02 06:20:39.900196] GPU 0     0.958        0.484        0.302        1635         2100         4                           606547131708992             
[2026-06-02 06:20:39.952399] GPU 0     0.963        0.477        0.277        1665         2100         4                           606547131708992             
[2026-06-02 06:20:40.004926] GPU 0     0.962        0.477        0.281        1650         2100         4                           606547131708992             
[2026-06-02 06:20:40.057272] GPU 0     0.964        0.463        0.260        1650         2100         4                           606547131708992             
[2026-06-02 06:20:40.109784] GPU 0     0.964        0.469        0.262        1650         2100         4                           606547131708992             
[2026-06-02 06:20:40.162175] GPU 0     0.968        0.471        0.262        1635         2100         4                           606547131708992             
[2026-06-02 06:20:40.214632] GPU 0     0.963        0.479        0.266        1650         2100         4                           606547131708992             
[2026-06-02 06:20:40.266909] GPU 0     0.957        0.484        0.299        1650         2100         4                           606547131708992             
[2026-06-02 06:20:40.319482] GPU 0     0.959        0.474        0.292        1635         2100         4                           606547131708992             
[2026-06-02 06:20:40.369518] #Entity   SMACT        SMOCC        DRAMA        SMCLK        SMMAX        DVCCTR                      TAPCV                       
[2026-06-02 06:20:40.369661] ID                                                                                                                                 
[2026-06-02 06:20:40.371727] GPU 0     0.960        0.472        0.289        1650         2100         4                           606547131708992             
[2026-06-02 06:20:40.424041] GPU 0     0.961        0.471        0.283        1635         2100         4                           606547131708992             
[2026-06-02 06:20:40.476384] GPU 0     0.960        0.485        0.289        1650         2100         4                           606547131708992             
[2026-06-02 06:20:40.528698] GPU 0     0.963        0.476        0.272        1650         2100         4                           606547131708992             
[2026-06-02 06:20:40.581185] GPU 0     0.964        0.472        0.264        1635         2100         4                           606547131708992             
[2026-06-02 06:20:40.633490] GPU 0     0.962        0.466        0.266        1650         2100         4                           606547131708992             
[2026-06-02 06:20:40.685682] GPU 0     0.965        0.475        0.265        1650         2100         4                           606547131708992             
[2026-06-02 06:20:40.737965] GPU 0     0.964        0.470        0.267        1650         2100         4                           606547131708992             
[2026-06-02 06:20:40.790271] GPU 0     0.962        0.478        0.276        1635         2100         4                           606547131708992             
[2026-06-02 06:20:40.842552] GPU 0     0.959        0.474        0.293        1650         2100         4                           606547131708992             
[2026-06-02 06:20:40.894915] GPU 0     0.961        0.471        0.284        1635         2100         4                           606547131708992             
[2026-06-02 06:20:40.947176] GPU 0     0.959        0.474        0.292        1635         2100         4                           606547131708992             
[2026-06-02 06:20:40.999549] GPU 0     0.958        0.481        0.303        1665         2100         4                           606547131708992             
[2026-06-02 06:20:41.051835] GPU 0     0.963        0.474        0.270        1650         2100         4                           606547131708992             
[2026-06-02 06:20:41.101924] #Entity   SMACT        SMOCC        DRAMA        SMCLK        SMMAX        DVCCTR                      TAPCV                       
[2026-06-02 06:20:41.102029] ID                                                                                                                                 
[2026-06-02 06:20:41.104186] GPU 0     0.962        0.471        0.274        1650         2100         4                           606547131708992             
[2026-06-02 06:20:41.156475] GPU 0     0.965        0.476        0.264        1650         2100         4                           606547131708992             
[2026-06-02 06:20:41.208800] GPU 0     0.966        0.474        0.265        1635         2100         4                           606547131708992             
[2026-06-02 06:20:41.261127] GPU 0     0.963        0.476        0.257        1650         2100         4                           606547131708992             
[2026-06-02 06:20:41.313394] GPU 0     0.964        0.473        0.270        1650         2100         4                           606547131708992             
[2026-06-02 06:20:41.365690] GPU 0     0.959        0.478        0.293        1635         2100         4                           606547131708992             
[2026-06-02 06:20:41.418027] GPU 0     0.959        0.473        0.292        1635         2100         4                           606547131708992             
[2026-06-02 06:20:41.470253] GPU 0     0.960        0.468        0.300        1650         2100         4                           606547131708992             
[2026-06-02 06:20:41.522592] GPU 0     0.956        0.487        0.299        1635         2100         4                           606547131708992             
[2026-06-02 06:20:41.574831] GPU 0     0.965        0.471        0.261        1650         2100         4                           606547131708992             
[2026-06-02 06:20:41.627091] GPU 0     0.964        0.475        0.273        1635         2100         4                           606547131708992             
[2026-06-02 06:20:41.679301] GPU 0     0.962        0.477        0.277        1650         2100         4                           606547131708992             
[2026-06-02 06:20:41.731613] GPU 0     0.961        0.479        0.283        1650         2100         4                           606547131708992             
[2026-06-02 06:20:41.783875] GPU 0     0.964        0.466        0.265        1635         2100         4                           606547131708992             
[2026-06-02 06:20:41.834028] #Entity   SMACT        SMOCC        DRAMA        SMCLK        SMMAX        DVCCTR                      TAPCV                       
[2026-06-02 06:20:41.834173] ID                                                                                                                                 
[2026-06-02 06:20:41.836199] GPU 0     0.963        0.470        0.266        1650         2100         4                           606547131708992             
[2026-06-02 06:20:41.888606] GPU 0     0.965        0.471        0.256        1650         2100         4                           606547131708992             
[2026-06-02 06:20:41.941033] GPU 0     0.958        0.474        0.293        1635         2100         4                           606547131708992             
[2026-06-02 06:20:41.993430] GPU 0     0.960        0.474        0.304        1635         2100         4                           606547131708992             
[2026-06-02 06:20:42.045776] GPU 0     0.960        0.474        0.292        1635         2100         4                           606547131708992             
[2026-06-02 06:20:42.097851] GPU 0     0.962        0.481        0.261        1635         2100         4                           606547131708992             
[2026-06-02 06:20:42.150051] GPU 0     0.963        0.477        0.276        1650         2100         4                           606547131708992             
[2026-06-02 06:20:42.202289] GPU 0     0.961        0.479        0.283        1650         2100         4                           606547131708992             
[2026-06-02 06:20:42.254585] GPU 0     0.962        0.476        0.276        1635         2100         4                           606547131708992             
[2026-06-02 06:20:42.306760] GPU 0     0.963        0.463        0.260        1650         2100         4                           606547131708992             
[2026-06-02 06:20:42.358943] GPU 0     0.965        0.474        0.263        1650         2100         4                           606547131708992             
[2026-06-02 06:20:42.411186] GPU 0     0.963        0.476        0.275        1635         2100         4                           606547131708992             
[2026-06-02 06:20:42.463414] GPU 0     0.960        0.472        0.287        1635         2100         4                           606547131708992             
[2026-06-02 06:20:42.515523] GPU 0     0.959        0.473        0.291        1635         2100         4                           606547131708992             
[2026-06-02 06:20:42.565602] #Entity   SMACT        SMOCC        DRAMA        SMCLK        SMMAX        DVCCTR                      TAPCV                       
[2026-06-02 06:20:42.565745] ID                                                                                                                                 
[2026-06-02 06:20:42.567675] GPU 0     0.959        0.473        0.292        1650         2100         4                           606547131708992             
[2026-06-02 06:20:42.620147] GPU 0     0.958        0.492        0.315        1650         2100         4                           606547131708992             
[2026-06-02 06:20:42.672330] GPU 0     0.963        0.466        0.267        1650         2100         4                           606547131708992             
[2026-06-02 06:20:42.724832] GPU 0     0.963        0.467        0.263        1650         2100         4                           606547131708992             
[2026-06-02 06:20:42.777144] GPU 0     0.963        0.470        0.265        1650         2100         4                           606547131708992             
[2026-06-02 06:20:42.829290] GPU 0     0.966        0.474        0.263        1635         2100         4                           606547131708992             
[2026-06-02 06:20:42.881558] GPU 0     0.966        0.479        0.270        1650         2100         4                           606547131708992             
[2026-06-02 06:20:42.933792] GPU 0     0.963        0.474        0.263        1650         2100         4                           606547131708992             
[2026-06-02 06:20:42.986119] GPU 0     0.959        0.474        0.300        1650         2100         4                           606547131708992             
[2026-06-02 06:20:43.038387] GPU 0     0.960        0.471        0.291        1620         2100         4                           606547131708992             
[2026-06-02 06:20:43.090597] GPU 0     0.956        0.471        0.291        1635         2100         4                           606547131708992             
[2026-06-02 06:20:43.142790] GPU 0     0.959        0.498        0.302        1635         2100         4                           606547131708992             
[2026-06-02 06:20:43.195113] GPU 0     0.962        0.462        0.260        1650         2100         4                           606547131708992             
[2026-06-02 06:20:43.247318] GPU 0     0.965        0.476        0.266        1635         2100         4                           606547131708992             
[2026-06-02 06:20:43.297425] #Entity   SMACT        SMOCC        DRAMA        SMCLK        SMMAX        DVCCTR                      TAPCV                       
[2026-06-02 06:20:43.297569] ID                                                                                                                                 
[2026-06-02 06:20:43.299593] GPU 0     0.964        0.476        0.272        1650         2100         4                           606547131708992             
[2026-06-02 06:20:43.351812] GPU 0     0.962        0.476        0.276        1650         2100         4                           606547131708992             
[2026-06-02 06:20:43.404118] GPU 0     0.962        0.477        0.278        1635         2100         4                           606547131708992             
[2026-06-02 06:20:43.456339] GPU 0     0.963        0.469        0.272        1650         2100         4                           606547131708992             
[2026-06-02 06:20:43.508614] GPU 0     0.964        0.467        0.253        1650         2100         4                           606547131708992             
[2026-06-02 06:20:43.560754] GPU 0     0.960        0.480        0.295        1620         2100         4                           606547131708992             
[2026-06-02 06:20:43.612913] GPU 0     0.960        0.474        0.293        1635         2100         4                           606547131708992             
[2026-06-02 06:20:43.665008] GPU 0     0.960        0.472        0.294        1635         2100         4                           606547131708992             
[2026-06-02 06:20:43.717168] GPU 0     0.904        0.259        0.528        1635         2100         4                           606547131708992             
[2026-06-02 06:20:43.769267] GPU 0     0.916        0.470        0.769        1755         2100         4                           606547131708992             
[2026-06-02 06:20:43.821557] GPU 0     0.931        0.527        0.693        1620         2100         4                           606547131708992             
[2026-06-02 06:20:43.873707] GPU 0     0.918        0.643        0.615        1605         2100         4                           606547131708992             
[2026-06-02 06:20:43.925846] GPU 0     0.895        0.522        0.620        1620         2100         4                           606547131708992             
[2026-06-02 06:20:43.978095] GPU 0     0.895        0.522        0.620        1620         2100         4                           606547131708992             
[2026-06-02 06:20:44.028250] #Entity   SMACT        SMOCC        DRAMA        SMCLK        SMMAX        DVCCTR                      TAPCV                       
[2026-06-02 06:20:44.028395] ID                                                                                                                                 
[2026-06-02 06:20:44.045155] GPU 0     0.764        0.523        0.579        1710         2100         4                           606547131708992             
[2026-06-02 06:20:44.097276] GPU 0     0.000        0.000        0.005        1905         2100         4                           606547131708992             
[2026-06-02 06:20:44.149625] GPU 0     0.070        0.014        0.117        1935         2100         4                           606547131708992             
[2026-06-02 06:20:44.202012] GPU 0     0.554        0.251        0.281        1935         2100         4                           606547131708992             
[2026-06-02 06:20:44.254401] GPU 0     0.962        0.488        0.337        1635         2100         4                           606547131708992             
[2026-06-02 06:20:44.306759] GPU 0     0.963        0.474        0.297        1635         2100         4                           606547131708992             
[2026-06-02 06:20:44.359104] GPU 0     0.962        0.476        0.276        1650         2100         4                           606547131708992             
[2026-06-02 06:20:44.411449] GPU 0     0.961        0.479        0.283        1650         2100         4                           606547131708992             
[2026-06-02 06:20:44.463787] GPU 0     0.962        0.459        0.256        1650         2100         4                           606547131708992             
[2026-06-02 06:20:44.516136] GPU 0     0.965        0.479        0.269        1650         2100         4                           606547131708992             
[2026-06-02 06:20:44.568200] GPU 0     0.958        0.468        0.297        1635         2100         4                           606547131708992             
[2026-06-02 06:20:44.620477] GPU 0     0.959        0.485        0.305        1650         2100         4                           606547131708992             
[2026-06-02 06:20:44.673141] GPU 0     0.960        0.477        0.291        1635         2100         4                           606547131708992             
[2026-06-02 06:20:44.725444] GPU 0     0.943        0.470        0.295        1635         2100         4                           606547131708992             
[2026-06-02 06:20:44.775659] #Entity   SMACT        SMOCC        DRAMA        SMCLK        SMMAX        DVCCTR                      TAPCV                       
[2026-06-02 06:20:44.775801] ID                                                                                                                                 
[2026-06-02 06:20:44.777775] GPU 0     0.963        0.470        0.268        1665         2100         4                           606547131708992             
[2026-06-02 06:20:44.830080] GPU 0     0.964        0.481        0.272        1650         2100         4                           606547131708992             
[2026-06-02 06:20:44.882709] GPU 0     0.963        0.464        0.265        1650         2100         4                           606547131708992             
[2026-06-02 06:20:44.934826] GPU 0     0.964        0.470        0.263        1650         2100         4                           606547131708992             
[2026-06-02 06:20:44.987186] GPU 0     0.962        0.471        0.271        1650         2100         4                           606547131708992             
[2026-06-02 06:20:45.039481] GPU 0     0.965        0.474        0.263        1650         2100         4                           606547131708992             
[2026-06-02 06:20:45.091846] GPU 0     0.962        0.483        0.283        1635         2100         4                           606547131708992             
[2026-06-02 06:20:45.144175] GPU 0     0.961        0.471        0.284        1635         2100         4                           606547131708992             
[2026-06-02 06:20:45.196522] GPU 0     0.959        0.474        0.293        1635         2100         4                           606547131708992             
[2026-06-02 06:20:45.248799] GPU 0     0.958        0.473        0.294        1620         2100         4                           606547131708992             
[2026-06-02 06:20:45.301153] GPU 0     0.963        0.482        0.275        1650         2100         4                           606547131708992             
[2026-06-02 06:20:45.353490] GPU 0     0.962        0.478        0.280        1650         2100         4                           606547131708992             
[2026-06-02 06:20:45.405751] GPU 0     0.962        0.478        0.280        1650         2100         4                           606547131708992             
[2026-06-02 06:20:45.458021] GPU 0     0.962        0.473        0.272        1635         2100         4                           606547131708992             
[2026-06-02 06:20:45.508211] #Entity   SMACT        SMOCC        DRAMA        SMCLK        SMMAX        DVCCTR                      TAPCV                       
[2026-06-02 06:20:45.508359] ID                                                                                                                                 
[2026-06-02 06:20:45.510242] GPU 0     0.965        0.467        0.256        1635         2100         4                           606547131708992             
[2026-06-02 06:20:45.562515] GPU 0     0.964        0.474        0.271        1650         2100         4                           606547131708992             
[2026-06-02 06:20:45.614823] GPU 0     0.962        0.477        0.280        1650         2100         4                           606547131708992             
[2026-06-02 06:20:45.667073] GPU 0     0.959        0.474        0.293        1620         2100         4                           606547131708992             
[2026-06-02 06:20:45.719327] GPU 0     0.959        0.474        0.293        1635         2100         4                           606547131708992             
[2026-06-02 06:20:45.771624] GPU 0     0.960        0.472        0.287        1635         2100         4                           606547131708992             
[2026-06-02 06:20:45.824122] GPU 0     0.962        0.477        0.290        1650         2100         4                           606547131708992             
[2026-06-02 06:20:45.876628] GPU 0     0.963        0.478        0.263        1650         2100         4                           606547131708992             
[2026-06-02 06:20:45.929251] GPU 0     0.962        0.473        0.267        1650         2100         4                           606547131708992             
[2026-06-02 06:20:45.981693] GPU 0     0.963        0.475        0.276        1620         2100         4                           606547131708992             
[2026-06-02 06:20:46.034218] GPU 0     0.962        0.477        0.278        1650         2100         4                           606547131708992             
[2026-06-02 06:20:46.086908] GPU 0     0.962        0.477        0.277        1650         2100         4                           606547131708992             
[2026-06-02 06:20:46.139397] GPU 0     0.963        0.461        0.258        1650         2100         4                           606547131708992             
[2026-06-02 06:20:46.191846] GPU 0     0.959        0.486        0.308        1635         2100         4                           606547131708992             
[2026-06-02 06:20:46.241942] #Entity   SMACT        SMOCC        DRAMA        SMCLK        SMMAX        DVCCTR                      TAPCV                       
[2026-06-02 06:20:46.242080] ID                                                                                                                                 
[2026-06-02 06:20:46.244337] GPU 0     0.960        0.474        0.288        1635         2100         4                           606547131708992             
[2026-06-02 06:20:46.296718] GPU 0     0.959        0.474        0.293        1650         2100         4                           606547131708992             
[2026-06-02 06:20:46.349226] GPU 0     0.958        0.484        0.303        1650         2100         4                           606547131708992             
[2026-06-02 06:20:46.401560] GPU 0     0.962        0.473        0.273        1650         2100         4                           606547131708992             
[2026-06-02 06:20:46.454057] GPU 0     0.964        0.458        0.255        1635         2100         4                           606547131708992             
[2026-06-02 06:20:46.506436] GPU 0     0.965        0.478        0.266        1650         2100         4                           606547131708992             
[2026-06-02 06:20:46.558840] GPU 0     0.964        0.467        0.265        1650         2100         4                           606547131708992             
[2026-06-02 06:20:46.611275] GPU 0     0.966        0.481        0.267        1635         2100         4                           606547131708992             
[2026-06-02 06:20:46.663777] GPU 0     0.960        0.471        0.276        1650         2100         4                           606547131708992             
[2026-06-02 06:20:46.716250] GPU 0     0.963        0.479        0.276        1650         2100         4                           606547131708992             
[2026-06-02 06:20:46.768540] GPU 0     0.959        0.474        0.293        1650         2100         4                           606547131708992             
[2026-06-02 06:20:46.821190] GPU 0     0.959        0.471        0.288        1635         2100         4                           606547131708992             
[2026-06-02 06:20:46.873494] GPU 0     0.960        0.472        0.304        1635         2100         4                           606547131708992             
[2026-06-02 06:20:46.925914] GPU 0     0.961        0.486        0.262        1650         2100         4                           606547131708992             
[2026-06-02 06:20:46.976062] #Entity   SMACT        SMOCC        DRAMA        SMCLK        SMMAX        DVCCTR                      TAPCV                       
[2026-06-02 06:20:46.976205] ID                                                                                                                                 
[2026-06-02 06:20:46.978101] GPU 0     0.964        0.473        0.278        1650         2100         4                           606547131708992             
[2026-06-02 06:20:47.030520] GPU 0     0.963        0.479        0.266        1635         2100         4                           606547131708992             
[2026-06-02 06:20:47.082843] GPU 0     0.964        0.472        0.270        1650         2100         4                           606547131708992             
[2026-06-02 06:20:47.135272] GPU 0     0.961        0.479        0.282        1650         2100         4                           606547131708992             
[2026-06-02 06:20:47.187543] GPU 0     0.962        0.476        0.276        1650         2100         4                           606547131708992             
[2026-06-02 06:20:47.239702] GPU 0     0.965        0.466        0.260        1650         2100         4                           606547131708992             
[2026-06-02 06:20:47.291854] GPU 0     0.960        0.471        0.297        1650         2100         4                           606547131708992             
[2026-06-02 06:20:47.344247] GPU 0     0.959        0.471        0.297        1635         2100         4                           606547131708992             
[2026-06-02 06:20:47.396444] GPU 0     0.959        0.473        0.293        1650         2100         4                           606547131708992             
[2026-06-02 06:20:47.449190] GPU 0     0.956        0.498        0.305        1650         2100         4                           606547131708992             
[2026-06-02 06:20:47.501486] GPU 0     0.964        0.470        0.270        1650         2100         4                           606547131708992             
[2026-06-02 06:20:47.554040] GPU 0     0.964        0.462        0.258        1650         2100         4                           606547131708992             
[2026-06-02 06:20:47.606423] GPU 0     0.964        0.462        0.258        1650         2100         4                           606547131708992             
[2026-06-02 06:20:47.658527] GPU 0     0.963        0.479        0.273        1620         2100         4                           606547131708992             
[2026-06-02 06:20:47.708722] #Entity   SMACT        SMOCC        DRAMA        SMCLK        SMMAX        DVCCTR                      TAPCV                       
[2026-06-02 06:20:47.708863] ID                                                                                                                                 
[2026-06-02 06:20:47.711036] GPU 0     0.963        0.475        0.265        1635         2100         4                           606547131708992             
[2026-06-02 06:20:47.763564] GPU 0     0.964        0.461        0.271        1635         2100         4                           606547131708992             
[2026-06-02 06:20:47.816089] GPU 0     0.954        0.479        0.306        1635         2100         4                           606547131708992             
[2026-06-02 06:20:47.868509] GPU 0     0.959        0.481        0.296        1620         2100         4                           606547131708992             
[2026-06-02 06:20:47.921027] GPU 0     0.959        0.474        0.292        1635         2100         4                           606547131708992             
[2026-06-02 06:20:47.973444] GPU 0     0.965        0.474        0.259        1635         2100         4                           606547131708992             
[2026-06-02 06:20:48.025887] GPU 0     0.962        0.475        0.274        1620         2100         4                           606547131708992             
[2026-06-02 06:20:48.078412] GPU 0     0.960        0.479        0.283        1635         2100         4                           606547131708992             
[2026-06-02 06:20:48.130657] GPU 0     0.962        0.465        0.266        1620         2100         4                           606547131708992             
[2026-06-02 06:20:48.182782] GPU 0     0.963        0.468        0.263        1635         2100         4                           606547131708992             
[2026-06-02 06:20:48.235262] GPU 0     0.965        0.471        0.259        1635         2100         4                           606547131708992             
[2026-06-02 06:20:48.287771] GPU 0     0.965        0.477        0.269        1635         2100         4                           606547131708992             
[2026-06-02 06:20:48.340203] GPU 0     0.956        0.473        0.296        1635         2100         4                           606547131708992             
[2026-06-02 06:20:48.392531] GPU 0     0.959        0.474        0.292        1620         2100         4                           606547131708992             
[2026-06-02 06:20:48.442725] #Entity   SMACT        SMOCC        DRAMA        SMCLK        SMMAX        DVCCTR                      TAPCV                       
[2026-06-02 06:20:48.442868] ID                                                                                                                                 
[2026-06-02 06:20:48.445116] GPU 0     0.958        0.470        0.292        1635         2100         4                           606547131708992             
[2026-06-02 06:20:48.497607] GPU 0     0.963        0.488        0.275        1620         2100         4                           606547131708992             
[2026-06-02 06:20:48.550149] GPU 0     0.961        0.479        0.283        1635         2100         4                           606547131708992             
[2026-06-02 06:20:48.602787] GPU 0     0.961        0.479        0.283        1650         2100         4                           606547131708992             
[2026-06-02 06:20:48.655218] GPU 0     0.963        0.478        0.275        1635         2100         4                           606547131708992             
[2026-06-02 06:20:48.707690] GPU 0     0.961        0.479        0.283        1635         2100         4                           606547131708992             
[2026-06-02 06:20:48.760286] GPU 0     0.961        0.479        0.283        1650         2100         4                           606547131708992             
[2026-06-02 06:20:48.812789] GPU 0     0.963        0.472        0.265        1635         2100         4                           606547131708992             
[2026-06-02 06:20:48.865338] GPU 0     0.962        0.464        0.268        1635         2100         4                           606547131708992             
[2026-06-02 06:20:48.917819] GPU 0     0.959        0.476        0.294        1620         2100         4                           606547131708992             
[2026-06-02 06:20:48.970407] GPU 0     0.958        0.473        0.294        1635         2100         4                           606547131708992             
[2026-06-02 06:20:49.022825] GPU 0     0.958        0.476        0.298        1620         2100         4                           606547131708992             
[2026-06-02 06:20:49.075438] GPU 0     0.964        0.488        0.275        1635         2100         4                           606547131708992             
[2026-06-02 06:20:49.127884] GPU 0     0.964        0.470        0.261        1635         2100         4                           606547131708992             
[2026-06-02 06:20:49.178077] #Entity   SMACT        SMOCC        DRAMA        SMCLK        SMMAX        DVCCTR                      TAPCV                       
[2026-06-02 06:20:49.178217] ID                                                                                                                                 
[2026-06-02 06:20:49.180492] GPU 0     0.961        0.478        0.279        1650         2100         4                           606547131708992             
[2026-06-02 06:20:49.232968] GPU 0     0.961        0.479        0.283        1635         2100         4                           606547131708992             
[2026-06-02 06:20:49.285455] GPU 0     0.963        0.474        0.270        1635         2100         4                           606547131708992             
[2026-06-02 06:20:49.338030] GPU 0     0.966        0.466        0.251        1635         2100         4                           606547131708992             
[2026-06-02 06:20:49.390624] GPU 0     0.961        0.479        0.283        1635         2100         4                           606547131708992             
[2026-06-02 06:20:49.443068] GPU 0     0.960        0.470        0.285        1635         2100         4                           606547131708992             
[2026-06-02 06:20:49.495493] GPU 0     0.960        0.470        0.283        1620         2100         4                           606547131708992             
[2026-06-02 06:20:49.547966] GPU 0     0.959        0.474        0.290        1620         2100         4                           606547131708992             
[2026-06-02 06:20:49.600404] GPU 0     0.958        0.484        0.303        1635         2100         4                           606547131708992             
[2026-06-02 06:20:49.652781] GPU 0     0.961        0.476        0.277        1635         2100         4                           606547131708992             
[2026-06-02 06:20:49.705125] GPU 0     0.961        0.479        0.283        1635         2100         4                           606547131708992             
[2026-06-02 06:20:49.757598] GPU 0     0.963        0.466        0.265        1635         2100         4                           606547131708992             
[2026-06-02 06:20:49.809919] GPU 0     0.963        0.464        0.258        1650         2100         4                           606547131708992             
[2026-06-02 06:20:49.862219] GPU 0     0.966        0.471        0.262        1635         2100         4                           606547131708992             
[2026-06-02 06:20:49.912382] #Entity   SMACT        SMOCC        DRAMA        SMCLK        SMMAX        DVCCTR                      TAPCV                       
[2026-06-02 06:20:49.912506] ID                                                                                                                                 
[2026-06-02 06:20:49.914600] GPU 0     0.963        0.481        0.263        1635         2100         4                           606547131708992             
[2026-06-02 06:20:49.967151] GPU 0     0.957        0.482        0.301        1635         2100         4                           606547131708992             
[2026-06-02 06:20:50.019114] GPU 0     0.959        0.474        0.293        1620         2100         4                           606547131708992             
[2026-06-02 06:20:50.071556] GPU 0     0.960        0.471        0.285        1635         2100         4                           606547131708992             
[2026-06-02 06:20:50.123942] GPU 0     0.960        0.472        0.286        1620         2100         4                           606547131708992             
[2026-06-02 06:20:50.176268] GPU 0     0.960        0.474        0.276        1620         2100         4                           606547131708992             
[2026-06-02 06:20:50.228649] GPU 0     0.965        0.473        0.263        1635         2100         4                           606547131708992             
[2026-06-02 06:20:50.280781] GPU 0     0.963        0.479        0.277        1635         2100         4                           606547131708992             
[2026-06-02 06:20:50.333127] GPU 0     0.960        0.479        0.283        1635         2100         4                           606547131708992             
[2026-06-02 06:20:50.385558] GPU 0     0.963        0.474        0.269        1635         2100         4                           606547131708992             
[2026-06-02 06:20:50.437903] GPU 0     0.963        0.466        0.266        1620         2100         4                           606547131708992             
[2026-06-02 06:20:50.490381] GPU 0     0.964        0.467        0.253        1635         2100         4                           606547131708992             
[2026-06-02 06:20:50.542863] GPU 0     0.957        0.468        0.293        1635         2100         4                           606547131708992             
[2026-06-02 06:20:50.595347] GPU 0     0.958        0.476        0.295        1635         2100         4                           606547131708992             
[2026-06-02 06:20:50.645489] #Entity   SMACT        SMOCC        DRAMA        SMCLK        SMMAX        DVCCTR                      TAPCV                       
[2026-06-02 06:20:50.645599] ID                                                                                                                                 
[2026-06-02 06:20:50.647680] GPU 0     0.959        0.479        0.297        1635         2100         4                           606547131708992             
[2026-06-02 06:20:50.699926] GPU 0     0.964        0.484        0.270        1650         2100         4                           606547131708992             
[2026-06-02 06:20:50.752250] GPU 0     0.961        0.479        0.283        1635         2100         4                           606547131708992             
[2026-06-02 06:20:50.804771] GPU 0     0.961        0.464        0.264        1635         2100         4                           606547131708992             
[2026-06-02 06:20:50.857194] GPU 0     0.965        0.472        0.263        1635         2100         4                           606547131708992             
[2026-06-02 06:20:50.909729] GPU 0     0.963        0.479        0.275        1635         2100         4                           606547131708992             
[2026-06-02 06:20:50.962364] GPU 0     0.961        0.479        0.283        1635         2100         4                           606547131708992             
[2026-06-02 06:20:51.014871] GPU 0     0.962        0.475        0.274        1635         2100         4                           606547131708992             
[2026-06-02 06:20:51.067248] GPU 0     0.960        0.459        0.270        1635         2100         4                           606547131708992             
[2026-06-02 06:20:51.119594] GPU 0     0.959        0.473        0.291        1635         2100         4                           606547131708992             
[2026-06-02 06:20:51.171927] GPU 0     0.959        0.481        0.301        1635         2100         4                           606547131708992             
[2026-06-02 06:20:51.224043] GPU 0     0.960        0.486        0.293        1635         2100         4                           606547131708992             
[2026-06-02 06:20:51.276355] GPU 0     0.962        0.473        0.278        1650         2100         4                           606547131708992             
[2026-06-02 06:20:51.328521] GPU 0     0.963        0.477        0.270        1635         2100         4                           606547131708992             
[2026-06-02 06:20:51.378651] #Entity   SMACT        SMOCC        DRAMA        SMCLK        SMMAX        DVCCTR                      TAPCV                       
[2026-06-02 06:20:51.378774] ID                                                                                                                                 
[2026-06-02 06:20:51.380861] GPU 0     0.965        0.469        0.257        1620         2100         4                           606547131708992             
[2026-06-02 06:20:51.433411] GPU 0     0.961        0.477        0.281        1635         2100         4                           606547131708992             
[2026-06-02 06:20:51.485824] GPU 0     0.963        0.462        0.259        1650         2100         4                           606547131708992             
[2026-06-02 06:20:51.538435] GPU 0     0.964        0.470        0.262        1635         2100         4                           606547131708992             
[2026-06-02 06:20:51.590787] GPU 0     0.963        0.479        0.272        1635         2100         4                           606547131708992             
[2026-06-02 06:20:51.643327] GPU 0     0.959        0.473        0.291        1635         2100         4                           606547131708992             
[2026-06-02 06:20:51.695589] GPU 0     0.960        0.471        0.284        1635         2100         4                           606547131708992             
[2026-06-02 06:20:51.748094] GPU 0     0.959        0.474        0.292        1635         2100         4                           606547131708992             
[2026-06-02 06:20:51.800382] GPU 0     0.959        0.489        0.294        1620         2100         4                           606547131708992             
[2026-06-02 06:20:51.852561] GPU 0     0.962        0.476        0.274        1635         2100         4                           606547131708992             
[2026-06-02 06:20:51.904959] GPU 0     0.964        0.463        0.253        1635         2100         4                           606547131708992             
[2026-06-02 06:20:51.957121] GPU 0     0.964        0.474        0.270        1635         2100         4                           606547131708992             
[2026-06-02 06:20:52.009495] GPU 0     0.962        0.476        0.274        1635         2100         4                           606547131708992             
[2026-06-02 06:20:52.061932] GPU 0     0.960        0.479        0.283        1635         2100         4                           606547131708992             
[2026-06-02 06:20:52.112073] #Entity   SMACT        SMOCC        DRAMA        SMCLK        SMMAX        DVCCTR                      TAPCV                       
[2026-06-02 06:20:52.112150] ID                                                                                                                                 
[2026-06-02 06:20:52.114242] GPU 0     0.962        0.462        0.262        1635         2100         4                           606547131708992             
[2026-06-02 06:20:52.166654] GPU 0     0.959        0.482        0.295        1635         2100         4                           606547131708992             
[2026-06-02 06:20:52.218943] GPU 0     0.959        0.474        0.293        1620         2100         4                           606547131708992             
[2026-06-02 06:20:52.271440] GPU 0     0.959        0.472        0.288        1635         2100         4                           606547131708992             
[2026-06-02 06:20:52.323689] GPU 0     0.961        0.469        0.276        1635         2100         4                           606547131708992             
[2026-06-02 06:20:52.375993] GPU 0     0.965        0.474        0.269        1635         2100         4                           606547131708992             
[2026-06-02 06:20:52.428337] GPU 0     0.962        0.477        0.264        1635         2100         4                           606547131708992             
[2026-06-02 06:20:52.480701] GPU 0     0.962        0.472        0.261        1635         2100         4                           606547131708992             
[2026-06-02 06:20:52.533031] GPU 0     0.963        0.480        0.279        1650         2100         4                           606547131708992             
[2026-06-02 06:20:52.585457] GPU 0     0.961        0.479        0.282        1635         2100         4                           606547131708992             
[2026-06-02 06:20:52.637872] GPU 0     0.964        0.471        0.262        1635         2100         4                           606547131708992             
[2026-06-02 06:20:52.690220] GPU 0     0.958        0.472        0.290        1620         2100         4                           606547131708992             
[2026-06-02 06:20:52.742477] GPU 0     0.961        0.468        0.286        1635         2100         4                           606547131708992             
[2026-06-02 06:20:52.794835] GPU 0     0.956        0.470        0.294        1620         2100         4                           606547131708992             
[2026-06-02 06:20:52.845036] #Entity   SMACT        SMOCC        DRAMA        SMCLK        SMMAX        DVCCTR                      TAPCV                       
[2026-06-02 06:20:52.845206] ID                                                                                                                                 
[2026-06-02 06:20:52.847133] GPU 0     0.959        0.497        0.299        1650         2100         4                           606547131708992             
[2026-06-02 06:20:52.899510] GPU 0     0.962        0.462        0.260        1620         2100         4                           606547131708992             
[2026-06-02 06:20:52.951875] GPU 0     0.964        0.481        0.272        1635         2100         4                           606547131708992             
[2026-06-02 06:20:53.004217] GPU 0     0.961        0.464        0.264        1635         2100         4                           606547131708992             
[2026-06-02 06:20:53.056665] GPU 0     0.963        0.481        0.276        1635         2100         4                           606547131708992             
[2026-06-02 06:20:53.108970] GPU 0     0.964        0.464        0.256        1635         2100         4                           606547131708992             
[2026-06-02 06:20:53.161448] GPU 0     0.964        0.477        0.269        1620         2100         4                           606547131708992             
[2026-06-02 06:20:53.213689] GPU 0     0.958        0.467        0.287        1635         2100         4                           606547131708992             
[2026-06-02 06:20:53.266086] GPU 0     0.958        0.470        0.295        1635         2100         4                           606547131708992             
[2026-06-02 06:20:53.318357] GPU 0     0.958        0.477        0.297        1605         2100         4                           606547131708992             
[2026-06-02 06:20:53.370700] GPU 0     0.960        0.494        0.301        1635         2100         4                           606547131708992             
[2026-06-02 06:20:53.422982] GPU 0     0.962        0.472        0.273        1635         2100         4                           606547131708992             
[2026-06-02 06:20:53.475428] GPU 0     0.963        0.459        0.255        1635         2100         4                           606547131708992             
[2026-06-02 06:20:53.527757] GPU 0     0.965        0.471        0.259        1635         2100         4                           606547131708992             
[2026-06-02 06:20:53.577908] #Entity   SMACT        SMOCC        DRAMA        SMCLK        SMMAX        DVCCTR                      TAPCV                       
[2026-06-02 06:20:53.578054] ID                                                                                                                                 
[2026-06-02 06:20:53.580179] GPU 0     0.966        0.482        0.262        1620         2100         4                           606547131708992             
[2026-06-02 06:20:53.632475] GPU 0     0.963        0.473        0.264        1635         2100         4                           606547131708992             
[2026-06-02 06:20:53.684888] GPU 0     0.961        0.478        0.281        1635         2100         4                           606547131708992             
[2026-06-02 06:20:53.737303] GPU 0     0.961        0.459        0.273        1620         2100         4                           606547131708992             
[2026-06-02 06:20:53.789660] GPU 0     0.960        0.474        0.292        1635         2100         4                           606547131708992             
[2026-06-02 06:20:53.842022] GPU 0     0.958        0.474        0.292        1620         2100         4                           606547131708992             
[2026-06-02 06:20:53.894426] GPU 0     0.956        0.475        0.296        1635         2100         4                           606547131708992             
[2026-06-02 06:20:53.946709] GPU 0     0.963        0.494        0.289        1620         2100         4                           606547131708992             
[2026-06-02 06:20:53.999125] GPU 0     0.961        0.478        0.280        1635         2100         4                           606547131708992             
[2026-06-02 06:20:54.051439] GPU 0     0.963        0.469        0.267        1635         2100         4                           606547131708992             
[2026-06-02 06:20:54.103834] GPU 0     0.965        0.465        0.254        1635         2100         4                           606547131708992             
[2026-06-02 06:20:54.156250] GPU 0     0.964        0.466        0.261        1635         2100         4                           606547131708992             
[2026-06-02 06:20:54.208602] GPU 0     0.964        0.474        0.269        1650         2100         4                           606547131708992             
[2026-06-02 06:20:54.261000] GPU 0     0.962        0.481        0.263        1635         2100         4                           606547131708992             
[2026-06-02 06:20:54.311199] #Entity   SMACT        SMOCC        DRAMA        SMCLK        SMMAX        DVCCTR                      TAPCV                       
[2026-06-02 06:20:54.311339] ID                                                                                                                                 
[2026-06-02 06:20:54.313390] GPU 0     0.959        0.470        0.296        1635         2100         4                           606547131708992             
[2026-06-02 06:20:54.365808] GPU 0     0.959        0.472        0.295        1620         2100         4                           606547131708992             
[2026-06-02 06:20:54.418033] GPU 0     0.959        0.474        0.292        1635         2100         4                           606547131708992             
[2026-06-02 06:20:54.470286] GPU 0     0.957        0.495        0.301        1635         2100         4                           606547131708992             
[2026-06-02 06:20:54.522802] GPU 0     0.962        0.464        0.259        1635         2100         4                           606547131708992             
[2026-06-02 06:20:54.575129] GPU 0     0.965        0.471        0.262        1635         2100         4                           606547131708992             
[2026-06-02 06:20:54.627348] GPU 0     0.962        0.479        0.278        1635         2100         4                           606547131708992             
[2026-06-02 06:20:54.679656] GPU 0     0.961        0.478        0.281        1620         2100         4                           606547131708992             
[2026-06-02 06:20:54.732039] GPU 0     0.962        0.463        0.263        1635         2100         4                           606547131708992             
[2026-06-02 06:20:54.784419] GPU 0     0.963        0.484        0.276        1635         2100         4                           606547131708992             
[2026-06-02 06:20:54.836760] GPU 0     0.964        0.464        0.253        1620         2100         4                           606547131708992             
[2026-06-02 06:20:54.889153] GPU 0     0.959        0.475        0.289        1620         2100         4                           606547131708992             
[2026-06-02 06:20:54.941468] GPU 0     0.960        0.468        0.295        1635         2100         4                           606547131708992             
[2026-06-02 06:20:54.993857] GPU 0     0.955        0.479        0.305        1620         2100         4                           606547131708992             
[2026-06-02 06:20:55.044060] #Entity   SMACT        SMOCC        DRAMA        SMCLK        SMMAX        DVCCTR                      TAPCV                       
[2026-06-02 06:20:55.044203] ID                                                                                                                                 
[2026-06-02 06:20:55.046124] GPU 0     0.967        0.473        0.261        1635         2100         4                           606547131708992             
[2026-06-02 06:20:55.098373] GPU 0     0.959        0.483        0.287        1620         2100         4                           606547131708992             
[2026-06-02 06:20:55.150724] GPU 0     0.962        0.459        0.254        1635         2100         4                           606547131708992             
[2026-06-02 06:20:55.203002] GPU 0     0.965        0.471        0.259        1635         2100         4                           606547131708992             
[2026-06-02 06:20:55.255354] GPU 0     0.966        0.479        0.265        1620         2100         4                           606547131708992             
[2026-06-02 06:20:55.307609] GPU 0     0.958        0.472        0.281        1635         2100         4                           606547131708992             
[2026-06-02 06:20:55.359924] GPU 0     0.965        0.478        0.263        1635         2100         4                           606547131708992             
[2026-06-02 06:20:55.412224] GPU 0     0.959        0.473        0.290        1635         2100         4                           606547131708992             
[2026-06-02 06:20:55.464569] GPU 0     0.959        0.473        0.302        1635         2100         4                           606547131708992             
[2026-06-02 06:20:55.516929] GPU 0     0.959        0.474        0.292        1635         2100         4                           606547131708992             
[2026-06-02 06:20:55.569156] GPU 0     0.960        0.480        0.279        1650         2100         4                           606547131708992             
[2026-06-02 06:20:55.621388] GPU 0     0.963        0.466        0.263        1635         2100         4                           606547131708992             
[2026-06-02 06:20:55.673792] GPU 0     0.966        0.481        0.263        1635         2100         4                           606547131708992             
[2026-06-02 06:20:55.726017] GPU 0     0.960        0.469        0.275        1635         2100         4                           606547131708992             
[2026-06-02 06:20:55.776210] #Entity   SMACT        SMOCC        DRAMA        SMCLK        SMMAX        DVCCTR                      TAPCV                       
[2026-06-02 06:20:55.776348] ID                                                                                                                                 
[2026-06-02 06:20:55.778721] GPU 0     0.962        0.474        0.273        1635         2100         4                           606547131708992             
[2026-06-02 06:20:55.830903] GPU 0     0.964        0.474        0.266        1635         2100         4                           606547131708992             
[2026-06-02 06:20:55.883109] GPU 0     0.962        0.480        0.278        1620         2100         4                           606547131708992             
[2026-06-02 06:20:55.935389] GPU 0     0.960        0.471        0.285        1635         2100         4                           606547131708992             
[2026-06-02 06:20:55.987633] GPU 0     0.959        0.474        0.292        1635         2100         4                           606547131708992             
[2026-06-02 06:20:56.039925] GPU 0     0.959        0.476        0.288        1620         2100         4                           606547131708992             
[2026-06-02 06:20:56.092289] GPU 0     0.963        0.478        0.273        1635         2100         4                           606547131708992             
[2026-06-02 06:20:56.144617] GPU 0     0.961        0.479        0.283        1650         2100         4                           606547131708992             
[2026-06-02 06:20:56.196962] GPU 0     0.962        0.477        0.277        1620         2100         4                           606547131708992             
[2026-06-02 06:20:56.249207] GPU 0     0.963        0.458        0.253        1635         2100         4                           606547131708992             
[2026-06-02 06:20:56.301569] GPU 0     0.966        0.478        0.266        1635         2100         4                           606547131708992             
[2026-06-02 06:20:56.353827] GPU 0     0.961        0.479        0.282        1620         2100         4                           606547131708992             
[2026-06-02 06:20:56.406023] GPU 0     0.962        0.474        0.272        1635         2100         4                           606547131708992             
[2026-06-02 06:20:56.458296] GPU 0     0.959        0.474        0.292        1620         2100         4                           606547131708992             
[2026-06-02 06:20:56.508492] #Entity   SMACT        SMOCC        DRAMA        SMCLK        SMMAX        DVCCTR                      TAPCV                       
[2026-06-02 06:20:56.508634] ID                                                                                                                                 
[2026-06-02 06:20:56.510666] GPU 0     0.962        0.467        0.274        1635         2100         4                           606547131708992             
[2026-06-02 06:20:56.563034] GPU 0     0.959        0.474        0.292        1620         2100         4                           606547131708992             
[2026-06-02 06:20:56.615182] GPU 0     0.962        0.474        0.293        1635         2100         4                           606547131708992             
[2026-06-02 06:20:56.667479] GPU 0     0.962        0.474        0.293        1635         2100         4                           606547131708992             
[2026-06-02 06:20:56.719805] GPU 0     0.960        0.471        0.274        1635         2100         4                           606547131708992             
[2026-06-02 06:20:56.771947] GPU 0     0.967        0.473        0.261        1620         2100         4                           606547131708992             
[2026-06-02 06:20:56.824258] GPU 0     0.967        0.473        0.261        1635         2100         4                           606547131708992             
[2026-06-02 06:20:56.876652] GPU 0     0.960        0.472        0.273        1635         2100         4                           606547131708992             
[2026-06-02 06:20:56.928984] GPU 0     0.961        0.485        0.283        1635         2100         4                           606547131708992             
[2026-06-02 06:20:56.981328] GPU 0     0.964        0.458        0.249        1635         2100         4                           606547131708992             
[2026-06-02 06:20:57.033731] GPU 0     0.958        0.476        0.297        1620         2100         4                           606547131708992             
[2026-06-02 06:20:57.086039] GPU 0     0.959        0.479        0.297        1635         2100         4                           606547131708992             
[2026-06-02 06:20:57.138311] GPU 0     0.959        0.474        0.292        1620         2100         4                           606547131708992             
[2026-06-02 06:20:57.190704] GPU 0     0.964        0.481        0.266        1635         2100         4                           606547131708992             
[2026-06-02 06:20:57.240859] #Entity   SMACT        SMOCC        DRAMA        SMCLK        SMMAX        DVCCTR                      TAPCV                       
[2026-06-02 06:20:57.241004] ID                                                                                                                                 
[2026-06-02 06:20:57.242993] GPU 0     0.961        0.476        0.276        1635         2100         4                           606547131708992             
[2026-06-02 06:20:57.295310] GPU 0     0.961        0.476        0.279        1620         2100         4                           606547131708992             
[2026-06-02 06:20:57.347556] GPU 0     0.965        0.465        0.254        1635         2100         4                           606547131708992             
[2026-06-02 06:20:57.399607] GPU 0     0.964        0.473        0.267        1635         2100         4                           606547131708992             
[2026-06-02 06:20:57.451946] GPU 0     0.961        0.479        0.282        1620         2100         4                           606547131708992             
[2026-06-02 06:20:57.504303] GPU 0     0.961        0.477        0.277        1635         2100         4                           606547131708992             
[2026-06-02 06:20:57.556496] GPU 0     0.966        0.457        0.262        1620         2100         4                           606547131708992             
[2026-06-02 06:20:57.608690] GPU 0     0.959        0.475        0.291        1620         2100         4                           606547131708992             
[2026-06-02 06:20:57.661044] GPU 0     0.959        0.474        0.291        1635         2100         4                           606547131708992             
[2026-06-02 06:20:57.713392] GPU 0     0.955        0.479        0.298        1620         2100         4                           606547131708992             
[2026-06-02 06:20:57.765717] GPU 0     0.966        0.478        0.262        1635         2100         4                           606547131708992             
[2026-06-02 06:20:57.818015] GPU 0     0.962        0.477        0.260        1635         2100         4                           606547131708992             
[2026-06-02 06:20:57.870199] GPU 0     0.964        0.471        0.268        1620         2100         4                           606547131708992             
[2026-06-02 06:20:57.922472] GPU 0     0.961        0.479        0.283        1635         2100         4                           606547131708992             
[2026-06-02 06:20:57.972618] #Entity   SMACT        SMOCC        DRAMA        SMCLK        SMMAX        DVCCTR                      TAPCV                       
[2026-06-02 06:20:57.972758] ID                                                                                                                                 
[2026-06-02 06:20:57.974820] GPU 0     0.961        0.473        0.274        1635         2100         4                           606547131708992             
[2026-06-02 06:20:58.027108] GPU 0     0.964        0.466        0.257        1635         2100         4                           606547131708992             
[2026-06-02 06:20:58.079429] GPU 0     0.964        0.475        0.268        1635         2100         4                           606547131708992             
[2026-06-02 06:20:58.131738] GPU 0     0.959        0.473        0.289        1620         2100         4                           606547131708992             
[2026-06-02 06:20:58.184115] GPU 0     0.959        0.475        0.292        1620         2100         4                           606547131708992             
[2026-06-02 06:20:58.236447] GPU 0     0.959        0.475        0.292        1620         2100         4                           606547131708992             
[2026-06-02 06:20:58.288865] GPU 0     0.957        0.490        0.308        1650         2100         4                           606547131708992             
[2026-06-02 06:20:58.341135] GPU 0     0.964        0.472        0.266        1635         2100         4                           606547131708992             
[2026-06-02 06:20:58.393392] GPU 0     0.961        0.475        0.278        1635         2100         4                           606547131708992             
[2026-06-02 06:20:58.445811] GPU 0     0.964        0.469        0.264        1635         2100         4                           606547131708992             
[2026-06-02 06:20:58.498149] GPU 0     0.962        0.479        0.273        1635         2100         4                           606547131708992             
[2026-06-02 06:20:58.550575] GPU 0     0.965        0.457        0.250        1620         2100         4                           606547131708992             
[2026-06-02 06:20:58.602905] GPU 0     0.962        0.485        0.279        1620         2100         4                           606547131708992             
[2026-06-02 06:20:58.655173] GPU 0     0.959        0.472        0.287        1635         2100         4                           606547131708992             
[2026-06-02 06:20:58.705270] #Entity   SMACT        SMOCC        DRAMA        SMCLK        SMMAX        DVCCTR                      TAPCV                       
[2026-06-02 06:20:58.705413] ID                                                                                                                                 
[2026-06-02 06:20:58.707459] GPU 0     0.959        0.474        0.293        1635         2100         4                           606547131708992             
[2026-06-02 06:20:58.759860] GPU 0     0.961        0.469        0.279        1635         2100         4                           606547131708992             
[2026-06-02 06:20:58.812381] GPU 0     0.963        0.474        0.285        1635         2100         4                           606547131708992             
[2026-06-02 06:20:58.864763] GPU 0     0.962        0.481        0.260        1635         2100         4                           606547131708992             
[2026-06-02 06:20:58.917068] GPU 0     0.964        0.470        0.269        1635         2100         4                           606547131708992             
[2026-06-02 06:20:58.969378] GPU 0     0.961        0.478        0.279        1620         2100         4                           606547131708992             
[2026-06-02 06:20:59.021689] GPU 0     0.961        0.471        0.272        1635         2100         4                           606547131708992             
[2026-06-02 06:20:59.073996] GPU 0     0.965        0.468        0.258        1635         2100         4                           606547131708992             
[2026-06-02 06:20:59.126202] GPU 0     0.963        0.475        0.269        1635         2100         4                           606547131708992             
[2026-06-02 06:20:59.178595] GPU 0     0.958        0.465        0.290        1635         2100         4                           606547131708992             
[2026-06-02 06:20:59.230949] GPU 0     0.959        0.472        0.292        1635         2100         4                           606547131708992             
[2026-06-02 06:20:59.283352] GPU 0     0.960        0.486        0.303        1635         2100         4                           606547131708992             
[2026-06-02 06:20:59.335622] GPU 0     0.956        0.468        0.310        1635         2100         4                           606547131708992             
[2026-06-02 06:20:59.387870] GPU 0     0.908        0.274        0.557        1725         2100         4                           606547131708992             
[2026-06-02 06:20:59.438028] #Entity   SMACT        SMOCC        DRAMA        SMCLK        SMMAX        DVCCTR                      TAPCV                       
[2026-06-02 06:20:59.438173] ID                                                                                                                                 
[2026-06-02 06:20:59.440182] GPU 0     0.921        0.509        0.754        1605         2100         4                           606547131708992             
[2026-06-02 06:20:59.492564] GPU 0     0.920        0.497        0.691        1605         2100         4                           606547131708992             
[2026-06-02 06:20:59.544915] GPU 0     0.930        0.647        0.619        1650         2100         4                           606547131708992             
[2026-06-02 06:20:59.597182] GPU 0     0.885        0.562        0.620        1635         2100         4                           606547131708992             
[2026-06-02 06:20:59.649500] GPU 0     0.886        0.579        0.674        1710         2100         4                           606547131708992             
[2026-06-02 06:20:59.700936] GPU 0     0.804        0.547        0.614        1755         2100         4                           606547131708992             
[2026-06-02 06:20:59.753184] GPU 0     0.000        0.000        0.000        1875         2100         4                           606547131708992             
[2026-06-02 06:20:59.805489] GPU 0     0.055        0.010        0.105        1920         2100         4                           606547131708992             
[2026-06-02 06:20:59.857903] GPU 0     0.550        0.246        0.283        1920         2100         4                           606547131708992             
[2026-06-02 06:20:59.910225] GPU 0     0.963        0.481        0.338        1620         2100         4                           606547131708992             
[2026-06-02 06:20:59.962554] GPU 0     0.963        0.478        0.294        1635         2100         4                           606547131708992             
[2026-06-02 06:21:00.014919] GPU 0     0.962        0.475        0.272        1635         2100         4                           606547131708992             
[2026-06-02 06:21:00.067377] GPU 0     0.962        0.477        0.277        1635         2100         4                           606547131708992             
[2026-06-02 06:21:00.119720] GPU 0     0.961        0.460        0.259        1620         2100         4                           606547131708992             
[2026-06-02 06:21:00.169826] #Entity   SMACT        SMOCC        DRAMA        SMCLK        SMMAX        DVCCTR                      TAPCV                       
[2026-06-02 06:21:00.169969] ID                                                                                                                                 
[2026-06-02 06:21:00.171963] GPU 0     0.966        0.478        0.267        1635         2100         4                           606547131708992             
[2026-06-02 06:21:00.224469] GPU 0     0.957        0.465        0.292        1635         2100         4                           606547131708992             
[2026-06-02 06:21:00.276591] GPU 0     0.959        0.474        0.292        1620         2100         4                           606547131708992             
[2026-06-02 06:21:00.328927] GPU 0     0.959        0.473        0.292        1635         2100         4                           606547131708992             
[2026-06-02 06:21:00.381277] GPU 0     0.944        0.475        0.294        1650         2100         4                           606547131708992             
[2026-06-02 06:21:00.433581] GPU 0     0.965        0.474        0.262        1620         2100         4                           606547131708992             
[2026-06-02 06:21:00.485942] GPU 0     0.963        0.474        0.269        1635         2100         4                           606547131708992             
[2026-06-02 06:21:00.538254] GPU 0     0.966        0.476        0.266        1635         2100         4                           606547131708992             
[2026-06-02 06:21:00.596570] GPU 0     0.962        0.477        0.255        1620         2100         4                           606547131708992             
[2026-06-02 06:21:00.648979] GPU 0     0.964        0.472        0.267        1635         2100         4                           606547131708992             
[2026-06-02 06:21:00.701384] GPU 0     0.962        0.476        0.275        1635         2100         4                           606547131708992             
[2026-06-02 06:21:00.753695] GPU 0     0.963        0.463        0.281        1635         2100         4                           606547131708992             
[2026-06-02 06:21:00.805973] GPU 0     0.956        0.472        0.292        1620         2100         4                           606547131708992             
[2026-06-02 06:21:00.858215] GPU 0     0.959        0.479        0.295        1635         2100         4                           606547131708992             
[2026-06-02 06:21:00.908366] #Entity   SMACT        SMOCC        DRAMA        SMCLK        SMMAX        DVCCTR                      TAPCV                       
[2026-06-02 06:21:00.908507] ID                                                                                                                                 
[2026-06-02 06:21:00.910443] GPU 0     0.958        0.473        0.293        1620         2100         4                           606547131708992             
[2026-06-02 06:21:00.962898] GPU 0     0.961        0.491        0.289        1635         2100         4                           606547131708992             
[2026-06-02 06:21:01.015234] GPU 0     0.961        0.476        0.277        1620         2100         4                           606547131708992             
[2026-06-02 06:21:01.067446] GPU 0     0.963        0.462        0.260        1635         2100         4                           606547131708992             
[2026-06-02 06:21:01.119830] GPU 0     0.963        0.476        0.271        1635         2100         4                           606547131708992             
[2026-06-02 06:21:01.172224] GPU 0     0.963        0.470        0.265        1635         2100         4                           606547131708992             
[2026-06-02 06:21:01.224530] GPU 0     0.964        0.471        0.258        1620         2100         4                           606547131708992             
[2026-06-02 06:21:01.276920] GPU 0     0.962        0.469        0.267        1620         2100         4                           606547131708992             
[2026-06-02 06:21:01.329302] GPU 0     0.958        0.479        0.300        1620         2100         4                           606547131708992             
[2026-06-02 06:21:01.381716] GPU 0     0.959        0.473        0.290        1635         2100         4                           606547131708992             
[2026-06-02 06:21:01.433949] GPU 0     0.959        0.476        0.294        1620         2100         4                           606547131708992             
[2026-06-02 06:21:01.486335] GPU 0     0.964        0.476        0.272        1635         2100         4                           606547131708992             
[2026-06-02 06:21:01.538714] GPU 0     0.962        0.476        0.256        1620         2100         4                           606547131708992             
[2026-06-02 06:21:01.591051] GPU 0     0.964        0.470        0.266        1620         2100         4                           606547131708992             
[2026-06-02 06:21:01.641316] #Entity   SMACT        SMOCC        DRAMA        SMCLK        SMMAX        DVCCTR                      TAPCV                       
[2026-06-02 06:21:01.641478] ID                                                                                                                                 
[2026-06-02 06:21:01.643374] GPU 0     0.963        0.476        0.272        1635         2100         4                           606547131708992             
[2026-06-02 06:21:01.695723] GPU 0     0.961        0.479        0.283        1620         2100         4                           606547131708992             
[2026-06-02 06:21:01.747918] GPU 0     0.962        0.475        0.272        1635         2100         4                           606547131708992             
[2026-06-02 06:21:01.800309] GPU 0     0.962        0.464        0.259        1635         2100         4                           606547131708992             
[2026-06-02 06:21:01.852506] GPU 0     0.959        0.480        0.301        1620         2100         4                           606547131708992             
[2026-06-02 06:21:01.904880] GPU 0     0.960        0.473        0.289        1620         2100         4                           606547131708992             
[2026-06-02 06:21:01.957213] GPU 0     0.959        0.477        0.292        1620         2100         4                           606547131708992             
[2026-06-02 06:21:02.009608] GPU 0     0.958        0.476        0.295        1635         2100         4                           606547131708992             
[2026-06-02 06:21:02.061913] GPU 0     0.964        0.467        0.256        1635         2100         4                           606547131708992             
[2026-06-02 06:21:02.114208] GPU 0     0.963        0.473        0.268        1620         2100         4                           606547131708992             
[2026-06-02 06:21:02.166491] GPU 0     0.966        0.472        0.262        1635         2100         4                           606547131708992             
[2026-06-02 06:21:02.218835] GPU 0     0.960        0.471        0.273        1635         2100         4                           606547131708992             
[2026-06-02 06:21:02.271197] GPU 0     0.962        0.474        0.273        1635         2100         4                           606547131708992             
[2026-06-02 06:21:02.323499] GPU 0     0.965        0.468        0.258        1635         2100         4                           606547131708992             
[2026-06-02 06:21:02.373696] #Entity   SMACT        SMOCC        DRAMA        SMCLK        SMMAX        DVCCTR                      TAPCV                       
[2026-06-02 06:21:02.373834] ID                                                                                                                                 
[2026-06-02 06:21:02.375854] GPU 0     0.962        0.479        0.270        1635         2100         4                           606547131708992             
[2026-06-02 06:21:02.428339] GPU 0     0.960        0.477        0.293        1620         2100         4                           606547131708992             
[2026-06-02 06:21:02.480806] GPU 0     0.959        0.474        0.291        1635         2100         4                           606547131708992             
[2026-06-02 06:21:02.533261] GPU 0     0.960        0.471        0.294        1635         2100         4                           606547131708992             
[2026-06-02 06:21:02.585622] GPU 0     0.963        0.479        0.268        1635         2100         4                           606547131708992             
[2026-06-02 06:21:02.637964] GPU 0     0.961        0.479        0.282        1635         2100         4                           606547131708992             
[2026-06-02 06:21:02.690456] GPU 0     0.961        0.474        0.274        1620         2100         4                           606547131708992             
[2026-06-02 06:21:02.743004] GPU 0     0.964        0.464        0.255        1635         2100         4                           606547131708992             
[2026-06-02 06:21:02.795139] GPU 0     0.965        0.478        0.270        1620         2100         4                           606547131708992             
[2026-06-02 06:21:02.847403] GPU 0     0.961        0.479        0.281        1635         2100         4                           606547131708992             
[2026-06-02 06:21:02.899691] GPU 0     0.961        0.474        0.274        1620         2100         4                           606547131708992             
[2026-06-02 06:21:02.952013] GPU 0     0.959        0.474        0.292        1635         2100         4                           606547131708992             
[2026-06-02 06:21:03.004361] GPU 0     0.958        0.474        0.292        1620         2100         4                           606547131708992             
[2026-06-02 06:21:03.056695] GPU 0     0.962        0.467        0.274        1635         2100         4                           606547131708992             
[2026-06-02 06:21:03.106891] #Entity   SMACT        SMOCC        DRAMA        SMCLK        SMMAX        DVCCTR                      TAPCV                       
[2026-06-02 06:21:03.107030] ID                                                                                                                                 
[2026-06-02 06:21:03.108935] GPU 0     0.962        0.477        0.288        1635         2100         4                           606547131708992             
[2026-06-02 06:21:03.161220] GPU 0     0.962        0.475        0.255        1635         2100         4                           606547131708992             
[2026-06-02 06:21:03.213653] GPU 0     0.963        0.476        0.271        1620         2100         4                           606547131708992             
[2026-06-02 06:21:03.266047] GPU 0     0.963        0.471        0.271        1635         2100         4                           606547131708992             
[2026-06-02 06:21:03.318398] GPU 0     0.960        0.478        0.281        1635         2100         4                           606547131708992             
[2026-06-02 06:21:03.370735] GPU 0     0.962        0.467        0.265        1635         2100         4                           606547131708992             
[2026-06-02 06:21:03.422995] GPU 0     0.965        0.468        0.259        1620         2100         4                           606547131708992             
[2026-06-02 06:21:03.475443] GPU 0     0.958        0.467        0.291        1620         2100         4                           606547131708992             
[2026-06-02 06:21:03.527820] GPU 0     0.959        0.487        0.303        1620         2100         4                           606547131708992             
[2026-06-02 06:21:03.580307] GPU 0     0.958        0.474        0.295        1620         2100         4                           606547131708992             
[2026-06-02 06:21:03.632565] GPU 0     0.959        0.475        0.291        1605         2100         4                           606547131708992             
[2026-06-02 06:21:03.684939] GPU 0     0.964        0.469        0.261        1620         2100         4                           606547131708992             
[2026-06-02 06:21:03.737219] GPU 0     0.964        0.474        0.265        1635         2100         4                           606547131708992             
[2026-06-02 06:21:03.789512] GPU 0     0.961        0.483        0.284        1635         2100         4                           606547131708992             
[2026-06-02 06:21:03.839630] #Entity   SMACT        SMOCC        DRAMA        SMCLK        SMMAX        DVCCTR                      TAPCV                       
[2026-06-02 06:21:03.839770] ID                                                                                                                                 
[2026-06-02 06:21:03.841800] GPU 0     0.963        0.470        0.265        1635         2100         4                           606547131708992             
[2026-06-02 06:21:03.894148] GPU 0     0.964        0.466        0.253        1635         2100         4                           606547131708992             
[2026-06-02 06:21:03.946483] GPU 0     0.964        0.469        0.263        1620         2100         4                           606547131708992             
[2026-06-02 06:21:03.998705] GPU 0     0.962        0.483        0.275        1635         2100         4                           606547131708992             
[2026-06-02 06:21:04.050790] GPU 0     0.959        0.474        0.292        1635         2100         4                           606547131708992             
[2026-06-02 06:21:04.103033] GPU 0     0.959        0.473        0.290        1620         2100         4                           606547131708992             
[2026-06-02 06:21:04.155335] GPU 0     0.960        0.467        0.299        1620         2100         4                           606547131708992             
[2026-06-02 06:21:04.207566] GPU 0     0.963        0.483        0.259        1620         2100         4                           606547131708992             
[2026-06-02 06:21:04.259837] GPU 0     0.961        0.477        0.276        1635         2100         4                           606547131708992             
[2026-06-02 06:21:04.312031] GPU 0     0.962        0.476        0.276        1635         2100         4                           606547131708992             
[2026-06-02 06:21:04.364336] GPU 0     0.961        0.464        0.264        1620         2100         4                           606547131708992             
[2026-06-02 06:21:04.416484] GPU 0     0.966        0.475        0.261        1635         2100         4                           606547131708992             
[2026-06-02 06:21:04.468866] GPU 0     0.961        0.476        0.276        1635         2100         4                           606547131708992             
[2026-06-02 06:21:04.521226] GPU 0     0.961        0.477        0.279        1635         2100         4                           606547131708992             
[2026-06-02 06:21:04.571432] #Entity   SMACT        SMOCC        DRAMA        SMCLK        SMMAX        DVCCTR                      TAPCV                       
[2026-06-02 06:21:04.571577] ID                                                                                                                                 
[2026-06-02 06:21:04.573858] GPU 0     0.959        0.473        0.292        1620         2100         4                           606547131708992             
[2026-06-02 06:21:04.626148] GPU 0     0.959        0.472        0.287        1635         2100         4                           606547131708992             
[2026-06-02 06:21:04.678484] GPU 0     0.959        0.474        0.292        1620         2100         4                           606547131708992             
[2026-06-02 06:21:04.730758] GPU 0     0.963        0.472        0.277        1635         2100         4                           606547131708992             
[2026-06-02 06:21:04.783176] GPU 0     0.960        0.473        0.274        1620         2100         4                           606547131708992             
[2026-06-02 06:21:04.835508] GPU 0     0.966        0.472        0.261        1635         2100         4                           606547131708992             
[2026-06-02 06:21:04.888040] GPU 0     0.963        0.475        0.261        1635         2100         4                           606547131708992             
[2026-06-02 06:21:04.940425] GPU 0     0.958        0.467        0.280        1635         2100         4                           606547131708992             
[2026-06-02 06:21:04.992819] GPU 0     0.964        0.474        0.266        1635         2100         4                           606547131708992             
[2026-06-02 06:21:05.045202] GPU 0     0.962        0.476        0.271        1620         2100         4                           606547131708992             
[2026-06-02 06:21:05.097626] GPU 0     0.958        0.483        0.301        1620         2100         4                           606547131708992             
[2026-06-02 06:21:05.149927] GPU 0     0.960        0.473        0.290        1620         2100         4                           606547131708992             
[2026-06-02 06:21:05.202281] GPU 0     0.960        0.473        0.281        1635         2100         4                           606547131708992             
[2026-06-02 06:21:05.254640] GPU 0     0.963        0.472        0.276        1635         2100         4                           606547131708992             
[2026-06-02 06:21:05.304835] #Entity   SMACT        SMOCC        DRAMA        SMCLK        SMMAX        DVCCTR                      TAPCV                       
[2026-06-02 06:21:05.304983] ID                                                                                                                                 
[2026-06-02 06:21:05.306859] GPU 0     0.962        0.476        0.260        1650         2100         4                           606547131708992             
[2026-06-02 06:21:05.359351] GPU 0     0.964        0.474        0.268        1635         2100         4                           606547131708992             
[2026-06-02 06:21:05.411642] GPU 0     0.962        0.475        0.272        1620         2100         4                           606547131708992             
[2026-06-02 06:21:05.463952] GPU 0     0.961        0.479        0.283        1635         2100         4                           606547131708992             
[2026-06-02 06:21:05.516249] GPU 0     0.963        0.461        0.255        1620         2100         4                           606547131708992             
[2026-06-02 06:21:05.568562] GPU 0     0.964        0.474        0.268        1635         2100         4                           606547131708992             
[2026-06-02 06:21:05.620924] GPU 0     0.958        0.473        0.298        1635         2100         4                           606547131708992             
[2026-06-02 06:21:05.673279] GPU 0     0.959        0.478        0.295        1620         2100         4                           606547131708992             
[2026-06-02 06:21:05.725640] GPU 0     0.958        0.482        0.297        1635         2100         4                           606547131708992             
[2026-06-02 06:21:05.777979] GPU 0     0.959        0.475        0.293        1620         2100         4                           606547131708992             
[2026-06-02 06:21:05.830343] GPU 0     0.964        0.468        0.257        1635         2100         4                           606547131708992             
[2026-06-02 06:21:05.882769] GPU 0     0.963        0.473        0.269        1620         2100         4                           606547131708992             
[2026-06-02 06:21:05.935179] GPU 0     0.966        0.473        0.261        1635         2100         4                           606547131708992             
[2026-06-02 06:21:05.987344] GPU 0     0.963        0.477        0.255        1635         2100         4                           606547131708992             
[2026-06-02 06:21:06.037495] #Entity   SMACT        SMOCC        DRAMA        SMCLK        SMMAX        DVCCTR                      TAPCV                       
[2026-06-02 06:21:06.037640] ID                                                                                                                                 
[2026-06-02 06:21:06.039547] GPU 0     0.961        0.469        0.282        1635         2100         4                           606547131708992             
[2026-06-02 06:21:06.091734] GPU 0     0.966        0.470        0.263        1620         2100         4                           606547131708992             
[2026-06-02 06:21:06.144105] GPU 0     0.966        0.470        0.263        1620         2100         4                           606547131708992             
[2026-06-02 06:21:06.196387] GPU 0     0.959        0.474        0.297        1635         2100         4                           606547131708992             
[2026-06-02 06:21:06.248763] GPU 0     0.959        0.473        0.293        1620         2100         4                           606547131708992             
[2026-06-02 06:21:06.301016] GPU 0     0.959        0.473        0.295        1620         2100         4                           606547131708992             
[2026-06-02 06:21:06.353498] GPU 0     0.963        0.483        0.260        1620         2100         4                           606547131708992             
[2026-06-02 06:21:06.405596] GPU 0     0.961        0.479        0.282        1635         2100         4                           606547131708992             
[2026-06-02 06:21:06.457896] GPU 0     0.961        0.475        0.275        1635         2100         4                           606547131708992             
[2026-06-02 06:21:06.510316] GPU 0     0.963        0.461        0.255        1635         2100         4                           606547131708992             
[2026-06-02 06:21:06.562470] GPU 0     0.965        0.478        0.268        1635         2100         4                           606547131708992             
[2026-06-02 06:21:06.614711] GPU 0     0.961        0.477        0.277        1620         2100         4                           606547131708992             
[2026-06-02 06:21:06.667029] GPU 0     0.961        0.477        0.279        1635         2100         4                           606547131708992             
[2026-06-02 06:21:06.719458] GPU 0     0.959        0.474        0.292        1620         2100         4                           606547131708992             
[2026-06-02 06:21:06.769659] #Entity   SMACT        SMOCC        DRAMA        SMCLK        SMMAX        DVCCTR                      TAPCV                       
[2026-06-02 06:21:06.769801] ID                                                                                                                                 
[2026-06-02 06:21:06.771807] GPU 0     0.960        0.472        0.288        1635         2100         4                           606547131708992             
[2026-06-02 06:21:06.824178] GPU 0     0.960        0.471        0.284        1620         2100         4                           606547131708992             
[2026-06-02 06:21:06.876544] GPU 0     0.963        0.478        0.270        1620         2100         4                           606547131708992             
[2026-06-02 06:21:06.928924] GPU 0     0.963        0.473        0.269        1635         2100         4                           606547131708992             
[2026-06-02 06:21:06.981235] GPU 0     0.963        0.468        0.261        1620         2100         4                           606547131708992             
[2026-06-02 06:21:07.033573] GPU 0     0.962        0.481        0.281        1620         2100         4                           606547131708992             
[2026-06-02 06:21:07.085947] GPU 0     0.961        0.478        0.279        1620         2100         4                           606547131708992             
[2026-06-02 06:21:07.138253] GPU 0     0.963        0.458        0.253        1635         2100         4                           606547131708992             
[2026-06-02 06:21:07.190507] GPU 0     0.966        0.478        0.266        1635         2100         4                           606547131708992             
[2026-06-02 06:21:07.242853] GPU 0     0.958        0.467        0.290        1620         2100         4                           606547131708992             
[2026-06-02 06:21:07.295179] GPU 0     0.958        0.473        0.293        1620         2100         4                           606547131708992             
[2026-06-02 06:21:07.347447] GPU 0     0.959        0.471        0.287        1635         2100         4                           606547131708992             
[2026-06-02 06:21:07.399864] GPU 0     0.959        0.483        0.296        1620         2100         4                           606547131708992             
[2026-06-02 06:21:07.452355] GPU 0     0.964        0.478        0.270        1620         2100         4                           606547131708992             
[2026-06-02 06:21:07.502554] #Entity   SMACT        SMOCC        DRAMA        SMCLK        SMMAX        DVCCTR                      TAPCV                       
[2026-06-02 06:21:07.502693] ID                                                                                                                                 
[2026-06-02 06:21:07.504804] GPU 0     0.966        0.472        0.261        1635         2100         4                           606547131708992             
[2026-06-02 06:21:07.556715] GPU 0     0.966        0.472        0.261        1635         2100         4                           606547131708992             
[2026-06-02 06:21:07.609241] GPU 0     0.960        0.472        0.273        1635         2100         4                           606547131708992             
[2026-06-02 06:21:07.661674] GPU 0     0.965        0.461        0.251        1635         2100         4                           606547131708992             
[2026-06-02 06:21:07.714186] GPU 0     0.966        0.472        0.262        1635         2100         4                           606547131708992             
[2026-06-02 06:21:07.766649] GPU 0     0.957        0.484        0.289        1620         2100         4                           606547131708992             
[2026-06-02 06:21:07.819274] GPU 0     0.959        0.474        0.293        1620         2100         4                           606547131708992             
[2026-06-02 06:21:07.871729] GPU 0     0.959        0.474        0.293        1605         2100         4                           606547131708992             
[2026-06-02 06:21:07.924004] GPU 0     0.961        0.468        0.276        1620         2100         4                           606547131708992             
[2026-06-02 06:21:07.976413] GPU 0     0.961        0.470        0.288        1635         2100         4                           606547131708992             
[2026-06-02 06:21:08.028754] GPU 0     0.962        0.484        0.269        1620         2100         4                           606547131708992             
[2026-06-02 06:21:08.080977] GPU 0     0.963        0.472        0.266        1635         2100         4                           606547131708992             
[2026-06-02 06:21:08.133311] GPU 0     0.962        0.477        0.277        1635         2100         4                           606547131708992             
[2026-06-02 06:21:08.185692] GPU 0     0.961        0.479        0.282        1620         2100         4                           606547131708992             
[2026-06-02 06:21:08.235883] #Entity   SMACT        SMOCC        DRAMA        SMCLK        SMMAX        DVCCTR                      TAPCV                       
[2026-06-02 06:21:08.236024] ID                                                                                                                                 
[2026-06-02 06:21:08.238251] GPU 0     0.964        0.464        0.252        1635         2100         4                           606547131708992             
[2026-06-02 06:21:08.290551] GPU 0     0.964        0.472        0.268        1635         2100         4                           606547131708992             
[2026-06-02 06:21:08.342721] GPU 0     0.961        0.477        0.280        1635         2100         4                           606547131708992             
[2026-06-02 06:21:08.394957] GPU 0     0.959        0.474        0.293        1620         2100         4                           606547131708992             
[2026-06-02 06:21:08.446969] GPU 0     0.959        0.474        0.293        1620         2100         4                           606547131708992             
[2026-06-02 06:21:08.499181] GPU 0     0.959        0.474        0.293        1605         2100         4                           606547131708992             
[2026-06-02 06:21:08.551529] GPU 0     0.960        0.474        0.284        1635         2100         4                           606547131708992             
[2026-06-02 06:21:08.603763] GPU 0     0.966        0.469        0.264        1635         2100         4                           606547131708992             
[2026-06-02 06:21:08.656022] GPU 0     0.962        0.482        0.261        1620         2100         4                           606547131708992             
[2026-06-02 06:21:08.708277] GPU 0     0.962        0.470        0.262        1635         2100         4                           606547131708992             
[2026-06-02 06:21:08.760536] GPU 0     0.964        0.474        0.270        1620         2100         4                           606547131708992             
[2026-06-02 06:21:08.812820] GPU 0     0.961        0.478        0.280        1620         2100         4                           606547131708992             
[2026-06-02 06:21:08.865071] GPU 0     0.963        0.472        0.265        1635         2100         4                           606547131708992             
[2026-06-02 06:21:08.917263] GPU 0     0.960        0.469        0.284        1620         2100         4                           606547131708992             
[2026-06-02 06:21:08.967410] #Entity   SMACT        SMOCC        DRAMA        SMCLK        SMMAX        DVCCTR                      TAPCV                       
[2026-06-02 06:21:08.967550] ID                                                                                                                                 
[2026-06-02 06:21:08.969503] GPU 0     0.958        0.474        0.292        1635         2100         4                           606547131708992             
[2026-06-02 06:21:09.021809] GPU 0     0.959        0.473        0.290        1620         2100         4                           606547131708992             
[2026-06-02 06:21:09.074220] GPU 0     0.958        0.484        0.302        1635         2100         4                           606547131708992             
[2026-06-02 06:21:09.126632] GPU 0     0.961        0.479        0.282        1620         2100         4                           606547131708992             
[2026-06-02 06:21:09.178901] GPU 0     0.963        0.462        0.260        1635         2100         4                           606547131708992             
[2026-06-02 06:21:09.231068] GPU 0     0.964        0.469        0.262        1635         2100         4                           606547131708992             
[2026-06-02 06:21:09.283409] GPU 0     0.967        0.473        0.260        1620         2100         4                           606547131708992             
[2026-06-02 06:21:09.335810] GPU 0     0.959        0.473        0.273        1635         2100         4                           606547131708992             
[2026-06-02 06:21:09.388269] GPU 0     0.967        0.471        0.261        1635         2100         4                           606547131708992             
[2026-06-02 06:21:09.440334] GPU 0     0.956        0.487        0.293        1620         2100         4                           606547131708992             
[2026-06-02 06:21:09.492705] GPU 0     0.960        0.470        0.281        1620         2100         4                           606547131708992             
[2026-06-02 06:21:09.545116] GPU 0     0.959        0.472        0.287        1635         2100         4                           606547131708992             
[2026-06-02 06:21:09.597482] GPU 0     0.959        0.474        0.292        1620         2100         4                           606547131708992             
[2026-06-02 06:21:09.649852] GPU 0     0.960        0.475        0.276        1635         2100         4                           606547131708992             
[2026-06-02 06:21:09.700003] #Entity   SMACT        SMOCC        DRAMA        SMCLK        SMMAX        DVCCTR                      TAPCV                       
[2026-06-02 06:21:09.700138] ID                                                                                                                                 
[2026-06-02 06:21:09.702101] GPU 0     0.965        0.476        0.264        1635         2100         4                           606547131708992             
[2026-06-02 06:21:09.754260] GPU 0     0.963        0.475        0.274        1635         2100         4                           606547131708992             
[2026-06-02 06:21:09.806621] GPU 0     0.961        0.477        0.278        1635         2100         4                           606547131708992             
[2026-06-02 06:21:09.858794] GPU 0     0.961        0.476        0.277        1620         2100         4                           606547131708992             
[2026-06-02 06:21:09.910970] GPU 0     0.964        0.456        0.250        1635         2100         4                           606547131708992             
[2026-06-02 06:21:09.963245] GPU 0     0.963        0.471        0.265        1635         2100         4                           606547131708992             
[2026-06-02 06:21:10.015606] GPU 0     0.958        0.478        0.299        1620         2100         4                           606547131708992             
[2026-06-02 06:21:10.067862] GPU 0     0.959        0.473        0.291        1635         2100         4                           606547131708992             
[2026-06-02 06:21:10.120225] GPU 0     0.959        0.477        0.294        1620         2100         4                           606547131708992             
[2026-06-02 06:21:10.172527] GPU 0     0.965        0.479        0.261        1635         2100         4                           606547131708992             
[2026-06-02 06:21:10.224825] GPU 0     0.961        0.479        0.282        1620         2100         4                           606547131708992             
[2026-06-02 06:21:10.277175] GPU 0     0.962        0.477        0.275        1620         2100         4                           606547131708992             
[2026-06-02 06:21:10.329464] GPU 0     0.965        0.468        0.256        1620         2100         4                           606547131708992             
[2026-06-02 06:21:10.381691] GPU 0     0.961        0.478        0.280        1635         2100         4                           606547131708992             
[2026-06-02 06:21:10.431880] #Entity   SMACT        SMOCC        DRAMA        SMCLK        SMMAX        DVCCTR                      TAPCV                       
[2026-06-02 06:21:10.432027] ID                                                                                                                                 
[2026-06-02 06:21:10.433769] GPU 0     0.964        0.463        0.253        1620         2100         4                           606547131708992             
[2026-06-02 06:21:10.486063] GPU 0     0.963        0.476        0.272        1620         2100         4                           606547131708992             
[2026-06-02 06:21:10.538323] GPU 0     0.962        0.462        0.280        1620         2100         4                           606547131708992             
[2026-06-02 06:21:10.590389] GPU 0     0.960        0.474        0.290        1620         2100         4                           606547131708992             
[2026-06-02 06:21:10.642581] GPU 0     0.959        0.475        0.291        1605         2100         4                           606547131708992             
[2026-06-02 06:21:10.694796] GPU 0     0.959        0.476        0.289        1620         2100         4                           606547131708992             
[2026-06-02 06:21:10.746977] GPU 0     0.962        0.484        0.266        1635         2100         4                           606547131708992             
[2026-06-02 06:21:10.799297] GPU 0     0.963        0.471        0.263        1635         2100         4                           606547131708992             
[2026-06-02 06:21:10.851524] GPU 0     0.961        0.479        0.282        1635         2100         4                           606547131708992             
[2026-06-02 06:21:10.903698] GPU 0     0.961        0.475        0.276        1635         2100         4                           606547131708992             
[2026-06-02 06:21:10.955870] GPU 0     0.964        0.477        0.271        1620         2100         4                           606547131708992             
[2026-06-02 06:21:11.008204] GPU 0     0.961        0.476        0.277        1620         2100         4                           606547131708992             
[2026-06-02 06:21:11.060534] GPU 0     0.959        0.474        0.290        1620         2100         4                           606547131708992             
[2026-06-02 06:21:11.112738] GPU 0     0.959        0.474        0.292        1635         2100         4                           606547131708992             
[2026-06-02 06:21:11.162875] #Entity   SMACT        SMOCC        DRAMA        SMCLK        SMMAX        DVCCTR                      TAPCV                       
[2026-06-02 06:21:11.163010] ID                                                                                                                                 
[2026-06-02 06:21:11.164772] GPU 0     0.961        0.469        0.278        1620         2100         4                           606547131708992             
[2026-06-02 06:21:11.216945] GPU 0     0.963        0.472        0.287        1620         2100         4                           606547131708992             
[2026-06-02 06:21:11.269206] GPU 0     0.962        0.484        0.257        1605         2100         4                           606547131708992             
[2026-06-02 06:21:11.321581] GPU 0     0.963        0.472        0.270        1620         2100         4                           606547131708992             
[2026-06-02 06:21:11.373987] GPU 0     0.962        0.477        0.277        1635         2100         4                           606547131708992             
[2026-06-02 06:21:11.426139] GPU 0     0.961        0.465        0.265        1620         2100         4                           606547131708992             
[2026-06-02 06:21:11.478532] GPU 0     0.965        0.472        0.262        1635         2100         4                           606547131708992             
[2026-06-02 06:21:11.530963] GPU 0     0.964        0.475        0.269        1635         2100         4                           606547131708992             
[2026-06-02 06:21:11.583309] GPU 0     0.958        0.469        0.289        1635         2100         4                           606547131708992             
[2026-06-02 06:21:11.635672] GPU 0     0.959        0.474        0.290        1620         2100         4                           606547131708992             
[2026-06-02 06:21:11.688075] GPU 0     0.959        0.473        0.290        1620         2100         4                           606547131708992             
[2026-06-02 06:21:11.740286] GPU 0     0.960        0.474        0.287        1605         2100         4                           606547131708992             
[2026-06-02 06:21:11.792511] GPU 0     0.965        0.480        0.265        1635         2100         4                           606547131708992             
[2026-06-02 06:21:11.844741] GPU 0     0.962        0.478        0.263        1620         2100         4                           606547131708992             
[2026-06-02 06:21:11.894888] #Entity   SMACT        SMOCC        DRAMA        SMCLK        SMMAX        DVCCTR                      TAPCV                       
[2026-06-02 06:21:11.895030] ID                                                                                                                                 
[2026-06-02 06:21:11.897009] GPU 0     0.963        0.473        0.273        1635         2100         4                           606547131708992             
[2026-06-02 06:21:11.949348] GPU 0     0.961        0.478        0.281        1620         2100         4                           606547131708992             
[2026-06-02 06:21:12.001624] GPU 0     0.962        0.467        0.264        1635         2100         4                           606547131708992             
[2026-06-02 06:21:12.053870] GPU 0     0.963        0.470        0.264        1635         2100         4                           606547131708992             
[2026-06-02 06:21:12.106357] GPU 0     0.965        0.477        0.264        1620         2100         4                           606547131708992             
[2026-06-02 06:21:12.158474] GPU 0     0.959        0.471        0.290        1635         2100         4                           606547131708992             
[2026-06-02 06:21:12.210772] GPU 0     0.959        0.471        0.291        1620         2100         4                           606547131708992             
[2026-06-02 06:21:12.263157] GPU 0     0.961        0.468        0.300        1620         2100         4                           606547131708992             
[2026-06-02 06:21:12.315408] GPU 0     0.956        0.496        0.299        1635         2100         4                           606547131708992             
[2026-06-02 06:21:12.367808] GPU 0     0.962        0.468        0.271        1635         2100         4                           606547131708992             
[2026-06-02 06:21:12.420592] GPU 0     0.964        0.479        0.268        1620         2100         4                           606547131708992             
[2026-06-02 06:21:12.472980] GPU 0     0.963        0.471        0.271        1635         2100         4                           606547131708992             
[2026-06-02 06:21:12.525355] GPU 0     0.965        0.464        0.252        1635         2100         4                           606547131708992             
[2026-06-02 06:21:12.577726] GPU 0     0.965        0.464        0.252        1620         2100         4                           606547131708992             
[2026-06-02 06:21:12.627928] #Entity   SMACT        SMOCC        DRAMA        SMCLK        SMMAX        DVCCTR                      TAPCV                       
[2026-06-02 06:21:12.628073] ID                                                                                                                                 
[2026-06-02 06:21:12.630087] GPU 0     0.967        0.467        0.259        1635         2100         4                           606547131708992             
[2026-06-02 06:21:12.682461] GPU 0     0.960        0.476        0.290        1620         2100         4                           606547131708992             
[2026-06-02 06:21:12.734904] GPU 0     0.960        0.476        0.290        1620         2100         4                           606547131708992             
[2026-06-02 06:21:12.787877] GPU 0     0.959        0.480        0.291        1605         2100         4                           606547131708992             
[2026-06-02 06:21:12.840309] GPU 0     0.960        0.473        0.287        1620         2100         4                           606547131708992             
[2026-06-02 06:21:12.892730] GPU 0     0.963        0.477        0.276        1635         2100         4                           606547131708992             
[2026-06-02 06:21:12.945208] GPU 0     0.962        0.476        0.263        1635         2100         4                           606547131708992             
[2026-06-02 06:21:12.997655] GPU 0     0.961        0.468        0.283        1620         2100         4                           606547131708992             
[2026-06-02 06:21:13.050185] GPU 0     0.964        0.467        0.259        1620         2100         4                           606547131708992             
[2026-06-02 06:21:13.102653] GPU 0     0.964        0.477        0.268        1635         2100         4                           606547131708992             
[2026-06-02 06:21:13.155063] GPU 0     0.963        0.478        0.259        1620         2100         4                           606547131708992             
[2026-06-02 06:21:13.207397] GPU 0     0.963        0.472        0.267        1635         2100         4                           606547131708992             
[2026-06-02 06:21:13.259834] GPU 0     0.959        0.471        0.286        1620         2100         4                           606547131708992             
[2026-06-02 06:21:13.312246] GPU 0     0.958        0.470        0.289        1620         2100         4                           606547131708992             
[2026-06-02 06:21:13.362411] #Entity   SMACT        SMOCC        DRAMA        SMCLK        SMMAX        DVCCTR                      TAPCV                       
[2026-06-02 06:21:13.362553] ID                                                                                                                                 
[2026-06-02 06:21:13.364438] GPU 0     0.959        0.474        0.289        1620         2100         4                           606547131708992             
[2026-06-02 06:21:13.416896] GPU 0     0.959        0.486        0.305        1620         2100         4                           606547131708992             
[2026-06-02 06:21:13.469303] GPU 0     0.961        0.476        0.277        1620         2100         4                           606547131708992             
[2026-06-02 06:21:13.521632] GPU 0     0.961        0.479        0.281        1620         2100         4                           606547131708992             
[2026-06-02 06:21:13.574019] GPU 0     0.965        0.457        0.249        1635         2100         4                           606547131708992             
[2026-06-02 06:21:13.626342] GPU 0     0.964        0.471        0.264        1635         2100         4                           606547131708992             
[2026-06-02 06:21:13.678687] GPU 0     0.966        0.477        0.261        1620         2100         4                           606547131708992             
[2026-06-02 06:21:13.731001] GPU 0     0.961        0.469        0.270        1620         2100         4                           606547131708992             
[2026-06-02 06:21:13.783262] GPU 0     0.961        0.483        0.282        1620         2100         4                           606547131708992             
[2026-06-02 06:21:13.835416] GPU 0     0.959        0.474        0.292        1620         2100         4                           606547131708992             
[2026-06-02 06:21:13.887664] GPU 0     0.961        0.469        0.280        1620         2100         4                           606547131708992             
[2026-06-02 06:21:13.939960] GPU 0     0.959        0.472        0.295        1620         2100         4                           606547131708992             
[2026-06-02 06:21:13.992431] GPU 0     0.963        0.482        0.261        1635         2100         4                           606547131708992             
[2026-06-02 06:21:14.044712] GPU 0     0.961        0.478        0.279        1635         2100         4                           606547131708992             
[2026-06-02 06:21:14.094914] #Entity   SMACT        SMOCC        DRAMA        SMCLK        SMMAX        DVCCTR                      TAPCV                       
[2026-06-02 06:21:14.095058] ID                                                                                                                                 
[2026-06-02 06:21:14.097036] GPU 0     0.962        0.477        0.277        1620         2100         4                           606547131708992             
[2026-06-02 06:21:14.149451] GPU 0     0.962        0.461        0.256        1635         2100         4                           606547131708992             
[2026-06-02 06:21:14.201783] GPU 0     0.965        0.478        0.269        1635         2100         4                           606547131708992             
[2026-06-02 06:21:14.254163] GPU 0     0.961        0.477        0.277        1620         2100         4                           606547131708992             
[2026-06-02 06:21:14.306524] GPU 0     0.961        0.476        0.278        1635         2100         4                           606547131708992             
[2026-06-02 06:21:14.358783] GPU 0     0.962        0.467        0.271        1620         2100         4                           606547131708992             
[2026-06-02 06:21:14.411137] GPU 0     0.959        0.473        0.290        1620         2100         4                           606547131708992             
[2026-06-02 06:21:14.463544] GPU 0     0.958        0.474        0.293        1605         2100         4                           606547131708992             
[2026-06-02 06:21:14.515857] GPU 0     0.960        0.475        0.287        1605         2100         4                           606547131708992             
[2026-06-02 06:21:14.568221] GPU 0     0.963        0.467        0.261        1620         2100         4                           606547131708992             
[2026-06-02 06:21:14.620614] GPU 0     0.966        0.481        0.263        1635         2100         4                           606547131708992             
[2026-06-02 06:21:14.672870] GPU 0     0.963        0.470        0.259        1620         2100         4                           606547131708992             
[2026-06-02 06:21:14.725208] GPU 0     0.963        0.478        0.275        1635         2100         4                           606547131708992             
[2026-06-02 06:21:14.777612] GPU 0     0.960        0.479        0.283        1620         2100         4                           606547131708992             
[2026-06-02 06:21:14.827815] #Entity   SMACT        SMOCC        DRAMA        SMCLK        SMMAX        DVCCTR                      TAPCV                       
[2026-06-02 06:21:14.827961] ID                                                                                                                                 
[2026-06-02 06:21:14.830197] GPU 0     0.963        0.461        0.255        1620         2100         4                           606547131708992             
[2026-06-02 06:21:14.882349] GPU 0     0.958        0.486        0.306        1620         2100         4                           606547131708992             
[2026-06-02 06:21:14.934619] GPU 0     0.960        0.469        0.287        1620         2100         4                           606547131708992             
[2026-06-02 06:21:14.986882] GPU 0     0.959        0.475        0.289        1620         2100         4                           606547131708992             
[2026-06-02 06:21:15.039189] GPU 0     0.953        0.464        0.311        1680         2100         4                           606547131708992             
[2026-06-02 06:21:15.091365] GPU 0     0.910        0.270        0.553        1650         2100         4                           606547131708992             
[2026-06-02 06:21:15.143599] GPU 0     0.919        0.484        0.763        1575         2100         4                           606547131708992             
[2026-06-02 06:21:15.195792] GPU 0     0.922        0.492        0.687        1590         2100         4                           606547131708992             
[2026-06-02 06:21:15.248061] GPU 0     0.921        0.671        0.604        1605         2100         4                           606547131708992             
[2026-06-02 06:21:15.300300] GPU 0     0.898        0.528        0.621        1635         2100         4                           606547131708992             
[2026-06-02 06:21:15.352568] GPU 0     0.907        0.618        0.683        1725         2100         4                           606547131708992             
[2026-06-02 06:21:15.404050] GPU 0     0.886        0.609        0.662        1725         2100         4                           606547131708992             
[2026-06-02 06:21:15.456076] GPU 0     0.000        0.000        0.000        1905         2100         4                           606547131708992             
[2026-06-02 06:21:15.508288] GPU 0     0.000        0.000        0.049        1920         2100         4                           606547131708992             
[2026-06-02 06:21:15.558444] #Entity   SMACT        SMOCC        DRAMA        SMCLK        SMMAX        DVCCTR                      TAPCV                       
[2026-06-02 06:21:15.558585] ID                                                                                                                                 
[2026-06-02 06:21:15.560552] GPU 0     0.206        0.053        0.196        1920         2100         0                           606547131708992             
[2026-06-02 06:21:15.612940] GPU 0     0.952        0.482        0.357        1620         2100         4                           606547131708992             
[2026-06-02 06:21:15.665283] GPU 0     0.966        0.476        0.316        1620         2100         4                           606547131708992             
[2026-06-02 06:21:15.717548] GPU 0     0.963        0.471        0.253        1635         2100         4                           606547131708992             
[2026-06-02 06:21:15.769655] GPU 0     0.963        0.480        0.277        1635         2100         4                           606547131708992             
[2026-06-02 06:21:15.822065] GPU 0     0.963        0.473        0.269        1620         2100         4                           606547131708992             
[2026-06-02 06:21:15.874349] GPU 0     0.961        0.479        0.282        1620         2100         4                           606547131708992             
[2026-06-02 06:21:15.926665] GPU 0     0.965        0.466        0.254        1635         2100         4                           606547131708992             
[2026-06-02 06:21:15.978850] GPU 0     0.957        0.465        0.298        1620         2100         4                           606547131708992             
[2026-06-02 06:21:16.031170] GPU 0     0.960        0.474        0.290        1620         2100         4                           606547131708992             
[2026-06-02 06:21:16.083452] GPU 0     0.959        0.473        0.293        1620         2100         4                           606547131708992             
[2026-06-02 06:21:16.135745] GPU 0     0.944        0.490        0.298        1635         2100         4                           606547131708992             
[2026-06-02 06:21:16.187782] GPU 0     0.963        0.455        0.253        1620         2100         4                           606547131708992             
[2026-06-02 06:21:16.240159] GPU 0     0.964        0.476        0.268        1635         2100         4                           606547131708992             
[2026-06-02 06:21:16.290246] #Entity   SMACT        SMOCC        DRAMA        SMCLK        SMMAX        DVCCTR                      TAPCV                       
[2026-06-02 06:21:16.290388] ID                                                                                                                                 
[2026-06-02 06:21:16.292341] GPU 0     0.964        0.472        0.264        1635         2100         4                           606547131708992             
[2026-06-02 06:21:16.344788] GPU 0     0.966        0.475        0.262        1620         2100         4                           606547131708992             
[2026-06-02 06:21:16.397112] GPU 0     0.960        0.467        0.269        1635         2100         4                           606547131708992             
[2026-06-02 06:21:16.449510] GPU 0     0.965        0.479        0.269        1620         2100         4                           606547131708992             
[2026-06-02 06:21:16.501844] GPU 0     0.959        0.475        0.292        1635         2100         4                           606547131708992             
[2026-06-02 06:21:16.554202] GPU 0     0.955        0.482        0.308        1620         2100         4                           606547131708992             
[2026-06-02 06:21:16.606585] GPU 0     0.960        0.474        0.286        1620         2100         4                           606547131708992             
[2026-06-02 06:21:16.658963] GPU 0     0.965        0.470        0.258        1620         2100         4                           606547131708992             
[2026-06-02 06:21:16.711368] GPU 0     0.962        0.479        0.277        1635         2100         4                           606547131708992             
[2026-06-02 06:21:16.763911] GPU 0     0.962        0.477        0.277        1635         2100         4                           606547131708992             
[2026-06-02 06:21:16.816194] GPU 0     0.961        0.461        0.261        1635         2100         4                           606547131708992             
[2026-06-02 06:21:16.868464] GPU 0     0.965        0.475        0.264        1620         2100         4                           606547131708992             
[2026-06-02 06:21:16.920754] GPU 0     0.963        0.477        0.273        1620         2100         4                           606547131708992             
[2026-06-02 06:21:16.973020] GPU 0     0.961        0.479        0.283        1635         2100         4                           606547131708992             
[2026-06-02 06:21:17.023169] #Entity   SMACT        SMOCC        DRAMA        SMCLK        SMMAX        DVCCTR                      TAPCV                       
[2026-06-02 06:21:17.023312] ID                                                                                                                                 
[2026-06-02 06:21:17.025264] GPU 0     0.964        0.465        0.259        1620         2100         4                           606547131708992             
[2026-06-02 06:21:17.077775] GPU 0     0.959        0.471        0.299        1635         2100         4                           606547131708992             
[2026-06-02 06:21:17.130042] GPU 0     0.959        0.474        0.292        1620         2100         4                           606547131708992             
[2026-06-02 06:21:17.182335] GPU 0     0.960        0.469        0.289        1620         2100         4                           606547131708992             
[2026-06-02 06:21:17.234659] GPU 0     0.963        0.479        0.272        1620         2100         4                           606547131708992             
[2026-06-02 06:21:17.286931] GPU 0     0.962        0.483        0.259        1635         2100         4                           606547131708992             
[2026-06-02 06:21:17.339246] GPU 0     0.963        0.466        0.262        1635         2100         4                           606547131708992             
[2026-06-02 06:21:17.391419] GPU 0     0.964        0.475        0.267        1620         2100         4                           606547131708992             
[2026-06-02 06:21:17.443726] GPU 0     0.961        0.479        0.282        1635         2100         4                           606547131708992             
[2026-06-02 06:21:17.495965] GPU 0     0.961        0.475        0.276        1635         2100         4                           606547131708992             
[2026-06-02 06:21:17.548226] GPU 0     0.965        0.467        0.258        1620         2100         4                           606547131708992             
[2026-06-02 06:21:17.600449] GPU 0     0.958        0.475        0.289        1635         2100         4                           606547131708992             
[2026-06-02 06:21:17.652650] GPU 0     0.959        0.473        0.292        1635         2100         4                           606547131708992             
[2026-06-02 06:21:17.705115] GPU 0     0.959        0.470        0.294        1635         2100         4                           606547131708992             
[2026-06-02 06:21:17.755299] #Entity   SMACT        SMOCC        DRAMA        SMCLK        SMMAX        DVCCTR                      TAPCV                       
[2026-06-02 06:21:17.755439] ID                                                                                                                                 
[2026-06-02 06:21:17.757362] GPU 0     0.956        0.480        0.300        1620         2100         4                           606547131708992             
[2026-06-02 06:21:17.809654] GPU 0     0.963        0.468        0.262        1635         2100         4                           606547131708992             
[2026-06-02 06:21:17.861938] GPU 0     0.964        0.479        0.268        1635         2100         4                           606547131708992             
[2026-06-02 06:21:17.914230] GPU 0     0.966        0.473        0.262        1635         2100         4                           606547131708992             
[2026-06-02 06:21:17.966542] GPU 0     0.961        0.469        0.268        1635         2100         4                           606547131708992             
[2026-06-02 06:21:18.018847] GPU 0     0.965        0.471        0.265        1620         2100         4                           606547131708992             
[2026-06-02 06:21:18.071016] GPU 0     0.963        0.483        0.260        1620         2100         4                           606547131708992             
[2026-06-02 06:21:18.123393] GPU 0     0.960        0.468        0.298        1620         2100         4                           606547131708992             
[2026-06-02 06:21:18.175572] GPU 0     0.956        0.467        0.288        1620         2100         4                           606547131708992             
[2026-06-02 06:21:18.227853] GPU 0     0.958        0.475        0.293        1605         2100         4                           606547131708992             
[2026-06-02 06:21:18.280084] GPU 0     0.959        0.495        0.296        1635         2100         4                           606547131708992             
[2026-06-02 06:21:18.332341] GPU 0     0.963        0.464        0.257        1620         2100         4                           606547131708992             
[2026-06-02 06:21:18.384599] GPU 0     0.965        0.478        0.270        1635         2100         4                           606547131708992             
[2026-06-02 06:21:18.436941] GPU 0     0.961        0.479        0.282        1635         2100         4                           606547131708992             
[2026-06-02 06:21:18.487126] #Entity   SMACT        SMOCC        DRAMA        SMCLK        SMMAX        DVCCTR                      TAPCV                       
[2026-06-02 06:21:18.487269] ID                                                                                                                                 
[2026-06-02 06:21:18.489197] GPU 0     0.961        0.476        0.277        1620         2100         4                           606547131708992             
[2026-06-02 06:21:18.541515] GPU 0     0.964        0.455        0.251        1635         2100         4                           606547131708992             
[2026-06-02 06:21:18.593900] GPU 0     0.963        0.473        0.267        1635         2100         4                           606547131708992             
[2026-06-02 06:21:18.646083] GPU 0     0.964        0.482        0.269        1620         2100         4                           606547131708992             
[2026-06-02 06:21:18.698302] GPU 0     0.958        0.475        0.288        1620         2100         4                           606547131708992             
[2026-06-02 06:21:18.750596] GPU 0     0.960        0.470        0.295        1620         2100         4                           606547131708992             
[2026-06-02 06:21:18.802926] GPU 0     0.959        0.471        0.296        1605         2100         4                           606547131708992             
[2026-06-02 06:21:18.855382] GPU 0     0.963        0.483        0.260        1635         2100         4                           606547131708992             
[2026-06-02 06:21:18.907849] GPU 0     0.961        0.477        0.279        1635         2100         4                           606547131708992             
[2026-06-02 06:21:18.960180] GPU 0     0.962        0.477        0.277        1620         2100         4                           606547131708992             
[2026-06-02 06:21:19.012589] GPU 0     0.963        0.462        0.255        1635         2100         4                           606547131708992             
[2026-06-02 06:21:19.064873] GPU 0     0.964        0.476        0.267        1620         2100         4                           606547131708992             
[2026-06-02 06:21:19.117344] GPU 0     0.961        0.477        0.277        1635         2100         4                           606547131708992             
[2026-06-02 06:21:19.169662] GPU 0     0.961        0.476        0.278        1620         2100         4                           606547131708992             
[2026-06-02 06:21:19.219842] #Entity   SMACT        SMOCC        DRAMA        SMCLK        SMMAX        DVCCTR                      TAPCV                       
[2026-06-02 06:21:19.219982] ID                                                                                                                                 
[2026-06-02 06:21:19.222075] GPU 0     0.960        0.473        0.289        1605         2100         4                           606547131708992             
[2026-06-02 06:21:19.274486] GPU 0     0.959        0.472        0.287        1620         2100         4                           606547131708992             
[2026-06-02 06:21:19.326875] GPU 0     0.959        0.474        0.292        1620         2100         4                           606547131708992             
[2026-06-02 06:21:19.379358] GPU 0     0.965        0.472        0.264        1635         2100         4                           606547131708992             
[2026-06-02 06:21:19.431669] GPU 0     0.961        0.467        0.273        1620         2100         4                           606547131708992             
[2026-06-02 06:21:19.484107] GPU 0     0.966        0.481        0.260        1620         2100         4                           606547131708992             
[2026-06-02 06:21:19.536427] GPU 0     0.963        0.470        0.259        1635         2100         4                           606547131708992             
[2026-06-02 06:21:19.589043] GPU 0     0.963        0.476        0.272        1635         2100         4                           606547131708992             
[2026-06-02 06:21:19.641411] GPU 0     0.961        0.479        0.282        1620         2100         4                           606547131708992             
[2026-06-02 06:21:19.693732] GPU 0     0.961        0.461        0.258        1635         2100         4                           606547131708992             
[2026-06-02 06:21:19.746211] GPU 0     0.960        0.484        0.297        1620         2100         4                           606547131708992             
[2026-06-02 06:21:19.798665] GPU 0     0.959        0.474        0.292        1620         2100         4                           606547131708992             
[2026-06-02 06:21:19.850995] GPU 0     0.959        0.473        0.289        1635         2100         4                           606547131708992             
[2026-06-02 06:21:19.903444] GPU 0     0.958        0.483        0.301        1620         2100         4                           606547131708992             
[2026-06-02 06:21:19.953636] #Entity   SMACT        SMOCC        DRAMA        SMCLK        SMMAX        DVCCTR                      TAPCV                       
[2026-06-02 06:21:19.953776] ID                                                                                                                                 
[2026-06-02 06:21:19.955822] GPU 0     0.963        0.467        0.267        1635         2100         4                           606547131708992             
[2026-06-02 06:21:20.008138] GPU 0     0.963        0.475        0.269        1635         2100         4                           606547131708992             
[2026-06-02 06:21:20.060449] GPU 0     0.963        0.466        0.261        1635         2100         4                           606547131708992             
[2026-06-02 06:21:20.112885] GPU 0     0.966        0.468        0.254        1620         2100         4                           606547131708992             
[2026-06-02 06:21:20.165332] GPU 0     0.966        0.478        0.260        1620         2100         4                           606547131708992             
[2026-06-02 06:21:20.217669] GPU 0     0.963        0.473        0.259        1590         2100         4                           606547131708992             
[2026-06-02 06:21:20.270226] GPU 0     0.958        0.470        0.290        1620         2100         4                           606547131708992             
[2026-06-02 06:21:20.322674] GPU 0     0.959        0.472        0.288        1620         2100         4                           606547131708992             
[2026-06-02 06:21:20.375148] GPU 0     0.957        0.471        0.295        1605         2100         4                           606547131708992             
[2026-06-02 06:21:20.427556] GPU 0     0.959        0.476        0.289        1605         2100         4                           606547131708992             
[2026-06-02 06:21:20.479971] GPU 0     0.962        0.493        0.287        1635         2100         4                           606547131708992             
[2026-06-02 06:21:20.532354] GPU 0     0.961        0.477        0.278        1635         2100         4                           606547131708992             
[2026-06-02 06:21:20.584643] GPU 0     0.963        0.455        0.252        1620         2100         4                           606547131708992             
[2026-06-02 06:21:20.637185] GPU 0     0.965        0.473        0.261        1635         2100         4                           606547131708992             
[2026-06-02 06:21:20.687374] #Entity   SMACT        SMOCC        DRAMA        SMCLK        SMMAX        DVCCTR                      TAPCV                       
[2026-06-02 06:21:20.687516] ID                                                                                                                                 
[2026-06-02 06:21:20.689627] GPU 0     0.963        0.470        0.267        1635         2100         4                           606547131708992             
[2026-06-02 06:21:20.742103] GPU 0     0.966        0.483        0.260        1620         2100         4                           606547131708992             
[2026-06-02 06:21:20.794530] GPU 0     0.963        0.464        0.272        1620         2100         4                           606547131708992             
[2026-06-02 06:21:20.847075] GPU 0     0.958        0.475        0.291        1605         2100         4                           606547131708992             
[2026-06-02 06:21:20.899485] GPU 0     0.962        0.473        0.288        1620         2100         4                           606547131708992             
[2026-06-02 06:21:20.951825] GPU 0     0.959        0.473        0.290        1620         2100         4                           606547131708992             
[2026-06-02 06:21:21.004184] GPU 0     0.957        0.495        0.295        1635         2100         4                           606547131708992             
[2026-06-02 06:21:21.056626] GPU 0     0.962        0.461        0.257        1635         2100         4                           606547131708992             
[2026-06-02 06:21:21.109193] GPU 0     0.966        0.478        0.269        1635         2100         4                           606547131708992             
[2026-06-02 06:21:21.161509] GPU 0     0.962        0.475        0.274        1620         2100         4                           606547131708992             
[2026-06-02 06:21:21.214176] GPU 0     0.961        0.479        0.283        1620         2100         4                           606547131708992             
[2026-06-02 06:21:21.266579] GPU 0     0.963        0.454        0.252        1635         2100         4                           606547131708992             
[2026-06-02 06:21:21.318901] GPU 0     0.964        0.476        0.268        1635         2100         4                           606547131708992             
[2026-06-02 06:21:21.371398] GPU 0     0.963        0.479        0.273        1605         2100         4                           606547131708992             
[2026-06-02 06:21:21.421496] #Entity   SMACT        SMOCC        DRAMA        SMCLK        SMMAX        DVCCTR                      TAPCV                       
[2026-06-02 06:21:21.421660] ID                                                                                                                                 
[2026-06-02 06:21:21.423783] GPU 0     0.959        0.472        0.286        1620         2100         4                           606547131708992             
[2026-06-02 06:21:21.476156] GPU 0     0.960        0.468        0.290        1605         2100         4                           606547131708992             
[2026-06-02 06:21:21.528598] GPU 0     0.960        0.476        0.288        1620         2100         4                           606547131708992             
[2026-06-02 06:21:21.581017] GPU 0     0.961        0.485        0.267        1620         2100         4                           606547131708992             
[2026-06-02 06:21:21.633308] GPU 0     0.964        0.469        0.265        1635         2100         4                           606547131708992             
[2026-06-02 06:21:21.685848] GPU 0     0.961        0.479        0.283        1620         2100         4                           606547131708992             
[2026-06-02 06:21:21.738260] GPU 0     0.962        0.475        0.274        1635         2100         4                           606547131708992             
[2026-06-02 06:21:21.790532] GPU 0     0.964        0.462        0.254        1635         2100         4                           606547131708992             
[2026-06-02 06:21:21.842790] GPU 0     0.965        0.477        0.270        1635         2100         4                           606547131708992             
[2026-06-02 06:21:21.899463] GPU 0     0.961        0.477        0.279        1620         2100         4                           606547131708992             
[2026-06-02 06:21:21.953107] GPU 0     0.959        0.472        0.287        1605         2100         4                           606547131708992             
[2026-06-02 06:21:22.005467] GPU 0     0.959        0.472        0.287        1620         2100         4                           606547131708992             
[2026-06-02 06:21:22.057908] GPU 0     0.959        0.474        0.291        1620         2100         4                           606547131708992             
[2026-06-02 06:21:22.110347] GPU 0     0.963        0.475        0.277        1605         2100         4                           606547131708992             
[2026-06-02 06:21:22.160519] #Entity   SMACT        SMOCC        DRAMA        SMCLK        SMMAX        DVCCTR                      TAPCV                       
[2026-06-02 06:21:22.160659] ID                                                                                                                                 
[2026-06-02 06:21:22.162687] GPU 0     0.963        0.475        0.260        1620         2100         4                           606547131708992             
[2026-06-02 06:21:22.215114] GPU 0     0.961        0.478        0.280        1635         2100         4                           606547131708992             
[2026-06-02 06:21:22.267536] GPU 0     0.965        0.466        0.256        1620         2100         4                           606547131708992             
[2026-06-02 06:21:22.319936] GPU 0     0.963        0.479        0.276        1620         2100         4                           606547131708992             
[2026-06-02 06:21:22.372381] GPU 0     0.961        0.478        0.280        1635         2100         4                           606547131708992             
[2026-06-02 06:21:22.424810] GPU 0     0.964        0.467        0.255        1620         2100         4                           606547131708992             
[2026-06-02 06:21:22.477062] GPU 0     0.964        0.467        0.255        1620         2100         4                           606547131708992             
[2026-06-02 06:21:22.529585] GPU 0     0.960        0.471        0.291        1620         2100         4                           606547131708992             
[2026-06-02 06:21:22.581973] GPU 0     0.956        0.465        0.299        1620         2100         4                           606547131708992             
[2026-06-02 06:21:22.634424] GPU 0     0.960        0.482        0.291        1620         2100         4                           606547131708992             
[2026-06-02 06:21:22.686897] GPU 0     0.962        0.474        0.272        1635         2100         4                           606547131708992             
[2026-06-02 06:21:22.739335] GPU 0     0.964        0.476        0.266        1635         2100         4                           606547131708992             
[2026-06-02 06:21:22.791765] GPU 0     0.966        0.473        0.262        1620         2100         4                           606547131708992             
[2026-06-02 06:21:22.844226] GPU 0     0.963        0.479        0.259        1620         2100         4                           606547131708992             
[2026-06-02 06:21:22.894345] #Entity   SMACT        SMOCC        DRAMA        SMCLK        SMMAX        DVCCTR                      TAPCV                       
[2026-06-02 06:21:22.894450] ID                                                                                                                                 
[2026-06-02 06:21:22.896520] GPU 0     0.964        0.465        0.275        1635         2100         4                           606547131708992             
[2026-06-02 06:21:22.949010] GPU 0     0.962        0.479        0.254        1620         2100         4                           606547131708992             
[2026-06-02 06:21:23.001312] GPU 0     0.961        0.472        0.283        1605         2100         4                           606547131708992             
[2026-06-02 06:21:23.053658] GPU 0     0.959        0.472        0.286        1620         2100         4                           606547131708992             
[2026-06-02 06:21:23.105981] GPU 0     0.959        0.474        0.292        1605         2100         4                           606547131708992             
[2026-06-02 06:21:23.158447] GPU 0     0.959        0.473        0.287        1620         2100         4                           606547131708992             
[2026-06-02 06:21:23.210812] GPU 0     0.962        0.477        0.270        1635         2100         4                           606547131708992             
[2026-06-02 06:21:23.263233] GPU 0     0.963        0.480        0.278        1620         2100         4                           606547131708992             
[2026-06-02 06:21:23.315626] GPU 0     0.963        0.473        0.266        1635         2100         4                           606547131708992             
[2026-06-02 06:21:23.368042] GPU 0     0.963        0.473        0.267        1620         2100         4                           606547131708992             
[2026-06-02 06:21:23.420317] GPU 0     0.961        0.478        0.281        1635         2100         4                           606547131708992             
[2026-06-02 06:21:23.472700] GPU 0     0.964        0.462        0.254        1635         2100         4                           606547131708992             
[2026-06-02 06:21:23.525178] GPU 0     0.963        0.478        0.268        1620         2100         4                           606547131708992             
[2026-06-02 06:21:23.577666] GPU 0     0.959        0.473        0.289        1620         2100         4                           606547131708992             
[2026-06-02 06:21:23.627859] #Entity   SMACT        SMOCC        DRAMA        SMCLK        SMMAX        DVCCTR                      TAPCV                       
[2026-06-02 06:21:23.628004] ID                                                                                                                                 
[2026-06-02 06:21:23.630119] GPU 0     0.959        0.473        0.293        1620         2100         4                           606547131708992             
[2026-06-02 06:21:23.682588] GPU 0     0.958        0.470        0.283        1590         2100         4                           606547131708992             
[2026-06-02 06:21:23.735044] GPU 0     0.960        0.478        0.297        1620         2100         4                           606547131708992             
[2026-06-02 06:21:23.787534] GPU 0     0.966        0.473        0.263        1635         2100         4                           606547131708992             
[2026-06-02 06:21:23.839956] GPU 0     0.963        0.478        0.258        1620         2100         4                           606547131708992             
[2026-06-02 06:21:23.892429] GPU 0     0.963        0.472        0.270        1635         2100         4                           606547131708992             
[2026-06-02 06:21:23.944902] GPU 0     0.961        0.478        0.278        1635         2100         4                           606547131708992             
[2026-06-02 06:21:23.997343] GPU 0     0.962        0.471        0.270        1635         2100         4                           606547131708992             
[2026-06-02 06:21:24.049775] GPU 0     0.964        0.465        0.255        1620         2100         4                           606547131708992             
[2026-06-02 06:21:24.102238] GPU 0     0.958        0.467        0.291        1620         2100         4                           606547131708992             
[2026-06-02 06:21:24.154725] GPU 0     0.959        0.486        0.302        1620         2100         4                           606547131708992             
[2026-06-02 06:21:24.207209] GPU 0     0.959        0.470        0.287        1620         2100         4                           606547131708992             
[2026-06-02 06:21:24.259673] GPU 0     0.959        0.480        0.293        1620         2100         4                           606547131708992             
[2026-06-02 06:21:24.312051] GPU 0     0.965        0.469        0.256        1635         2100         4                           606547131708992             
[2026-06-02 06:21:24.362251] #Entity   SMACT        SMOCC        DRAMA        SMCLK        SMMAX        DVCCTR                      TAPCV                       
[2026-06-02 06:21:24.362393] ID                                                                                                                                 
[2026-06-02 06:21:24.364564] GPU 0     0.966        0.474        0.264        1620         2100         4                           606547131708992             
[2026-06-02 06:21:24.417036] GPU 0     0.964        0.471        0.252        1620         2100         4                           606547131708992             
[2026-06-02 06:21:24.469400] GPU 0     0.962        0.481        0.281        1635         2100         4                           606547131708992             
[2026-06-02 06:21:24.521928] GPU 0     0.961        0.476        0.278        1620         2100         4                           606547131708992             
[2026-06-02 06:21:24.574393] GPU 0     0.964        0.465        0.254        1620         2100         4                           606547131708992             
[2026-06-02 06:21:24.626869] GPU 0     0.963        0.473        0.270        1620         2100         4                           606547131708992             
[2026-06-02 06:21:24.679351] GPU 0     0.959        0.474        0.292        1635         2100         4                           606547131708992             
[2026-06-02 06:21:24.731920] GPU 0     0.959        0.472        0.288        1620         2100         4                           606547131708992             
[2026-06-02 06:21:24.784286] GPU 0     0.962        0.477        0.287        1620         2100         4                           606547131708992             
[2026-06-02 06:21:24.836696] GPU 0     0.962        0.477        0.287        1605         2100         4                           606547131708992             
[2026-06-02 06:21:24.889224] GPU 0     0.963        0.467        0.265        1635         2100         4                           606547131708992             
[2026-06-02 06:21:24.941645] GPU 0     0.964        0.477        0.264        1635         2100         4                           606547131708992             
[2026-06-02 06:21:24.994195] GPU 0     0.963        0.474        0.257        1620         2100         4                           606547131708992             
[2026-06-02 06:21:25.046655] GPU 0     0.962        0.479        0.277        1635         2100         4                           606547131708992             
[2026-06-02 06:21:25.096801] #Entity   SMACT        SMOCC        DRAMA        SMCLK        SMMAX        DVCCTR                      TAPCV                       
[2026-06-02 06:21:25.096942] ID                                                                                                                                 
[2026-06-02 06:21:25.099158] GPU 0     0.961        0.476        0.275        1620         2100         4                           606547131708992             
[2026-06-02 06:21:25.151600] GPU 0     0.961        0.464        0.264        1635         2100         4                           606547131708992             
[2026-06-02 06:21:25.203892] GPU 0     0.961        0.479        0.288        1620         2100         4                           606547131708992             
[2026-06-02 06:21:25.256428] GPU 0     0.959        0.473        0.290        1605         2100         4                           606547131708992             
[2026-06-02 06:21:25.308939] GPU 0     0.959        0.474        0.292        1620         2100         4                           606547131708992             
[2026-06-02 06:21:25.361454] GPU 0     0.958        0.483        0.299        1620         2100         4                           606547131708992             
[2026-06-02 06:21:25.413873] GPU 0     0.964        0.461        0.252        1635         2100         4                           606547131708992             
[2026-06-02 06:21:25.466084] GPU 0     0.967        0.472        0.259        1620         2100         4                           606547131708992             
[2026-06-02 06:21:25.518573] GPU 0     0.963        0.478        0.258        1620         2100         4                           606547131708992             
[2026-06-02 06:21:25.570970] GPU 0     0.963        0.473        0.266        1635         2100         4                           606547131708992             
[2026-06-02 06:21:25.623432] GPU 0     0.961        0.479        0.281        1635         2100         4                           606547131708992             
[2026-06-02 06:21:25.675818] GPU 0     0.964        0.459        0.269        1635         2100         4                           606547131708992             
[2026-06-02 06:21:25.728239] GPU 0     0.960        0.476        0.290        1620         2100         4                           606547131708992             
[2026-06-02 06:21:25.780448] GPU 0     0.958        0.473        0.290        1620         2100         4                           606547131708992             
[2026-06-02 06:21:25.830554] #Entity   SMACT        SMOCC        DRAMA        SMCLK        SMMAX        DVCCTR                      TAPCV                       
[2026-06-02 06:21:25.830696] ID                                                                                                                                 
[2026-06-02 06:21:25.832706] GPU 0     0.956        0.472        0.290        1605         2100         4                           606547131708992             
[2026-06-02 06:21:25.885046] GPU 0     0.960        0.497        0.298        1620         2100         4                           606547131708992             
[2026-06-02 06:21:25.937354] GPU 0     0.963        0.463        0.263        1620         2100         4                           606547131708992             
[2026-06-02 06:21:25.989691] GPU 0     0.964        0.468        0.259        1620         2100         4                           606547131708992             
[2026-06-02 06:21:26.041950] GPU 0     0.967        0.473        0.259        1620         2100         4                           606547131708992             
[2026-06-02 06:21:26.094312] GPU 0     0.962        0.479        0.258        1605         2100         4                           606547131708992             
[2026-06-02 06:21:26.146687] GPU 0     0.963        0.469        0.260        1620         2100         4                           606547131708992             
[2026-06-02 06:21:26.199126] GPU 0     0.961        0.480        0.282        1635         2100         4                           606547131708992             
[2026-06-02 06:21:26.251454] GPU 0     0.960        0.470        0.282        1620         2100         4                           606547131708992             
[2026-06-02 06:21:26.303848] GPU 0     0.960        0.472        0.286        1620         2100         4                           606547131708992             
[2026-06-02 06:21:26.356201] GPU 0     0.958        0.475        0.292        1590         2100         4                           606547131708992             
[2026-06-02 06:21:26.408523] GPU 0     0.958        0.485        0.303        1605         2100         4                           606547131708992             
[2026-06-02 06:21:26.460990] GPU 0     0.962        0.477        0.277        1620         2100         4                           606547131708992             
[2026-06-02 06:21:26.513431] GPU 0     0.963        0.455        0.253        1620         2100         4                           606547131708992             
[2026-06-02 06:21:26.563626] #Entity   SMACT        SMOCC        DRAMA        SMCLK        SMMAX        DVCCTR                      TAPCV                       
[2026-06-02 06:21:26.563770] ID                                                                                                                                 
[2026-06-02 06:21:26.565734] GPU 0     0.966        0.473        0.260        1635         2100         4                           606547131708992             
[2026-06-02 06:21:26.618252] GPU 0     0.966        0.479        0.267        1635         2100         4                           606547131708992             
[2026-06-02 06:21:26.670544] GPU 0     0.962        0.473        0.254        1620         2100         4                           606547131708992             
[2026-06-02 06:21:26.722854] GPU 0     0.963        0.477        0.275        1635         2100         4                           606547131708992             
[2026-06-02 06:21:26.775220] GPU 0     0.960        0.464        0.278        1620         2100         4                           606547131708992             
[2026-06-02 06:21:26.827468] GPU 0     0.959        0.470        0.288        1620         2100         4                           606547131708992             
[2026-06-02 06:21:26.879869] GPU 0     0.959        0.476        0.292        1590         2100         4                           606547131708992             
[2026-06-02 06:21:26.932156] GPU 0     0.958        0.487        0.302        1620         2100         4                           606547131708992             
[2026-06-02 06:21:26.984535] GPU 0     0.966        0.472        0.257        1620         2100         4                           606547131708992             
[2026-06-02 06:21:27.036890] GPU 0     0.961        0.479        0.282        1620         2100         4                           606547131708992             
[2026-06-02 06:21:27.089259] GPU 0     0.962        0.474        0.277        1605         2100         4                           606547131708992             
[2026-06-02 06:21:27.141644] GPU 0     0.965        0.463        0.251        1620         2100         4                           606547131708992             
[2026-06-02 06:21:27.193984] GPU 0     0.966        0.472        0.260        1635         2100         4                           606547131708992             
[2026-06-02 06:21:27.246410] GPU 0     0.963        0.480        0.257        1620         2100         4                           606547131708992             
[2026-06-02 06:21:27.296607] #Entity   SMACT        SMOCC        DRAMA        SMCLK        SMMAX        DVCCTR                      TAPCV                       
[2026-06-02 06:21:27.296771] ID                                                                                                                                 
[2026-06-02 06:21:27.298673] GPU 0     0.963        0.471        0.271        1635         2100         4                           606547131708992             
[2026-06-02 06:21:27.351030] GPU 0     0.959        0.472        0.283        1620         2100         4                           606547131708992             
[2026-06-02 06:21:27.403387] GPU 0     0.960        0.474        0.294        1620         2100         4                           606547131708992             
[2026-06-02 06:21:27.455779] GPU 0     0.958        0.475        0.286        1605         2100         4                           606547131708992             
[2026-06-02 06:21:27.508183] GPU 0     0.959        0.475        0.293        1620         2100         4                           606547131708992             
[2026-06-02 06:21:27.560590] GPU 0     0.963        0.478        0.275        1620         2100         4                           606547131708992             
[2026-06-02 06:21:27.613005] GPU 0     0.960        0.479        0.282        1620         2100         4                           606547131708992             
[2026-06-02 06:21:27.665304] GPU 0     0.962        0.455        0.253        1620         2100         4                           606547131708992             
[2026-06-02 06:21:27.717699] GPU 0     0.965        0.478        0.265        1620         2100         4                           606547131708992             
[2026-06-02 06:21:27.769966] GPU 0     0.966        0.472        0.261        1635         2100         4                           606547131708992             
[2026-06-02 06:21:27.822317] GPU 0     0.962        0.478        0.257        1620         2100         4                           606547131708992             
[2026-06-02 06:21:27.874922] GPU 0     0.957        0.475        0.303        1635         2100         4                           606547131708992             
[2026-06-02 06:21:27.927373] GPU 0     0.960        0.472        0.287        1620         2100         4                           606547131708992             
[2026-06-02 06:21:27.979713] GPU 0     0.962        0.470        0.270        1620         2100         4                           606547131708992             
[2026-06-02 06:21:28.029914] #Entity   SMACT        SMOCC        DRAMA        SMCLK        SMMAX        DVCCTR                      TAPCV                       
[2026-06-02 06:21:28.030056] ID                                                                                                                                 
[2026-06-02 06:21:28.032057] GPU 0     0.959        0.472        0.286        1620         2100         4                           606547131708992             
[2026-06-02 06:21:28.084459] GPU 0     0.959        0.490        0.295        1620         2100         4                           606547131708992             
[2026-06-02 06:21:28.136885] GPU 0     0.962        0.460        0.255        1620         2100         4                           606547131708992             
[2026-06-02 06:21:28.189302] GPU 0     0.966        0.475        0.257        1620         2100         4                           606547131708992             
[2026-06-02 06:21:28.241746] GPU 0     0.964        0.475        0.270        1620         2100         4                           606547131708992             
[2026-06-02 06:21:28.294118] GPU 0     0.964        0.475        0.270        1605         2100         4                           606547131708992             
[2026-06-02 06:21:28.346440] GPU 0     0.963        0.472        0.264        1620         2100         4                           606547131708992             
[2026-06-02 06:21:28.398777] GPU 0     0.963        0.465        0.277        1620         2100         4                           606547131708992             
[2026-06-02 06:21:28.451097] GPU 0     0.959        0.474        0.291        1635         2100         4                           606547131708992             
[2026-06-02 06:21:28.503449] GPU 0     0.959        0.469        0.289        1620         2100         4                           606547131708992             
[2026-06-02 06:21:28.555831] GPU 0     0.959        0.475        0.291        1620         2100         4                           606547131708992             
[2026-06-02 06:21:28.608174] GPU 0     0.957        0.495        0.298        1620         2100         4                           606547131708992             
[2026-06-02 06:21:28.665920] GPU 0     0.962        0.472        0.271        1605         2100         4                           606547131708992             
[2026-06-02 06:21:28.718220] GPU 0     0.964        0.459        0.250        1620         2100         4                           606547131708992             
[2026-06-02 06:21:28.768337] #Entity   SMACT        SMOCC        DRAMA        SMCLK        SMMAX        DVCCTR                      TAPCV                       
[2026-06-02 06:21:28.768516] ID                                                                                                                                 
[2026-06-02 06:21:28.770472] GPU 0     0.966        0.470        0.260        1635         2100         4                           606547131708992             
[2026-06-02 06:21:28.822867] GPU 0     0.964        0.479        0.263        1635         2100         4                           606547131708992             
[2026-06-02 06:21:28.875306] GPU 0     0.963        0.475        0.260        1620         2100         4                           606547131708992             
[2026-06-02 06:21:28.927593] GPU 0     0.962        0.478        0.279        1635         2100         4                           606547131708992             
[2026-06-02 06:21:28.979949] GPU 0     0.959        0.472        0.290        1620         2100         4                           606547131708992             
[2026-06-02 06:21:29.032318] GPU 0     0.959        0.474        0.293        1620         2100         4                           606547131708992             
[2026-06-02 06:21:29.084712] GPU 0     0.961        0.469        0.279        1605         2100         4                           606547131708992             
[2026-06-02 06:21:29.137115] GPU 0     0.957        0.476        0.291        1620         2100         4                           606547131708992             
[2026-06-02 06:21:29.189298] GPU 0     0.965        0.478        0.268        1620         2100         4                           606547131708992             
[2026-06-02 06:21:29.241633] GPU 0     0.962        0.474        0.271        1620         2100         4                           606547131708992             
[2026-06-02 06:21:29.293861] GPU 0     0.962        0.477        0.277        1605         2100         4                           606547131708992             
[2026-06-02 06:21:29.346228] GPU 0     0.962        0.471        0.273        1635         2100         4                           606547131708992             
[2026-06-02 06:21:29.398423] GPU 0     0.963        0.460        0.254        1635         2100         4                           606547131708992             
[2026-06-02 06:21:29.450859] GPU 0     0.965        0.474        0.259        1620         2100         4                           606547131708992             
[2026-06-02 06:21:29.501015] #Entity   SMACT        SMOCC        DRAMA        SMCLK        SMMAX        DVCCTR                      TAPCV                       
[2026-06-02 06:21:29.501193] ID                                                                                                                                 
[2026-06-02 06:21:29.503084] GPU 0     0.961        0.485        0.287        1620         2100         4                           606547131708992             
[2026-06-02 06:21:29.555340] GPU 0     0.960        0.471        0.285        1620         2100         4                           606547131708992             
[2026-06-02 06:21:29.607741] GPU 0     0.960        0.468        0.276        1605         2100         4                           606547131708992             
[2026-06-02 06:21:29.660127] GPU 0     0.959        0.472        0.287        1620         2100         4                           606547131708992             
[2026-06-02 06:21:29.712415] GPU 0     0.961        0.490        0.294        1635         2100         4                           606547131708992             
[2026-06-02 06:21:29.764501] GPU 0     0.961        0.463        0.263        1635         2100         4                           606547131708992             
[2026-06-02 06:21:29.816871] GPU 0     0.966        0.475        0.262        1620         2100         4                           606547131708992             
[2026-06-02 06:21:29.869185] GPU 0     0.961        0.478        0.280        1620         2100         4                           606547131708992             
[2026-06-02 06:21:29.921468] GPU 0     0.962        0.477        0.277        1635         2100         4                           606547131708992             
[2026-06-02 06:21:29.973811] GPU 0     0.964        0.455        0.253        1620         2100         4                           606547131708992             
[2026-06-02 06:21:30.025964] GPU 0     0.964        0.474        0.263        1620         2100         4                           606547131708992             
[2026-06-02 06:21:30.078212] GPU 0     0.959        0.476        0.292        1620         2100         4                           606547131708992             
[2026-06-02 06:21:30.130587] GPU 0     0.959        0.470        0.286        1620         2100         4                           606547131708992             
[2026-06-02 06:21:30.182882] GPU 0     0.959        0.474        0.288        1605         2100         4                           606547131708992             
[2026-06-02 06:21:30.233101] #Entity   SMACT        SMOCC        DRAMA        SMCLK        SMMAX        DVCCTR                      TAPCV                       
[2026-06-02 06:21:30.233242] ID                                                                                                                                 
[2026-06-02 06:21:30.235180] GPU 0     0.961        0.492        0.290        1620         2100         4                           606547131708992             
[2026-06-02 06:21:30.287459] GPU 0     0.961        0.464        0.264        1620         2100         4                           606547131708992             
[2026-06-02 06:21:30.339669] GPU 0     0.966        0.473        0.262        1620         2100         4                           606547131708992             
[2026-06-02 06:21:30.391908] GPU 0     0.963        0.477        0.272        1620         2100         4                           606547131708992             
[2026-06-02 06:21:30.444140] GPU 0     0.961        0.479        0.283        1620         2100         4                           606547131708992             
[2026-06-02 06:21:30.496470] GPU 0     0.963        0.468        0.268        1635         2100         4                           606547131708992             
[2026-06-02 06:21:30.548847] GPU 0     0.963        0.470        0.264        1635         2100         4                           606547131708992             
[2026-06-02 06:21:30.601068] GPU 0     0.966        0.472        0.256        1620         2100         4                           606547131708992             
[2026-06-02 06:21:30.653303] GPU 0     0.959        0.473        0.289        1620         2100         4                           606547131708992             
[2026-06-02 06:21:30.705463] GPU 0     0.959        0.471        0.286        1620         2100         4                           606547131708992             
[2026-06-02 06:21:30.757682] GPU 0     0.959        0.475        0.292        1620         2100         4                           606547131708992             
[2026-06-02 06:21:30.809942] GPU 0     0.910        0.256        0.503        1620         2100         4                           606547131708992             
[2026-06-02 06:21:30.862128] GPU 0     0.908        0.472        0.759        1575         2100         4                           606547131708992             
[2026-06-02 06:21:30.914223] GPU 0     0.931        0.500        0.710        1575         2100         4                           606547131708992             
[2026-06-02 06:21:30.964403] #Entity   SMACT        SMOCC        DRAMA        SMCLK        SMMAX        DVCCTR                      TAPCV                       
[2026-06-02 06:21:30.964504] ID                                                                                                                                 
[2026-06-02 06:21:30.965935] GPU 0     0.931        0.500        0.710        1560         2100         4                           606547131708992             
[2026-06-02 06:21:31.017915] GPU 0     0.916        0.617        0.612        1620         2100         4                           606547131708992             
[2026-06-02 06:21:31.070233] GPU 0     0.901        0.590        0.617        1695         2100         4                           606547131708992             
[2026-06-02 06:21:31.122338] GPU 0     0.889        0.591        0.666        1740         2100         4                           606547131708992             
[2026-06-02 06:21:31.174047] GPU 0     0.845        0.581        0.641        1875         2100         4                           606547131708992             
[2026-06-02 06:21:31.226494] GPU 0     0.000        0.000        0.026        1920         2100         4                           606547131708992             
[2026-06-02 06:21:31.278892] GPU 0     0.126        0.025        0.147        1920         2100         4                           606547131708992             
[2026-06-02 06:21:31.331100] GPU 0     0.698        0.346        0.313        1635         2100         4                           606547131708992             
[2026-06-02 06:21:31.383382] GPU 0     0.961        0.482        0.348        1590         2100         4                           606547131708992             
[2026-06-02 06:21:31.435715] GPU 0     0.962        0.464        0.263        1620         2100         4                           606547131708992             
[2026-06-02 06:21:31.488014] GPU 0     0.963        0.481        0.275        1635         2100         4                           606547131708992             
[2026-06-02 06:21:31.540729] GPU 0     0.963        0.460        0.256        1620         2100         4                           606547131708992             
[2026-06-02 06:21:31.593105] GPU 0     0.966        0.471        0.257        1635         2100         4                           606547131708992             
[2026-06-02 06:21:31.645298] GPU 0     0.961        0.478        0.279        1635         2100         4                           606547131708992             
[2026-06-02 06:21:31.695442] #Entity   SMACT        SMOCC        DRAMA        SMCLK        SMMAX        DVCCTR                      TAPCV                       
[2026-06-02 06:21:31.695578] ID                                                                                                                                 
[2026-06-02 06:21:31.697433] GPU 0     0.961        0.479        0.286        1605         2100         4                           606547131708992             
[2026-06-02 06:21:31.749750] GPU 0     0.960        0.472        0.287        1620         2100         4                           606547131708992             
[2026-06-02 06:21:31.802188] GPU 0     0.959        0.473        0.289        1620         2100         4                           606547131708992             
[2026-06-02 06:21:31.854496] GPU 0     0.944        0.468        0.272        1635         2100         4                           606547131708992             
[2026-06-02 06:21:31.906786] GPU 0     0.963        0.473        0.262        1635         2100         4                           606547131708992             
[2026-06-02 06:21:31.959061] GPU 0     0.962        0.477        0.277        1620         2100         4                           606547131708992             
[2026-06-02 06:21:32.011417] GPU 0     0.962        0.477        0.276        1620         2100         4                           606547131708992             
[2026-06-02 06:21:32.063351] GPU 0     0.963        0.461        0.257        1635         2100         4                           606547131708992             
[2026-06-02 06:21:32.115403] GPU 0     0.966        0.478        0.268        1620         2100         4                           606547131708992             
[2026-06-02 06:21:32.167611] GPU 0     0.962        0.477        0.277        1620         2100         4                           606547131708992             
[2026-06-02 06:21:32.219920] GPU 0     0.963        0.466        0.276        1635         2100         4                           606547131708992             
[2026-06-02 06:21:32.272259] GPU 0     0.960        0.469        0.289        1620         2100         4                           606547131708992             
[2026-06-02 06:21:32.324584] GPU 0     0.955        0.473        0.293        1620         2100         4                           606547131708992             
[2026-06-02 06:21:32.376959] GPU 0     0.960        0.473        0.287        1605         2100         4                           606547131708992             
[2026-06-02 06:21:32.427149] #Entity   SMACT        SMOCC        DRAMA        SMCLK        SMMAX        DVCCTR                      TAPCV                       
[2026-06-02 06:21:32.427282] ID                                                                                                                                 
[2026-06-02 06:21:32.429255] GPU 0     0.965        0.488        0.266        1635         2100         4                           606547131708992             
[2026-06-02 06:21:32.481770] GPU 0     0.963        0.475        0.265        1620         2100         4                           606547131708992             
[2026-06-02 06:21:32.534177] GPU 0     0.963        0.472        0.268        1620         2100         4                           606547131708992             
[2026-06-02 06:21:32.586551] GPU 0     0.961        0.478        0.281        1635         2100         4                           606547131708992             
[2026-06-02 06:21:32.639025] GPU 0     0.962        0.472        0.271        1620         2100         4                           606547131708992             
[2026-06-02 06:21:32.691211] GPU 0     0.965        0.466        0.256        1635         2100         4                           606547131708992             
[2026-06-02 06:21:32.743610] GPU 0     0.964        0.475        0.270        1620         2100         4                           606547131708992             
[2026-06-02 06:21:32.795846] GPU 0     0.960        0.472        0.287        1620         2100         4                           606547131708992             
[2026-06-02 06:21:32.848053] GPU 0     0.959        0.474        0.293        1590         2100         4                           606547131708992             
[2026-06-02 06:21:32.900488] GPU 0     0.958        0.474        0.292        1620         2100         4                           606547131708992             
[2026-06-02 06:21:32.952838] GPU 0     0.958        0.485        0.305        1620         2100         4                           606547131708992             
[2026-06-02 06:21:33.005244] GPU 0     0.964        0.463        0.253        1635         2100         4                           606547131708992             
[2026-06-02 06:21:33.057581] GPU 0     0.962        0.486        0.280        1620         2100         4                           606547131708992             
[2026-06-02 06:21:33.109919] GPU 0     0.965        0.470        0.260        1620         2100         4                           606547131708992             
[2026-06-02 06:21:33.160105] #Entity   SMACT        SMOCC        DRAMA        SMCLK        SMMAX        DVCCTR                      TAPCV                       
[2026-06-02 06:21:33.160243] ID                                                                                                                                 
[2026-06-02 06:21:33.162214] GPU 0     0.962        0.467        0.269        1635         2100         4                           606547131708992             
[2026-06-02 06:21:33.214108] GPU 0     0.963        0.480        0.269        1620         2100         4                           606547131708992             
[2026-06-02 06:21:33.266339] GPU 0     0.963        0.467        0.264        1620         2100         4                           606547131708992             
[2026-06-02 06:21:33.318503] GPU 0     0.959        0.472        0.290        1620         2100         4                           606547131708992             
[2026-06-02 06:21:33.370944] GPU 0     0.961        0.475        0.282        1620         2100         4                           606547131708992             
[2026-06-02 06:21:33.423342] GPU 0     0.959        0.472        0.286        1590         2100         4                           606547131708992             
[2026-06-02 06:21:33.475658] GPU 0     0.963        0.476        0.277        1620         2100         4                           606547131708992             
[2026-06-02 06:21:33.528093] GPU 0     0.963        0.476        0.277        1620         2100         4                           606547131708992             
[2026-06-02 06:21:33.580316] GPU 0     0.960        0.472        0.275        1620         2100         4                           606547131708992             
[2026-06-02 06:21:33.632401] GPU 0     0.966        0.478        0.261        1620         2100         4                           606547131708992             
[2026-06-02 06:21:33.684653] GPU 0     0.963        0.473        0.260        1620         2100         4                           606547131708992             
[2026-06-02 06:21:33.736789] GPU 0     0.961        0.478        0.280        1635         2100         4                           606547131708992             
[2026-06-02 06:21:33.789117] GPU 0     0.961        0.475        0.277        1635         2100         4                           606547131708992             
[2026-06-02 06:21:33.841307] GPU 0     0.959        0.475        0.291        1620         2100         4                           606547131708992             
[2026-06-02 06:21:33.891501] #Entity   SMACT        SMOCC        DRAMA        SMCLK        SMMAX        DVCCTR                      TAPCV                       
[2026-06-02 06:21:33.891638] ID                                                                                                                                 
[2026-06-02 06:21:33.893629] GPU 0     0.960        0.472        0.286        1620         2100         4                           606547131708992             
[2026-06-02 06:21:33.946001] GPU 0     0.959        0.474        0.292        1620         2100         4                           606547131708992             
[2026-06-02 06:21:33.998292] GPU 0     0.958        0.483        0.300        1620         2100         4                           606547131708992             
[2026-06-02 06:21:34.050579] GPU 0     0.963        0.461        0.258        1605         2100         4                           606547131708992             
[2026-06-02 06:21:34.102906] GPU 0     0.965        0.468        0.256        1620         2100         4                           606547131708992             
[2026-06-02 06:21:34.155196] GPU 0     0.965        0.468        0.256        1635         2100         4                           606547131708992             
[2026-06-02 06:21:34.207545] GPU 0     0.962        0.475        0.272        1635         2100         4                           606547131708992             
[2026-06-02 06:21:34.260005] GPU 0     0.962        0.484        0.283        1635         2100         4                           606547131708992             
[2026-06-02 06:21:34.312252] GPU 0     0.965        0.461        0.252        1620         2100         4                           606547131708992             
[2026-06-02 06:21:34.364690] GPU 0     0.964        0.474        0.266        1620         2100         4                           606547131708992             
[2026-06-02 06:21:34.416999] GPU 0     0.962        0.478        0.272        1620         2100         4                           606547131708992             
[2026-06-02 06:21:34.469288] GPU 0     0.959        0.474        0.293        1605         2100         4                           606547131708992             
[2026-06-02 06:21:34.521890] GPU 0     0.958        0.474        0.291        1620         2100         4                           606547131708992             
[2026-06-02 06:21:34.574293] GPU 0     0.961        0.467        0.286        1635         2100         4                           606547131708992             
[2026-06-02 06:21:34.624486] #Entity   SMACT        SMOCC        DRAMA        SMCLK        SMMAX        DVCCTR                      TAPCV                       
[2026-06-02 06:21:34.624627] ID                                                                                                                                 
[2026-06-02 06:21:34.626642] GPU 0     0.963        0.483        0.260        1620         2100         4                           606547131708992             
[2026-06-02 06:21:34.678996] GPU 0     0.961        0.477        0.278        1620         2100         4                           606547131708992             
[2026-06-02 06:21:34.731176] GPU 0     0.962        0.477        0.277        1635         2100         4                           606547131708992             
[2026-06-02 06:21:34.783716] GPU 0     0.962        0.461        0.257        1620         2100         4                           606547131708992             
[2026-06-02 06:21:34.835998] GPU 0     0.965        0.478        0.269        1620         2100         4                           606547131708992             
[2026-06-02 06:21:34.888241] GPU 0     0.962        0.477        0.276        1635         2100         4                           606547131708992             
[2026-06-02 06:21:34.940565] GPU 0     0.961        0.477        0.280        1635         2100         4                           606547131708992             
[2026-06-02 06:21:34.992930] GPU 0     0.959        0.473        0.290        1620         2100         4                           606547131708992             
[2026-06-02 06:21:35.045217] GPU 0     0.960        0.472        0.286        1620         2100         4                           606547131708992             
[2026-06-02 06:21:35.097429] GPU 0     0.959        0.474        0.292        1605         2100         4                           606547131708992             
[2026-06-02 06:21:35.149530] GPU 0     0.963        0.475        0.262        1620         2100         4                           606547131708992             
[2026-06-02 06:21:35.201758] GPU 0     0.964        0.466        0.274        1620         2100         4                           606547131708992             
[2026-06-02 06:21:35.254066] GPU 0     0.962        0.480        0.255        1620         2100         4                           606547131708992             
[2026-06-02 06:21:35.306196] GPU 0     0.965        0.470        0.265        1620         2100         4                           606547131708992             
[2026-06-02 06:21:35.356387] #Entity   SMACT        SMOCC        DRAMA        SMCLK        SMMAX        DVCCTR                      TAPCV                       
[2026-06-02 06:21:35.356520] ID                                                                                                                                 
[2026-06-02 06:21:35.358328] GPU 0     0.963        0.474        0.268        1620         2100         4                           606547131708992             
[2026-06-02 06:21:35.410610] GPU 0     0.962        0.476        0.276        1635         2100         4                           606547131708992             
[2026-06-02 06:21:35.462958] GPU 0     0.961        0.479        0.281        1635         2100         4                           606547131708992             
[2026-06-02 06:21:35.515232] GPU 0     0.962        0.466        0.272        1620         2100         4                           606547131708992             
[2026-06-02 06:21:35.567574] GPU 0     0.959        0.474        0.292        1620         2100         4                           606547131708992             
[2026-06-02 06:21:35.619896] GPU 0     0.959        0.474        0.292        1620         2100         4                           606547131708992             
[2026-06-02 06:21:35.672110] GPU 0     0.958        0.486        0.306        1620         2100         4                           606547131708992             
[2026-06-02 06:21:35.724326] GPU 0     0.962        0.465        0.267        1620         2100         4                           606547131708992             
[2026-06-02 06:21:35.776482] GPU 0     0.965        0.466        0.253        1620         2100         4                           606547131708992             
[2026-06-02 06:21:35.828665] GPU 0     0.966        0.477        0.266        1620         2100         4                           606547131708992             
[2026-06-02 06:21:35.880922] GPU 0     0.962        0.472        0.255        1620         2100         4                           606547131708992             
[2026-06-02 06:21:35.932985] GPU 0     0.964        0.474        0.265        1620         2100         4                           606547131708992             
[2026-06-02 06:21:35.984981] GPU 0     0.962        0.476        0.274        1620         2100         4                           606547131708992             
[2026-06-02 06:21:36.037177] GPU 0     0.963        0.464        0.278        1620         2100         4                           606547131708992             
[2026-06-02 06:21:36.087359] #Entity   SMACT        SMOCC        DRAMA        SMCLK        SMMAX        DVCCTR                      TAPCV                       
[2026-06-02 06:21:36.087480] ID                                                                                                                                 
[2026-06-02 06:21:36.089262] GPU 0     0.959        0.475        0.291        1605         2100         4                           606547131708992             
[2026-06-02 06:21:36.141335] GPU 0     0.960        0.470        0.288        1620         2100         4                           606547131708992             
[2026-06-02 06:21:36.193719] GPU 0     0.959        0.475        0.291        1605         2100         4                           606547131708992             
[2026-06-02 06:21:36.245965] GPU 0     0.956        0.495        0.302        1635         2100         4                           606547131708992             
[2026-06-02 06:21:36.298115] GPU 0     0.963        0.460        0.256        1635         2100         4                           606547131708992             
[2026-06-02 06:21:36.350448] GPU 0     0.965        0.470        0.256        1620         2100         4                           606547131708992             
[2026-06-02 06:21:36.402748] GPU 0     0.967        0.477        0.260        1620         2100         4                           606547131708992             
[2026-06-02 06:21:36.454840] GPU 0     0.962        0.473        0.259        1620         2100         4                           606547131708992             
[2026-06-02 06:21:36.507169] GPU 0     0.963        0.477        0.277        1605         2100         4                           606547131708992             
[2026-06-02 06:21:36.559399] GPU 0     0.964        0.473        0.265        1620         2100         4                           606547131708992             
[2026-06-02 06:21:36.611543] GPU 0     0.959        0.472        0.289        1620         2100         4                           606547131708992             
[2026-06-02 06:21:36.663821] GPU 0     0.959        0.474        0.292        1605         2100         4                           606547131708992             
[2026-06-02 06:21:36.716017] GPU 0     0.959        0.472        0.287        1620         2100         4                           606547131708992             
[2026-06-02 06:21:36.768293] GPU 0     0.957        0.486        0.306        1605         2100         4                           606547131708992             
[2026-06-02 06:21:36.818488] #Entity   SMACT        SMOCC        DRAMA        SMCLK        SMMAX        DVCCTR                      TAPCV                       
[2026-06-02 06:21:36.818632] ID                                                                                                                                 
[2026-06-02 06:21:36.820613] GPU 0     0.962        0.473        0.276        1620         2100         4                           606547131708992             
[2026-06-02 06:21:36.872962] GPU 0     0.966        0.468        0.260        1635         2100         4                           606547131708992             
[2026-06-02 06:21:36.925130] GPU 0     0.962        0.482        0.259        1635         2100         4                           606547131708992             
[2026-06-02 06:21:36.977502] GPU 0     0.962        0.482        0.259        1620         2100         4                           606547131708992             
[2026-06-02 06:21:37.029824] GPU 0     0.964        0.468        0.260        1620         2100         4                           606547131708992             
[2026-06-02 06:21:37.082109] GPU 0     0.963        0.472        0.265        1620         2100         4                           606547131708992             
[2026-06-02 06:21:37.134454] GPU 0     0.958        0.468        0.294        1620         2100         4                           606547131708992             
[2026-06-02 06:21:37.186787] GPU 0     0.960        0.474        0.290        1620         2100         4                           606547131708992             
[2026-06-02 06:21:37.239345] GPU 0     0.958        0.487        0.299        1620         2100         4                           606547131708992             
[2026-06-02 06:21:37.291654] GPU 0     0.959        0.475        0.292        1635         2100         4                           606547131708992             
[2026-06-02 06:21:37.343928] GPU 0     0.964        0.472        0.259        1620         2100         4                           606547131708992             
[2026-06-02 06:21:37.396123] GPU 0     0.963        0.476        0.274        1620         2100         4                           606547131708992             
[2026-06-02 06:21:37.448345] GPU 0     0.961        0.479        0.282        1620         2100         4                           606547131708992             
[2026-06-02 06:21:37.500690] GPU 0     0.963        0.462        0.259        1620         2100         4                           606547131708992             
[2026-06-02 06:21:37.550907] #Entity   SMACT        SMOCC        DRAMA        SMCLK        SMMAX        DVCCTR                      TAPCV                       
[2026-06-02 06:21:37.551049] ID                                                                                                                                 
[2026-06-02 06:21:37.553185] GPU 0     0.965        0.469        0.260        1635         2100         4                           606547131708992             
[2026-06-02 06:21:37.605510] GPU 0     0.967        0.471        0.261        1635         2100         4                           606547131708992             
[2026-06-02 06:21:37.657672] GPU 0     0.959        0.468        0.295        1620         2100         4                           606547131708992             
[2026-06-02 06:21:37.709914] GPU 0     0.960        0.474        0.289        1620         2100         4                           606547131708992             
[2026-06-02 06:21:37.762179] GPU 0     0.960        0.474        0.289        1620         2100         4                           606547131708992             
[2026-06-02 06:21:37.814332] GPU 0     0.954        0.484        0.312        1605         2100         4                           606547131708992             
[2026-06-02 06:21:37.866562] GPU 0     0.966        0.471        0.252        1635         2100         4                           606547131708992             
[2026-06-02 06:21:37.918749] GPU 0     0.961        0.479        0.282        1620         2100         4                           606547131708992             
[2026-06-02 06:21:37.970947] GPU 0     0.961        0.477        0.278        1635         2100         4                           606547131708992             
[2026-06-02 06:21:38.023242] GPU 0     0.963        0.466        0.260        1635         2100         4                           606547131708992             
[2026-06-02 06:21:38.075455] GPU 0     0.965        0.468        0.259        1620         2100         4                           606547131708992             
[2026-06-02 06:21:38.127646] GPU 0     0.962        0.480        0.279        1620         2100         4                           606547131708992             
[2026-06-02 06:21:38.179904] GPU 0     0.962        0.477        0.277        1620         2100         4                           606547131708992             
[2026-06-02 06:21:38.232199] GPU 0     0.964        0.467        0.254        1620         2100         4                           606547131708992             
[2026-06-02 06:21:38.282303] #Entity   SMACT        SMOCC        DRAMA        SMCLK        SMMAX        DVCCTR                      TAPCV                       
[2026-06-02 06:21:38.282453] ID                                                                                                                                 
[2026-06-02 06:21:38.284501] GPU 0     0.959        0.470        0.292        1605         2100         4                           606547131708992             
[2026-06-02 06:21:38.336824] GPU 0     0.960        0.468        0.295        1620         2100         4                           606547131708992             
[2026-06-02 06:21:38.389141] GPU 0     0.959        0.476        0.290        1605         2100         4                           606547131708992             
[2026-06-02 06:21:38.441437] GPU 0     0.962        0.482        0.273        1635         2100         4                           606547131708992             
[2026-06-02 06:21:38.493749] GPU 0     0.963        0.477        0.259        1620         2100         4                           606547131708992             
[2026-06-02 06:21:38.546073] GPU 0     0.963        0.472        0.268        1635         2100         4                           606547131708992             
[2026-06-02 06:21:38.598357] GPU 0     0.961        0.478        0.280        1620         2100         4                           606547131708992             
[2026-06-02 06:21:38.650692] GPU 0     0.962        0.471        0.269        1620         2100         4                           606547131708992             
[2026-06-02 06:21:38.702997] GPU 0     0.965        0.464        0.253        1635         2100         4                           606547131708992             
[2026-06-02 06:21:38.755271] GPU 0     0.963        0.478        0.275        1620         2100         4                           606547131708992             
[2026-06-02 06:21:38.807626] GPU 0     0.959        0.472        0.287        1620         2100         4                           606547131708992             
[2026-06-02 06:21:38.860372] GPU 0     0.959        0.474        0.292        1620         2100         4                           606547131708992             
[2026-06-02 06:21:38.912701] GPU 0     0.962        0.475        0.282        1605         2100         4                           606547131708992             
[2026-06-02 06:21:38.965050] GPU 0     0.962        0.476        0.255        1635         2100         4                           606547131708992             
[2026-06-02 06:21:39.015203] #Entity   SMACT        SMOCC        DRAMA        SMCLK        SMMAX        DVCCTR                      TAPCV                       
[2026-06-02 06:21:39.015342] ID                                                                                                                                 
[2026-06-02 06:21:39.017269] GPU 0     0.963        0.476        0.276        1635         2100         4                           606547131708992             
[2026-06-02 06:21:39.069606] GPU 0     0.962        0.476        0.275        1620         2100         4                           606547131708992             
[2026-06-02 06:21:39.121840] GPU 0     0.962        0.461        0.257        1620         2100         4                           606547131708992             
[2026-06-02 06:21:39.174155] GPU 0     0.966        0.478        0.267        1620         2100         4                           606547131708992             
[2026-06-02 06:21:39.226421] GPU 0     0.961        0.478        0.280        1620         2100         4                           606547131708992             
[2026-06-02 06:21:39.278743] GPU 0     0.964        0.463        0.269        1635         2100         4                           606547131708992             
[2026-06-02 06:21:39.331087] GPU 0     0.959        0.474        0.293        1620         2100         4                           606547131708992             
[2026-06-02 06:21:39.383429] GPU 0     0.959        0.470        0.290        1620         2100         4                           606547131708992             
[2026-06-02 06:21:39.435663] GPU 0     0.959        0.476        0.290        1590         2100         4                           606547131708992             
[2026-06-02 06:21:39.488013] GPU 0     0.962        0.482        0.258        1605         2100         4                           606547131708992             
[2026-06-02 06:21:39.540247] GPU 0     0.963        0.478        0.274        1620         2100         4                           606547131708992             
[2026-06-02 06:21:39.592596] GPU 0     0.961        0.478        0.281        1635         2100         4                           606547131708992             
[2026-06-02 06:21:39.644944] GPU 0     0.962        0.460        0.258        1620         2100         4                           606547131708992             
[2026-06-02 06:21:39.697192] GPU 0     0.965        0.476        0.266        1620         2100         4                           606547131708992             
[2026-06-02 06:21:39.747392] #Entity   SMACT        SMOCC        DRAMA        SMCLK        SMMAX        DVCCTR                      TAPCV                       
[2026-06-02 06:21:39.747534] ID                                                                                                                                 
[2026-06-02 06:21:39.749453] GPU 0     0.963        0.479        0.276        1635         2100         4                           606547131708992             
[2026-06-02 06:21:39.801768] GPU 0     0.961        0.476        0.277        1620         2100         4                           606547131708992             
[2026-06-02 06:21:39.854095] GPU 0     0.960        0.472        0.287        1620         2100         4                           606547131708992             
[2026-06-02 06:21:39.906322] GPU 0     0.959        0.475        0.293        1620         2100         4                           606547131708992             
[2026-06-02 06:21:39.958621] GPU 0     0.960        0.470        0.282        1575         2100         4                           606547131708992             
[2026-06-02 06:21:40.011107] GPU 0     0.963        0.474        0.273        1620         2100         4                           606547131708992             
[2026-06-02 06:21:40.063327] GPU 0     0.963        0.475        0.260        1620         2100         4                           606547131708992             
[2026-06-02 06:21:40.115550] GPU 0     0.964        0.472        0.265        1620         2100         4                           606547131708992             
[2026-06-02 06:21:40.167870] GPU 0     0.963        0.472        0.265        1620         2100         4                           606547131708992             
[2026-06-02 06:21:40.220166] GPU 0     0.961        0.478        0.280        1620         2100         4                           606547131708992             
[2026-06-02 06:21:40.272542] GPU 0     0.962        0.478        0.279        1635         2100         4                           606547131708992             
[2026-06-02 06:21:40.324878] GPU 0     0.963        0.471        0.263        1620         2100         4                           606547131708992             
[2026-06-02 06:21:40.377238] GPU 0     0.959        0.472        0.290        1620         2100         4                           606547131708992             
[2026-06-02 06:21:40.429600] GPU 0     0.959        0.473        0.287        1620         2100         4                           606547131708992             
[2026-06-02 06:21:40.479799] #Entity   SMACT        SMOCC        DRAMA        SMCLK        SMMAX        DVCCTR                      TAPCV                       
[2026-06-02 06:21:40.479941] ID                                                                                                                                 
[2026-06-02 06:21:40.481886] GPU 0     0.959        0.473        0.289        1620         2100         4                           606547131708992             
[2026-06-02 06:21:40.534212] GPU 0     0.957        0.486        0.305        1605         2100         4                           606547131708992             
[2026-06-02 06:21:40.586616] GPU 0     0.963        0.469        0.265        1620         2100         4                           606547131708992             
[2026-06-02 06:21:40.639041] GPU 0     0.964        0.459        0.252        1620         2100         4                           606547131708992             
[2026-06-02 06:21:40.691435] GPU 0     0.967        0.472        0.260        1635         2100         4                           606547131708992             
[2026-06-02 06:21:40.743886] GPU 0     0.964        0.484        0.257        1620         2100         4                           606547131708992             
[2026-06-02 06:21:40.796240] GPU 0     0.964        0.469        0.263        1620         2100         4                           606547131708992             
[2026-06-02 06:21:40.848563] GPU 0     0.961        0.479        0.282        1620         2100         4                           606547131708992             
[2026-06-02 06:21:40.900972] GPU 0     0.964        0.463        0.271        1620         2100         4                           606547131708992             
[2026-06-02 06:21:40.953318] GPU 0     0.959        0.470        0.289        1605         2100         4                           606547131708992             
[2026-06-02 06:21:41.005795] GPU 0     0.958        0.475        0.290        1620         2100         4                           606547131708992             
[2026-06-02 06:21:41.058098] GPU 0     0.957        0.470        0.289        1620         2100         4                           606547131708992             
[2026-06-02 06:21:41.110603] GPU 0     0.958        0.500        0.303        1605         2100         4                           606547131708992             
[2026-06-02 06:21:41.162959] GPU 0     0.965        0.458        0.251        1635         2100         4                           606547131708992             
[2026-06-02 06:21:41.213120] #Entity   SMACT        SMOCC        DRAMA        SMCLK        SMMAX        DVCCTR                      TAPCV                       
[2026-06-02 06:21:41.213262] ID                                                                                                                                 
[2026-06-02 06:21:41.215291] GPU 0     0.967        0.469        0.259        1620         2100         4                           606547131708992             
[2026-06-02 06:21:41.267630] GPU 0     0.963        0.477        0.263        1620         2100         4                           606547131708992             
[2026-06-02 06:21:41.319934] GPU 0     0.963        0.475        0.257        1605         2100         4                           606547131708992             
[2026-06-02 06:21:41.372269] GPU 0     0.961        0.479        0.280        1620         2100         4                           606547131708992             
[2026-06-02 06:21:41.424577] GPU 0     0.962        0.475        0.272        1635         2100         4                           606547131708992             
[2026-06-02 06:21:41.476964] GPU 0     0.959        0.472        0.290        1605         2100         4                           606547131708992             
[2026-06-02 06:21:41.529335] GPU 0     0.959        0.473        0.288        1620         2100         4                           606547131708992             
[2026-06-02 06:21:41.581627] GPU 0     0.960        0.472        0.287        1620         2100         4                           606547131708992             
[2026-06-02 06:21:41.633940] GPU 0     0.957        0.486        0.305        1620         2100         4                           606547131708992             
[2026-06-02 06:21:41.686276] GPU 0     0.963        0.456        0.253        1635         2100         4                           606547131708992             
[2026-06-02 06:21:41.738589] GPU 0     0.965        0.477        0.264        1635         2100         4                           606547131708992             
[2026-06-02 06:21:41.790890] GPU 0     0.966        0.472        0.262        1620         2100         4                           606547131708992             
[2026-06-02 06:21:41.843214] GPU 0     0.963        0.472        0.250        1620         2100         4                           606547131708992             
[2026-06-02 06:21:41.895558] GPU 0     0.963        0.472        0.266        1620         2100         4                           606547131708992             
[2026-06-02 06:21:41.945762] #Entity   SMACT        SMOCC        DRAMA        SMCLK        SMMAX        DVCCTR                      TAPCV                       
[2026-06-02 06:21:41.945905] ID                                                                                                                                 
[2026-06-02 06:21:41.947909] GPU 0     0.962        0.480        0.279        1620         2100         4                           606547131708992             
[2026-06-02 06:21:42.000289] GPU 0     0.964        0.464        0.277        1635         2100         4                           606547131708992             
[2026-06-02 06:21:42.052551] GPU 0     0.955        0.473        0.292        1605         2100         4                           606547131708992             
[2026-06-02 06:21:42.104953] GPU 0     0.960        0.476        0.290        1620         2100         4                           606547131708992             
[2026-06-02 06:21:42.157290] GPU 0     0.960        0.473        0.288        1605         2100         4                           606547131708992             
[2026-06-02 06:21:42.209599] GPU 0     0.960        0.494        0.295        1620         2100         4                           606547131708992             
[2026-06-02 06:21:42.261959] GPU 0     0.962        0.459        0.259        1620         2100         4                           606547131708992             
[2026-06-02 06:21:42.314235] GPU 0     0.966        0.469        0.256        1620         2100         4                           606547131708992             
[2026-06-02 06:21:42.366540] GPU 0     0.966        0.480        0.268        1620         2100         4                           606547131708992             
[2026-06-02 06:21:42.418888] GPU 0     0.962        0.470        0.254        1620         2100         4                           606547131708992             
[2026-06-02 06:21:42.471646] GPU 0     0.964        0.478        0.271        1620         2100         4                           606547131708992             
[2026-06-02 06:21:42.523985] GPU 0     0.962        0.477        0.277        1620         2100         4                           606547131708992             
[2026-06-02 06:21:42.576266] GPU 0     0.959        0.472        0.290        1620         2100         4                           606547131708992             
[2026-06-02 06:21:42.628594] GPU 0     0.958        0.474        0.291        1605         2100         4                           606547131708992             
[2026-06-02 06:21:42.678793] #Entity   SMACT        SMOCC        DRAMA        SMCLK        SMMAX        DVCCTR                      TAPCV                       
[2026-06-02 06:21:42.678933] ID                                                                                                                                 
[2026-06-02 06:21:42.680892] GPU 0     0.960        0.472        0.286        1620         2100         4                           606547131708992             
[2026-06-02 06:21:42.733047] GPU 0     0.957        0.486        0.306        1605         2100         4                           606547131708992             
[2026-06-02 06:21:42.785346] GPU 0     0.963        0.454        0.250        1620         2100         4                           606547131708992             
[2026-06-02 06:21:42.837762] GPU 0     0.965        0.479        0.266        1635         2100         4                           606547131708992             
[2026-06-02 06:21:42.890120] GPU 0     0.966        0.473        0.263        1605         2100         4                           606547131708992             
[2026-06-02 06:21:42.942512] GPU 0     0.963        0.475        0.252        1620         2100         4                           606547131708992             
[2026-06-02 06:21:42.994787] GPU 0     0.963        0.475        0.276        1635         2100         4                           606547131708992             
[2026-06-02 06:21:43.047150] GPU 0     0.961        0.479        0.282        1620         2100         4                           606547131708992             
[2026-06-02 06:21:43.099298] GPU 0     0.965        0.466        0.255        1620         2100         4                           606547131708992             
[2026-06-02 06:21:43.151671] GPU 0     0.960        0.468        0.293        1620         2100         4                           606547131708992             
[2026-06-02 06:21:43.204056] GPU 0     0.959        0.475        0.288        1620         2100         4                           606547131708992             
[2026-06-02 06:21:43.256390] GPU 0     0.959        0.474        0.290        1620         2100         4                           606547131708992             
[2026-06-02 06:21:43.308767] GPU 0     0.956        0.488        0.309        1605         2100         4                           606547131708992             
[2026-06-02 06:21:43.361289] GPU 0     0.964        0.462        0.250        1620         2100         4                           606547131708992             
[2026-06-02 06:21:43.411437] #Entity   SMACT        SMOCC        DRAMA        SMCLK        SMMAX        DVCCTR                      TAPCV                       
[2026-06-02 06:21:43.411571] ID                                                                                                                                 
[2026-06-02 06:21:43.413527] GPU 0     0.966        0.469        0.259        1620         2100         4                           606547131708992             
[2026-06-02 06:21:43.465964] GPU 0     0.963        0.484        0.258        1620         2100         4                           606547131708992             
[2026-06-02 06:21:43.518255] GPU 0     0.963        0.472        0.268        1620         2100         4                           606547131708992             
[2026-06-02 06:21:43.570605] GPU 0     0.962        0.478        0.278        1620         2100         4                           606547131708992             
[2026-06-02 06:21:43.622973] GPU 0     0.963        0.473        0.268        1620         2100         4                           606547131708992             
[2026-06-02 06:21:43.675584] GPU 0     0.959        0.472        0.290        1605         2100         4                           606547131708992             
[2026-06-02 06:21:43.727899] GPU 0     0.958        0.474        0.291        1620         2100         4                           606547131708992             
[2026-06-02 06:21:43.780279] GPU 0     0.962        0.467        0.272        1620         2100         4                           606547131708992             
[2026-06-02 06:21:43.832628] GPU 0     0.958        0.486        0.306        1620         2100         4                           606547131708992             
[2026-06-02 06:21:43.885011] GPU 0     0.961        0.478        0.281        1620         2100         4                           606547131708992             
[2026-06-02 06:21:43.937336] GPU 0     0.963        0.460        0.257        1620         2100         4                           606547131708992             
[2026-06-02 06:21:43.989653] GPU 0     0.965        0.468        0.255        1620         2100         4                           606547131708992             
[2026-06-02 06:21:44.042036] GPU 0     0.967        0.477        0.262        1635         2100         4                           606547131708992             
[2026-06-02 06:21:44.094410] GPU 0     0.962        0.473        0.258        1605         2100         4                           606547131708992             
[2026-06-02 06:21:44.144565] #Entity   SMACT        SMOCC        DRAMA        SMCLK        SMMAX        DVCCTR                      TAPCV                       
[2026-06-02 06:21:44.144708] ID                                                                                                                                 
[2026-06-02 06:21:44.146747] GPU 0     0.963        0.478        0.277        1620         2100         4                           606547131708992             
[2026-06-02 06:21:44.199125] GPU 0     0.962        0.460        0.275        1605         2100         4                           606547131708992             
[2026-06-02 06:21:44.251450] GPU 0     0.956        0.475        0.296        1620         2100         4                           606547131708992             
[2026-06-02 06:21:44.303664] GPU 0     0.959        0.470        0.286        1620         2100         4                           606547131708992             
[2026-06-02 06:21:44.356036] GPU 0     0.959        0.480        0.296        1620         2100         4                           606547131708992             
[2026-06-02 06:21:44.408366] GPU 0     0.964        0.487        0.276        1620         2100         4                           606547131708992             
[2026-06-02 06:21:44.460688] GPU 0     0.961        0.480        0.283        1620         2100         4                           606547131708992             
[2026-06-02 06:21:44.512957] GPU 0     0.963        0.457        0.256        1620         2100         4                           606547131708992             
[2026-06-02 06:21:44.565308] GPU 0     0.965        0.476        0.262        1635         2100         4                           606547131708992             
[2026-06-02 06:21:44.617607] GPU 0     0.966        0.473        0.263        1605         2100         4                           606547131708992             
[2026-06-02 06:21:44.669942] GPU 0     0.963        0.471        0.251        1620         2100         4                           606547131708992             
[2026-06-02 06:21:44.722214] GPU 0     0.964        0.476        0.268        1635         2100         4                           606547131708992             
[2026-06-02 06:21:44.774430] GPU 0     0.959        0.472        0.290        1620         2100         4                           606547131708992             
[2026-06-02 06:21:44.826764] GPU 0     0.959        0.473        0.288        1620         2100         4                           606547131708992             
[2026-06-02 06:21:44.876880] #Entity   SMACT        SMOCC        DRAMA        SMCLK        SMMAX        DVCCTR                      TAPCV                       
[2026-06-02 06:21:44.877056] ID                                                                                                                                 
[2026-06-02 06:21:44.879093] GPU 0     0.959        0.474        0.293        1590         2100         4                           606547131708992             
[2026-06-02 06:21:44.931412] GPU 0     0.957        0.486        0.305        1620         2100         4                           606547131708992             
[2026-06-02 06:21:44.983643] GPU 0     0.962        0.478        0.279        1635         2100         4                           606547131708992             
[2026-06-02 06:21:45.036079] GPU 0     0.963        0.468        0.267        1620         2100         4                           606547131708992             
[2026-06-02 06:21:45.088494] GPU 0     0.965        0.464        0.250        1620         2100         4                           606547131708992             
[2026-06-02 06:21:45.140907] GPU 0     0.966        0.472        0.263        1620         2100         4                           606547131708992             
[2026-06-02 06:21:45.193269] GPU 0     0.962        0.479        0.257        1620         2100         4                           606547131708992             
[2026-06-02 06:21:45.245567] GPU 0     0.963        0.473        0.267        1620         2100         4                           606547131708992             
[2026-06-02 06:21:45.297926] GPU 0     0.959        0.477        0.291        1620         2100         4                           606547131708992             
[2026-06-02 06:21:45.350222] GPU 0     0.961        0.468        0.275        1605         2100         4                           606547131708992             
[2026-06-02 06:21:45.402666] GPU 0     0.959        0.474        0.290        1620         2100         4                           606547131708992             
[2026-06-02 06:21:45.454823] GPU 0     0.960        0.472        0.285        1620         2100         4                           606547131708992             
[2026-06-02 06:21:45.507374] GPU 0     0.960        0.487        0.288        1590         2100         4                           606547131708992             
[2026-06-02 06:21:45.559794] GPU 0     0.962        0.464        0.263        1620         2100         4                           606547131708992             
[2026-06-02 06:21:45.609896] #Entity   SMACT        SMOCC        DRAMA        SMCLK        SMMAX        DVCCTR                      TAPCV                       
[2026-06-02 06:21:45.610032] ID                                                                                                                                 
[2026-06-02 06:21:45.612071] GPU 0     0.965        0.476        0.263        1635         2100         4                           606547131708992             
[2026-06-02 06:21:45.664610] GPU 0     0.963        0.476        0.274        1620         2100         4                           606547131708992             
[2026-06-02 06:21:45.716962] GPU 0     0.961        0.479        0.282        1620         2100         4                           606547131708992             
[2026-06-02 06:21:45.769570] GPU 0     0.963        0.455        0.252        1605         2100         4                           606547131708992             
[2026-06-02 06:21:45.822014] GPU 0     0.965        0.475        0.260        1620         2100         4                           606547131708992             
[2026-06-02 06:21:45.874501] GPU 0     0.959        0.470        0.288        1620         2100         4                           606547131708992             
[2026-06-02 06:21:45.926777] GPU 0     0.959        0.473        0.289        1605         2100         4                           606547131708992             
[2026-06-02 06:21:45.979188] GPU 0     0.959        0.476        0.293        1605         2100         4                           606547131708992             
[2026-06-02 06:21:46.031634] GPU 0     0.960        0.493        0.291        1620         2100         4                           606547131708992             
[2026-06-02 06:21:46.083845] GPU 0     0.963        0.474        0.270        1620         2100         4                           606547131708992             
[2026-06-02 06:21:46.135954] GPU 0     0.963        0.459        0.253        1635         2100         4                           606547131708992             
[2026-06-02 06:21:46.188330] GPU 0     0.965        0.478        0.268        1620         2100         4                           606547131708992             
[2026-06-02 06:21:46.240993] GPU 0     0.961        0.479        0.281        1620         2100         4                           606547131708992             
[2026-06-02 06:21:46.293240] GPU 0     0.962        0.477        0.276        1605         2100         4                           606547131708992             
[2026-06-02 06:21:46.343419] #Entity   SMACT        SMOCC        DRAMA        SMCLK        SMMAX        DVCCTR                      TAPCV                       
[2026-06-02 06:21:46.343528] ID                                                                                                                                 
[2026-06-02 06:21:46.345581] GPU 0     0.964        0.458        0.249        1605         2100         4                           606547131708992             
[2026-06-02 06:21:46.397625] GPU 0     0.963        0.479        0.272        1605         2100         4                           606547131708992             
[2026-06-02 06:21:46.449556] GPU 0     0.959        0.472        0.287        1620         2100         4                           606547131708992             
[2026-06-02 06:21:46.501545] GPU 0     0.959        0.474        0.292        1620         2100         4                           606547131708992             
[2026-06-02 06:21:46.553710] GPU 0     0.960        0.466        0.275        1605         2100         4                           606547131708992             
[2026-06-02 06:21:46.605926] GPU 0     0.908        0.261        0.511        1740         2100         4                           606547131708992             
[2026-06-02 06:21:46.657782] GPU 0     0.908        0.466        0.761        1590         2100         4                           606547131708992             
[2026-06-02 06:21:46.710205] GPU 0     0.936        0.519        0.695        1575         2100         4                           606547131708992             
[2026-06-02 06:21:46.762255] GPU 0     0.917        0.663        0.609        1620         2100         4                           606547131708992             
[2026-06-02 06:21:46.814562] GPU 0     0.885        0.505        0.605        1605         2100         4                           606547131708992             
[2026-06-02 06:21:46.866567] GPU 0     0.916        0.630        0.695        1680         2100         4                           606547131708992             
[2026-06-02 06:21:46.918205] GPU 0     0.840        0.573        0.625        1710         2100         4                           606547131708992             
[2026-06-02 06:21:46.970410] GPU 0     0.000        0.000        0.000        1830         2100         4                           606547131708992             
[2026-06-02 06:21:47.022682] GPU 0     0.018        0.003        0.064        1920         2100         4                           606547131708992             
[2026-06-02 06:21:47.072833] #Entity   SMACT        SMOCC        DRAMA        SMCLK        SMMAX        DVCCTR                      TAPCV                       
[2026-06-02 06:21:47.072994] ID                                                                                                                                 
[2026-06-02 06:21:47.074956] GPU 0     0.328        0.129        0.231        1920         2100         4                           606547131708992             
[2026-06-02 06:21:47.127272] GPU 0     0.962        0.487        0.360        1710         2100         4                           606547131708992             
[2026-06-02 06:21:47.179673] GPU 0     0.961        0.469        0.320        1590         2100         4                           606547131708992             
[2026-06-02 06:21:47.232051] GPU 0     0.964        0.466        0.255        1605         2100         4                           606547131708992             
[2026-06-02 06:21:47.284369] GPU 0     0.967        0.473        0.259        1620         2100         4                           606547131708992             
[2026-06-02 06:21:47.336758] GPU 0     0.963        0.478        0.259        1620         2100         4                           606547131708992             
[2026-06-02 06:21:47.389147] GPU 0     0.963        0.469        0.260        1620         2100         4                           606547131708992             
[2026-06-02 06:21:47.441395] GPU 0     0.959        0.472        0.294        1620         2100         4                           606547131708992             
[2026-06-02 06:21:47.493770] GPU 0     0.959        0.475        0.290        1620         2100         4                           606547131708992             
[2026-06-02 06:21:47.546099] GPU 0     0.958        0.468        0.289        1605         2100         4                           606547131708992             
[2026-06-02 06:21:47.598498] GPU 0     0.960        0.475        0.290        1620         2100         4                           606547131708992             
[2026-06-02 06:21:47.650847] GPU 0     0.947        0.486        0.284        1635         2100         4                           606547131708992             
[2026-06-02 06:21:47.703233] GPU 0     0.961        0.477        0.276        1620         2100         4                           606547131708992             
[2026-06-02 06:21:47.755603] GPU 0     0.964        0.456        0.251        1620         2100         4                           606547131708992             
[2026-06-02 06:21:47.805723] #Entity   SMACT        SMOCC        DRAMA        SMCLK        SMMAX        DVCCTR                      TAPCV                       
[2026-06-02 06:21:47.805865] ID                                                                                                                                 
[2026-06-02 06:21:47.807917] GPU 0     0.968        0.472        0.260        1620         2100         4                           606547131708992             
[2026-06-02 06:21:47.860261] GPU 0     0.963        0.478        0.261        1620         2100         4                           606547131708992             
[2026-06-02 06:21:47.912664] GPU 0     0.964        0.474        0.260        1620         2100         4                           606547131708992             
[2026-06-02 06:21:47.964937] GPU 0     0.961        0.478        0.280        1605         2100         4                           606547131708992             
[2026-06-02 06:21:48.017190] GPU 0     0.959        0.470        0.283        1620         2100         4                           606547131708992             
[2026-06-02 06:21:48.069483] GPU 0     0.959        0.474        0.293        1620         2100         4                           606547131708992             
[2026-06-02 06:21:48.121856] GPU 0     0.961        0.468        0.285        1620         2100         4                           606547131708992             
[2026-06-02 06:21:48.174308] GPU 0     0.958        0.487        0.291        1620         2100         4                           606547131708992             
[2026-06-02 06:21:48.226639] GPU 0     0.962        0.477        0.277        1620         2100         4                           606547131708992             
[2026-06-02 06:21:48.279077] GPU 0     0.963        0.461        0.253        1605         2100         4                           606547131708992             
[2026-06-02 06:21:48.331403] GPU 0     0.965        0.474        0.263        1620         2100         4                           606547131708992             
[2026-06-02 06:21:48.383800] GPU 0     0.961        0.480        0.283        1620         2100         4                           606547131708992             
[2026-06-02 06:21:48.436116] GPU 0     0.961        0.477        0.278        1620         2100         4                           606547131708992             
[2026-06-02 06:21:48.488466] GPU 0     0.963        0.467        0.261        1620         2100         4                           606547131708992             
[2026-06-02 06:21:48.538569] #Entity   SMACT        SMOCC        DRAMA        SMCLK        SMMAX        DVCCTR                      TAPCV                       
[2026-06-02 06:21:48.538711] ID                                                                                                                                 
[2026-06-02 06:21:48.540506] GPU 0     0.965        0.466        0.249        1620         2100         4                           606547131708992             
[2026-06-02 06:21:48.593042] GPU 0     0.958        0.474        0.293        1620         2100         4                           606547131708992             
[2026-06-02 06:21:48.645879] GPU 0     0.959        0.472        0.286        1605         2100         4                           606547131708992             
[2026-06-02 06:21:48.698350] GPU 0     0.959        0.475        0.292        1620         2100         4                           606547131708992             
[2026-06-02 06:21:48.750504] GPU 0     0.960        0.489        0.293        1620         2100         4                           606547131708992             
[2026-06-02 06:21:48.802784] GPU 0     0.962        0.471        0.270        1605         2100         4                           606547131708992             
[2026-06-02 06:21:48.855203] GPU 0     0.965        0.465        0.250        1620         2100         4                           606547131708992             
[2026-06-02 06:21:48.907584] GPU 0     0.962        0.480        0.283        1635         2100         4                           606547131708992             
[2026-06-02 06:21:48.959994] GPU 0     0.961        0.477        0.277        1620         2100         4                           606547131708992             
[2026-06-02 06:21:49.012410] GPU 0     0.965        0.457        0.250        1620         2100         4                           606547131708992             
[2026-06-02 06:21:49.064622] GPU 0     0.968        0.471        0.259        1620         2100         4                           606547131708992             
[2026-06-02 06:21:49.117058] GPU 0     0.956        0.475        0.291        1620         2100         4                           606547131708992             
[2026-06-02 06:21:49.169362] GPU 0     0.959        0.474        0.292        1605         2100         4                           606547131708992             
[2026-06-02 06:21:49.221780] GPU 0     0.958        0.473        0.290        1620         2100         4                           606547131708992             
[2026-06-02 06:21:49.271981] #Entity   SMACT        SMOCC        DRAMA        SMCLK        SMMAX        DVCCTR                      TAPCV                       
[2026-06-02 06:21:49.272125] ID                                                                                                                                 
[2026-06-02 06:21:49.274092] GPU 0     0.961        0.493        0.291        1620         2100         4                           606547131708992             
[2026-06-02 06:21:49.326452] GPU 0     0.962        0.460        0.258        1620         2100         4                           606547131708992             
[2026-06-02 06:21:49.378783] GPU 0     0.966        0.478        0.264        1620         2100         4                           606547131708992             
[2026-06-02 06:21:49.431215] GPU 0     0.962        0.479        0.280        1620         2100         4                           606547131708992             
[2026-06-02 06:21:49.483641] GPU 0     0.961        0.475        0.279        1620         2100         4                           606547131708992             
[2026-06-02 06:21:49.536041] GPU 0     0.965        0.461        0.250        1620         2100         4                           606547131708992             
[2026-06-02 06:21:49.588394] GPU 0     0.963        0.475        0.267        1620         2100         4                           606547131708992             
[2026-06-02 06:21:49.640949] GPU 0     0.961        0.481        0.279        1605         2100         4                           606547131708992             
[2026-06-02 06:21:49.693450] GPU 0     0.959        0.474        0.290        1620         2100         4                           606547131708992             
[2026-06-02 06:21:49.745855] GPU 0     0.959        0.473        0.287        1605         2100         4                           606547131708992             
[2026-06-02 06:21:49.798748] GPU 0     0.959        0.475        0.292        1620         2100         4                           606547131708992             
[2026-06-02 06:21:49.851211] GPU 0     0.963        0.472        0.265        1620         2100         4                           606547131708992             
[2026-06-02 06:21:49.903767] GPU 0     0.964        0.473        0.267        1620         2100         4                           606547131708992             
[2026-06-02 06:21:49.956036] GPU 0     0.962        0.479        0.276        1605         2100         4                           606547131708992             
[2026-06-02 06:21:50.006185] #Entity   SMACT        SMOCC        DRAMA        SMCLK        SMMAX        DVCCTR                      TAPCV                       
[2026-06-02 06:21:50.006324] ID                                                                                                                                 
[2026-06-02 06:21:50.008601] GPU 0     0.963        0.474        0.268        1620         2100         4                           606547131708992             
[2026-06-02 06:21:50.061181] GPU 0     0.962        0.475        0.273        1635         2100         4                           606547131708992             
[2026-06-02 06:21:50.113486] GPU 0     0.962        0.463        0.263        1620         2100         4                           606547131708992             
[2026-06-02 06:21:50.165797] GPU 0     0.965        0.470        0.255        1620         2100         4                           606547131708992             
[2026-06-02 06:21:50.218318] GPU 0     0.958        0.471        0.293        1605         2100         4                           606547131708992             
[2026-06-02 06:21:50.270712] GPU 0     0.958        0.474        0.292        1605         2100         4                           606547131708992             
[2026-06-02 06:21:50.323363] GPU 0     0.959        0.473        0.288        1620         2100         4                           606547131708992             
[2026-06-02 06:21:50.375752] GPU 0     0.963        0.492        0.281        1620         2100         4                           606547131708992             
[2026-06-02 06:21:50.428301] GPU 0     0.961        0.479        0.282        1605         2100         4                           606547131708992             
[2026-06-02 06:21:50.480664] GPU 0     0.963        0.460        0.252        1605         2100         4                           606547131708992             
[2026-06-02 06:21:50.533156] GPU 0     0.966        0.474        0.262        1620         2100         4                           606547131708992             
[2026-06-02 06:21:50.585571] GPU 0     0.961        0.480        0.282        1635         2100         4                           606547131708992             
[2026-06-02 06:21:50.638117] GPU 0     0.961        0.477        0.278        1635         2100         4                           606547131708992             
[2026-06-02 06:21:50.690464] GPU 0     0.965        0.463        0.246        1620         2100         4                           606547131708992             
[2026-06-02 06:21:50.740565] #Entity   SMACT        SMOCC        DRAMA        SMCLK        SMMAX        DVCCTR                      TAPCV                       
[2026-06-02 06:21:50.740709] ID                                                                                                                                 
[2026-06-02 06:21:50.742951] GPU 0     0.959        0.473        0.290        1620         2100         4                           606547131708992             
[2026-06-02 06:21:50.795441] GPU 0     0.959        0.477        0.292        1620         2100         4                           606547131708992             
[2026-06-02 06:21:50.847817] GPU 0     0.959        0.476        0.292        1620         2100         4                           606547131708992             
[2026-06-02 06:21:50.900423] GPU 0     0.962        0.482        0.283        1605         2100         4                           606547131708992             
[2026-06-02 06:21:50.952972] GPU 0     0.962        0.478        0.277        1605         2100         4                           606547131708992             
[2026-06-02 06:21:51.005271] GPU 0     0.965        0.464        0.252        1620         2100         4                           606547131708992             
[2026-06-02 06:21:51.057558] GPU 0     0.964        0.474        0.271        1635         2100         4                           606547131708992             
[2026-06-02 06:21:51.109989] GPU 0     0.962        0.477        0.277        1620         2100         4                           606547131708992             
[2026-06-02 06:21:51.162420] GPU 0     0.962        0.470        0.272        1620         2100         4                           606547131708992             
[2026-06-02 06:21:51.214793] GPU 0     0.963        0.467        0.261        1635         2100         4                           606547131708992             
[2026-06-02 06:21:51.267109] GPU 0     0.959        0.477        0.293        1605         2100         4                           606547131708992             
[2026-06-02 06:21:51.319510] GPU 0     0.959        0.471        0.287        1620         2100         4                           606547131708992             
[2026-06-02 06:21:51.371884] GPU 0     0.959        0.478        0.296        1620         2100         4                           606547131708992             
[2026-06-02 06:21:51.424264] GPU 0     0.964        0.480        0.266        1620         2100         4                           606547131708992             
[2026-06-02 06:21:51.474402] #Entity   SMACT        SMOCC        DRAMA        SMCLK        SMMAX        DVCCTR                      TAPCV                       
[2026-06-02 06:21:51.474544] ID                                                                                                                                 
[2026-06-02 06:21:51.476613] GPU 0     0.961        0.479        0.282        1620         2100         4                           606547131708992             
[2026-06-02 06:21:51.528982] GPU 0     0.963        0.461        0.257        1620         2100         4                           606547131708992             
[2026-06-02 06:21:51.581294] GPU 0     0.966        0.476        0.261        1620         2100         4                           606547131708992             
[2026-06-02 06:21:51.633693] GPU 0     0.961        0.479        0.282        1620         2100         4                           606547131708992             
[2026-06-02 06:21:51.686047] GPU 0     0.962        0.475        0.272        1620         2100         4                           606547131708992             
[2026-06-02 06:21:51.738281] GPU 0     0.963        0.474        0.270        1635         2100         4                           606547131708992             
[2026-06-02 06:21:51.790718] GPU 0     0.965        0.459        0.246        1620         2100         4                           606547131708992             
[2026-06-02 06:21:51.843047] GPU 0     0.959        0.476        0.291        1620         2100         4                           606547131708992             
[2026-06-02 06:21:51.895351] GPU 0     0.959        0.476        0.291        1605         2100         4                           606547131708992             
[2026-06-02 06:21:51.947679] GPU 0     0.959        0.468        0.287        1605         2100         4                           606547131708992             
[2026-06-02 06:21:51.999861] GPU 0     0.962        0.490        0.289        1620         2100         4                           606547131708992             
[2026-06-02 06:21:52.052183] GPU 0     0.962        0.477        0.276        1635         2100         4                           606547131708992             
[2026-06-02 06:21:52.104466] GPU 0     0.965        0.462        0.251        1620         2100         4                           606547131708992             
[2026-06-02 06:21:52.156780] GPU 0     0.963        0.476        0.272        1620         2100         4                           606547131708992             
[2026-06-02 06:21:52.206913] #Entity   SMACT        SMOCC        DRAMA        SMCLK        SMMAX        DVCCTR                      TAPCV                       
[2026-06-02 06:21:52.206987] ID                                                                                                                                 
[2026-06-02 06:21:52.209190] GPU 0     0.962        0.477        0.277        1620         2100         4                           606547131708992             
[2026-06-02 06:21:52.261582] GPU 0     0.962        0.469        0.271        1620         2100         4                           606547131708992             
[2026-06-02 06:21:52.313945] GPU 0     0.965        0.467        0.253        1635         2100         4                           606547131708992             
[2026-06-02 06:21:52.366364] GPU 0     0.958        0.468        0.290        1620         2100         4                           606547131708992             
[2026-06-02 06:21:52.418722] GPU 0     0.960        0.475        0.291        1620         2100         4                           606547131708992             
[2026-06-02 06:21:52.470998] GPU 0     0.960        0.476        0.289        1605         2100         4                           606547131708992             
[2026-06-02 06:21:52.523354] GPU 0     0.962        0.490        0.282        1620         2100         4                           606547131708992             
[2026-06-02 06:21:52.575686] GPU 0     0.961        0.471        0.271        1620         2100         4                           606547131708992             
[2026-06-02 06:21:52.628061] GPU 0     0.965        0.468        0.257        1620         2100         4                           606547131708992             
[2026-06-02 06:21:52.680298] GPU 0     0.963        0.477        0.273        1620         2100         4                           606547131708992             
[2026-06-02 06:21:52.732627] GPU 0     0.961        0.480        0.283        1620         2100         4                           606547131708992             
[2026-06-02 06:21:52.784999] GPU 0     0.963        0.464        0.263        1620         2100         4                           606547131708992             
[2026-06-02 06:21:52.837322] GPU 0     0.965        0.468        0.258        1620         2100         4                           606547131708992             
[2026-06-02 06:21:52.889742] GPU 0     0.963        0.480        0.273        1620         2100         4                           606547131708992             
[2026-06-02 06:21:52.939942] #Entity   SMACT        SMOCC        DRAMA        SMCLK        SMMAX        DVCCTR                      TAPCV                       
[2026-06-02 06:21:52.940084] ID                                                                                                                                 
[2026-06-02 06:21:52.942017] GPU 0     0.959        0.474        0.291        1605         2100         4                           606547131708992             
[2026-06-02 06:21:52.994253] GPU 0     0.959        0.472        0.286        1620         2100         4                           606547131708992             
[2026-06-02 06:21:53.046660] GPU 0     0.959        0.475        0.292        1620         2100         4                           606547131708992             
[2026-06-02 06:21:53.099006] GPU 0     0.961        0.486        0.285        1590         2100         4                           606547131708992             
[2026-06-02 06:21:53.151137] GPU 0     0.963        0.459        0.253        1605         2100         4                           606547131708992             
[2026-06-02 06:21:53.203487] GPU 0     0.965        0.479        0.268        1635         2100         4                           606547131708992             
[2026-06-02 06:21:53.255871] GPU 0     0.961        0.479        0.281        1620         2100         4                           606547131708992             
[2026-06-02 06:21:53.308378] GPU 0     0.963        0.475        0.271        1620         2100         4                           606547131708992             
[2026-06-02 06:21:53.360714] GPU 0     0.963        0.456        0.255        1620         2100         4                           606547131708992             
[2026-06-02 06:21:53.413343] GPU 0     0.965        0.473        0.260        1590         2100         4                           606547131708992             
[2026-06-02 06:21:53.465716] GPU 0     0.959        0.473        0.288        1605         2100         4                           606547131708992             
[2026-06-02 06:21:53.518124] GPU 0     0.959        0.474        0.289        1605         2100         4                           606547131708992             
[2026-06-02 06:21:53.570312] GPU 0     0.957        0.476        0.297        1620         2100         4                           606547131708992             
[2026-06-02 06:21:53.622640] GPU 0     0.964        0.488        0.275        1620         2100         4                           606547131708992             
[2026-06-02 06:21:53.672843] #Entity   SMACT        SMOCC        DRAMA        SMCLK        SMMAX        DVCCTR                      TAPCV                       
[2026-06-02 06:21:53.672986] ID                                                                                                                                 
[2026-06-02 06:21:53.674973] GPU 0     0.961        0.478        0.280        1620         2100         4                           606547131708992             
[2026-06-02 06:21:53.727326] GPU 0     0.963        0.465        0.259        1605         2100         4                           606547131708992             
[2026-06-02 06:21:53.779723] GPU 0     0.965        0.470        0.257        1620         2100         4                           606547131708992             
[2026-06-02 06:21:53.832079] GPU 0     0.962        0.480        0.281        1635         2100         4                           606547131708992             
[2026-06-02 06:21:53.884481] GPU 0     0.962        0.474        0.271        1620         2100         4                           606547131708992             
[2026-06-02 06:21:53.936814] GPU 0     0.965        0.469        0.257        1620         2100         4                           606547131708992             
[2026-06-02 06:21:53.989061] GPU 0     0.963        0.465        0.278        1620         2100         4                           606547131708992             
[2026-06-02 06:21:54.041416] GPU 0     0.954        0.470        0.294        1605         2100         4                           606547131708992             
[2026-06-02 06:21:54.093842] GPU 0     0.960        0.483        0.298        1605         2100         4                           606547131708992             
[2026-06-02 06:21:54.146236] GPU 0     0.959        0.474        0.286        1620         2100         4                           606547131708992             
[2026-06-02 06:21:54.198399] GPU 0     0.969        0.472        0.260        1620         2100         4                           606547131708992             
[2026-06-02 06:21:54.250759] GPU 0     0.962        0.478        0.270        1605         2100         4                           606547131708992             
[2026-06-02 06:21:54.303088] GPU 0     0.964        0.473        0.250        1620         2100         4                           606547131708992             
[2026-06-02 06:21:54.355463] GPU 0     0.962        0.478        0.278        1635         2100         4                           606547131708992             
[2026-06-02 06:21:54.405663] #Entity   SMACT        SMOCC        DRAMA        SMCLK        SMMAX        DVCCTR                      TAPCV                       
[2026-06-02 06:21:54.405807] ID                                                                                                                                 
[2026-06-02 06:21:54.407754] GPU 0     0.962        0.477        0.277        1620         2100         4                           606547131708992             
[2026-06-02 06:21:54.460577] GPU 0     0.964        0.462        0.255        1635         2100         4                           606547131708992             
[2026-06-02 06:21:54.512937] GPU 0     0.965        0.474        0.265        1620         2100         4                           606547131708992             
[2026-06-02 06:21:54.565228] GPU 0     0.958        0.471        0.287        1620         2100         4                           606547131708992             
[2026-06-02 06:21:54.617606] GPU 0     0.960        0.475        0.291        1605         2100         4                           606547131708992             
[2026-06-02 06:21:54.670100] GPU 0     0.959        0.476        0.295        1620         2100         4                           606547131708992             
[2026-06-02 06:21:54.722308] GPU 0     0.957        0.481        0.302        1620         2100         4                           606547131708992             
[2026-06-02 06:21:54.774622] GPU 0     0.965        0.467        0.255        1620         2100         4                           606547131708992             
[2026-06-02 06:21:54.826893] GPU 0     0.967        0.475        0.259        1605         2100         4                           606547131708992             
[2026-06-02 06:21:54.879284] GPU 0     0.962        0.474        0.256        1620         2100         4                           606547131708992             
[2026-06-02 06:21:54.931595] GPU 0     0.963        0.478        0.277        1635         2100         4                           606547131708992             
[2026-06-02 06:21:54.983871] GPU 0     0.962        0.477        0.276        1620         2100         4                           606547131708992             
[2026-06-02 06:21:55.036233] GPU 0     0.963        0.472        0.266        1620         2100         4                           606547131708992             
[2026-06-02 06:21:55.088606] GPU 0     0.959        0.472        0.288        1620         2100         4                           606547131708992             
[2026-06-02 06:21:55.138752] #Entity   SMACT        SMOCC        DRAMA        SMCLK        SMMAX        DVCCTR                      TAPCV                       
[2026-06-02 06:21:55.138900] ID                                                                                                                                 
[2026-06-02 06:21:55.141038] GPU 0     0.959        0.473        0.290        1620         2100         4                           606547131708992             
[2026-06-02 06:21:55.193330] GPU 0     0.959        0.472        0.286        1590         2100         4                           606547131708992             
[2026-06-02 06:21:55.245550] GPU 0     0.957        0.486        0.306        1620         2100         4                           606547131708992             
[2026-06-02 06:21:55.297819] GPU 0     0.963        0.462        0.260        1620         2100         4                           606547131708992             
[2026-06-02 06:21:55.350160] GPU 0     0.964        0.470        0.261        1620         2100         4                           606547131708992             
[2026-06-02 06:21:55.402555] GPU 0     0.967        0.474        0.259        1620         2100         4                           606547131708992             
[2026-06-02 06:21:55.454656] GPU 0     0.963        0.476        0.254        1620         2100         4                           606547131708992             
[2026-06-02 06:21:55.507035] GPU 0     0.964        0.472        0.267        1605         2100         4                           606547131708992             
[2026-06-02 06:21:55.559512] GPU 0     0.961        0.480        0.282        1620         2100         4                           606547131708992             
[2026-06-02 06:21:55.611846] GPU 0     0.964        0.465        0.262        1620         2100         4                           606547131708992             
[2026-06-02 06:21:55.664530] GPU 0     0.959        0.472        0.297        1605         2100         4                           606547131708992             
[2026-06-02 06:21:55.716855] GPU 0     0.959        0.472        0.283        1620         2100         4                           606547131708992             
[2026-06-02 06:21:55.769092] GPU 0     0.959        0.474        0.289        1620         2100         4                           606547131708992             
[2026-06-02 06:21:55.821440] GPU 0     0.957        0.489        0.305        1620         2100         4                           606547131708992             
[2026-06-02 06:21:55.871637] #Entity   SMACT        SMOCC        DRAMA        SMCLK        SMMAX        DVCCTR                      TAPCV                       
[2026-06-02 06:21:55.871779] ID                                                                                                                                 
[2026-06-02 06:21:55.873649] GPU 0     0.965        0.464        0.253        1605         2100         4                           606547131708992             
[2026-06-02 06:21:55.926013] GPU 0     0.962        0.483        0.277        1620         2100         4                           606547131708992             
[2026-06-02 06:21:55.978184] GPU 0     0.963        0.468        0.265        1620         2100         4                           606547131708992             
[2026-06-02 06:21:56.030421] GPU 0     0.965        0.465        0.253        1620         2100         4                           606547131708992             
[2026-06-02 06:21:56.082525] GPU 0     0.962        0.474        0.274        1635         2100         4                           606547131708992             
[2026-06-02 06:21:56.134845] GPU 0     0.964        0.468        0.258        1620         2100         4                           606547131708992             
[2026-06-02 06:21:56.187220] GPU 0     0.960        0.476        0.290        1620         2100         4                           606547131708992             
[2026-06-02 06:21:56.239560] GPU 0     0.958        0.470        0.292        1590         2100         4                           606547131708992             
[2026-06-02 06:21:56.292017] GPU 0     0.961        0.482        0.284        1605         2100         4                           606547131708992             
[2026-06-02 06:21:56.344521] GPU 0     0.963        0.475        0.279        1620         2100         4                           606547131708992             
[2026-06-02 06:21:56.396958] GPU 0     0.962        0.472        0.257        1620         2100         4                           606547131708992             
[2026-06-02 06:21:56.449438] GPU 0     0.964        0.474        0.265        1605         2100         4                           606547131708992             
[2026-06-02 06:21:56.501873] GPU 0     0.962        0.481        0.282        1620         2100         4                           606547131708992             
[2026-06-02 06:21:56.554220] GPU 0     0.962        0.476        0.273        1635         2100         4                           606547131708992             
[2026-06-02 06:21:56.604420] #Entity   SMACT        SMOCC        DRAMA        SMCLK        SMMAX        DVCCTR                      TAPCV                       
[2026-06-02 06:21:56.604560] ID                                                                                                                                 
[2026-06-02 06:21:56.606571] GPU 0     0.962        0.459        0.254        1620         2100         4                           606547131708992             
[2026-06-02 06:21:56.659024] GPU 0     0.966        0.478        0.266        1620         2100         4                           606547131708992             
[2026-06-02 06:21:56.711631] GPU 0     0.959        0.469        0.289        1620         2100         4                           606547131708992             
[2026-06-02 06:21:56.764049] GPU 0     0.958        0.469        0.290        1620         2100         4                           606547131708992             
[2026-06-02 06:21:56.816569] GPU 0     0.961        0.477        0.289        1605         2100         4                           606547131708992             
[2026-06-02 06:21:56.869111] GPU 0     0.959        0.481        0.293        1620         2100         4                           606547131708992             
[2026-06-02 06:21:56.921534] GPU 0     0.966        0.472        0.263        1620         2100         4                           606547131708992             
[2026-06-02 06:21:56.974066] GPU 0     0.962        0.480        0.257        1635         2100         4                           606547131708992             
[2026-06-02 06:21:57.026576] GPU 0     0.964        0.472        0.270        1605         2100         4                           606547131708992             
[2026-06-02 06:21:57.079051] GPU 0     0.962        0.476        0.274        1635         2100         4                           606547131708992             
[2026-06-02 06:21:57.131593] GPU 0     0.961        0.469        0.270        1620         2100         4                           606547131708992             
[2026-06-02 06:21:57.184091] GPU 0     0.965        0.470        0.260        1620         2100         4                           606547131708992             
[2026-06-02 06:21:57.236647] GPU 0     0.963        0.470        0.261        1605         2100         4                           606547131708992             
[2026-06-02 06:21:57.289224] GPU 0     0.960        0.475        0.291        1620         2100         4                           606547131708992             
[2026-06-02 06:21:57.339414] #Entity   SMACT        SMOCC        DRAMA        SMCLK        SMMAX        DVCCTR                      TAPCV                       
[2026-06-02 06:21:57.339554] ID                                                                                                                                 
[2026-06-02 06:21:57.341570] GPU 0     0.959        0.473        0.289        1605         2100         4                           606547131708992             
[2026-06-02 06:21:57.394047] GPU 0     0.959        0.473        0.289        1620         2100         4                           606547131708992             
[2026-06-02 06:21:57.446595] GPU 0     0.962        0.475        0.293        1620         2100         4                           606547131708992             
[2026-06-02 06:21:57.499100] GPU 0     0.962        0.481        0.260        1635         2100         4                           606547131708992             
[2026-06-02 06:21:57.551420] GPU 0     0.962        0.467        0.260        1620         2100         4                           606547131708992             
[2026-06-02 06:21:57.603925] GPU 0     0.963        0.482        0.280        1620         2100         4                           606547131708992             
[2026-06-02 06:21:57.656343] GPU 0     0.961        0.477        0.277        1620         2100         4                           606547131708992             
[2026-06-02 06:21:57.708887] GPU 0     0.963        0.458        0.252        1620         2100         4                           606547131708992             
[2026-06-02 06:21:57.761321] GPU 0     0.965        0.479        0.268        1620         2100         4                           606547131708992             
[2026-06-02 06:21:57.813569] GPU 0     0.959        0.469        0.287        1620         2100         4                           606547131708992             
[2026-06-02 06:21:57.866063] GPU 0     0.958        0.485        0.304        1605         2100         4                           606547131708992             
[2026-06-02 06:21:57.918620] GPU 0     0.959        0.471        0.289        1605         2100         4                           606547131708992             
[2026-06-02 06:21:57.971001] GPU 0     0.959        0.473        0.287        1620         2100         4                           606547131708992             
[2026-06-02 06:21:58.023294] GPU 0     0.964        0.470        0.260        1620         2100         4                           606547131708992             
[2026-06-02 06:21:58.073354] #Entity   SMACT        SMOCC        DRAMA        SMCLK        SMMAX        DVCCTR                      TAPCV                       
[2026-06-02 06:21:58.073500] ID                                                                                                                                 
[2026-06-02 06:21:58.075235] GPU 0     0.967        0.472        0.262        1620         2100         4                           606547131708992             
[2026-06-02 06:21:58.127783] GPU 0     0.962        0.479        0.253        1620         2100         4                           606547131708992             
[2026-06-02 06:21:58.180185] GPU 0     0.964        0.472        0.269        1620         2100         4                           606547131708992             
[2026-06-02 06:21:58.232483] GPU 0     0.961        0.479        0.282        1620         2100         4                           606547131708992             
[2026-06-02 06:21:58.285090] GPU 0     0.963        0.473        0.267        1635         2100         4                           606547131708992             
[2026-06-02 06:21:58.337470] GPU 0     0.960        0.460        0.275        1620         2100         4                           606547131708992             
[2026-06-02 06:21:58.389979] GPU 0     0.959        0.473        0.290        1605         2100         4                           606547131708992             
[2026-06-02 06:21:58.442549] GPU 0     0.959        0.486        0.301        1605         2100         4                           606547131708992             
[2026-06-02 06:21:58.495011] GPU 0     0.960        0.475        0.286        1620         2100         4                           606547131708992             
[2026-06-02 06:21:58.547503] GPU 0     0.965        0.471        0.257        1635         2100         4                           606547131708992             
[2026-06-02 06:21:58.599948] GPU 0     0.962        0.477        0.277        1620         2100         4                           606547131708992             
[2026-06-02 06:21:58.652393] GPU 0     0.961        0.479        0.282        1620         2100         4                           606547131708992             
[2026-06-02 06:21:58.704820] GPU 0     0.963        0.455        0.252        1620         2100         4                           606547131708992             
[2026-06-02 06:21:58.757277] GPU 0     0.966        0.471        0.259        1620         2100         4                           606547131708992             
[2026-06-02 06:21:58.807424] #Entity   SMACT        SMOCC        DRAMA        SMCLK        SMMAX        DVCCTR                      TAPCV                       
[2026-06-02 06:21:58.807565] ID                                                                                                                                 
[2026-06-02 06:21:58.809552] GPU 0     0.965        0.477        0.263        1635         2100         4                           606547131708992             
[2026-06-02 06:21:58.862068] GPU 0     0.963        0.474        0.256        1620         2100         4                           606547131708992             
[2026-06-02 06:21:58.914577] GPU 0     0.959        0.472        0.288        1620         2100         4                           606547131708992             
[2026-06-02 06:21:58.966985] GPU 0     0.959        0.476        0.293        1605         2100         4                           606547131708992             
[2026-06-02 06:21:59.019422] GPU 0     0.960        0.470        0.286        1605         2100         4                           606547131708992             
[2026-06-02 06:21:59.071684] GPU 0     0.959        0.485        0.300        1620         2100         4                           606547131708992             
[2026-06-02 06:21:59.124490] GPU 0     0.962        0.477        0.276        1635         2100         4                           606547131708992             
[2026-06-02 06:21:59.177123] GPU 0     0.961        0.479        0.283        1620         2100         4                           606547131708992             
[2026-06-02 06:21:59.229599] GPU 0     0.963        0.459        0.256        1620         2100         4                           606547131708992             
[2026-06-02 06:21:59.282206] GPU 0     0.965        0.471        0.257        1635         2100         4                           606547131708992             
[2026-06-02 06:21:59.334650] GPU 0     0.967        0.471        0.264        1620         2100         4                           606547131708992             
[2026-06-02 06:21:59.387179] GPU 0     0.963        0.483        0.259        1620         2100         4                           606547131708992             
[2026-06-02 06:21:59.439738] GPU 0     0.958        0.479        0.301        1620         2100         4                           606547131708992             
[2026-06-02 06:21:59.492086] GPU 0     0.959        0.474        0.292        1620         2100         4                           606547131708992             
[2026-06-02 06:21:59.542230] #Entity   SMACT        SMOCC        DRAMA        SMCLK        SMMAX        DVCCTR                      TAPCV                       
[2026-06-02 06:21:59.542376] ID                                                                                                                                 
[2026-06-02 06:21:59.544642] GPU 0     0.959        0.468        0.288        1605         2100         4                           606547131708992             
[2026-06-02 06:21:59.597047] GPU 0     0.959        0.477        0.288        1620         2100         4                           606547131708992             
[2026-06-02 06:21:59.649468] GPU 0     0.965        0.472        0.257        1620         2100         4                           606547131708992             
[2026-06-02 06:21:59.702071] GPU 0     0.961        0.479        0.281        1620         2100         4                           606547131708992             
[2026-06-02 06:21:59.754574] GPU 0     0.964        0.471        0.261        1620         2100         4                           606547131708992             
[2026-06-02 06:21:59.807074] GPU 0     0.961        0.479        0.282        1635         2100         4                           606547131708992             
[2026-06-02 06:21:59.859418] GPU 0     0.963        0.455        0.252        1620         2100         4                           606547131708992             
[2026-06-02 06:21:59.911942] GPU 0     0.965        0.477        0.263        1620         2100         4                           606547131708992             
[2026-06-02 06:21:59.964424] GPU 0     0.966        0.472        0.259        1605         2100         4                           606547131708992             
[2026-06-02 06:22:00.016943] GPU 0     0.959        0.475        0.292        1620         2100         4                           606547131708992             
[2026-06-02 06:22:00.069111] GPU 0     0.959        0.471        0.288        1620         2100         4                           606547131708992             
[2026-06-02 06:22:00.121432] GPU 0     0.959        0.476        0.291        1620         2100         4                           606547131708992             
[2026-06-02 06:22:00.173855] GPU 0     0.958        0.490        0.293        1605         2100         4                           606547131708992             
[2026-06-02 06:22:00.226250] GPU 0     0.962        0.467        0.264        1620         2100         4                           606547131708992             
[2026-06-02 06:22:00.276408] #Entity   SMACT        SMOCC        DRAMA        SMCLK        SMMAX        DVCCTR                      TAPCV                       
[2026-06-02 06:22:00.276535] ID                                                                                                                                 
[2026-06-02 06:22:00.278591] GPU 0     0.966        0.470        0.257        1635         2100         4                           606547131708992             
[2026-06-02 06:22:00.331225] GPU 0     0.962        0.478        0.279        1620         2100         4                           606547131708992             
[2026-06-02 06:22:00.383505] GPU 0     0.962        0.477        0.277        1620         2100         4                           606547131708992             
[2026-06-02 06:22:00.435936] GPU 0     0.963        0.459        0.258        1620         2100         4                           606547131708992             
[2026-06-02 06:22:00.488210] GPU 0     0.966        0.471        0.256        1620         2100         4                           606547131708992             
[2026-06-02 06:22:00.540575] GPU 0     0.962        0.483        0.281        1575         2100         4                           606547131708992             
[2026-06-02 06:22:00.592902] GPU 0     0.958        0.475        0.292        1620         2100         4                           606547131708992             
[2026-06-02 06:22:00.645287] GPU 0     0.960        0.472        0.287        1620         2100         4                           606547131708992             
[2026-06-02 06:22:00.697726] GPU 0     0.960        0.473        0.286        1620         2100         4                           606547131708992             
[2026-06-02 06:22:00.750126] GPU 0     0.961        0.473        0.270        1620         2100         4                           606547131708992             
[2026-06-02 06:22:00.802265] GPU 0     0.966        0.478        0.268        1620         2100         4                           606547131708992             
[2026-06-02 06:22:00.854646] GPU 0     0.963        0.471        0.263        1635         2100         4                           606547131708992             
[2026-06-02 06:22:00.906958] GPU 0     0.962        0.478        0.277        1620         2100         4                           606547131708992             
[2026-06-02 06:22:00.959230] GPU 0     0.961        0.477        0.277        1620         2100         4                           606547131708992             
[2026-06-02 06:22:01.009337] #Entity   SMACT        SMOCC        DRAMA        SMCLK        SMMAX        DVCCTR                      TAPCV                       
[2026-06-02 06:22:01.009479] ID                                                                                                                                 
[2026-06-02 06:22:01.011587] GPU 0     0.963        0.475        0.271        1620         2100         4                           606547131708992             
[2026-06-02 06:22:01.063980] GPU 0     0.963        0.453        0.248        1620         2100         4                           606547131708992             
[2026-06-02 06:22:01.116376] GPU 0     0.960        0.476        0.288        1605         2100         4                           606547131708992             
[2026-06-02 06:22:01.168738] GPU 0     0.960        0.475        0.288        1605         2100         4                           606547131708992             
[2026-06-02 06:22:01.220932] GPU 0     0.959        0.471        0.286        1620         2100         4                           606547131708992             
[2026-06-02 06:22:01.273379] GPU 0     0.960        0.495        0.295        1635         2100         4                           606547131708992             
[2026-06-02 06:22:01.325535] GPU 0     0.962        0.462        0.258        1635         2100         4                           606547131708992             
[2026-06-02 06:22:01.378056] GPU 0     0.965        0.474        0.262        1620         2100         4                           606547131708992             
[2026-06-02 06:22:01.430345] GPU 0     0.963        0.478        0.276        1620         2100         4                           606547131708992             
[2026-06-02 06:22:01.482720] GPU 0     0.962        0.477        0.277        1605         2100         4                           606547131708992             
[2026-06-02 06:22:01.535277] GPU 0     0.962        0.462        0.261        1620         2100         4                           606547131708992             
[2026-06-02 06:22:01.587517] GPU 0     0.965        0.473        0.260        1635         2100         4                           606547131708992             
[2026-06-02 06:22:01.639756] GPU 0     0.962        0.478        0.275        1620         2100         4                           606547131708992             
[2026-06-02 06:22:01.692045] GPU 0     0.959        0.474        0.292        1620         2100         4                           606547131708992             
[2026-06-02 06:22:01.742194] #Entity   SMACT        SMOCC        DRAMA        SMCLK        SMMAX        DVCCTR                      TAPCV                       
[2026-06-02 06:22:01.742317] ID                                                                                                                                 
[2026-06-02 06:22:01.744231] GPU 0     0.959        0.473        0.288        1590         2100         4                           606547131708992             
[2026-06-02 06:22:01.796656] GPU 0     0.963        0.475        0.265        1620         2100         4                           606547131708992             
[2026-06-02 06:22:01.849377] GPU 0     0.963        0.475        0.265        1635         2100         4                           606547131708992             
[2026-06-02 06:22:01.901698] GPU 0     0.963        0.474        0.270        1620         2100         4                           606547131708992             
[2026-06-02 06:22:01.954115] GPU 0     0.961        0.479        0.283        1620         2100         4                           606547131708992             
[2026-06-02 06:22:02.006386] GPU 0     0.963        0.466        0.265        1635         2100         4                           606547131708992             
[2026-06-02 06:22:02.058528] GPU 0     0.964        0.466        0.254        1620         2100         4                           606547131708992             
[2026-06-02 06:22:02.110851] GPU 0     0.967        0.474        0.259        1620         2100         4                           606547131708992             
[2026-06-02 06:22:02.163190] GPU 0     0.959        0.473        0.290        1620         2100         4                           606547131708992             
[2026-06-02 06:22:02.215477] GPU 0     0.960        0.470        0.289        1620         2100         4                           606547131708992             
[2026-06-02 06:22:02.267700] GPU 0     0.958        0.476        0.290        1620         2100         4                           606547131708992             
[2026-06-02 06:22:02.320087] GPU 0     0.955        0.405        0.365        1605         2100         4                           606547131708992             
[2026-06-02 06:22:02.372337] GPU 0     0.889        0.318        0.605        1605         2100         4                           606547131708992             
[2026-06-02 06:22:02.424664] GPU 0     0.939        0.518        0.768        1620         2100         4                           606547131708992             
[2026-06-02 06:22:02.474885] #Entity   SMACT        SMOCC        DRAMA        SMCLK        SMMAX        DVCCTR                      TAPCV                       
[2026-06-02 06:22:02.475006] ID                                                                                                                                 
[2026-06-02 06:22:02.477014] GPU 0     0.905        0.498        0.635        1605         2100         4                           606547131708992             
[2026-06-02 06:22:02.529315] GPU 0     0.939        0.648        0.624        1650         2100         4                           606547131708992             
[2026-06-02 06:22:02.581545] GPU 0     0.880        0.596        0.597        1635         2100         4                           606547131708992             
[2026-06-02 06:22:02.633880] GPU 0     0.890        0.598        0.676        1710         2100         4                           606547131708992             
[2026-06-02 06:22:02.686050] GPU 0     0.718        0.466        0.548        1740         2100         4                           606547131708992             
[2026-06-02 06:22:02.737842] GPU 0     0.000        0.000        0.000        1875         2100         4                           606547131708992             
[2026-06-02 06:22:02.790458] GPU 0     0.000        0.000        0.060        1920         2100         4                           606547131708992             
[2026-06-02 06:22:02.843060] GPU 0     0.000        0.000        0.082        1920         2100         4                           606547131708992             
[2026-06-02 06:22:02.895579] GPU 0     0.000        0.000        0.082        1920         2100         0                           606547131708992             
[2026-06-02 06:22:02.947730] GPU 0     0.000        0.000        0.045        1920         2100         0                           606547131708992             
[2026-06-02 06:22:03.000063] GPU 0     0.000        0.000        0.000        1920         2100         0                           606547131708992             
[2026-06-02 06:22:03.052395] GPU 0     0.000        0.000        0.000        1920         2100         0                           606547131708992             
[2026-06-02 06:22:03.104636] GPU 0     0.000        0.000        0.000        1920         2100         0                           606547131708992             
[2026-06-02 06:22:03.157145] GPU 0     0.000        0.000        0.000        1920         2100         0                           606547131708992             
[2026-06-02 06:22:03.207252] #Entity   SMACT        SMOCC        DRAMA        SMCLK        SMMAX        DVCCTR                      TAPCV                       
[2026-06-02 06:22:03.207395] ID                                                                                                                                 
[2026-06-02 06:22:03.209448] GPU 0     0.000        0.000        0.000        1920         2100         0                           606547131708992             
[2026-06-02 06:22:03.261624] GPU 0     0.000        0.000        0.000        1920         2100         0                           606547131708992             
[2026-06-02 06:22:03.314032] GPU 0     0.000        0.000        0.000        1920         2100         0                           606547131708992             
[2026-06-02 06:22:03.366399] GPU 0     0.000        0.000        0.000        1920         2100         0                           606547131708992             
[2026-06-02 06:22:03.418815] GPU 0     0.000        0.000        0.000        1920         2100         0                           606547131708992             
[2026-06-02 06:22:03.471149] GPU 0     0.000        0.000        0.000        1920         2100         0                           606547131708992             
[2026-06-02 06:22:03.523544] GPU 0     0.000        0.000        0.000        1920         2100         0                           606547131708992             
[2026-06-02 06:22:03.575889] GPU 0     0.000        0.000        0.000        1920         2100         0                           606547131708992             
[2026-06-02 06:22:03.628273] GPU 0     0.000        0.000        0.000        1920         2100         0                           606547131708992             
[2026-06-02 06:22:03.680585] GPU 0     0.000        0.000        0.000        1920         2100         0                           606547131708992             
[2026-06-02 06:22:03.732974] GPU 0     0.000        0.000        0.000        1920         2100         0                           606547131708992             
[2026-06-02 06:22:03.785322] GPU 0     0.000        0.000        0.000        1920         2100         0                           606547131708992             
[2026-06-02 06:22:03.837780] GPU 0     0.000        0.000        0.000        1920         2100         0                           606547131708992             
[2026-06-02 06:22:03.890150] GPU 0     0.000        0.000        0.000        1920         2100         0                           606547131708992             
[2026-06-02 06:22:03.940360] #Entity   SMACT        SMOCC        DRAMA        SMCLK        SMMAX        DVCCTR                      TAPCV                       
[2026-06-02 06:22:03.940505] ID                                                                                                                                 
[2026-06-02 06:22:03.942515] GPU 0     0.000        0.000        0.000        1920         2100         0                           606547131708992             
[2026-06-02 06:22:03.994890] GPU 0     0.000        0.000        0.000        1920         2100         0                           606547131708992             
[2026-06-02 06:22:04.047293] GPU 0     0.000        0.000        0.000        1920         2100         0                           606547131708992             
[2026-06-02 06:22:04.100217] GPU 0     0.000        0.000        0.000        1920         2100         0                           606547131708992             
[2026-06-02 06:22:04.152648] GPU 0     0.000        0.000        0.000        1920         2100         0                           606547131708992             
[2026-06-02 06:22:04.204945] GPU 0     0.000        0.000        0.000        1920         2100         0                           606547131708992             
[2026-06-02 06:22:04.257359] GPU 0     0.000        0.000        0.000        1920         2100         0                           606547131708992             
[2026-06-02 06:22:04.309742] GPU 0     0.000        0.000        0.000        1920         2100         0                           606547131708992             
[2026-06-02 06:22:04.362107] GPU 0     0.000        0.000        0.000        1920         2100         0                           606547131708992             
[2026-06-02 06:22:04.414375] GPU 0     0.000        0.000        0.000        1920         2100         0                           606547131708992             
[2026-06-02 06:22:04.466730] GPU 0     0.000        0.000        0.000        1920         2100         0                           606547131708992             
[2026-06-02 06:22:04.519082] GPU 0     0.000        0.000        0.000        1920         2100         0                           606547131708992             
[2026-06-02 06:22:04.571479] GPU 0     0.000        0.000        0.000        1920         2100         0                           606547131708992             
[2026-06-02 06:22:04.623916] GPU 0     0.000        0.000        0.000        1920         2100         0                           606547131708992             
[2026-06-02 06:22:04.674073] #Entity   SMACT        SMOCC        DRAMA        SMCLK        SMMAX        DVCCTR                      TAPCV                       
[2026-06-02 06:22:04.674222] ID                                                                                                                                 
[2026-06-02 06:22:04.676261] GPU 0     0.000        0.000        0.000        1920         2100         0                           606547131708992             
[2026-06-02 06:22:04.728628] GPU 0     0.000        0.000        0.000        1440         2100         0                           606547131708992             
[2026-06-02 06:22:04.781243] GPU 0     0.000        0.000        0.000        1440         2100         0                           606547131708992             
[2026-06-02 06:22:04.833532] GPU 0     0.000        0.000        0.000        1440         2100         0                           606547131708992             
[2026-06-02 06:22:04.886221] GPU 0     0.000        0.000        0.000        1440         2100         0                           606547131708992             
[2026-06-02 06:22:04.938680] GPU 0     0.000        0.000        0.000        1440         2100         0                           606547131708992             
[2026-06-02 06:22:04.991357] GPU 0     0.000        0.000        0.000        1440         2100         0                           606547131708992             
[2026-06-02 06:22:05.043726] GPU 0     0.000        0.000        0.000        1440         2100         0                           606547131708992             
[2026-06-02 06:22:05.095986] GPU 0     0.000        0.000        0.000        1440         2100         0                           606547131708992             
[2026-06-02 06:22:05.148438] GPU 0     0.000        0.000        0.000        1440         2100         0                           606547131708992             
[2026-06-02 06:22:05.200851] GPU 0     0.000        0.000        0.000        1440         2100         0                           606547131708992             
[2026-06-02 06:22:05.253839] GPU 0     0.000        0.000        0.020        1440         2100         0                           606547131708992             
[2026-06-02 06:22:05.306498] GPU 0     0.000        0.000        0.061        1440         2100         0                           606547131708992             
[2026-06-02 06:22:05.358943] GPU 0     0.000        0.000        0.061        1440         2100         0                           606547131708992             
[2026-06-02 06:22:05.409118] #Entity   SMACT        SMOCC        DRAMA        SMCLK        SMMAX        DVCCTR                      TAPCV                       
[2026-06-02 06:22:05.409258] ID                                                                                                                                 
[2026-06-02 06:22:05.411555] GPU 0     0.000        0.000        0.034        1440         2100         0                           606547131708992             
[2026-06-02 06:22:05.464178] GPU 0     0.000        0.000        0.000        1440         2100         0                           606547131708992             
[2026-06-02 06:22:05.517193] GPU 0     0.000        0.000        0.000        1920         2100         0                           606547131708992             
[2026-06-02 06:22:05.569963] GPU 0     0.000        0.000        0.000        1920         2100         0                           606547131708992             
[2026-06-02 06:22:05.622920] GPU 0     0.000        0.000        0.000        1920         2100         0                           606547131708992             
[2026-06-02 06:22:05.675923] GPU 0     0.000        0.000        0.000        1920         2100         0                           606547131708992             
[2026-06-02 06:22:05.728953] GPU 0     0.000        0.000        0.000        1920         2100         0                           606547131708992             
[2026-06-02 06:22:05.781836] GPU 0     0.000        0.000        0.000        1920         2100         0                           606547131708992             
[2026-06-02 06:22:05.834728] GPU 0     0.000        0.000        0.000        1920         2100         0                           606547131708992             
[2026-06-02 06:22:05.887686] GPU 0     0.000        0.000        0.000        1920         2100         0                           606547131708992             
[2026-06-02 06:22:05.945920] GPU 0     0.000        0.000        0.000        1920         2100         0                           606547131708992             
[2026-06-02 06:22:05.998821] GPU 0     0.000        0.000        0.000        1920         2100         0                           606547131708992             
[2026-06-02 06:22:06.051652] GPU 0     0.000        0.000        0.000        1920         2100         0                           606547131708992             
[2026-06-02 06:22:06.104481] GPU 0     0.000        0.000        0.000        1920         2100         0                           606547131708992             
[2026-06-02 06:22:06.154655] #Entity   SMACT        SMOCC        DRAMA        SMCLK        SMMAX        DVCCTR                      TAPCV                       
[2026-06-02 06:22:06.154770] ID                                                                                                                                 
[2026-06-02 06:22:06.157289] GPU 0     0.000        0.000        0.000        1920         2100         0                           606547131708992             
[2026-06-02 06:22:06.209761] GPU 0     0.000        0.000        0.000        1920         2100         0                           606547131708992             
[2026-06-02 06:22:06.262826] GPU 0     0.000        0.000        0.000        1920         2100         0                           606547131708992             
[2026-06-02 06:22:06.315972] GPU 0     0.000        0.000        0.000        1920         2100         0                           606547131708992             
[2026-06-02 06:22:06.369200] GPU 0     0.000        0.000        0.000        1920         2100         0                           606547131708992             
[2026-06-02 06:22:06.422151] GPU 0     0.000        0.000        0.000        1920         2100         0                           606547131708992             
[2026-06-02 06:22:06.475265] GPU 0     0.000        0.000        0.000        1920         2100         0                           606547131708992             
[2026-06-02 06:22:06.528356] GPU 0     0.000        0.000        0.000        1920         2100         0                           606547131708992             
[2026-06-02 06:22:06.581372] GPU 0     0.000        0.000        0.000        1920         2100         0                           606547131708992             
[2026-06-02 06:22:06.634152] GPU 0     0.000        0.000        0.000        1920         2100         0                           606547131708992             
[2026-06-02 06:22:06.686643] GPU 0     0.000        0.000        0.000        1920         2100         0                           606547131708992             
[2026-06-02 06:22:06.739638] GPU 0     0.000        0.000        0.000        1920         2100         0                           606547131708992             
[2026-06-02 06:22:06.792589] GPU 0     0.000        0.000        0.000        1920         2100         0                           606547131708992             
[2026-06-02 06:22:06.845536] GPU 0     0.000        0.000        0.000        1920         2100         0                           606547131708992             
[2026-06-02 06:22:06.895677] #Entity   SMACT        SMOCC        DRAMA        SMCLK        SMMAX        DVCCTR                      TAPCV                       
[2026-06-02 06:22:06.895820] ID                                                                                                                                 
[2026-06-02 06:22:06.898574] GPU 0     0.000        0.000        0.000        1920         2100         0                           606547131708992             
[2026-06-02 06:22:06.951652] GPU 0     0.000        0.000        0.000        1920         2100         0                           606547131708992             
[2026-06-02 06:22:07.004678] GPU 0     0.000        0.000        0.000        1920         2100         0                           606547131708992             
[2026-06-02 06:22:07.057242] GPU 0     0.000        0.000        0.000        1920         2100         0                           606547131708992             
[2026-06-02 06:22:07.109717] GPU 0     0.000        0.000        0.000        1920         2100         0                           606547131708992             
[2026-06-02 06:22:07.162756] GPU 0     0.000        0.000        0.000        1920         2100         0                           606547131708992             
[2026-06-02 06:22:07.215956] GPU 0     0.000        0.000        0.000        1920         2100         0                           606547131708992             
[2026-06-02 06:22:07.268982] GPU 0     0.000        0.000        0.000        1920         2100         0                           606547131708992             
