request_num,total time
1,10.848248958587646
2,21.896339178085327
3,33.29403305053711
4,33.00700616836548
5,24.13389301300049
6,23.816630363464355
7,31.53583288192749
8,21.496827363967896
9,21.000600337982178
10,30.6700701713562
11,21.542627096176147
12,13.313503742218018
13,12.187849998474121
14,8.838096380233765
15,6.754260778427124
16,6.712495565414429
17,6.688028812408447
18,6.736371755599976
19,6.711871862411499
20,6.730134010314941
