request_num,total time
1,20.49161434173584
2,20.228161334991455
3,20.265130758285522
4,21.207053184509277
5,21.954651832580566
6,20.57168412208557
7,20.670433282852173
8,21.872677087783813
9,21.325126886367798
10,22.659669160842896
