[2026-06-02 06:53:48.963597] #Entity   SMACT        SMOCC        DRAMA        SMCLK        SMMAX        DVCCTR                      TAPCV                       
[2026-06-02 06:53:48.963669] ID                                                                                                                                 
[2026-06-02 06:53:49.137253] GPU 0     0.000        0.000        0.000        300          2100         1                           607998871744352             
[2026-06-02 06:53:49.195742] GPU 0     0.000        0.000        0.000        825          2100         1                           607998922394880             
[2026-06-02 06:53:49.247861] GPU 0     0.000        0.000        0.000        825          2100         1                           607998972914528             
[2026-06-02 06:53:49.300002] GPU 0     0.000        0.000        0.000        825          2100         1                           607999023473728             
[2026-06-02 06:53:49.352355] GPU 0     0.000        0.000        0.000        825          2100         1                           607999074040960             
[2026-06-02 06:53:49.404763] GPU 0     0.000        0.000        0.000        825          2100         1                           607999124657984             
[2026-06-02 06:53:49.457012] GPU 0     0.000        0.000        0.000        825          2100         1                           607999175188544             
[2026-06-02 06:53:49.510436] GPU 0     0.000        0.000        0.000        825          2100         1                           607999225788192             
[2026-06-02 06:53:49.568011] GPU 0     0.000        0.000        0.000        825          2100         1                           607999276350400             
[2026-06-02 06:53:49.620157] GPU 0     0.000        0.000        0.000        825          2100         1                           607999327033440             
[2026-06-02 06:53:49.672648] GPU 0     0.000        0.000        0.000        825          2100         1                           607999378508544             
[2026-06-02 06:53:49.725195] GPU 0     0.000        0.000        0.000        825          2100         1                           607999429076928             
[2026-06-02 06:53:49.777634] GPU 0     0.000        0.000        0.000        825          2100         1                           607999479646112             
[2026-06-02 06:53:49.830460] GPU 0     0.000        0.000        0.000        825          2100         1                           607999530237056             
[2026-06-02 06:53:49.882988] GPU 0     0.000        0.000        0.000        825          2100         1                           607999580797600             
[2026-06-02 06:53:49.933175] #Entity   SMACT        SMOCC        DRAMA        SMCLK        SMMAX        DVCCTR                      TAPCV                       
[2026-06-02 06:53:49.933297] ID                                                                                                                                 
[2026-06-02 06:53:49.935261] GPU 0     0.000        0.000        0.000        825          2100         1                           607999631330368             
[2026-06-02 06:53:49.987978] GPU 0     0.000        0.000        0.000        825          2100         1                           607999681889408             
[2026-06-02 06:53:50.040920] GPU 0     0.000        0.000        0.000        825          2100         1                           607999732613152             
[2026-06-02 06:53:50.093565] GPU 0     0.000        0.000        0.000        825          2100         1                           607999783159776             
[2026-06-02 06:53:50.145899] GPU 0     0.000        0.000        0.000        825          2100         1                           607999833957600             
[2026-06-02 06:53:50.198197] GPU 0     0.000        0.000        0.000        825          2100         1                           607999884498048             
[2026-06-02 06:53:50.250985] GPU 0     0.000        0.000        0.000        825          2100         1                           607999985792832             
[2026-06-02 06:53:50.302952] GPU 0     0.000        0.000        0.000        825          2100         1                           607999985792832             
[2026-06-02 06:53:50.357577] GPU 0     0.000        0.000        0.000        825          2100         1                           608000091093024             
[2026-06-02 06:53:50.410447] GPU 0     0.000        0.000        0.000        825          2100         1                           608000141655648             
[2026-06-02 06:53:50.462314] GPU 0     0.000        0.000        0.000        825          2100         1                           608000193345408             
[2026-06-02 06:53:50.514770] GPU 0     0.000        0.000        0.000        825          2100         1                           608000243869952             
[2026-06-02 06:53:50.567656] GPU 0     0.000        0.000        0.000        825          2100         1                           608000294458976             
[2026-06-02 06:53:50.620245] GPU 0     0.000        0.000        0.000        825          2100         1                           608000345054016             
[2026-06-02 06:53:50.670463] #Entity   SMACT        SMOCC        DRAMA        SMCLK        SMMAX        DVCCTR                      TAPCV                       
[2026-06-02 06:53:50.670585] ID                                                                                                                                 
[2026-06-02 06:53:50.672854] GPU 0     0.000        0.000        0.000        825          2100         1                           608000397124032             
[2026-06-02 06:53:50.725303] GPU 0     0.000        0.000        0.000        825          2100         1                           608000447826272             
[2026-06-02 06:53:50.777796] GPU 0     0.000        0.000        0.000        825          2100         1                           608000498440992             
[2026-06-02 06:53:50.830520] GPU 0     0.000        0.000        0.000        825          2100         1                           608000549500384             
[2026-06-02 06:53:50.883324] GPU 0     0.000        0.000        0.000        825          2100         1                           608000600028992             
[2026-06-02 06:53:50.935936] GPU 0     0.000        0.000        0.000        825          2100         1                           608000650557760             
[2026-06-02 06:53:50.988683] GPU 0     0.000        0.000        0.000        825          2100         1                           608000701501664             
[2026-06-02 06:53:51.041205] GPU 0     0.000        0.000        0.000        825          2100         1                           608000758627680             
[2026-06-02 06:53:51.095904] GPU 0     0.000        0.000        0.000        825          2100         1                           608000809247168             
[2026-06-02 06:53:51.152511] GPU 0     0.000        0.000        0.000        825          2100         1                           608000859821504             
[2026-06-02 06:53:51.205232] GPU 0     0.000        0.000        0.000        825          2100         1                           608000911420896             
[2026-06-02 06:53:51.257780] GPU 0     0.000        0.000        0.000        825          2100         1                           608000961978752             
[2026-06-02 06:53:51.310348] GPU 0     0.000        0.000        0.000        825          2100         1                           608001012575904             
[2026-06-02 06:53:51.362832] GPU 0     0.000        0.000        0.000        825          2100         1                           608001063218592             
[2026-06-02 06:53:51.412954] #Entity   SMACT        SMOCC        DRAMA        SMCLK        SMMAX        DVCCTR                      TAPCV                       
[2026-06-02 06:53:51.413072] ID                                                                                                                                 
[2026-06-02 06:53:51.415523] GPU 0     0.000        0.000        0.000        825          2100         1                           608001115121472             
[2026-06-02 06:53:51.467980] GPU 0     0.000        0.000        0.000        915          2100         1                           608001165720480             
[2026-06-02 06:53:51.520627] GPU 0     0.000        0.000        0.000        915          2100         1                           608001216224480             
[2026-06-02 06:53:51.573012] GPU 0     0.000        0.000        0.000        915          2100         1                           608001267931744             
[2026-06-02 06:53:51.626508] GPU 0     0.000        0.000        0.000        915          2100         1                           608001318449248             
[2026-06-02 06:53:51.679034] GPU 0     0.000        0.000        0.000        915          2100         1                           608001369683840             
[2026-06-02 06:53:51.731059] GPU 0     0.000        0.000        0.000        915          2100         1                           608001420232448             
[2026-06-02 06:53:51.783308] GPU 0     0.000        0.000        0.000        915          2100         1                           608001470760320             
[2026-06-02 06:53:51.835336] GPU 0     0.000        0.000        0.000        915          2100         1                           608001521539584             
[2026-06-02 06:53:51.887409] GPU 0     0.000        0.000        0.000        915          2100         1                           608001572108064             
[2026-06-02 06:53:51.939523] GPU 0     0.000        0.000        0.000        915          2100         1                           608001639541472             
[2026-06-02 06:53:51.991669] GPU 0     0.000        0.000        0.000        915          2100         1                           608001690443616             
[2026-06-02 06:53:52.043881] GPU 0     0.000        0.000        0.000        915          2100         1                           608001741080224             
[2026-06-02 06:53:52.096025] GPU 0     0.000        0.000        0.000        915          2100         1                           608001792410368             
[2026-06-02 06:53:52.146161] #Entity   SMACT        SMOCC        DRAMA        SMCLK        SMMAX        DVCCTR                      TAPCV                       
[2026-06-02 06:53:52.146273] ID                                                                                                                                 
[2026-06-02 06:53:52.148122] GPU 0     0.000        0.000        0.000        915          2100         1                           608001842882880             
[2026-06-02 06:53:52.200378] GPU 0     0.000        0.000        0.000        915          2100         1                           608001893410720             
[2026-06-02 06:53:52.252573] GPU 0     0.000        0.000        0.000        915          2100         1                           608001943933664             
[2026-06-02 06:53:52.304675] GPU 0     0.000        0.000        0.000        915          2100         1                           608001994469280             
[2026-06-02 06:53:52.356741] GPU 0     0.000        0.000        0.000        915          2100         1                           608002045019328             
[2026-06-02 06:53:52.408705] GPU 0     0.000        0.000        0.000        915          2100         1                           608002095551232             
[2026-06-02 06:53:52.460820] GPU 0     0.000        0.000        0.000        915          2100         1                           608002162054176             
[2026-06-02 06:53:52.512948] GPU 0     0.000        0.000        0.000        915          2100         1                           608002212744288             
[2026-06-02 06:53:52.565067] GPU 0     0.000        0.000        0.000        915          2100         1                           608002263313152             
[2026-06-02 06:53:52.618319] GPU 0     0.000        0.000        0.000        915          2100         1                           608002314874496             
[2026-06-02 06:53:52.675889] GPU 0     0.000        0.000        0.000        915          2100         1                           608002365402144             
[2026-06-02 06:53:52.728100] GPU 0     0.000        0.000        0.000        915          2100         1                           608002416008992             
[2026-06-02 06:53:52.780226] GPU 0     0.000        0.000        0.000        915          2100         1                           608002466533952             
[2026-06-02 06:53:52.832241] GPU 0     0.000        0.000        0.000        915          2100         1                           608002567695616             
[2026-06-02 06:53:52.882384] #Entity   SMACT        SMOCC        DRAMA        SMCLK        SMMAX        DVCCTR                      TAPCV                       
[2026-06-02 06:53:52.882507] ID                                                                                                                                 
[2026-06-02 06:53:52.884401] GPU 0     0.000        0.000        0.000        1005         2100         1                           608002618377184             
[2026-06-02 06:53:52.936543] GPU 0     0.000        0.000        0.000        1005         2100         1                           608002669591232             
[2026-06-02 06:53:52.988556] GPU 0     0.000        0.000        0.000        1005         2100         1                           608002720307488             
[2026-06-02 06:53:53.040714] GPU 0     0.000        0.000        0.000        1005         2100         1                           608002770824000             
[2026-06-02 06:53:53.092839] GPU 0     0.000        0.000        0.000        1005         2100         1                           608002821341856             
[2026-06-02 06:53:53.144957] GPU 0     0.000        0.000        0.000        1005         2100         1                           608002879385760             
[2026-06-02 06:53:53.197038] GPU 0     0.000        0.000        0.000        1005         2100         1                           608002930062144             
[2026-06-02 06:53:53.249202] GPU 0     0.000        0.000        0.000        1005         2100         1                           608002981003104             
[2026-06-02 06:53:53.301277] GPU 0     0.000        0.000        0.000        1005         2100         1                           608003032003968             
[2026-06-02 06:53:53.353362] GPU 0     0.000        0.000        0.000        1005         2100         1                           608003082706016             
[2026-06-02 06:53:53.405405] GPU 0     0.000        0.000        0.000        1005         2100         1                           608003133187840             
[2026-06-02 06:53:53.457531] GPU 0     0.000        0.000        0.000        1005         2100         1                           608003183849472             
[2026-06-02 06:53:53.510377] GPU 0     0.000        0.000        0.000        1005         2100         1                           608003234483968             
[2026-06-02 06:53:53.562579] GPU 0     0.000        0.000        0.000        1005         2100         1                           608003285127840             
[2026-06-02 06:53:53.612672] #Entity   SMACT        SMOCC        DRAMA        SMCLK        SMMAX        DVCCTR                      TAPCV                       
[2026-06-02 06:53:53.612788] ID                                                                                                                                 
[2026-06-02 06:53:53.614671] GPU 0     0.000        0.000        0.000        1005         2100         1                           608003335662016             
[2026-06-02 06:53:53.666783] GPU 0     0.000        0.000        0.000        1005         2100         1                           608003401511328             
[2026-06-02 06:53:53.718875] GPU 0     0.000        0.000        0.000        1005         2100         1                           608003452037280             
[2026-06-02 06:53:53.770766] GPU 0     0.000        0.000        0.000        1005         2100         1                           608003502616192             
[2026-06-02 06:53:53.823391] GPU 0     0.000        0.000        0.000        1005         2100         1                           608003554158368             
[2026-06-02 06:53:53.891542] GPU 0     0.000        0.000        0.000        1005         2100         1                           608003606344256             
[2026-06-02 06:53:53.943449] GPU 0     0.000        0.000        0.000        1005         2100         1                           608003657380672             
[2026-06-02 06:53:53.996024] GPU 0     0.000        0.000        0.000        1005         2100         1                           608003707994944             
[2026-06-02 06:53:54.048566] GPU 0     0.000        0.000        0.000        1005         2100         1                           608003764138784             
[2026-06-02 06:53:54.100090] GPU 0     0.000        0.000        0.000        1005         2100         1                           608003814670880             
[2026-06-02 06:53:54.151515] GPU 0     0.000        0.000        0.000        1005         2100         1                           608003865206912             
[2026-06-02 06:53:54.203190] GPU 0     0.000        0.000        0.000        1005         2100         1                           608003916662784             
[2026-06-02 06:53:54.254856] GPU 0     0.000        0.000        0.000        1005         2100         1                           608003967177440             
[2026-06-02 06:53:54.307130] GPU 0     0.000        0.000        0.000        1005         2100         1                           608004017700672             
[2026-06-02 06:53:54.357205] #Entity   SMACT        SMOCC        DRAMA        SMCLK        SMMAX        DVCCTR                      TAPCV                       
[2026-06-02 06:53:54.357340] ID                                                                                                                                 
[2026-06-02 06:53:54.359802] GPU 0     0.000        0.000        0.000        1005         2100         1                           608004068183040             
[2026-06-02 06:53:54.412192] GPU 0     0.000        0.000        0.000        1005         2100         1                           608004118723648             
[2026-06-02 06:53:54.464754] GPU 0     0.000        0.000        0.000        1005         2100         1                           608004169220192             
[2026-06-02 06:53:54.517199] GPU 0     0.000        0.000        0.000        1005         2100         1                           608004219734176             
[2026-06-02 06:53:54.571525] GPU 0     0.000        0.000        0.000        1005         2100         1                           608004286078688             
[2026-06-02 06:53:54.628210] GPU 0     0.000        0.000        0.000        1005         2100         1                           608004336749280             
[2026-06-02 06:53:54.680212] GPU 0     0.000        0.000        0.000        915          2100         1                           608004388020352             
[2026-06-02 06:53:54.732316] GPU 0     0.000        0.000        0.000        915          2100         1                           608004439996736             
[2026-06-02 06:53:54.784566] GPU 0     0.000        0.000        0.000        915          2100         1                           608004490518720             
[2026-06-02 06:53:54.836728] GPU 0     0.000        0.000        0.000        915          2100         1                           608004541051392             
[2026-06-02 06:53:54.888742] GPU 0     0.000        0.000        0.000        915          2100         1                           608004591605728             
[2026-06-02 06:53:54.940803] GPU 0     0.000        0.000        0.000        915          2100         1                           608004642134656             
[2026-06-02 06:53:54.992910] GPU 0     0.000        0.000        0.000        915          2100         1                           608004692666976             
[2026-06-02 06:53:55.044959] GPU 0     0.000        0.000        0.000        915          2100         1                           608004743191872             
[2026-06-02 06:53:55.095147] #Entity   SMACT        SMOCC        DRAMA        SMCLK        SMMAX        DVCCTR                      TAPCV                       
[2026-06-02 06:53:55.095276] ID                                                                                                                                 
[2026-06-02 06:53:55.097100] GPU 0     0.000        0.000        0.000        915          2100         1                           608004811692416             
[2026-06-02 06:53:55.149202] GPU 0     0.000        0.000        0.000        915          2100         1                           608004862232288             
[2026-06-02 06:53:55.201241] GPU 0     0.000        0.000        0.000        915          2100         1                           608004912761440             
[2026-06-02 06:53:55.253299] GPU 0     0.000        0.000        0.000        885          2100         1                           608004970413184             
[2026-06-02 06:53:55.305402] GPU 0     0.000        0.000        0.000        885          2100         1                           608005021001920             
[2026-06-02 06:53:55.357353] GPU 0     0.000        0.000        0.000        885          2100         1                           608005071508640             
[2026-06-02 06:53:55.409370] GPU 0     0.000        0.000        0.000        885          2100         1                           608005122279456             
[2026-06-02 06:53:55.461422] GPU 0     0.000        0.000        0.000        945          2100         1                           608005174631392             
[2026-06-02 06:53:55.513408] GPU 0     0.000        0.000        0.000        945          2100         1                           608005225264064             
[2026-06-02 06:53:55.565295] GPU 0     0.000        0.000        0.000        945          2100         1                           608005275762784             
[2026-06-02 06:53:55.617420] GPU 0     0.000        0.000        0.000        945          2100         1                           608005327295968             
[2026-06-02 06:53:55.669614] GPU 0     0.000        0.000        0.000        945          2100         1                           608005378513568             
[2026-06-02 06:53:55.721622] GPU 0     0.000        0.000        0.000        945          2100         1                           608005429053760             
[2026-06-02 06:53:55.773696] GPU 0     0.000        0.000        0.000        945          2100         1                           608005479553184             
[2026-06-02 06:53:55.823879] #Entity   SMACT        SMOCC        DRAMA        SMCLK        SMMAX        DVCCTR                      TAPCV                       
[2026-06-02 06:53:55.823993] ID                                                                                                                                 
[2026-06-02 06:53:55.825888] GPU 0     0.000        0.000        0.000        945          2100         1                           608005542487584             
[2026-06-02 06:53:55.881841] GPU 0     0.000        0.000        0.000        945          2100         1                           608005593202688             
[2026-06-02 06:53:55.935962] GPU 0     0.000        0.000        0.000        945          2100         1                           608005643862016             
[2026-06-02 06:53:55.988062] GPU 0     0.000        0.000        0.000        945          2100         1                           608005695035616             
[2026-06-02 06:53:56.040083] GPU 0     0.000        0.000        0.000        945          2100         1                           608005745542496             
[2026-06-02 06:53:56.092170] GPU 0     0.000        0.000        0.000        945          2100         1                           608005796076320             
[2026-06-02 06:53:56.144165] GPU 0     0.000        0.000        0.000        945          2100         1                           608005846577792             
[2026-06-02 06:53:56.196843] GPU 0     0.000        0.000        0.000        945          2100         1                           608005897087936             
[2026-06-02 06:53:56.249261] GPU 0     0.000        0.000        0.000        945          2100         1                           608005947640928             
[2026-06-02 06:53:56.301738] GPU 0     0.000        0.000        0.000        945          2100         1                           608005998189024             
[2026-06-02 06:53:56.354209] GPU 0     0.000        0.000        0.000        945          2100         1                           608006048957024             
[2026-06-02 06:53:56.406752] GPU 0     0.000        0.000        0.000        945          2100         1                           608006099671808             
[2026-06-02 06:53:56.459052] GPU 0     0.000        0.000        0.000        945          2100         1                           608006150369952             
[2026-06-02 06:53:56.511791] GPU 0     0.000        0.000        0.000        945          2100         1                           608006200966112             
[2026-06-02 06:53:56.561929] #Entity   SMACT        SMOCC        DRAMA        SMCLK        SMMAX        DVCCTR                      TAPCV                       
[2026-06-02 06:53:56.562042] ID                                                                                                                                 
[2026-06-02 06:53:56.564148] GPU 0     0.000        0.000        0.000        945          2100         1                           608006256587104             
[2026-06-02 06:53:56.617013] GPU 0     0.000        0.000        0.000        945          2100         1                           608006307222656             
[2026-06-02 06:53:56.669291] GPU 0     0.000        0.000        0.000        945          2100         1                           608006357806464             
[2026-06-02 06:53:56.722584] GPU 0     0.000        0.000        0.000        945          2100         1                           608006409521248             
[2026-06-02 06:53:56.775091] GPU 0     0.000        0.000        0.000        945          2100         1                           608006510735040             
[2026-06-02 06:53:56.827159] GPU 0     0.000        0.000        0.000        945          2100         1                           608006561219168             
[2026-06-02 06:53:56.879412] GPU 0     0.000        0.000        0.000        945          2100         1                           608006612938656             
[2026-06-02 06:53:56.931438] GPU 0     0.000        0.000        0.000        945          2100         1                           608006663610176             
[2026-06-02 06:53:56.983548] GPU 0     0.000        0.000        0.000        945          2100         1                           608006714261056             
[2026-06-02 06:53:57.035533] GPU 0     0.000        0.000        0.000        945          2100         1                           608006765409056             
[2026-06-02 06:53:57.087543] GPU 0     0.000        0.000        0.000        945          2100         1                           608006815901568             
[2026-06-02 06:53:57.139627] GPU 0     0.000        0.000        0.000        945          2100         1                           608006866430880             
[2026-06-02 06:53:57.191889] GPU 0     0.000        0.000        0.000        945          2100         1                           608006916976480             
[2026-06-02 06:53:57.243907] GPU 0     0.000        0.000        0.000        945          2100         1                           608006916976480             
[2026-06-02 06:53:57.294050] #Entity   SMACT        SMOCC        DRAMA        SMCLK        SMMAX        DVCCTR                      TAPCV                       
[2026-06-02 06:53:57.294171] ID                                                                                                                                 
[2026-06-02 06:53:57.296271] GPU 0     0.000        0.000        0.000        885          2100         1                           608006983682784             
[2026-06-02 06:53:57.348653] GPU 0     0.000        0.000        0.000        885          2100         1                           608007034234880             
[2026-06-02 06:53:57.400961] GPU 0     0.000        0.000        0.000        885          2100         1                           608007136431520             
[2026-06-02 06:53:57.453435] GPU 0     0.000        0.000        0.000        885          2100         1                           608007187327072             
[2026-06-02 06:53:57.509296] GPU 0     0.000        0.000        0.000        885          2100         1                           608007237842656             
[2026-06-02 06:53:57.564381] GPU 0     0.000        0.000        0.000        885          2100         1                           608007288473504             
[2026-06-02 06:53:57.616986] GPU 0     0.000        0.000        0.000        885          2100         1                           608007338990944             
[2026-06-02 06:53:57.669553] GPU 0     0.000        0.000        0.000        885          2100         1                           608007389564352             
[2026-06-02 06:53:57.722214] GPU 0     0.000        0.000        0.000        885          2100         1                           608007440080192             
[2026-06-02 06:53:57.774624] GPU 0     0.000        0.000        0.000        885          2100         1                           608007491397760             
[2026-06-02 06:53:57.827148] GPU 0     0.000        0.000        0.000        885          2100         1                           608007542037408             
[2026-06-02 06:53:57.879608] GPU 0     0.000        0.000        0.000        855          2100         1                           608007592662464             
[2026-06-02 06:53:57.932153] GPU 0     0.000        0.000        0.000        855          2100         1                           608007643242112             
[2026-06-02 06:53:57.984688] GPU 0     0.000        0.000        0.000        855          2100         1                           608007707157216             
[2026-06-02 06:53:58.034832] #Entity   SMACT        SMOCC        DRAMA        SMCLK        SMMAX        DVCCTR                      TAPCV                       
[2026-06-02 06:53:58.034956] ID                                                                                                                                 
[2026-06-02 06:53:58.037205] GPU 0     0.000        0.000        0.000        855          2100         1                           608007757814912             
[2026-06-02 06:53:58.089681] GPU 0     0.000        0.000        0.000        855          2100         1                           608007808469216             
[2026-06-02 06:53:58.142758] GPU 0     0.000        0.000        0.000        855          2100         1                           608007859862848             
[2026-06-02 06:53:58.195729] GPU 0     0.000        0.000        0.000        855          2100         1                           608007910463136             
[2026-06-02 06:53:58.248213] GPU 0     0.000        0.000        0.000        855          2100         1                           608007960977248             
[2026-06-02 06:53:58.300886] GPU 0     0.000        0.000        0.000        855          2100         1                           608008011536864             
[2026-06-02 06:53:58.353539] GPU 0     0.000        0.000        0.000        855          2100         1                           608008078118560             
[2026-06-02 06:53:58.406585] GPU 0     0.000        0.000        0.000        855          2100         1                           608008128838944             
[2026-06-02 06:53:58.458943] GPU 0     0.000        0.000        0.000        855          2100         1                           608008179484416             
[2026-06-02 06:53:58.511626] GPU 0     0.000        0.000        0.000        825          2100         1                           608008231711072             
[2026-06-02 06:53:58.564091] GPU 0     0.000        0.000        0.000        825          2100         1                           608008282283264             
[2026-06-02 06:53:58.617425] GPU 0     0.000        0.000        0.000        825          2100         1                           608008332914528             
[2026-06-02 06:53:58.671126] GPU 0     0.000        0.000        0.000        825          2100         1                           608008383492224             
[2026-06-02 06:53:58.724896] GPU 0     0.000        0.000        0.000        825          2100         1                           608008434193248             
[2026-06-02 06:53:58.775056] #Entity   SMACT        SMOCC        DRAMA        SMCLK        SMMAX        DVCCTR                      TAPCV                       
[2026-06-02 06:53:58.775186] ID                                                                                                                                 
[2026-06-02 06:53:58.778452] GPU 0     0.000        0.000        0.000        825          2100         1                           608008484879712             
[2026-06-02 06:53:58.832311] GPU 0     0.000        0.000        0.000        825          2100         1                           608008535478176             
[2026-06-02 06:53:58.885814] GPU 0     0.000        0.000        0.000        825          2100         1                           608008587763648             
[2026-06-02 06:53:58.939651] GPU 0     0.000        0.000        0.000        825          2100         1                           608008638340704             
[2026-06-02 06:53:58.993229] GPU 0     0.000        0.000        0.000        825          2100         1                           608008688930304             
[2026-06-02 06:53:59.046880] GPU 0     0.000        0.000        0.000        825          2100         1                           608008739481088             
[2026-06-02 06:53:59.100518] GPU 0     0.000        0.000        0.000        915          2100         1                           608008791410144             
[2026-06-02 06:53:59.159086] GPU 0     0.000        0.000        0.000        915          2100         1                           608008892623424             
[2026-06-02 06:53:59.214314] GPU 0     0.000        0.000        0.000        915          2100         1                           608008943537888             
[2026-06-02 06:53:59.268044] GPU 0     0.000        0.000        0.000        915          2100         1                           608008994268160             
[2026-06-02 06:53:59.321601] GPU 0     0.000        0.000        0.000        915          2100         1                           608009044781792             
[2026-06-02 06:53:59.375369] GPU 0     0.000        0.000        0.000        915          2100         1                           608009095449760             
[2026-06-02 06:53:59.429053] GPU 0     0.000        0.000        0.000        915          2100         1                           608009153373504             
[2026-06-02 06:53:59.482218] GPU 0     0.000        0.000        0.000        915          2100         1                           608009204093344             
[2026-06-02 06:53:59.532319] #Entity   SMACT        SMOCC        DRAMA        SMCLK        SMMAX        DVCCTR                      TAPCV                       
[2026-06-02 06:53:59.532460] ID                                                                                                                                 
[2026-06-02 06:53:59.534963] GPU 0     0.000        0.000        0.000        915          2100         1                           608009254712736             
[2026-06-02 06:53:59.587658] GPU 0     0.000        0.000        0.000        915          2100         1                           608009306029248             
[2026-06-02 06:53:59.640497] GPU 0     0.000        0.000        0.000        915          2100         1                           608009356649824             
[2026-06-02 06:53:59.693850] GPU 0     0.000        0.000        0.000        915          2100         1                           608009407198720             
[2026-06-02 06:53:59.747570] GPU 0     0.000        0.000        0.000        915          2100         1                           608009457752256             
[2026-06-02 06:53:59.801162] GPU 0     0.000        0.000        0.000        915          2100         1                           608009508307136             
[2026-06-02 06:53:59.854802] GPU 0     0.000        0.000        0.000        915          2100         1                           608009558863360             
[2026-06-02 06:53:59.908691] GPU 0     0.000        0.000        0.000        915          2100         1                           608009609428416             
[2026-06-02 06:53:59.962294] GPU 0     0.000        0.000        0.000        915          2100         1                           608009661497312             
[2026-06-02 06:54:00.015968] GPU 0     0.000        0.000        0.000        915          2100         1                           608009712161632             
[2026-06-02 06:54:00.069327] GPU 0     0.000        0.000        0.000        915          2100         1                           608009762743040             
[2026-06-02 06:54:00.122802] GPU 0     0.000        0.000        0.000        915          2100         1                           608009813307456             
[2026-06-02 06:54:00.176506] GPU 0     0.000        0.000        0.000        915          2100         1                           608009870862208             
[2026-06-02 06:54:00.229769] GPU 0     0.000        0.000        0.000        915          2100         1                           608009921553280             
[2026-06-02 06:54:00.279894] #Entity   SMACT        SMOCC        DRAMA        SMCLK        SMMAX        DVCCTR                      TAPCV                       
[2026-06-02 06:54:00.280033] ID                                                                                                                                 
[2026-06-02 06:54:00.283205] GPU 0     0.000        0.000        0.000        915          2100         1                           608009972183072             
[2026-06-02 06:54:00.336890] GPU 0     0.000        0.000        0.000        915          2100         1                           608010023775712             
[2026-06-02 06:54:00.390618] GPU 0     0.000        0.000        0.000        915          2100         1                           608010124864224             
[2026-06-02 06:54:00.444011] GPU 0     0.000        0.000        0.000        915          2100         1                           608010175443648             
[2026-06-02 06:54:00.497623] GPU 0     0.000        0.000        0.000        915          2100         1                           608010226003040             
[2026-06-02 06:54:00.551086] GPU 0     0.000        0.000        0.000        915          2100         1                           608010276498560             
[2026-06-02 06:54:00.604899] GPU 0     0.000        0.000        0.000        915          2100         1                           608010327075552             
[2026-06-02 06:54:00.658689] GPU 0     0.000        0.000        0.000        915          2100         1                           608010378308416             
[2026-06-02 06:54:00.712073] GPU 0     0.000        0.000        0.000        915          2100         1                           608010428871072             
[2026-06-02 06:54:00.765163] GPU 0     0.000        0.000        0.000        915          2100         1                           608010479419264             
[2026-06-02 06:54:00.818590] GPU 0     0.000        0.000        0.000        915          2100         1                           608010529910144             
[2026-06-02 06:54:00.871747] GPU 0     0.000        0.000        0.000        915          2100         1                           608010591659232             
[2026-06-02 06:54:00.925011] GPU 0     0.000        0.000        0.000        855          2100         1                           608010642338624             
[2026-06-02 06:54:00.978314] GPU 0     0.000        0.000        0.000        855          2100         1                           608010693003776             
[2026-06-02 06:54:01.028490] #Entity   SMACT        SMOCC        DRAMA        SMCLK        SMMAX        DVCCTR                      TAPCV                       
[2026-06-02 06:54:01.028621] ID                                                                                                                                 
[2026-06-02 06:54:01.031824] GPU 0     0.000        0.000        0.000        855          2100         1                           608010744423328             
[2026-06-02 06:54:01.085331] GPU 0     0.000        0.000        0.000        855          2100         1                           608010795094112             
[2026-06-02 06:54:01.138947] GPU 0     0.000        0.000        0.000        855          2100         1                           608010845649792             
[2026-06-02 06:54:01.192524] GPU 0     0.000        0.000        0.000        855          2100         1                           608010896176928             
[2026-06-02 06:54:01.246237] GPU 0     0.000        0.000        0.000        855          2100         1                           608010946953216             
[2026-06-02 06:54:01.299876] GPU 0     0.000        0.000        0.000        855          2100         1                           608010997750176             
[2026-06-02 06:54:01.353346] GPU 0     0.000        0.000        0.000        855          2100         1                           608011048390656             
[2026-06-02 06:54:01.406301] GPU 0     0.000        0.000        0.000        855          2100         1                           608011099339712             
[2026-06-02 06:54:01.460158] GPU 0     0.000        0.000        0.000        855          2100         1                           608011149873632             
[2026-06-02 06:54:01.514143] GPU 0     0.000        0.000        0.000        855          2100         1                           608011200403200             
[2026-06-02 06:54:01.567045] GPU 0     0.000        0.000        0.000        825          2100         1                           608011301637152             
[2026-06-02 06:54:01.619799] GPU 0     0.000        0.000        0.000        825          2100         1                           608011352281856             
[2026-06-02 06:54:01.672688] GPU 0     0.000        0.000        0.000        825          2100         1                           608011403722848             
[2026-06-02 06:54:01.725506] GPU 0     0.000        0.000        0.000        825          2100         1                           608011455177760             
[2026-06-02 06:54:01.775628] #Entity   SMACT        SMOCC        DRAMA        SMCLK        SMMAX        DVCCTR                      TAPCV                       
[2026-06-02 06:54:01.775700] ID                                                                                                                                 
[2026-06-02 06:54:01.778265] GPU 0     0.000        0.000        0.000        825          2100         1                           608011505698400             
[2026-06-02 06:54:01.830653] GPU 0     0.000        0.000        0.000        825          2100         1                           608011556506112             
[2026-06-02 06:54:01.882730] GPU 0     0.000        0.000        0.000        825          2100         1                           608011607079072             
[2026-06-02 06:54:01.935040] GPU 0     0.000        0.000        0.000        825          2100         1                           608011657712864             
[2026-06-02 06:54:01.987546] GPU 0     0.000        0.000        0.000        825          2100         1                           608011708264192             
[2026-06-02 06:54:02.040396] GPU 0     0.000        0.000        0.000        825          2100         1                           608011759032512             
[2026-06-02 06:54:02.093304] GPU 0     0.000        0.000        0.000        825          2100         1                           608011810733120             
[2026-06-02 06:54:02.146088] GPU 0     0.000        0.000        0.000        825          2100         1                           608011861325440             
[2026-06-02 06:54:02.198906] GPU 0     0.000        0.000        0.000        825          2100         1                           608011911953280             
[2026-06-02 06:54:02.251268] GPU 0     0.000        0.000        0.000        825          2100         1                           608011965381056             
[2026-06-02 06:54:02.303877] GPU 0     0.000        0.000        0.000        1200         2100         1                           608012018131520             
[2026-06-02 06:54:02.356716] GPU 0     0.000        0.000        0.000        1200         2100         1                           608012068521536             
[2026-06-02 06:54:02.409635] GPU 0     0.000        0.000        0.000        1440         2100         1                           608012099637376             
[2026-06-02 06:54:02.462255] GPU 0     0.000        0.000        0.000        1440         2100         0                           608012099637376             
[2026-06-02 06:54:02.512451] #Entity   SMACT        SMOCC        DRAMA        SMCLK        SMMAX        DVCCTR                      TAPCV                       
[2026-06-02 06:54:02.512606] ID                                                                                                                                 
[2026-06-02 06:54:02.515127] GPU 0     0.000        0.000        0.000        1560         2100         0                           608012099637376             
[2026-06-02 06:54:02.567920] GPU 0     0.000        0.000        0.000        1560         2100         0                           608012099637376             
[2026-06-02 06:54:02.620766] GPU 0     0.000        0.000        0.001        1560         2100         0                           608012099637376             
[2026-06-02 06:54:02.673593] GPU 0     0.000        0.000        0.000        1560         2100         0                           608012099637376             
[2026-06-02 06:54:02.726198] GPU 0     0.000        0.000        0.000        1560         2100         0                           608012099637376             
[2026-06-02 06:54:02.778832] GPU 0     0.000        0.000        0.000        1560         2100         0                           608012099637376             
[2026-06-02 06:54:02.831197] GPU 0     0.000        0.000        0.000        1560         2100         0                           608012099637376             
[2026-06-02 06:54:02.883822] GPU 0     0.000        0.000        0.000        1560         2100         0                           608012099637376             
[2026-06-02 06:54:02.936495] GPU 0     0.000        0.000        0.000        1560         2100         0                           608012099637376             
[2026-06-02 06:54:02.989114] GPU 0     0.000        0.000        0.000        1560         2100         0                           608012099637376             
[2026-06-02 06:54:03.041941] GPU 0     0.000        0.000        0.000        1560         2100         0                           608012099637376             
[2026-06-02 06:54:03.094797] GPU 0     0.000        0.000        0.000        1560         2100         0                           608012099637376             
[2026-06-02 06:54:03.147698] GPU 0     0.000        0.000        0.000        1560         2100         0                           608012099637376             
[2026-06-02 06:54:03.200497] GPU 0     0.000        0.000        0.000        1560         2100         0                           608012099637376             
[2026-06-02 06:54:03.250647] #Entity   SMACT        SMOCC        DRAMA        SMCLK        SMMAX        DVCCTR                      TAPCV                       
[2026-06-02 06:54:03.250831] ID                                                                                                                                 
[2026-06-02 06:54:03.253223] GPU 0     0.000        0.000        0.000        1560         2100         0                           608012099637376             
[2026-06-02 06:54:03.311243] GPU 0     0.000        0.000        0.000        1560         2100         0                           608012099637376             
[2026-06-02 06:54:03.364186] GPU 0     0.000        0.000        0.000        1560         2100         0                           608012099637376             
[2026-06-02 06:54:03.417256] GPU 0     0.000        0.000        0.000        1560         2100         0                           608012099637376             
[2026-06-02 06:54:03.470114] GPU 0     0.000        0.000        0.000        1560         2100         0                           608012099637376             
[2026-06-02 06:54:03.523106] GPU 0     0.000        0.000        0.000        1560         2100         0                           608012099637376             
[2026-06-02 06:54:03.576047] GPU 0     0.000        0.000        0.000        1560         2100         0                           608012099637376             
[2026-06-02 06:54:03.629188] GPU 0     0.000        0.000        0.000        1560         2100         0                           608012099637376             
[2026-06-02 06:54:03.682542] GPU 0     0.000        0.000        0.000        1560         2100         0                           608012099637376             
[2026-06-02 06:54:03.736146] GPU 0     0.000        0.000        0.000        1560         2100         0                           608012099637376             
[2026-06-02 06:54:03.789493] GPU 0     0.000        0.000        0.000        1560         2100         0                           608012099637376             
[2026-06-02 06:54:03.842769] GPU 0     0.000        0.000        0.000        1560         2100         0                           608012099637376             
[2026-06-02 06:54:03.896305] GPU 0     0.000        0.000        0.000        1560         2100         0                           608012099637376             
[2026-06-02 06:54:03.949705] GPU 0     0.000        0.000        0.000        1560         2100         0                           608012099637376             
[2026-06-02 06:54:03.999901] #Entity   SMACT        SMOCC        DRAMA        SMCLK        SMMAX        DVCCTR                      TAPCV                       
[2026-06-02 06:54:04.000059] ID                                                                                                                                 
[2026-06-02 06:54:04.002918] GPU 0     0.000        0.000        0.000        1560         2100         0                           608012099637376             
[2026-06-02 06:54:04.055795] GPU 0     0.000        0.000        0.000        1560         2100         0                           608012099637376             
[2026-06-02 06:54:04.109201] GPU 0     0.000        0.000        0.000        1560         2100         0                           608012099637376             
[2026-06-02 06:54:04.162359] GPU 0     0.000        0.000        0.000        1560         2100         0                           608012099637376             
[2026-06-02 06:54:04.215846] GPU 0     0.000        0.000        0.000        1560         2100         0                           608012099637376             
[2026-06-02 06:54:04.269723] GPU 0     0.000        0.000        0.000        1560         2100         0                           608012099637376             
[2026-06-02 06:54:04.323563] GPU 0     0.000        0.000        0.000        1440         2100         0                           608012099637376             
[2026-06-02 06:54:04.377404] GPU 0     0.000        0.000        0.000        1440         2100         0                           608012099637376             
[2026-06-02 06:54:04.431341] GPU 0     0.000        0.000        0.000        1440         2100         0                           608012099637376             
[2026-06-02 06:54:04.484692] GPU 0     0.000        0.000        0.000        1440         2100         0                           608012099637376             
[2026-06-02 06:54:04.538608] GPU 0     0.000        0.000        0.000        1440         2100         0                           608012099637376             
[2026-06-02 06:54:04.592408] GPU 0     0.000        0.000        0.000        1440         2100         0                           608012099637376             
[2026-06-02 06:54:04.646255] GPU 0     0.000        0.000        0.000        1440         2100         0                           608012099637376             
[2026-06-02 06:54:04.699897] GPU 0     0.000        0.000        0.000        1440         2100         0                           608012099637376             
[2026-06-02 06:54:04.749998] #Entity   SMACT        SMOCC        DRAMA        SMCLK        SMMAX        DVCCTR                      TAPCV                       
[2026-06-02 06:54:04.750172] ID                                                                                                                                 
[2026-06-02 06:54:04.753647] GPU 0     0.000        0.000        0.000        1440         2100         0                           608012099637376             
[2026-06-02 06:54:04.807496] GPU 0     0.000        0.000        0.000        1440         2100         0                           608012099637376             
[2026-06-02 06:54:04.861385] GPU 0     0.000        0.000        0.000        1440         2100         0                           608012099637376             
[2026-06-02 06:54:04.914854] GPU 0     0.000        0.000        0.000        1440         2100         0                           608012099637376             
[2026-06-02 06:54:04.968242] GPU 0     0.000        0.000        0.000        1440         2100         0                           608012099637376             
[2026-06-02 06:54:05.021603] GPU 0     0.000        0.000        0.000        1440         2100         0                           608012099637376             
[2026-06-02 06:54:05.075215] GPU 0     0.000        0.000        0.000        1440         2100         0                           608012099637376             
[2026-06-02 06:54:05.128577] GPU 0     0.000        0.000        0.000        1440         2100         0                           608012099637376             
[2026-06-02 06:54:05.181599] GPU 0     0.000        0.000        0.000        1440         2100         0                           608012099637376             
[2026-06-02 06:54:05.234926] GPU 0     0.000        0.000        0.000        1440         2100         0                           608012099637376             
[2026-06-02 06:54:05.288689] GPU 0     0.000        0.000        0.000        1440         2100         0                           608012099637376             
[2026-06-02 06:54:05.342392] GPU 0     0.000        0.000        0.000        1440         2100         0                           608012099637376             
[2026-06-02 06:54:05.396312] GPU 0     0.000        0.000        0.000        1440         2100         0                           608012099637376             
[2026-06-02 06:54:05.450101] GPU 0     0.000        0.000        0.000        1440         2100         0                           608012099637376             
[2026-06-02 06:54:05.500251] #Entity   SMACT        SMOCC        DRAMA        SMCLK        SMMAX        DVCCTR                      TAPCV                       
[2026-06-02 06:54:05.500415] ID                                                                                                                                 
[2026-06-02 06:54:05.503950] GPU 0     0.000        0.000        0.000        1440         2100         0                           608012099637376             
[2026-06-02 06:54:05.557536] GPU 0     0.000        0.000        0.000        1440         2100         0                           608012099637376             
[2026-06-02 06:54:05.610597] GPU 0     0.000        0.000        0.000        1440         2100         0                           608012099637376             
[2026-06-02 06:54:05.663638] GPU 0     0.000        0.000        0.000        1440         2100         0                           608012099637376             
[2026-06-02 06:54:05.716770] GPU 0     0.000        0.000        0.000        1440         2100         0                           608012099637376             
[2026-06-02 06:54:05.770030] GPU 0     0.000        0.000        0.000        1440         2100         0                           608012099637376             
[2026-06-02 06:54:05.822857] GPU 0     0.000        0.000        0.000        1440         2100         0                           608012099637376             
[2026-06-02 06:54:05.875923] GPU 0     0.000        0.000        0.000        1440         2100         0                           608012099637376             
[2026-06-02 06:54:05.928947] GPU 0     0.000        0.000        0.000        1440         2100         0                           608012099637376             
[2026-06-02 06:54:05.982092] GPU 0     0.000        0.000        0.000        1440         2100         0                           608012099637376             
[2026-06-02 06:54:06.034987] GPU 0     0.000        0.000        0.000        1440         2100         0                           608012099637376             
[2026-06-02 06:54:06.087864] GPU 0     0.000        0.000        0.000        1440         2100         0                           608012099637376             
[2026-06-02 06:54:06.141160] GPU 0     0.000        0.000        0.000        1440         2100         0                           608012099637376             
[2026-06-02 06:54:06.194105] GPU 0     0.000        0.000        0.000        1440         2100         0                           608012099637376             
[2026-06-02 06:54:06.244306] #Entity   SMACT        SMOCC        DRAMA        SMCLK        SMMAX        DVCCTR                      TAPCV                       
[2026-06-02 06:54:06.244459] ID                                                                                                                                 
[2026-06-02 06:54:06.247190] GPU 0     0.000        0.000        0.000        1440         2100         0                           608012099637376             
[2026-06-02 06:54:06.300270] GPU 0     0.000        0.000        0.000        1440         2100         0                           608012099637376             
[2026-06-02 06:54:06.353637] GPU 0     0.000        0.000        0.000        1440         2100         0                           608012099637376             
[2026-06-02 06:54:06.407001] GPU 0     0.000        0.000        0.000        1440         2100         0                           608012099637376             
[2026-06-02 06:54:06.460312] GPU 0     0.000        0.000        0.000        1440         2100         0                           608012099637376             
[2026-06-02 06:54:06.513668] GPU 0     0.000        0.000        0.000        1440         2100         0                           608012099637376             
[2026-06-02 06:54:06.567231] GPU 0     0.000        0.000        0.000        1440         2100         0                           608012099637376             
[2026-06-02 06:54:06.620758] GPU 0     0.000        0.000        0.000        1440         2100         0                           608012099637376             
[2026-06-02 06:54:06.674570] GPU 0     0.000        0.000        0.000        1440         2100         0                           608012099637376             
[2026-06-02 06:54:06.728597] GPU 0     0.000        0.000        0.000        1440         2100         0                           608012099637376             
[2026-06-02 06:54:06.782245] GPU 0     0.000        0.000        0.000        1440         2100         0                           608012099637376             
[2026-06-02 06:54:06.835935] GPU 0     0.000        0.000        0.000        1440         2100         0                           608012099637376             
[2026-06-02 06:54:06.889303] GPU 0     0.000        0.000        0.000        1440         2100         0                           608012099637376             
[2026-06-02 06:54:06.942608] GPU 0     0.000        0.000        0.000        1440         2100         0                           608012099637376             
[2026-06-02 06:54:06.992768] #Entity   SMACT        SMOCC        DRAMA        SMCLK        SMMAX        DVCCTR                      TAPCV                       
[2026-06-02 06:54:06.992931] ID                                                                                                                                 
[2026-06-02 06:54:06.995991] GPU 0     0.000        0.000        0.000        1440         2100         0                           608012099637376             
[2026-06-02 06:54:07.049114] GPU 0     0.000        0.000        0.000        1440         2100         0                           608012099637376             
[2026-06-02 06:54:07.102225] GPU 0     0.000        0.000        0.000        1440         2100         0                           608012099637376             
[2026-06-02 06:54:07.155425] GPU 0     0.000        0.000        0.000        1440         2100         0                           608012099637376             
[2026-06-02 06:54:07.208733] GPU 0     0.000        0.000        0.000        1440         2100         0                           608012099637376             
[2026-06-02 06:54:07.261960] GPU 0     0.000        0.000        0.000        1440         2100         0                           608012099637376             
[2026-06-02 06:54:07.315018] GPU 0     0.000        0.000        0.000        1440         2100         0                           608012099637376             
[2026-06-02 06:54:07.368388] GPU 0     0.000        0.000        0.000        1440         2100         0                           608012099637376             
[2026-06-02 06:54:07.421837] GPU 0     0.000        0.000        0.000        1440         2100         0                           608012099637376             
[2026-06-02 06:54:07.475635] GPU 0     0.000        0.000        0.000        1440         2100         0                           608012099637376             
[2026-06-02 06:54:07.529116] GPU 0     0.000        0.000        0.000        1440         2100         0                           608012099637376             
[2026-06-02 06:54:07.582709] GPU 0     0.000        0.000        0.000        1440         2100         0                           608012099637376             
[2026-06-02 06:54:07.636427] GPU 0     0.000        0.000        0.000        1440         2100         0                           608012099637376             
[2026-06-02 06:54:07.690089] GPU 0     0.000        0.000        0.000        1440         2100         0                           608012099637376             
[2026-06-02 06:54:07.740249] #Entity   SMACT        SMOCC        DRAMA        SMCLK        SMMAX        DVCCTR                      TAPCV                       
[2026-06-02 06:54:07.740466] ID                                                                                                                                 
[2026-06-02 06:54:07.743755] GPU 0     0.000        0.000        0.000        1440         2100         0                           608012099637376             
[2026-06-02 06:54:07.797245] GPU 0     0.000        0.000        0.000        1440         2100         0                           608012099637376             
[2026-06-02 06:54:07.850986] GPU 0     0.000        0.000        0.000        1440         2100         0                           608012099637376             
[2026-06-02 06:54:07.904669] GPU 0     0.000        0.000        0.000        1440         2100         0                           608012099637376             
[2026-06-02 06:54:07.958320] GPU 0     0.000        0.000        0.000        1440         2100         0                           608012099637376             
[2026-06-02 06:54:08.012186] GPU 0     0.000        0.000        0.000        1440         2100         0                           608012099637376             
[2026-06-02 06:54:08.065524] GPU 0     0.000        0.000        0.000        1440         2100         0                           608012099637376             
[2026-06-02 06:54:08.119021] GPU 0     0.000        0.000        0.000        1440         2100         0                           608012099637376             
[2026-06-02 06:54:08.172646] GPU 0     0.000        0.000        0.000        1440         2100         0                           608012099637376             
[2026-06-02 06:54:08.226540] GPU 0     0.000        0.000        0.000        1440         2100         0                           608012099637376             
[2026-06-02 06:54:08.280509] GPU 0     0.000        0.000        0.000        1440         2100         0                           608012099637376             
[2026-06-02 06:54:08.334417] GPU 0     0.000        0.000        0.000        1440         2100         0                           608012099637376             
[2026-06-02 06:54:08.388169] GPU 0     0.000        0.000        0.000        1440         2100         0                           608012099637376             
[2026-06-02 06:54:08.442052] GPU 0     0.000        0.000        0.000        1440         2100         0                           608012099637376             
[2026-06-02 06:54:08.492198] #Entity   SMACT        SMOCC        DRAMA        SMCLK        SMMAX        DVCCTR                      TAPCV                       
[2026-06-02 06:54:08.492366] ID                                                                                                                                 
[2026-06-02 06:54:08.495679] GPU 0     0.000        0.000        0.000        1440         2100         0                           608012099637376             
[2026-06-02 06:54:08.549502] GPU 0     0.000        0.000        0.000        1440         2100         0                           608012099637376             
[2026-06-02 06:54:08.603323] GPU 0     0.000        0.000        0.000        1440         2100         0                           608012099637376             
[2026-06-02 06:54:08.657070] GPU 0     0.000        0.000        0.000        1440         2100         0                           608012099637376             
[2026-06-02 06:54:08.710963] GPU 0     0.000        0.000        0.000        1440         2100         0                           608012099637376             
[2026-06-02 06:54:08.764955] GPU 0     0.000        0.000        0.000        1440         2100         0                           608012099637376             
[2026-06-02 06:54:08.818866] GPU 0     0.000        0.000        0.000        1440         2100         0                           608012099637376             
[2026-06-02 06:54:08.872849] GPU 0     0.000        0.000        0.000        1440         2100         0                           608012099637376             
[2026-06-02 06:54:08.926479] GPU 0     0.000        0.000        0.000        1440         2100         0                           608012099637376             
[2026-06-02 06:54:08.979859] GPU 0     0.000        0.000        0.000        1440         2100         0                           608012099637376             
[2026-06-02 06:54:09.033316] GPU 0     0.000        0.000        0.000        1440         2100         0                           608012099637376             
[2026-06-02 06:54:09.087023] GPU 0     0.000        0.000        0.000        1440         2100         0                           608012099637376             
[2026-06-02 06:54:09.140843] GPU 0     0.000        0.000        0.000        1440         2100         0                           608012099637376             
[2026-06-02 06:54:09.194348] GPU 0     0.000        0.000        0.000        1440         2100         0                           608012099637376             
[2026-06-02 06:54:09.244494] #Entity   SMACT        SMOCC        DRAMA        SMCLK        SMMAX        DVCCTR                      TAPCV                       
[2026-06-02 06:54:09.244664] ID                                                                                                                                 
[2026-06-02 06:54:09.247938] GPU 0     0.000        0.000        0.000        1440         2100         0                           608012099637376             
[2026-06-02 06:54:09.301848] GPU 0     0.000        0.000        0.000        1440         2100         0                           608012099637376             
[2026-06-02 06:54:09.355563] GPU 0     0.000        0.000        0.000        1440         2100         0                           608012099637376             
[2026-06-02 06:54:09.408977] GPU 0     0.000        0.000        0.000        1440         2100         0                           608012099637376             
[2026-06-02 06:54:09.462771] GPU 0     0.000        0.000        0.000        1440         2100         0                           608012099637376             
[2026-06-02 06:54:09.516688] GPU 0     0.000        0.000        0.000        1440         2100         0                           608012099637376             
[2026-06-02 06:54:09.570248] GPU 0     0.000        0.000        0.000        1440         2100         0                           608012099637376             
[2026-06-02 06:54:09.623901] GPU 0     0.000        0.000        0.000        1440         2100         0                           608012099637376             
[2026-06-02 06:54:09.677423] GPU 0     0.000        0.000        0.000        1440         2100         0                           608012099637376             
[2026-06-02 06:54:09.731247] GPU 0     0.000        0.000        0.000        1440         2100         0                           608012099637376             
[2026-06-02 06:54:09.785072] GPU 0     0.000        0.000        0.000        1440         2100         0                           608012099637376             
[2026-06-02 06:54:09.838832] GPU 0     0.000        0.000        0.000        1440         2100         0                           608012099637376             
[2026-06-02 06:54:09.892497] GPU 0     0.000        0.000        0.000        1440         2100         0                           608012099637376             
[2026-06-02 06:54:09.946125] GPU 0     0.000        0.000        0.000        1440         2100         0                           608012099637376             
[2026-06-02 06:54:09.996327] #Entity   SMACT        SMOCC        DRAMA        SMCLK        SMMAX        DVCCTR                      TAPCV                       
[2026-06-02 06:54:09.996499] ID                                                                                                                                 
[2026-06-02 06:54:09.999771] GPU 0     0.000        0.000        0.000        1440         2100         0                           608012099637376             
[2026-06-02 06:54:10.053479] GPU 0     0.000        0.000        0.000        1440         2100         0                           608012099637376             
[2026-06-02 06:54:10.107337] GPU 0     0.000        0.000        0.000        1440         2100         0                           608012099637376             
[2026-06-02 06:54:10.160928] GPU 0     0.000        0.000        0.000        1440         2100         0                           608012099637376             
[2026-06-02 06:54:10.214611] GPU 0     0.000        0.000        0.000        1440         2100         0                           608012099637376             
[2026-06-02 06:54:10.268401] GPU 0     0.000        0.000        0.000        1440         2100         0                           608012099637376             
[2026-06-02 06:54:10.321960] GPU 0     0.000        0.000        0.000        1440         2100         0                           608012099637376             
[2026-06-02 06:54:10.375946] GPU 0     0.000        0.000        0.000        1440         2100         0                           608012099637376             
[2026-06-02 06:54:10.435216] GPU 0     0.000        0.000        0.000        1440         2100         0                           608012099637376             
[2026-06-02 06:54:10.488932] GPU 0     0.000        0.000        0.000        1440         2100         0                           608012099637376             
[2026-06-02 06:54:10.542720] GPU 0     0.000        0.000        0.000        1440         2100         0                           608012099637376             
[2026-06-02 06:54:10.596132] GPU 0     0.000        0.000        0.000        1440         2100         0                           608012099637376             
[2026-06-02 06:54:10.649586] GPU 0     0.000        0.000        0.000        1440         2100         0                           608012099637376             
[2026-06-02 06:54:10.703107] GPU 0     0.000        0.000        0.000        1440         2100         0                           608012099637376             
[2026-06-02 06:54:10.753268] #Entity   SMACT        SMOCC        DRAMA        SMCLK        SMMAX        DVCCTR                      TAPCV                       
[2026-06-02 06:54:10.753436] ID                                                                                                                                 
[2026-06-02 06:54:10.756699] GPU 0     0.000        0.000        0.000        1440         2100         0                           608012099637376             
[2026-06-02 06:54:10.810446] GPU 0     0.000        0.000        0.000        1440         2100         0                           608012099637376             
[2026-06-02 06:54:10.864250] GPU 0     0.000        0.000        0.000        1440         2100         0                           608012099637376             
[2026-06-02 06:54:10.917817] GPU 0     0.000        0.000        0.000        1440         2100         0                           608012099637376             
[2026-06-02 06:54:10.971526] GPU 0     0.000        0.000        0.000        1440         2100         0                           608012099637376             
[2026-06-02 06:54:11.025250] GPU 0     0.000        0.000        0.000        1440         2100         0                           608012099637376             
[2026-06-02 06:54:11.078800] GPU 0     0.000        0.000        0.000        1440         2100         0                           608012099637376             
[2026-06-02 06:54:11.132762] GPU 0     0.000        0.000        0.000        1440         2100         0                           608012099637376             
[2026-06-02 06:54:11.186558] GPU 0     0.000        0.000        0.000        1440         2100         0                           608012099637376             
[2026-06-02 06:54:11.240332] GPU 0     0.000        0.000        0.000        1440         2100         0                           608012099637376             
[2026-06-02 06:54:11.293935] GPU 0     0.000        0.000        0.000        1440         2100         0                           608012099637376             
[2026-06-02 06:54:11.347903] GPU 0     0.000        0.000        0.000        1440         2100         0                           608012099637376             
[2026-06-02 06:54:11.401457] GPU 0     0.000        0.000        0.000        1440         2100         0                           608012099637376             
[2026-06-02 06:54:11.455318] GPU 0     0.000        0.000        0.000        1440         2100         0                           608012099637376             
[2026-06-02 06:54:11.505361] #Entity   SMACT        SMOCC        DRAMA        SMCLK        SMMAX        DVCCTR                      TAPCV                       
[2026-06-02 06:54:11.505528] ID                                                                                                                                 
[2026-06-02 06:54:11.508888] GPU 0     0.000        0.000        0.000        1440         2100         0                           608012099637376             
[2026-06-02 06:54:11.562716] GPU 0     0.000        0.000        0.000        1440         2100         0                           608012099637376             
[2026-06-02 06:54:11.616643] GPU 0     0.000        0.000        0.000        1440         2100         0                           608012099637376             
[2026-06-02 06:54:11.670311] GPU 0     0.000        0.000        0.000        1440         2100         0                           608012099637376             
[2026-06-02 06:54:11.723826] GPU 0     0.000        0.000        0.000        1440         2100         0                           608012099637376             
[2026-06-02 06:54:11.777133] GPU 0     0.000        0.000        0.000        1440         2100         0                           608012099637376             
[2026-06-02 06:54:11.830390] GPU 0     0.000        0.000        0.000        1440         2100         0                           608012099637376             
[2026-06-02 06:54:11.883777] GPU 0     0.000        0.000        0.000        1440         2100         0                           608012099637376             
[2026-06-02 06:54:11.936973] GPU 0     0.000        0.000        0.000        1440         2100         0                           608012099637376             
[2026-06-02 06:54:11.990269] GPU 0     0.000        0.000        0.000        1440         2100         0                           608012099637376             
[2026-06-02 06:54:12.043302] GPU 0     0.000        0.000        0.000        1440         2100         0                           608012099637376             
[2026-06-02 06:54:12.096621] GPU 0     0.000        0.000        0.000        1440         2100         0                           608012099637376             
[2026-06-02 06:54:12.149690] GPU 0     0.000        0.000        0.000        1440         2100         0                           608012099637376             
[2026-06-02 06:54:12.202954] GPU 0     0.000        0.000        0.000        1440         2100         0                           608012099637376             
[2026-06-02 06:54:12.253124] #Entity   SMACT        SMOCC        DRAMA        SMCLK        SMMAX        DVCCTR                      TAPCV                       
[2026-06-02 06:54:12.253294] ID                                                                                                                                 
[2026-06-02 06:54:12.256761] GPU 0     0.000        0.000        0.000        1440         2100         0                           608012099637376             
[2026-06-02 06:54:12.310695] GPU 0     0.000        0.000        0.000        1440         2100         0                           608012099637376             
[2026-06-02 06:54:12.364362] GPU 0     0.000        0.000        0.000        1440         2100         0                           608012099637376             
[2026-06-02 06:54:12.418612] GPU 0     0.000        0.000        0.000        1440         2100         0                           608012099637376             
[2026-06-02 06:54:12.472320] GPU 0     0.000        0.000        0.000        1440         2100         0                           608012099637376             
[2026-06-02 06:54:12.526087] GPU 0     0.000        0.000        0.000        1440         2100         0                           608012099637376             
[2026-06-02 06:54:12.579691] GPU 0     0.000        0.000        0.000        1440         2100         0                           608012099637376             
[2026-06-02 06:54:12.633553] GPU 0     0.000        0.000        0.000        1440         2100         0                           608012099637376             
[2026-06-02 06:54:12.687360] GPU 0     0.000        0.000        0.000        1440         2100         0                           608012099637376             
[2026-06-02 06:54:12.741212] GPU 0     0.000        0.000        0.000        1440         2100         0                           608012099637376             
[2026-06-02 06:54:12.795130] GPU 0     0.000        0.000        0.000        1440         2100         0                           608012099637376             
[2026-06-02 06:54:12.848805] GPU 0     0.000        0.000        0.000        1440         2100         0                           608012099637376             
[2026-06-02 06:54:12.902714] GPU 0     0.000        0.000        0.000        1440         2100         0                           608012099637376             
[2026-06-02 06:54:12.956183] GPU 0     0.000        0.000        0.000        1440         2100         0                           608012099637376             
[2026-06-02 06:54:13.006284] #Entity   SMACT        SMOCC        DRAMA        SMCLK        SMMAX        DVCCTR                      TAPCV                       
[2026-06-02 06:54:13.006453] ID                                                                                                                                 
[2026-06-02 06:54:13.009725] GPU 0     0.000        0.000        0.000        1440         2100         0                           608012099637376             
[2026-06-02 06:54:13.063604] GPU 0     0.000        0.000        0.000        1440         2100         0                           608012099637376             
[2026-06-02 06:54:13.117301] GPU 0     0.000        0.000        0.000        1440         2100         0                           608012099637376             
[2026-06-02 06:54:13.171137] GPU 0     0.000        0.000        0.000        1440         2100         0                           608012099637376             
[2026-06-02 06:54:13.224852] GPU 0     0.000        0.000        0.000        1440         2100         0                           608012099637376             
[2026-06-02 06:54:13.278719] GPU 0     0.000        0.000        0.000        1440         2100         0                           608012099637376             
[2026-06-02 06:54:13.332562] GPU 0     0.000        0.000        0.000        1440         2100         0                           608012099637376             
[2026-06-02 06:54:13.386413] GPU 0     0.000        0.000        0.000        1440         2100         0                           608012099637376             
[2026-06-02 06:54:13.440315] GPU 0     0.000        0.000        0.000        1440         2100         0                           608012099637376             
[2026-06-02 06:54:13.493970] GPU 0     0.000        0.000        0.000        1440         2100         0                           608012099637376             
[2026-06-02 06:54:13.547729] GPU 0     0.000        0.000        0.000        1440         2100         0                           608012099637376             
[2026-06-02 06:54:13.601272] GPU 0     0.000        0.000        0.000        1440         2100         0                           608012099637376             
[2026-06-02 06:54:13.655013] GPU 0     0.000        0.000        0.000        1440         2100         0                           608012099637376             
[2026-06-02 06:54:13.708860] GPU 0     0.000        0.000        0.000        1440         2100         0                           608012099637376             
[2026-06-02 06:54:13.759016] #Entity   SMACT        SMOCC        DRAMA        SMCLK        SMMAX        DVCCTR                      TAPCV                       
[2026-06-02 06:54:13.759143] ID                                                                                                                                 
[2026-06-02 06:54:13.762486] GPU 0     0.000        0.000        0.000        1440         2100         0                           608012099637376             
[2026-06-02 06:54:13.816391] GPU 0     0.000        0.000        0.000        1440         2100         0                           608012099637376             
[2026-06-02 06:54:13.870195] GPU 0     0.000        0.000        0.000        1440         2100         0                           608012099637376             
[2026-06-02 06:54:13.923862] GPU 0     0.000        0.000        0.000        1440         2100         0                           608012099637376             
[2026-06-02 06:54:13.977168] GPU 0     0.000        0.000        0.000        1440         2100         0                           608012099637376             
[2026-06-02 06:54:14.030595] GPU 0     0.000        0.000        0.000        1440         2100         0                           608012099637376             
[2026-06-02 06:54:14.084056] GPU 0     0.000        0.000        0.000        1440         2100         0                           608012099637376             
[2026-06-02 06:54:14.137453] GPU 0     0.000        0.000        0.000        1440         2100         0                           608012099637376             
[2026-06-02 06:54:14.191043] GPU 0     0.000        0.000        0.000        1440         2100         0                           608012099637376             
[2026-06-02 06:54:14.244993] GPU 0     0.000        0.000        0.000        1440         2100         0                           608012099637376             
[2026-06-02 06:54:14.298846] GPU 0     0.000        0.000        0.000        1440         2100         0                           608012099637376             
[2026-06-02 06:54:14.352648] GPU 0     0.000        0.000        0.000        1440         2100         0                           608012099637376             
[2026-06-02 06:54:14.406442] GPU 0     0.000        0.000        0.000        1440         2100         0                           608012099637376             
[2026-06-02 06:54:14.460300] GPU 0     0.000        0.000        0.000        1440         2100         0                           608012099637376             
[2026-06-02 06:54:14.510402] #Entity   SMACT        SMOCC        DRAMA        SMCLK        SMMAX        DVCCTR                      TAPCV                       
[2026-06-02 06:54:14.510498] ID                                                                                                                                 
[2026-06-02 06:54:14.513963] GPU 0     0.000        0.000        0.000        1440         2100         0                           608012099637376             
[2026-06-02 06:54:14.567751] GPU 0     0.000        0.000        0.000        1440         2100         0                           608012099637376             
[2026-06-02 06:54:14.621345] GPU 0     0.000        0.000        0.000        1440         2100         0                           608012099637376             
[2026-06-02 06:54:14.675217] GPU 0     0.000        0.000        0.000        1440         2100         0                           608012099637376             
[2026-06-02 06:54:14.728960] GPU 0     0.000        0.000        0.000        1440         2100         0                           608012099637376             
[2026-06-02 06:54:14.782753] GPU 0     0.000        0.000        0.000        1440         2100         0                           608012099637376             
[2026-06-02 06:54:14.836486] GPU 0     0.000        0.000        0.000        1440         2100         0                           608012099637376             
[2026-06-02 06:54:14.890227] GPU 0     0.000        0.000        0.000        1440         2100         0                           608012099637376             
[2026-06-02 06:54:14.943781] GPU 0     0.000        0.000        0.000        1440         2100         0                           608012099637376             
[2026-06-02 06:54:14.996959] GPU 0     0.000        0.000        0.000        1440         2100         0                           608012099637376             
[2026-06-02 06:54:15.050127] GPU 0     0.000        0.000        0.000        1440         2100         0                           608012099637376             
[2026-06-02 06:54:15.103991] GPU 0     0.000        0.000        0.000        1440         2100         0                           608012099637376             
[2026-06-02 06:54:15.157163] GPU 0     0.000        0.000        0.000        1440         2100         0                           608012099637376             
[2026-06-02 06:54:15.210828] GPU 0     0.000        0.000        0.000        1440         2100         0                           608012099637376             
[2026-06-02 06:54:15.260990] #Entity   SMACT        SMOCC        DRAMA        SMCLK        SMMAX        DVCCTR                      TAPCV                       
[2026-06-02 06:54:15.261162] ID                                                                                                                                 
[2026-06-02 06:54:15.264620] GPU 0     0.000        0.000        0.000        1440         2100         0                           608012099637376             
[2026-06-02 06:54:15.318416] GPU 0     0.000        0.000        0.000        1440         2100         0                           608012099637376             
[2026-06-02 06:54:15.371884] GPU 0     0.000        0.000        0.000        1440         2100         0                           608012099637376             
[2026-06-02 06:54:15.425297] GPU 0     0.000        0.000        0.000        1440         2100         0                           608012099637376             
[2026-06-02 06:54:15.478769] GPU 0     0.000        0.000        0.000        1440         2100         0                           608012099637376             
[2026-06-02 06:54:15.532784] GPU 0     0.000        0.000        0.000        1440         2100         0                           608012099637376             
[2026-06-02 06:54:15.586529] GPU 0     0.000        0.000        0.000        1440         2100         0                           608012099637376             
[2026-06-02 06:54:15.640406] GPU 0     0.000        0.000        0.000        1440         2100         0                           608012099637376             
[2026-06-02 06:54:15.693800] GPU 0     0.000        0.000        0.000        1440         2100         0                           608012099637376             
[2026-06-02 06:54:15.747550] GPU 0     0.000        0.000        0.000        1440         2100         0                           608012099637376             
[2026-06-02 06:54:15.801520] GPU 0     0.000        0.000        0.000        1440         2100         0                           608012099637376             
[2026-06-02 06:54:15.855380] GPU 0     0.000        0.000        0.000        1440         2100         0                           608012099637376             
[2026-06-02 06:54:15.909016] GPU 0     0.000        0.000        0.000        1440         2100         0                           608012099637376             
[2026-06-02 06:54:15.962429] GPU 0     0.000        0.000        0.000        1440         2100         0                           608012099637376             
[2026-06-02 06:54:16.012579] #Entity   SMACT        SMOCC        DRAMA        SMCLK        SMMAX        DVCCTR                      TAPCV                       
[2026-06-02 06:54:16.012670] ID                                                                                                                                 
[2026-06-02 06:54:16.015859] GPU 0     0.000        0.000        0.000        1440         2100         0                           608012099637376             
[2026-06-02 06:54:16.069520] GPU 0     0.000        0.000        0.000        1440         2100         0                           608012099637376             
[2026-06-02 06:54:16.123329] GPU 0     0.000        0.000        0.000        1440         2100         0                           608012099637376             
[2026-06-02 06:54:16.177234] GPU 0     0.000        0.000        0.000        1440         2100         0                           608012099637376             
[2026-06-02 06:54:16.231076] GPU 0     0.000        0.000        0.000        1440         2100         0                           608012099637376             
[2026-06-02 06:54:16.284819] GPU 0     0.000        0.000        0.000        1440         2100         0                           608012099637376             
[2026-06-02 06:54:16.338674] GPU 0     0.000        0.000        0.000        1440         2100         0                           608012099637376             
[2026-06-02 06:54:16.392408] GPU 0     0.000        0.000        0.000        1440         2100         0                           608012099637376             
[2026-06-02 06:54:16.445925] GPU 0     0.000        0.000        0.000        1440         2100         0                           608012099637376             
[2026-06-02 06:54:16.499682] GPU 0     0.000        0.000        0.000        1440         2100         0                           608012099637376             
[2026-06-02 06:54:16.553070] GPU 0     0.000        0.000        0.000        1440         2100         0                           608012099637376             
[2026-06-02 06:54:16.606643] GPU 0     0.000        0.000        0.000        1440         2100         0                           608012099637376             
[2026-06-02 06:54:16.660015] GPU 0     0.000        0.000        0.000        1440         2100         0                           608012099637376             
[2026-06-02 06:54:16.713522] GPU 0     0.000        0.000        0.000        1440         2100         0                           608012099637376             
[2026-06-02 06:54:16.763726] #Entity   SMACT        SMOCC        DRAMA        SMCLK        SMMAX        DVCCTR                      TAPCV                       
[2026-06-02 06:54:16.763825] ID                                                                                                                                 
[2026-06-02 06:54:16.766834] GPU 0     0.000        0.000        0.000        1440         2100         0                           608012099637376             
[2026-06-02 06:54:16.820655] GPU 0     0.000        0.000        0.000        1440         2100         0                           608012099637376             
[2026-06-02 06:54:16.874571] GPU 0     0.000        0.000        0.000        1440         2100         0                           608012099637376             
[2026-06-02 06:54:16.928038] GPU 0     0.000        0.000        0.000        1440         2100         0                           608012099637376             
[2026-06-02 06:54:16.981545] GPU 0     0.000        0.000        0.000        1440         2100         0                           608012099637376             
[2026-06-02 06:54:17.034877] GPU 0     0.000        0.000        0.000        1440         2100         0                           608012099637376             
[2026-06-02 06:54:17.088193] GPU 0     0.000        0.000        0.000        1440         2100         0                           608012099637376             
[2026-06-02 06:54:17.141418] GPU 0     0.000        0.000        0.000        1440         2100         0                           608012099637376             
[2026-06-02 06:54:17.194782] GPU 0     0.000        0.000        0.000        1440         2100         0                           608012099637376             
[2026-06-02 06:54:17.248181] GPU 0     0.000        0.000        0.000        1440         2100         0                           608012099637376             
[2026-06-02 06:54:17.301567] GPU 0     0.000        0.000        0.000        1440         2100         0                           608012099637376             
[2026-06-02 06:54:17.354892] GPU 0     0.000        0.000        0.000        1440         2100         0                           608012099637376             
[2026-06-02 06:54:17.408327] GPU 0     0.000        0.000        0.000        1440         2100         0                           608012099637376             
[2026-06-02 06:54:17.461758] GPU 0     0.000        0.000        0.000        1440         2100         0                           608012099637376             
[2026-06-02 06:54:17.511963] #Entity   SMACT        SMOCC        DRAMA        SMCLK        SMMAX        DVCCTR                      TAPCV                       
[2026-06-02 06:54:17.512060] ID                                                                                                                                 
[2026-06-02 06:54:17.515233] GPU 0     0.000        0.000        0.000        1440         2100         0                           608012099637376             
[2026-06-02 06:54:17.568834] GPU 0     0.000        0.000        0.000        1440         2100         0                           608012099637376             
[2026-06-02 06:54:17.622773] GPU 0     0.000        0.000        0.000        1440         2100         0                           608012099637376             
[2026-06-02 06:54:17.681775] GPU 0     0.000        0.000        0.000        1440         2100         0                           608012099637376             
[2026-06-02 06:54:17.735797] GPU 0     0.000        0.000        0.000        1440         2100         0                           608012099637376             
[2026-06-02 06:54:17.789866] GPU 0     0.000        0.000        0.000        1440         2100         0                           608012099637376             
[2026-06-02 06:54:17.843737] GPU 0     0.000        0.000        0.000        1440         2100         0                           608012099637376             
[2026-06-02 06:54:17.897671] GPU 0     0.000        0.000        0.000        1440         2100         0                           608012099637376             
[2026-06-02 06:54:17.951143] GPU 0     0.000        0.000        0.000        1440         2100         0                           608012099637376             
[2026-06-02 06:54:18.004968] GPU 0     0.000        0.000        0.000        1440         2100         0                           608012099637376             
[2026-06-02 06:54:18.058727] GPU 0     0.000        0.000        0.000        1440         2100         0                           608012099637376             
[2026-06-02 06:54:18.112797] GPU 0     0.000        0.000        0.000        1440         2100         0                           608012099637376             
[2026-06-02 06:54:18.166539] GPU 0     0.000        0.000        0.000        1440         2100         0                           608012099637376             
[2026-06-02 06:54:18.220305] GPU 0     0.000        0.000        0.000        1440         2100         0                           608012099637376             
[2026-06-02 06:54:18.270411] #Entity   SMACT        SMOCC        DRAMA        SMCLK        SMMAX        DVCCTR                      TAPCV                       
[2026-06-02 06:54:18.270601] ID                                                                                                                                 
[2026-06-02 06:54:18.273991] GPU 0     0.000        0.000        0.000        1440         2100         0                           608012099637376             
[2026-06-02 06:54:18.327711] GPU 0     0.000        0.000        0.000        1440         2100         0                           608012099637376             
[2026-06-02 06:54:18.381404] GPU 0     0.000        0.000        0.000        1440         2100         0                           608012099637376             
[2026-06-02 06:54:18.435223] GPU 0     0.000        0.000        0.000        1440         2100         0                           608012099637376             
[2026-06-02 06:54:18.489103] GPU 0     0.000        0.000        0.000        1440         2100         0                           608012099637376             
[2026-06-02 06:54:18.542876] GPU 0     0.000        0.000        0.000        1440         2100         0                           608012099637376             
[2026-06-02 06:54:18.596613] GPU 0     0.000        0.000        0.000        1440         2100         0                           608012099637376             
[2026-06-02 06:54:18.650438] GPU 0     0.000        0.000        0.000        1440         2100         0                           608012099637376             
[2026-06-02 06:54:18.704192] GPU 0     0.000        0.000        0.000        1440         2100         0                           608012099637376             
[2026-06-02 06:54:18.758329] GPU 0     0.000        0.000        0.000        1440         2100         0                           608012099637376             
[2026-06-02 06:54:18.812292] GPU 0     0.000        0.000        0.000        1440         2100         0                           608012099637376             
[2026-06-02 06:54:18.866321] GPU 0     0.000        0.000        0.000        1440         2100         0                           608012099637376             
[2026-06-02 06:54:18.920233] GPU 0     0.000        0.000        0.000        1440         2100         0                           608012099637376             
[2026-06-02 06:54:18.974281] GPU 0     0.000        0.000        0.000        1440         2100         0                           608012099637376             
[2026-06-02 06:54:19.024393] #Entity   SMACT        SMOCC        DRAMA        SMCLK        SMMAX        DVCCTR                      TAPCV                       
[2026-06-02 06:54:19.024558] ID                                                                                                                                 
[2026-06-02 06:54:19.028177] GPU 0     0.000        0.000        0.000        1440         2100         0                           608012099637376             
[2026-06-02 06:54:19.082027] GPU 0     0.000        0.000        0.000        1440         2100         0                           608012099637376             
[2026-06-02 06:54:19.135454] GPU 0     0.000        0.000        0.000        1440         2100         0                           608012099637376             
[2026-06-02 06:54:19.189256] GPU 0     0.000        0.000        0.000        1440         2100         0                           608012099637376             
[2026-06-02 06:54:19.243122] GPU 0     0.000        0.000        0.000        1440         2100         0                           608012099637376             
[2026-06-02 06:54:19.296821] GPU 0     0.000        0.000        0.000        1440         2100         0                           608012099637376             
[2026-06-02 06:54:19.350721] GPU 0     0.000        0.000        0.000        1440         2100         0                           608012099637376             
[2026-06-02 06:54:19.404663] GPU 0     0.000        0.000        0.000        1440         2100         0                           608012099637376             
[2026-06-02 06:54:19.458629] GPU 0     0.000        0.000        0.000        1440         2100         0                           608012099637376             
[2026-06-02 06:54:19.512361] GPU 0     0.000        0.000        0.000        1440         2100         0                           608012099637376             
[2026-06-02 06:54:19.566008] GPU 0     0.000        0.000        0.000        1440         2100         0                           608012099637376             
[2026-06-02 06:54:19.619939] GPU 0     0.000        0.000        0.000        1440         2100         0                           608012099637376             
[2026-06-02 06:54:19.673450] GPU 0     0.000        0.000        0.000        1440         2100         0                           608012099637376             
[2026-06-02 06:54:19.727203] GPU 0     0.000        0.000        0.000        1440         2100         0                           608012099637376             
[2026-06-02 06:54:19.777394] #Entity   SMACT        SMOCC        DRAMA        SMCLK        SMMAX        DVCCTR                      TAPCV                       
[2026-06-02 06:54:19.777548] ID                                                                                                                                 
[2026-06-02 06:54:19.780268] GPU 0     0.000        0.000        0.003        1440         2100         0                           608012099637376             
[2026-06-02 06:54:19.833133] GPU 0     0.000        0.000        0.006        1440         2100         0                           608012099637376             
[2026-06-02 06:54:19.886005] GPU 0     0.000        0.000        0.007        1440         2100         0                           608012099637376             
[2026-06-02 06:54:19.938907] GPU 0     0.000        0.000        0.007        1440         2100         0                           608012099637376             
[2026-06-02 06:54:19.991896] GPU 0     0.000        0.000        0.007        1440         2100         0                           608012099637376             
[2026-06-02 06:54:20.044783] GPU 0     0.000        0.000        0.007        1440         2100         0                           608012099637376             
[2026-06-02 06:54:20.097612] GPU 0     0.000        0.000        0.007        1440         2100         0                           608012099637376             
[2026-06-02 06:54:20.150541] GPU 0     0.000        0.000        0.007        1440         2100         0                           608012099637376             
[2026-06-02 06:54:20.203338] GPU 0     0.000        0.000        0.007        1440         2100         0                           608012099637376             
[2026-06-02 06:54:20.256139] GPU 0     0.000        0.000        0.007        1455         2100         0                           608012099637376             
[2026-06-02 06:54:20.308901] GPU 0     0.000        0.000        0.007        1455         2100         0                           608012099637376             
[2026-06-02 06:54:20.361805] GPU 0     0.000        0.000        0.007        1455         2100         0                           608012099637376             
[2026-06-02 06:54:20.414492] GPU 0     0.000        0.000        0.007        1455         2100         0                           608012099637376             
[2026-06-02 06:54:20.467441] GPU 0     0.000        0.000        0.007        1455         2100         0                           608012099637376             
[2026-06-02 06:54:20.517595] #Entity   SMACT        SMOCC        DRAMA        SMCLK        SMMAX        DVCCTR                      TAPCV                       
[2026-06-02 06:54:20.517743] ID                                                                                                                                 
[2026-06-02 06:54:20.520252] GPU 0     0.000        0.000        0.007        1455         2100         0                           608012099637376             
[2026-06-02 06:54:20.573266] GPU 0     0.000        0.000        0.007        1455         2100         0                           608012099637376             
[2026-06-02 06:54:20.626235] GPU 0     0.000        0.000        0.007        1455         2100         0                           608012099637376             
[2026-06-02 06:54:20.679066] GPU 0     0.000        0.000        0.007        1470         2100         0                           608012099637376             
[2026-06-02 06:54:20.731876] GPU 0     0.000        0.000        0.007        1470         2100         0                           608012099637376             
[2026-06-02 06:54:20.784763] GPU 0     0.000        0.000        0.007        1470         2100         0                           608012099637376             
[2026-06-02 06:54:20.837734] GPU 0     0.000        0.000        0.007        1470         2100         0                           608012099637376             
[2026-06-02 06:54:20.890815] GPU 0     0.000        0.000        0.007        1470         2100         0                           608012099637376             
[2026-06-02 06:54:20.943755] GPU 0     0.000        0.000        0.007        1470         2100         0                           608012099637376             
[2026-06-02 06:54:20.996723] GPU 0     0.000        0.000        0.007        1470         2100         0                           608012099637376             
[2026-06-02 06:54:21.049700] GPU 0     0.000        0.000        0.007        1470         2100         0                           608012099637376             
[2026-06-02 06:54:21.102587] GPU 0     0.000        0.000        0.006        1470         2100         0                           608012099637376             
[2026-06-02 06:54:21.155423] GPU 0     0.000        0.000        0.000        1470         2100         0                           608012099637376             
[2026-06-02 06:54:21.208330] GPU 0     0.000        0.000        0.000        1470         2100         0                           608012099637376             
[2026-06-02 06:54:21.258525] #Entity   SMACT        SMOCC        DRAMA        SMCLK        SMMAX        DVCCTR                      TAPCV                       
[2026-06-02 06:54:21.258674] ID                                                                                                                                 
[2026-06-02 06:54:21.261113] GPU 0     0.000        0.000        0.000        1440         2100         0                           608012099637376             
[2026-06-02 06:54:21.313878] GPU 0     0.000        0.000        0.000        1440         2100         0                           608012099637376             
[2026-06-02 06:54:21.366710] GPU 0     0.000        0.000        0.000        1440         2100         0                           608012099637376             
[2026-06-02 06:54:21.419584] GPU 0     0.000        0.000        0.000        1440         2100         0                           608012099637376             
[2026-06-02 06:54:21.472177] GPU 0     0.000        0.000        0.000        1440         2100         0                           608012099637376             
[2026-06-02 06:54:21.524947] GPU 0     0.000        0.000        0.000        1440         2100         0                           608012099637376             
[2026-06-02 06:54:21.577787] GPU 0     0.000        0.000        0.000        1440         2100         0                           608012099637376             
[2026-06-02 06:54:21.630564] GPU 0     0.000        0.000        0.000        1440         2100         0                           608012099637376             
[2026-06-02 06:54:21.683350] GPU 0     0.000        0.000        0.000        1440         2100         0                           608012099637376             
[2026-06-02 06:54:21.736047] GPU 0     0.000        0.000        0.000        1440         2100         0                           608012099637376             
[2026-06-02 06:54:21.788857] GPU 0     0.000        0.000        0.000        1440         2100         0                           608012099637376             
[2026-06-02 06:54:21.841728] GPU 0     0.000        0.000        0.000        1440         2100         0                           608012099637376             
[2026-06-02 06:54:21.894509] GPU 0     0.000        0.000        0.000        1440         2100         0                           608012099637376             
[2026-06-02 06:54:21.947284] GPU 0     0.000        0.000        0.000        1440         2100         0                           608012099637376             
[2026-06-02 06:54:21.997436] #Entity   SMACT        SMOCC        DRAMA        SMCLK        SMMAX        DVCCTR                      TAPCV                       
[2026-06-02 06:54:21.997590] ID                                                                                                                                 
[2026-06-02 06:54:22.000098] GPU 0     0.000        0.000        0.000        1440         2100         0                           608012099637376             
[2026-06-02 06:54:22.053027] GPU 0     0.000        0.000        0.000        1440         2100         0                           608012099637376             
[2026-06-02 06:54:22.105743] GPU 0     0.000        0.000        0.000        1440         2100         0                           608012099637376             
[2026-06-02 06:54:22.158551] GPU 0     0.000        0.000        0.000        1440         2100         0                           608012099637376             
[2026-06-02 06:54:22.211421] GPU 0     0.000        0.000        0.000        1440         2100         0                           608012099637376             
[2026-06-02 06:54:22.264315] GPU 0     0.000        0.000        0.000        1440         2100         0                           608012099637376             
[2026-06-02 06:54:22.317106] GPU 0     0.000        0.000        0.000        1440         2100         0                           608012099637376             
[2026-06-02 06:54:22.369845] GPU 0     0.000        0.000        0.000        1440         2100         0                           608012099637376             
[2026-06-02 06:54:22.422676] GPU 0     0.000        0.000        0.000        1440         2100         0                           608012099637376             
[2026-06-02 06:54:22.475488] GPU 0     0.000        0.000        0.000        1440         2100         0                           608012099637376             
[2026-06-02 06:54:22.528343] GPU 0     0.000        0.000        0.000        1440         2100         0                           608012099637376             
[2026-06-02 06:54:22.581137] GPU 0     0.000        0.000        0.000        1440         2100         0                           608012099637376             
[2026-06-02 06:54:22.633770] GPU 0     0.000        0.000        0.000        1440         2100         0                           608012099637376             
[2026-06-02 06:54:22.686581] GPU 0     0.000        0.000        0.000        1440         2100         0                           608012099637376             
[2026-06-02 06:54:22.736723] #Entity   SMACT        SMOCC        DRAMA        SMCLK        SMMAX        DVCCTR                      TAPCV                       
[2026-06-02 06:54:22.736871] ID                                                                                                                                 
[2026-06-02 06:54:22.739310] GPU 0     0.000        0.000        0.000        1440         2100         0                           608012099637376             
[2026-06-02 06:54:22.792137] GPU 0     0.000        0.000        0.000        1440         2100         0                           608012099637376             
[2026-06-02 06:54:22.844819] GPU 0     0.000        0.000        0.000        1440         2100         0                           608012099637376             
[2026-06-02 06:54:22.897551] GPU 0     0.000        0.000        0.000        1440         2100         0                           608012099637376             
[2026-06-02 06:54:22.950204] GPU 0     0.000        0.000        0.000        1440         2100         0                           608012099637376             
[2026-06-02 06:54:23.002994] GPU 0     0.000        0.000        0.000        1440         2100         0                           608012099637376             
[2026-06-02 06:54:23.055717] GPU 0     0.000        0.000        0.000        1440         2100         0                           608012099637376             
[2026-06-02 06:54:23.108521] GPU 0     0.000        0.000        0.000        1440         2100         0                           608012099637376             
[2026-06-02 06:54:23.161291] GPU 0     0.000        0.000        0.000        1440         2100         0                           608012099637376             
[2026-06-02 06:54:23.214007] GPU 0     0.000        0.000        0.000        1440         2100         0                           608012099637376             
[2026-06-02 06:54:23.266777] GPU 0     0.000        0.000        0.000        1440         2100         0                           608012099637376             
[2026-06-02 06:54:23.319490] GPU 0     0.000        0.000        0.000        1440         2100         0                           608012099637376             
[2026-06-02 06:54:23.372153] GPU 0     0.000        0.000        0.000        1440         2100         0                           608012099637376             
[2026-06-02 06:54:23.424788] GPU 0     0.000        0.000        0.000        1440         2100         0                           608012099637376             
[2026-06-02 06:54:23.474922] #Entity   SMACT        SMOCC        DRAMA        SMCLK        SMMAX        DVCCTR                      TAPCV                       
[2026-06-02 06:54:23.475097] ID                                                                                                                                 
[2026-06-02 06:54:23.477593] GPU 0     0.000        0.000        0.000        1440         2100         0                           608012099637376             
[2026-06-02 06:54:23.530473] GPU 0     0.000        0.000        0.000        1440         2100         0                           608012099637376             
[2026-06-02 06:54:23.583322] GPU 0     0.000        0.000        0.000        1440         2100         0                           608012099637376             
[2026-06-02 06:54:23.635943] GPU 0     0.000        0.000        0.000        1440         2100         0                           608012099637376             
[2026-06-02 06:54:23.688810] GPU 0     0.000        0.000        0.000        1440         2100         0                           608012099637376             
[2026-06-02 06:54:23.741590] GPU 0     0.000        0.000        0.000        1440         2100         0                           608012099637376             
[2026-06-02 06:54:23.794435] GPU 0     0.000        0.000        0.000        1440         2100         0                           608012099637376             
[2026-06-02 06:54:23.847242] GPU 0     0.000        0.000        0.000        1440         2100         0                           608012099637376             
[2026-06-02 06:54:23.900093] GPU 0     0.000        0.000        0.000        1440         2100         0                           608012099637376             
[2026-06-02 06:54:23.952926] GPU 0     0.000        0.000        0.000        1440         2100         0                           608012099637376             
[2026-06-02 06:54:24.005783] GPU 0     0.000        0.000        0.000        1440         2100         0                           608012099637376             
[2026-06-02 06:54:24.058627] GPU 0     0.000        0.000        0.000        1440         2100         0                           608012099637376             
[2026-06-02 06:54:24.111429] GPU 0     0.000        0.000        0.000        1440         2100         0                           608012099637376             
[2026-06-02 06:54:24.164312] GPU 0     0.000        0.000        0.000        1440         2100         0                           608012099637376             
[2026-06-02 06:54:24.214468] #Entity   SMACT        SMOCC        DRAMA        SMCLK        SMMAX        DVCCTR                      TAPCV                       
[2026-06-02 06:54:24.214621] ID                                                                                                                                 
[2026-06-02 06:54:24.217040] GPU 0     0.000        0.000        0.000        1440         2100         0                           608012099637376             
[2026-06-02 06:54:24.269912] GPU 0     0.000        0.000        0.000        1440         2100         0                           608012099637376             
[2026-06-02 06:54:24.323276] GPU 0     0.000        0.000        0.000        1440         2100         0                           608012099637376             
[2026-06-02 06:54:24.376091] GPU 0     0.000        0.000        0.000        1440         2100         0                           608012099637376             
[2026-06-02 06:54:24.428921] GPU 0     0.000        0.000        0.000        1440         2100         0                           608012099637376             
[2026-06-02 06:54:24.481690] GPU 0     0.000        0.000        0.000        1440         2100         0                           608012099637376             
[2026-06-02 06:54:24.534531] GPU 0     0.000        0.000        0.000        1440         2100         0                           608012099637376             
[2026-06-02 06:54:24.587371] GPU 0     0.000        0.000        0.000        1440         2100         0                           608012099637376             
[2026-06-02 06:54:24.640129] GPU 0     0.000        0.000        0.000        1440         2100         0                           608012099637376             
[2026-06-02 06:54:24.692933] GPU 0     0.000        0.000        0.000        1440         2100         0                           608012099637376             
[2026-06-02 06:54:24.745668] GPU 0     0.000        0.000        0.000        1440         2100         0                           608012099637376             
[2026-06-02 06:54:24.798460] GPU 0     0.000        0.000        0.000        1440         2100         0                           608012099637376             
[2026-06-02 06:54:24.851316] GPU 0     0.000        0.000        0.000        1440         2100         0                           608012099637376             
[2026-06-02 06:54:24.904190] GPU 0     0.000        0.000        0.000        1440         2100         0                           608012099637376             
[2026-06-02 06:54:24.954291] #Entity   SMACT        SMOCC        DRAMA        SMCLK        SMMAX        DVCCTR                      TAPCV                       
[2026-06-02 06:54:24.954451] ID                                                                                                                                 
[2026-06-02 06:54:24.956838] GPU 0     0.000        0.000        0.000        1440         2100         0                           608012099637376             
[2026-06-02 06:54:25.009734] GPU 0     0.000        0.000        0.000        1440         2100         0                           608012099637376             
[2026-06-02 06:54:25.062564] GPU 0     0.000        0.000        0.000        1440         2100         0                           608012099637376             
[2026-06-02 06:54:25.115398] GPU 0     0.000        0.000        0.000        1440         2100         0                           608012099637376             
[2026-06-02 06:54:25.168200] GPU 0     0.000        0.000        0.000        1440         2100         0                           608012099637376             
[2026-06-02 06:54:25.220936] GPU 0     0.000        0.000        0.000        1440         2100         0                           608012099637376             
[2026-06-02 06:54:25.273945] GPU 0     0.000        0.000        0.000        1440         2100         0                           608012099637376             
[2026-06-02 06:54:25.326774] GPU 0     0.000        0.000        0.000        1440         2100         0                           608012099637376             
[2026-06-02 06:54:25.379575] GPU 0     0.000        0.000        0.000        1440         2100         0                           608012099637376             
[2026-06-02 06:54:25.432665] GPU 0     0.000        0.000        0.000        1440         2100         0                           608012099637376             
[2026-06-02 06:54:25.485491] GPU 0     0.000        0.000        0.000        1440         2100         0                           608012099637376             
[2026-06-02 06:54:25.538407] GPU 0     0.000        0.000        0.000        1440         2100         0                           608012099637376             
[2026-06-02 06:54:25.597895] GPU 0     0.000        0.000        0.000        1440         2100         0                           608012099637376             
[2026-06-02 06:54:25.655478] GPU 0     0.000        0.000        0.000        1440         2100         0                           608012099637376             
[2026-06-02 06:54:25.705628] #Entity   SMACT        SMOCC        DRAMA        SMCLK        SMMAX        DVCCTR                      TAPCV                       
[2026-06-02 06:54:25.705790] ID                                                                                                                                 
[2026-06-02 06:54:25.712962] GPU 0     0.000        0.000        0.000        1440         2100         0                           608012099637376             
[2026-06-02 06:54:25.765327] GPU 0     0.000        0.000        0.000        1440         2100         0                           608012099637376             
[2026-06-02 06:54:25.817627] GPU 0     0.000        0.000        0.000        1440         2100         0                           608012099637376             
[2026-06-02 06:54:25.869900] GPU 0     0.000        0.000        0.000        1440         2100         0                           608012099637376             
[2026-06-02 06:54:25.922127] GPU 0     0.000        0.000        0.000        1440         2100         0                           608012099637376             
[2026-06-02 06:54:25.974380] GPU 0     0.000        0.000        0.000        1440         2100         0                           608012099637376             
[2026-06-02 06:54:26.026432] GPU 0     0.000        0.000        0.000        1440         2100         0                           608012099637376             
[2026-06-02 06:54:26.078767] GPU 0     0.000        0.000        0.000        1440         2100         0                           608012099637376             
[2026-06-02 06:54:26.131144] GPU 0     0.000        0.000        0.000        1440         2100         0                           608012099637376             
[2026-06-02 06:54:26.183437] GPU 0     0.000        0.000        0.000        1440         2100         0                           608012099637376             
[2026-06-02 06:54:26.235706] GPU 0     0.000        0.000        0.000        1440         2100         0                           608012099637376             
[2026-06-02 06:54:26.288119] GPU 0     0.000        0.000        0.000        1440         2100         0                           608012099637376             
[2026-06-02 06:54:26.340467] GPU 0     0.000        0.000        0.000        1440         2100         0                           608012099637376             
[2026-06-02 06:54:26.392693] GPU 0     0.000        0.000        0.000        1440         2100         0                           608012099637376             
[2026-06-02 06:54:26.442785] #Entity   SMACT        SMOCC        DRAMA        SMCLK        SMMAX        DVCCTR                      TAPCV                       
[2026-06-02 06:54:26.442953] ID                                                                                                                                 
[2026-06-02 06:54:26.444964] GPU 0     0.000        0.000        0.000        1440         2100         0                           608012099637376             
[2026-06-02 06:54:26.497249] GPU 0     0.000        0.000        0.000        1440         2100         0                           608012099637376             
[2026-06-02 06:54:26.549588] GPU 0     0.000        0.000        0.000        1440         2100         0                           608012099637376             
[2026-06-02 06:54:26.602115] GPU 0     0.000        0.000        0.000        1440         2100         0                           608012099637376             
[2026-06-02 06:54:26.654419] GPU 0     0.000        0.000        0.000        1440         2100         0                           608012099637376             
[2026-06-02 06:54:26.706702] GPU 0     0.000        0.000        0.000        1440         2100         0                           608012099637376             
[2026-06-02 06:54:26.758945] GPU 0     0.000        0.000        0.000        1440         2100         0                           608012099637376             
[2026-06-02 06:54:26.811203] GPU 0     0.000        0.000        0.000        1440         2100         0                           608012099637376             
[2026-06-02 06:54:26.863475] GPU 0     0.000        0.000        0.000        1440         2100         0                           608012099637376             
[2026-06-02 06:54:26.915721] GPU 0     0.000        0.000        0.000        1440         2100         0                           608012099637376             
[2026-06-02 06:54:26.967995] GPU 0     0.000        0.000        0.000        1440         2100         0                           608012099637376             
[2026-06-02 06:54:27.020602] GPU 0     0.000        0.000        0.000        1440         2100         0                           608012099637376             
[2026-06-02 06:54:27.072898] GPU 0     0.000        0.000        0.000        1440         2100         0                           608012099637376             
[2026-06-02 06:54:27.125195] GPU 0     0.000        0.000        0.000        1440         2100         0                           608012099637376             
[2026-06-02 06:54:27.175389] #Entity   SMACT        SMOCC        DRAMA        SMCLK        SMMAX        DVCCTR                      TAPCV                       
[2026-06-02 06:54:27.175541] ID                                                                                                                                 
[2026-06-02 06:54:27.177505] GPU 0     0.000        0.000        0.000        1440         2100         0                           608012099637376             
[2026-06-02 06:54:27.229839] GPU 0     0.000        0.000        0.000        1440         2100         0                           608012099637376             
[2026-06-02 06:54:27.282187] GPU 0     0.000        0.000        0.000        1440         2100         0                           608012099637376             
[2026-06-02 06:54:27.334480] GPU 0     0.000        0.000        0.000        1440         2100         0                           608012099637376             
[2026-06-02 06:54:27.386753] GPU 0     0.000        0.000        0.000        1440         2100         0                           608012099637376             
[2026-06-02 06:54:27.439020] GPU 0     0.000        0.000        0.000        1440         2100         0                           608012099637376             
[2026-06-02 06:54:27.491352] GPU 0     0.000        0.000        0.000        1440         2100         0                           608012099637376             
[2026-06-02 06:54:27.543654] GPU 0     0.000        0.000        0.000        1440         2100         0                           608012099637376             
[2026-06-02 06:54:27.595969] GPU 0     0.000        0.000        0.000        1440         2100         0                           608012099637376             
[2026-06-02 06:54:27.648314] GPU 0     0.000        0.000        0.000        1440         2100         0                           608012099637376             
[2026-06-02 06:54:27.700791] GPU 0     0.000        0.000        0.000        1440         2100         0                           608012099637376             
[2026-06-02 06:54:27.753253] GPU 0     0.000        0.000        0.000        1440         2100         0                           608012099637376             
[2026-06-02 06:54:27.805610] GPU 0     0.000        0.000        0.000        1440         2100         0                           608012099637376             
[2026-06-02 06:54:27.857875] GPU 0     0.000        0.000        0.000        1440         2100         0                           608012099637376             
[2026-06-02 06:54:27.908077] #Entity   SMACT        SMOCC        DRAMA        SMCLK        SMMAX        DVCCTR                      TAPCV                       
[2026-06-02 06:54:27.908270] ID                                                                                                                                 
[2026-06-02 06:54:27.910141] GPU 0     0.000        0.000        0.000        1440         2100         0                           608012099637376             
[2026-06-02 06:54:27.962501] GPU 0     0.000        0.000        0.000        1440         2100         0                           608012099637376             
[2026-06-02 06:54:28.014877] GPU 0     0.000        0.000        0.000        1440         2100         0                           608012099637376             
[2026-06-02 06:54:28.067224] GPU 0     0.000        0.000        0.000        1440         2100         0                           608012099637376             
[2026-06-02 06:54:28.119417] GPU 0     0.000        0.000        0.000        1440         2100         0                           608012099637376             
[2026-06-02 06:54:28.171812] GPU 0     0.000        0.000        0.000        1440         2100         0                           608012099637376             
[2026-06-02 06:54:28.224063] GPU 0     0.000        0.000        0.000        1440         2100         0                           608012099637376             
[2026-06-02 06:54:28.276414] GPU 0     0.000        0.000        0.000        1440         2100         0                           608012099637376             
[2026-06-02 06:54:28.328682] GPU 0     0.000        0.000        0.000        1440         2100         0                           608012099637376             
[2026-06-02 06:54:28.381112] GPU 0     0.000        0.000        0.000        1440         2100         0                           608012099637376             
[2026-06-02 06:54:28.433362] GPU 0     0.000        0.000        0.000        1440         2100         0                           608012099637376             
[2026-06-02 06:54:28.485809] GPU 0     0.000        0.000        0.000        1440         2100         0                           608012099637376             
[2026-06-02 06:54:28.538141] GPU 0     0.000        0.000        0.000        1440         2100         0                           608012099637376             
[2026-06-02 06:54:28.590646] GPU 0     0.000        0.000        0.000        1440         2100         0                           608012099637376             
[2026-06-02 06:54:28.640792] #Entity   SMACT        SMOCC        DRAMA        SMCLK        SMMAX        DVCCTR                      TAPCV                       
[2026-06-02 06:54:28.640950] ID                                                                                                                                 
[2026-06-02 06:54:28.642871] GPU 0     0.000        0.000        0.000        1440         2100         0                           608012099637376             
[2026-06-02 06:54:28.695226] GPU 0     0.000        0.000        0.000        1440         2100         0                           608012099637376             
[2026-06-02 06:54:28.747500] GPU 0     0.000        0.000        0.000        1440         2100         0                           608012099637376             
[2026-06-02 06:54:28.800125] GPU 0     0.000        0.000        0.000        1440         2100         0                           608012099637376             
[2026-06-02 06:54:28.852482] GPU 0     0.000        0.000        0.000        1440         2100         0                           608012099637376             
[2026-06-02 06:54:28.904869] GPU 0     0.000        0.000        0.000        1440         2100         0                           608012099637376             
[2026-06-02 06:54:28.957052] GPU 0     0.000        0.000        0.000        1440         2100         0                           608012099637376             
[2026-06-02 06:54:29.009473] GPU 0     0.000        0.000        0.000        1440         2100         0                           608012099637376             
[2026-06-02 06:54:29.061730] GPU 0     0.000        0.000        0.000        1440         2100         0                           608012099637376             
[2026-06-02 06:54:29.113962] GPU 0     0.000        0.000        0.000        1440         2100         0                           608012099637376             
[2026-06-02 06:54:29.166436] GPU 0     0.000        0.000        0.000        1440         2100         0                           608012099637376             
[2026-06-02 06:54:29.218863] GPU 0     0.000        0.000        0.000        1440         2100         0                           608012099637376             
[2026-06-02 06:54:29.271078] GPU 0     0.000        0.000        0.000        1440         2100         0                           608012099637376             
[2026-06-02 06:54:29.323376] GPU 0     0.000        0.000        0.000        1440         2100         0                           608012099637376             
[2026-06-02 06:54:29.373423] #Entity   SMACT        SMOCC        DRAMA        SMCLK        SMMAX        DVCCTR                      TAPCV                       
[2026-06-02 06:54:29.373582] ID                                                                                                                                 
[2026-06-02 06:54:29.375610] GPU 0     0.000        0.000        0.000        1440         2100         0                           608012099637376             
[2026-06-02 06:54:29.427954] GPU 0     0.000        0.000        0.000        1440         2100         0                           608012099637376             
[2026-06-02 06:54:29.480290] GPU 0     0.000        0.000        0.000        1440         2100         0                           608012099637376             
[2026-06-02 06:54:29.532569] GPU 0     0.000        0.000        0.000        1440         2100         0                           608012099637376             
[2026-06-02 06:54:29.584911] GPU 0     0.000        0.000        0.000        1440         2100         0                           608012099637376             
[2026-06-02 06:54:29.637318] GPU 0     0.000        0.000        0.000        1440         2100         0                           608012099637376             
[2026-06-02 06:54:29.689893] GPU 0     0.000        0.000        0.000        1440         2100         0                           608012099637376             
[2026-06-02 06:54:29.742209] GPU 0     0.000        0.000        0.000        1440         2100         0                           608012099637376             
[2026-06-02 06:54:29.794524] GPU 0     0.000        0.000        0.000        1440         2100         0                           608012099637376             
[2026-06-02 06:54:29.846802] GPU 0     0.000        0.000        0.000        1440         2100         0                           608012099637376             
[2026-06-02 06:54:29.899287] GPU 0     0.000        0.000        0.000        1440         2100         0                           608012099637376             
[2026-06-02 06:54:29.951613] GPU 0     0.000        0.000        0.000        1440         2100         0                           608012099637376             
[2026-06-02 06:54:30.004011] GPU 0     0.000        0.000        0.000        1440         2100         0                           608012099637376             
[2026-06-02 06:54:30.056414] GPU 0     0.000        0.000        0.000        1440         2100         0                           608012099637376             
[2026-06-02 06:54:30.106567] #Entity   SMACT        SMOCC        DRAMA        SMCLK        SMMAX        DVCCTR                      TAPCV                       
[2026-06-02 06:54:30.106721] ID                                                                                                                                 
[2026-06-02 06:54:30.108778] GPU 0     0.000        0.000        0.000        1440         2100         0                           608012099637376             
[2026-06-02 06:54:30.161063] GPU 0     0.000        0.000        0.000        1440         2100         0                           608012099637376             
[2026-06-02 06:54:30.213380] GPU 0     0.000        0.000        0.000        1440         2100         0                           608012099637376             
[2026-06-02 06:54:30.265835] GPU 0     0.000        0.000        0.000        1440         2100         0                           608012099637376             
[2026-06-02 06:54:30.318188] GPU 0     0.000        0.000        0.000        1440         2100         0                           608012099637376             
[2026-06-02 06:54:30.370491] GPU 0     0.000        0.000        0.000        1440         2100         0                           608012099637376             
[2026-06-02 06:54:30.422792] GPU 0     0.000        0.000        0.000        1440         2100         0                           608012099637376             
[2026-06-02 06:54:30.475098] GPU 0     0.000        0.000        0.000        1440         2100         0                           608012099637376             
[2026-06-02 06:54:30.527464] GPU 0     0.000        0.000        0.000        1440         2100         0                           608012099637376             
[2026-06-02 06:54:30.579765] GPU 0     0.001        0.001        0.001        1440         2100         0                           608012099637376             
[2026-06-02 06:54:30.632209] GPU 0     0.157        0.144        0.127        1440         2100         0                           608012099637376             
[2026-06-02 06:54:30.684575] GPU 0     0.023        0.021        0.022        1440         2100         0                           608012099637376             
[2026-06-02 06:54:30.736821] GPU 0     0.000        0.000        0.000        1440         2100         0                           608012099637376             
[2026-06-02 06:54:30.789104] GPU 0     0.000        0.000        0.000        1440         2100         0                           608012099637376             
[2026-06-02 06:54:30.839291] #Entity   SMACT        SMOCC        DRAMA        SMCLK        SMMAX        DVCCTR                      TAPCV                       
[2026-06-02 06:54:30.839445] ID                                                                                                                                 
[2026-06-02 06:54:30.841401] GPU 0     0.000        0.000        0.000        1440         2100         0                           608012099637376             
[2026-06-02 06:54:30.893914] GPU 0     0.000        0.000        0.000        1440         2100         0                           608012099637376             
[2026-06-02 06:54:30.946246] GPU 0     0.000        0.000        0.000        1440         2100         0                           608012099637376             
[2026-06-02 06:54:30.998534] GPU 0     0.000        0.000        0.000        1440         2100         0                           608012099637376             
[2026-06-02 06:54:31.050784] GPU 0     0.000        0.000        0.000        1440         2100         0                           608012099637376             
[2026-06-02 06:54:31.103003] GPU 0     0.000        0.000        0.000        1440         2100         0                           608012099637376             
[2026-06-02 06:54:31.155227] GPU 0     0.000        0.000        0.000        1440         2100         0                           608012099637376             
[2026-06-02 06:54:31.207516] GPU 0     0.000        0.000        0.000        1440         2100         0                           608012099637376             
[2026-06-02 06:54:31.259705] GPU 0     0.000        0.000        0.000        1440         2100         0                           608012099637376             
[2026-06-02 06:54:31.312260] GPU 0     0.000        0.000        0.000        1440         2100         0                           608012099637376             
[2026-06-02 06:54:31.364622] GPU 0     0.000        0.000        0.000        1440         2100         0                           608012099637376             
[2026-06-02 06:54:31.417065] GPU 0     0.000        0.000        0.000        1440         2100         0                           608012099637376             
[2026-06-02 06:54:31.469466] GPU 0     0.000        0.000        0.000        1440         2100         0                           608012099637376             
[2026-06-02 06:54:31.521844] GPU 0     0.000        0.000        0.000        1440         2100         0                           608012099637376             
[2026-06-02 06:54:31.572037] #Entity   SMACT        SMOCC        DRAMA        SMCLK        SMMAX        DVCCTR                      TAPCV                       
[2026-06-02 06:54:31.572203] ID                                                                                                                                 
[2026-06-02 06:54:31.574149] GPU 0     0.000        0.000        0.000        1440         2100         0                           608012099637376             
[2026-06-02 06:54:31.626538] GPU 0     0.000        0.000        0.000        1440         2100         0                           608012099637376             
[2026-06-02 06:54:31.678938] GPU 0     0.000        0.000        0.000        1440         2100         0                           608012099637376             
[2026-06-02 06:54:31.731319] GPU 0     0.000        0.000        0.000        1440         2100         0                           608012099637376             
[2026-06-02 06:54:31.783434] GPU 0     0.000        0.000        0.000        1440         2100         0                           608012099637376             
[2026-06-02 06:54:31.835757] GPU 0     0.000        0.000        0.000        1440         2100         0                           608012099637376             
[2026-06-02 06:54:31.888156] GPU 0     0.000        0.000        0.000        1440         2100         0                           608012099637376             
[2026-06-02 06:54:31.940504] GPU 0     0.000        0.000        0.000        1440         2100         0                           608012099637376             
[2026-06-02 06:54:31.992804] GPU 0     0.000        0.000        0.000        1440         2100         0                           608012099637376             
[2026-06-02 06:54:32.045196] GPU 0     0.000        0.000        0.000        1440         2100         0                           608012099637376             
[2026-06-02 06:54:32.097574] GPU 0     0.000        0.000        0.000        1440         2100         0                           608012099637376             
[2026-06-02 06:54:32.149960] GPU 0     0.000        0.000        0.000        1440         2100         0                           608012099637376             
[2026-06-02 06:54:32.202583] GPU 0     0.000        0.000        0.000        1440         2100         0                           608012099637376             
[2026-06-02 06:54:32.254931] GPU 0     0.000        0.000        0.000        1440         2100         0                           608012099637376             
[2026-06-02 06:54:32.305119] #Entity   SMACT        SMOCC        DRAMA        SMCLK        SMMAX        DVCCTR                      TAPCV                       
[2026-06-02 06:54:32.305274] ID                                                                                                                                 
[2026-06-02 06:54:32.307304] GPU 0     0.000        0.000        0.000        1440         2100         0                           608012099637376             
[2026-06-02 06:54:32.359672] GPU 0     0.000        0.000        0.000        1440         2100         0                           608012099637376             
[2026-06-02 06:54:32.411987] GPU 0     0.000        0.000        0.000        1440         2100         0                           608012099637376             
[2026-06-02 06:54:32.464293] GPU 0     0.000        0.000        0.000        1440         2100         0                           608012099637376             
[2026-06-02 06:54:32.516678] GPU 0     0.000        0.000        0.000        1440         2100         0                           608012099637376             
[2026-06-02 06:54:32.569141] GPU 0     0.000        0.000        0.000        1440         2100         0                           608012099637376             
[2026-06-02 06:54:32.621530] GPU 0     0.000        0.000        0.000        1440         2100         0                           608012099637376             
[2026-06-02 06:54:32.673881] GPU 0     0.000        0.000        0.000        1440         2100         0                           608012099637376             
[2026-06-02 06:54:32.726250] GPU 0     0.000        0.000        0.000        1440         2100         0                           608012099637376             
[2026-06-02 06:54:32.778689] GPU 0     0.000        0.000        0.000        1440         2100         0                           608012099637376             
[2026-06-02 06:54:32.831279] GPU 0     0.000        0.000        0.000        1440         2100         0                           608012099637376             
[2026-06-02 06:54:32.883584] GPU 0     0.000        0.000        0.000        1440         2100         0                           608012099637376             
[2026-06-02 06:54:32.935924] GPU 0     0.000        0.000        0.000        1440         2100         0                           608012099637376             
[2026-06-02 06:54:32.988193] GPU 0     0.000        0.000        0.000        1440         2100         0                           608012099637376             
[2026-06-02 06:54:33.038257] #Entity   SMACT        SMOCC        DRAMA        SMCLK        SMMAX        DVCCTR                      TAPCV                       
[2026-06-02 06:54:33.038429] ID                                                                                                                                 
[2026-06-02 06:54:33.040460] GPU 0     0.000        0.000        0.000        1440         2100         0                           608012099637376             
[2026-06-02 06:54:33.092684] GPU 0     0.000        0.000        0.000        1440         2100         0                           608012099637376             
[2026-06-02 06:54:33.144988] GPU 0     0.000        0.000        0.000        1440         2100         0                           608012099637376             
[2026-06-02 06:54:33.197374] GPU 0     0.000        0.000        0.000        1440         2100         0                           608012099637376             
[2026-06-02 06:54:33.249737] GPU 0     0.000        0.000        0.000        1440         2100         0                           608012099637376             
[2026-06-02 06:54:33.302071] GPU 0     0.000        0.000        0.000        1440         2100         0                           608012099637376             
[2026-06-02 06:54:33.354418] GPU 0     0.000        0.000        0.000        1440         2100         0                           608012099637376             
[2026-06-02 06:54:33.406655] GPU 0     0.000        0.000        0.000        1440         2100         0                           608012099637376             
[2026-06-02 06:54:33.458918] GPU 0     0.000        0.000        0.000        1440         2100         0                           608012099637376             
[2026-06-02 06:54:33.511206] GPU 0     0.000        0.000        0.000        1440         2100         0                           608012099637376             
[2026-06-02 06:54:33.563397] GPU 0     0.000        0.000        0.000        1440         2100         0                           608012099637376             
[2026-06-02 06:54:33.615596] GPU 0     0.000        0.000        0.000        1440         2100         0                           608012099637376             
[2026-06-02 06:54:33.668000] GPU 0     0.000        0.000        0.000        1440         2100         0                           608012099637376             
[2026-06-02 06:54:33.720230] GPU 0     0.000        0.000        0.000        1440         2100         0                           608012099637376             
[2026-06-02 06:54:33.770458] #Entity   SMACT        SMOCC        DRAMA        SMCLK        SMMAX        DVCCTR                      TAPCV                       
[2026-06-02 06:54:33.770619] ID                                                                                                                                 
[2026-06-02 06:54:33.772641] GPU 0     0.000        0.000        0.000        1440         2100         0                           608012099637376             
[2026-06-02 06:54:33.824984] GPU 0     0.000        0.000        0.000        1440         2100         0                           608012099637376             
[2026-06-02 06:54:33.877209] GPU 0     0.000        0.000        0.000        1440         2100         0                           608012099637376             
[2026-06-02 06:54:33.929601] GPU 0     0.000        0.000        0.000        1440         2100         0                           608012099637376             
[2026-06-02 06:54:33.981910] GPU 0     0.000        0.000        0.000        1440         2100         0                           608012099637376             
[2026-06-02 06:54:34.034282] GPU 0     0.000        0.000        0.000        1440         2100         0                           608012099637376             
[2026-06-02 06:54:34.086506] GPU 0     0.000        0.000        0.000        1440         2100         0                           608012099637376             
[2026-06-02 06:54:34.138838] GPU 0     0.000        0.000        0.000        1440         2100         0                           608012099637376             
[2026-06-02 06:54:34.191408] GPU 0     0.000        0.000        0.000        1440         2100         0                           608012099637376             
[2026-06-02 06:54:34.243771] GPU 0     0.000        0.000        0.000        1440         2100         0                           608012099637376             
[2026-06-02 06:54:34.296002] GPU 0     0.000        0.000        0.000        1440         2100         0                           608012099637376             
[2026-06-02 06:54:34.348279] GPU 0     0.000        0.000        0.000        1440         2100         0                           608012099637376             
[2026-06-02 06:54:34.400614] GPU 0     0.000        0.000        0.000        1440         2100         0                           608012099637376             
[2026-06-02 06:54:34.453003] GPU 0     0.000        0.000        0.000        1440         2100         0                           608012099637376             
[2026-06-02 06:54:34.503172] #Entity   SMACT        SMOCC        DRAMA        SMCLK        SMMAX        DVCCTR                      TAPCV                       
[2026-06-02 06:54:34.503326] ID                                                                                                                                 
[2026-06-02 06:54:34.505174] GPU 0     0.000        0.000        0.000        1440         2100         0                           608012099637376             
[2026-06-02 06:54:34.557518] GPU 0     0.000        0.000        0.000        1440         2100         0                           608012099637376             
[2026-06-02 06:54:34.609717] GPU 0     0.000        0.000        0.000        1440         2100         0                           608012099637376             
[2026-06-02 06:54:34.662084] GPU 0     0.000        0.000        0.000        1440         2100         0                           608012099637376             
[2026-06-02 06:54:34.714346] GPU 0     0.000        0.000        0.000        1440         2100         0                           608012099637376             
[2026-06-02 06:54:34.766689] GPU 0     0.000        0.000        0.000        1440         2100         0                           608012099637376             
[2026-06-02 06:54:34.818967] GPU 0     0.000        0.000        0.000        1440         2100         0                           608012099637376             
[2026-06-02 06:54:34.871350] GPU 0     0.000        0.000        0.000        1440         2100         0                           608012099637376             
[2026-06-02 06:54:34.923594] GPU 0     0.000        0.000        0.000        1440         2100         0                           608012099637376             
[2026-06-02 06:54:34.975886] GPU 0     0.000        0.000        0.000        1440         2100         0                           608012099637376             
[2026-06-02 06:54:35.028255] GPU 0     0.000        0.000        0.000        1440         2100         0                           608012099637376             
[2026-06-02 06:54:35.080705] GPU 0     0.000        0.000        0.000        1440         2100         0                           608012099637376             
[2026-06-02 06:54:35.133047] GPU 0     0.000        0.000        0.000        1440         2100         0                           608012099637376             
[2026-06-02 06:54:35.185356] GPU 0     0.000        0.000        0.000        1440         2100         0                           608012099637376             
[2026-06-02 06:54:35.235511] #Entity   SMACT        SMOCC        DRAMA        SMCLK        SMMAX        DVCCTR                      TAPCV                       
[2026-06-02 06:54:35.235671] ID                                                                                                                                 
[2026-06-02 06:54:35.237671] GPU 0     0.000        0.000        0.000        1440         2100         0                           608012099637376             
[2026-06-02 06:54:35.290052] GPU 0     0.000        0.000        0.000        1440         2100         0                           608012099637376             
[2026-06-02 06:54:35.347820] GPU 0     0.000        0.000        0.000        1440         2100         0                           608012099637376             
[2026-06-02 06:54:35.400170] GPU 0     0.000        0.000        0.000        1440         2100         0                           608012099637376             
[2026-06-02 06:54:35.452655] GPU 0     0.000        0.000        0.000        1440         2100         0                           608012099637376             
[2026-06-02 06:54:35.505115] GPU 0     0.000        0.000        0.000        1440         2100         0                           608012099637376             
[2026-06-02 06:54:35.557427] GPU 0     0.000        0.000        0.000        1440         2100         0                           608012099637376             
[2026-06-02 06:54:35.609807] GPU 0     0.000        0.000        0.000        1440         2100         0                           608012099637376             
[2026-06-02 06:54:35.662092] GPU 0     0.000        0.000        0.000        1440         2100         0                           608012099637376             
[2026-06-02 06:54:35.714525] GPU 0     0.000        0.000        0.000        1440         2100         0                           608012099637376             
[2026-06-02 06:54:35.766860] GPU 0     0.000        0.000        0.000        1440         2100         0                           608012099637376             
[2026-06-02 06:54:35.819195] GPU 0     0.000        0.000        0.000        1440         2100         0                           608012099637376             
[2026-06-02 06:54:35.871536] GPU 0     0.000        0.000        0.000        1440         2100         0                           608012099637376             
[2026-06-02 06:54:35.923891] GPU 0     0.000        0.000        0.000        1440         2100         0                           608012099637376             
[2026-06-02 06:54:35.973988] #Entity   SMACT        SMOCC        DRAMA        SMCLK        SMMAX        DVCCTR                      TAPCV                       
[2026-06-02 06:54:35.974149] ID                                                                                                                                 
[2026-06-02 06:54:35.976168] GPU 0     0.000        0.000        0.000        1440         2100         0                           608012099637376             
[2026-06-02 06:54:36.028487] GPU 0     0.000        0.000        0.000        1440         2100         0                           608012099637376             
[2026-06-02 06:54:36.080838] GPU 0     0.000        0.000        0.000        1440         2100         0                           608012099637376             
[2026-06-02 06:54:36.133336] GPU 0     0.000        0.000        0.000        1440         2100         0                           608012099637376             
[2026-06-02 06:54:36.185752] GPU 0     0.000        0.000        0.000        1440         2100         0                           608012099637376             
[2026-06-02 06:54:36.238042] GPU 0     0.000        0.000        0.000        1440         2100         0                           608012099637376             
[2026-06-02 06:54:36.290297] GPU 0     0.000        0.000        0.000        1440         2100         0                           608012099637376             
[2026-06-02 06:54:36.342642] GPU 0     0.000        0.000        0.000        1440         2100         0                           608012099637376             
[2026-06-02 06:54:36.394998] GPU 0     0.000        0.000        0.000        1440         2100         0                           608012099637376             
[2026-06-02 06:54:36.447370] GPU 0     0.218        0.200        0.178        1440         2100         0                           608012099637376             
[2026-06-02 06:54:36.499475] GPU 0     0.000        0.000        0.000        1440         2100         0                           608012099637376             
[2026-06-02 06:54:36.551874] GPU 0     0.000        0.000        0.000        1440         2100         0                           608012099637376             
[2026-06-02 06:54:36.604227] GPU 0     0.000        0.000        0.000        1440         2100         0                           608012099637376             
[2026-06-02 06:54:36.656451] GPU 0     0.000        0.000        0.000        1440         2100         0                           608012099637376             
[2026-06-02 06:54:36.706556] #Entity   SMACT        SMOCC        DRAMA        SMCLK        SMMAX        DVCCTR                      TAPCV                       
[2026-06-02 06:54:36.706718] ID                                                                                                                                 
[2026-06-02 06:54:36.708815] GPU 0     0.000        0.000        0.000        1440         2100         0                           608012099637376             
[2026-06-02 06:54:36.761199] GPU 0     0.000        0.000        0.000        1440         2100         0                           608012099637376             
[2026-06-02 06:54:36.813383] GPU 0     0.000        0.000        0.000        1440         2100         0                           608012099637376             
[2026-06-02 06:54:36.865770] GPU 0     0.000        0.000        0.000        1440         2100         0                           608012099637376             
[2026-06-02 06:54:36.918231] GPU 0     0.000        0.000        0.000        1440         2100         0                           608012099637376             
[2026-06-02 06:54:36.970554] GPU 0     0.000        0.000        0.000        1440         2100         0                           608012099637376             
[2026-06-02 06:54:37.022845] GPU 0     0.000        0.000        0.000        1440         2100         0                           608012099637376             
[2026-06-02 06:54:37.075151] GPU 0     0.000        0.000        0.000        1440         2100         0                           608012099637376             
[2026-06-02 06:54:37.127422] GPU 0     0.000        0.000        0.000        1440         2100         0                           608012099637376             
[2026-06-02 06:54:37.179693] GPU 0     0.000        0.000        0.000        1440         2100         0                           608012099637376             
[2026-06-02 06:54:37.232007] GPU 0     0.000        0.000        0.000        1440         2100         0                           608012099637376             
[2026-06-02 06:54:37.284380] GPU 0     0.000        0.000        0.000        1440         2100         0                           608012099637376             
[2026-06-02 06:54:37.336766] GPU 0     0.000        0.000        0.000        1440         2100         0                           608012099637376             
[2026-06-02 06:54:37.389205] GPU 0     0.000        0.000        0.000        1440         2100         0                           608012099637376             
[2026-06-02 06:54:37.439324] #Entity   SMACT        SMOCC        DRAMA        SMCLK        SMMAX        DVCCTR                      TAPCV                       
[2026-06-02 06:54:37.439481] ID                                                                                                                                 
[2026-06-02 06:54:37.441572] GPU 0     0.000        0.000        0.000        1440         2100         0                           608012099637376             
[2026-06-02 06:54:37.493845] GPU 0     0.000        0.000        0.000        1440         2100         0                           608012099637376             
[2026-06-02 06:54:37.546226] GPU 0     0.000        0.000        0.000        1440         2100         0                           608012099637376             
[2026-06-02 06:54:37.598672] GPU 0     0.000        0.000        0.000        1440         2100         0                           608012099637376             
[2026-06-02 06:54:37.651026] GPU 0     0.000        0.000        0.000        1440         2100         0                           608012099637376             
[2026-06-02 06:54:37.703380] GPU 0     0.000        0.000        0.000        1440         2100         0                           608012099637376             
[2026-06-02 06:54:37.755691] GPU 0     0.000        0.000        0.000        1440         2100         0                           608012099637376             
[2026-06-02 06:54:37.807966] GPU 0     0.000        0.000        0.000        1440         2100         0                           608012099637376             
[2026-06-02 06:54:37.860323] GPU 0     0.000        0.000        0.000        1440         2100         0                           608012099637376             
[2026-06-02 06:54:37.912612] GPU 0     0.000        0.000        0.000        1440         2100         0                           608012099637376             
[2026-06-02 06:54:37.964715] GPU 0     0.000        0.000        0.000        1440         2100         0                           608012099637376             
[2026-06-02 06:54:38.017262] GPU 0     0.000        0.000        0.000        1440         2100         0                           608012099637376             
[2026-06-02 06:54:38.069582] GPU 0     0.000        0.000        0.000        1440         2100         0                           608012099637376             
[2026-06-02 06:54:38.121969] GPU 0     0.000        0.000        0.000        1440         2100         0                           608012099637376             
[2026-06-02 06:54:38.172167] #Entity   SMACT        SMOCC        DRAMA        SMCLK        SMMAX        DVCCTR                      TAPCV                       
[2026-06-02 06:54:38.172324] ID                                                                                                                                 
[2026-06-02 06:54:38.174292] GPU 0     0.000        0.000        0.000        1440         2100         0                           608012099637376             
[2026-06-02 06:54:38.226715] GPU 0     0.000        0.000        0.000        1440         2100         0                           608012099637376             
[2026-06-02 06:54:38.279012] GPU 0     0.000        0.000        0.000        1440         2100         0                           608012099637376             
[2026-06-02 06:54:38.331464] GPU 0     0.000        0.000        0.000        1440         2100         0                           608012099637376             
[2026-06-02 06:54:38.383786] GPU 0     0.000        0.000        0.000        1440         2100         0                           608012099637376             
[2026-06-02 06:54:38.436207] GPU 0     0.000        0.000        0.000        1440         2100         0                           608012099637376             
[2026-06-02 06:54:38.488592] GPU 0     0.000        0.000        0.000        1440         2100         0                           608012099637376             
[2026-06-02 06:54:38.540913] GPU 0     0.000        0.000        0.000        1440         2100         0                           608012099637376             
[2026-06-02 06:54:38.593387] GPU 0     0.000        0.000        0.000        1440         2100         0                           608012099637376             
[2026-06-02 06:54:38.645864] GPU 0     0.000        0.000        0.000        1440         2100         0                           608012099637376             
[2026-06-02 06:54:38.698290] GPU 0     0.000        0.000        0.000        1440         2100         0                           608012099637376             
[2026-06-02 06:54:38.750716] GPU 0     0.000        0.000        0.000        1440         2100         0                           608012099637376             
[2026-06-02 06:54:38.803317] GPU 0     0.000        0.000        0.000        1440         2100         0                           608012099637376             
[2026-06-02 06:54:38.856116] GPU 0     0.000        0.000        0.000        1440         2100         0                           608012099637376             
[2026-06-02 06:54:38.906283] #Entity   SMACT        SMOCC        DRAMA        SMCLK        SMMAX        DVCCTR                      TAPCV                       
[2026-06-02 06:54:38.906455] ID                                                                                                                                 
[2026-06-02 06:54:38.909265] GPU 0     0.000        0.000        0.000        1440         2100         0                           608012099637376             
[2026-06-02 06:54:38.962415] GPU 0     0.000        0.000        0.000        1440         2100         0                           608012099637376             
[2026-06-02 06:54:39.015545] GPU 0     0.000        0.000        0.000        1440         2100         0                           608012099637376             
[2026-06-02 06:54:39.068810] GPU 0     0.000        0.000        0.000        1440         2100         0                           608012099637376             
[2026-06-02 06:54:39.121900] GPU 0     0.000        0.000        0.000        1440         2100         0                           608012099637376             
[2026-06-02 06:54:39.175049] GPU 0     0.000        0.000        0.000        1440         2100         0                           608012099637376             
[2026-06-02 06:54:39.227597] GPU 0     0.000        0.000        0.000        1440         2100         0                           608012099637376             
[2026-06-02 06:54:39.279863] GPU 0     0.203        0.064        0.133        1440         2100         0                           608012099637376             
[2026-06-02 06:54:39.332203] GPU 0     0.203        0.064        0.133        1440         2100         0                           608012099637376             
[2026-06-02 06:54:39.384462] GPU 0     0.443        0.341        0.382        1440         2100         0                           608012099637376             
[2026-06-02 06:54:39.436823] GPU 0     0.470        0.421        0.432        1740         2100         0                           608012099637376             
[2026-06-02 06:54:39.489254] GPU 0     0.457        0.413        0.429        1740         2100         0                           608012099637376             
[2026-06-02 06:54:39.541527] GPU 0     0.468        0.425        0.441        1740         2100         0                           608012099637376             
[2026-06-02 06:54:39.593876] GPU 0     0.466        0.422        0.436        1740         2100         0                           608012099637376             
[2026-06-02 06:54:39.643964] #Entity   SMACT        SMOCC        DRAMA        SMCLK        SMMAX        DVCCTR                      TAPCV                       
[2026-06-02 06:54:39.644117] ID                                                                                                                                 
[2026-06-02 06:54:39.646038] GPU 0     0.463        0.419        0.434        1740         2100         0                           608012099637376             
[2026-06-02 06:54:39.698287] GPU 0     0.469        0.426        0.441        1995         2100         0                           608012099637376             
[2026-06-02 06:54:39.750581] GPU 0     0.460        0.419        0.436        1995         2100         0                           608012099637376             
[2026-06-02 06:54:39.802953] GPU 0     0.469        0.428        0.445        1995         2100         0                           608012099637376             
[2026-06-02 06:54:39.855281] GPU 0     0.469        0.428        0.445        1995         2100         0                           608012099637376             
[2026-06-02 06:54:39.907708] GPU 0     0.467        0.426        0.441        1995         2100         0                           608012099637376             
[2026-06-02 06:54:39.959973] GPU 0     0.469        0.427        0.444        1995         2100         0                           608012099637376             
[2026-06-02 06:54:40.012260] GPU 0     0.458        0.418        0.434        1995         2100         0                           608012099637376             
[2026-06-02 06:54:40.064584] GPU 0     0.459        0.418        0.434        1995         2100         0                           608012099637376             
[2026-06-02 06:54:40.117016] GPU 0     0.469        0.428        0.444        1995         2100         0                           608012099637376             
[2026-06-02 06:54:40.169241] GPU 0     0.461        0.420        0.436        1995         2100         0                           608012099637376             
[2026-06-02 06:54:40.221602] GPU 0     0.443        0.403        0.419        1995         2100         0                           608012099637376             
[2026-06-02 06:54:40.273753] GPU 0     0.468        0.428        0.444        1995         2100         0                           608012099637376             
[2026-06-02 06:54:40.325885] GPU 0     0.461        0.420        0.436        1995         2100         0                           608012099637376             
[2026-06-02 06:54:40.376038] #Entity   SMACT        SMOCC        DRAMA        SMCLK        SMMAX        DVCCTR                      TAPCV                       
[2026-06-02 06:54:40.376189] ID                                                                                                                                 
[2026-06-02 06:54:40.378091] GPU 0     0.462        0.421        0.437        1995         2100         0                           608012099637376             
[2026-06-02 06:54:40.430413] GPU 0     0.467        0.426        0.442        1995         2100         0                           608012099637376             
[2026-06-02 06:54:40.482661] GPU 0     0.461        0.420        0.436        1995         2100         0                           608012099637376             
[2026-06-02 06:54:40.535001] GPU 0     0.468        0.428        0.444        1995         2100         0                           608012099637376             
[2026-06-02 06:54:40.587124] GPU 0     0.460        0.420        0.436        1995         2100         0                           608012099637376             
[2026-06-02 06:54:40.639331] GPU 0     0.464        0.423        0.439        1995         2100         0                           608012099637376             
[2026-06-02 06:54:40.691553] GPU 0     0.468        0.427        0.443        1995         2100         0                           608012099637376             
[2026-06-02 06:54:40.743886] GPU 0     0.463        0.422        0.439        1995         2100         0                           608012099637376             
[2026-06-02 06:54:40.796063] GPU 0     0.463        0.422        0.439        1995         2100         0                           608012099637376             
[2026-06-02 06:54:40.848350] GPU 0     0.467        0.426        0.442        1995         2100         0                           608012099637376             
[2026-06-02 06:54:40.900780] GPU 0     0.459        0.418        0.434        1995         2100         0                           608012099637376             
[2026-06-02 06:54:40.953166] GPU 0     0.475        0.434        0.450        1995         2100         0                           608012099637376             
[2026-06-02 06:54:41.005521] GPU 0     0.458        0.417        0.433        1995         2100         0                           608012099637376             
[2026-06-02 06:54:41.057869] GPU 0     0.467        0.426        0.442        1995         2100         0                           608012099637376             
[2026-06-02 06:54:41.108072] #Entity   SMACT        SMOCC        DRAMA        SMCLK        SMMAX        DVCCTR                      TAPCV                       
[2026-06-02 06:54:41.108226] ID                                                                                                                                 
[2026-06-02 06:54:41.110184] GPU 0     0.441        0.402        0.418        1995         2100         0                           608012099637376             
[2026-06-02 06:54:41.162379] GPU 0     0.463        0.422        0.438        1995         2100         0                           608012099637376             
[2026-06-02 06:54:41.214828] GPU 0     0.471        0.430        0.446        1995         2100         0                           608012099637376             
[2026-06-02 06:54:41.267143] GPU 0     0.460        0.420        0.435        1995         2100         0                           608012099637376             
[2026-06-02 06:54:41.319293] GPU 0     0.457        0.416        0.432        1995         2100         0                           608012099637376             
[2026-06-02 06:54:41.371620] GPU 0     0.471        0.430        0.447        1995         2100         0                           608012099637376             
[2026-06-02 06:54:41.423980] GPU 0     0.466        0.424        0.440        1995         2100         0                           608012099637376             
[2026-06-02 06:54:41.476174] GPU 0     0.460        0.419        0.435        1995         2100         0                           608012099637376             
[2026-06-02 06:54:41.528534] GPU 0     0.472        0.431        0.448        1995         2100         0                           608012099637376             
[2026-06-02 06:54:41.580706] GPU 0     0.462        0.421        0.437        1995         2100         0                           608012099637376             
[2026-06-02 06:54:41.632983] GPU 0     0.470        0.429        0.445        1995         2100         0                           608012099637376             
[2026-06-02 06:54:41.685345] GPU 0     0.460        0.419        0.435        1995         2100         0                           608012099637376             
[2026-06-02 06:54:41.737668] GPU 0     0.460        0.419        0.435        1995         2100         0                           608012099637376             
[2026-06-02 06:54:41.789977] GPU 0     0.470        0.429        0.445        1995         2100         0                           608012099637376             
[2026-06-02 06:54:41.840174] #Entity   SMACT        SMOCC        DRAMA        SMCLK        SMMAX        DVCCTR                      TAPCV                       
[2026-06-02 06:54:41.840328] ID                                                                                                                                 
[2026-06-02 06:54:41.842241] GPU 0     0.473        0.432        0.448        1995         2100         0                           608012099637376             
[2026-06-02 06:54:41.894505] GPU 0     0.473        0.432        0.448        1995         2100         0                           608012099637376             
[2026-06-02 06:54:41.946727] GPU 0     0.443        0.404        0.420        1995         2100         0                           608012099637376             
[2026-06-02 06:54:41.999047] GPU 0     0.471        0.430        0.446        1995         2100         0                           608012099637376             
[2026-06-02 06:54:42.051152] GPU 0     0.471        0.430        0.446        1995         2100         0                           608012099637376             
[2026-06-02 06:54:42.103408] GPU 0     0.460        0.419        0.435        1995         2100         0                           608012099637376             
[2026-06-02 06:54:42.155746] GPU 0     0.465        0.425        0.441        1995         2100         0                           608012099637376             
[2026-06-02 06:54:42.207951] GPU 0     0.462        0.421        0.437        1995         2100         0                           608012099637376             
[2026-06-02 06:54:42.260216] GPU 0     0.461        0.420        0.436        1995         2100         0                           608012099637376             
[2026-06-02 06:54:42.312569] GPU 0     0.467        0.427        0.443        1995         2100         0                           608012099637376             
[2026-06-02 06:54:42.364881] GPU 0     0.467        0.427        0.443        1995         2100         0                           608012099637376             
[2026-06-02 06:54:42.417068] GPU 0     0.462        0.421        0.437        1995         2100         0                           608012099637376             
[2026-06-02 06:54:42.469366] GPU 0     0.466        0.425        0.441        1995         2100         0                           608012099637376             
[2026-06-02 06:54:42.521631] GPU 0     0.459        0.418        0.434        1995         2100         0                           608012099637376             
[2026-06-02 06:54:42.571778] #Entity   SMACT        SMOCC        DRAMA        SMCLK        SMMAX        DVCCTR                      TAPCV                       
[2026-06-02 06:54:42.571931] ID                                                                                                                                 
[2026-06-02 06:54:42.573856] GPU 0     0.470        0.430        0.446        1995         2100         0                           608012099637376             
[2026-06-02 06:54:42.626090] GPU 0     0.459        0.419        0.435        1995         2100         0                           608012099637376             
[2026-06-02 06:54:42.678348] GPU 0     0.461        0.421        0.437        1995         2100         0                           608012099637376             
[2026-06-02 06:54:42.730660] GPU 0     0.455        0.415        0.431        1995         2100         0                           608012099637376             
[2026-06-02 06:54:42.782938] GPU 0     0.461        0.420        0.436        1995         2100         0                           608012099637376             
[2026-06-02 06:54:42.835259] GPU 0     0.459        0.419        0.435        1995         2100         0                           608012099637376             
[2026-06-02 06:54:42.887713] GPU 0     0.417        0.381        0.395        1995         2100         0                           608012099637376             
[2026-06-02 06:54:42.940135] GPU 0     0.266        0.106        0.173        1995         2100         0                           608012099637376             
[2026-06-02 06:54:42.992541] GPU 0     0.436        0.213        0.303        1995         2100         0                           608012099637376             
[2026-06-02 06:54:43.044941] GPU 0     0.334        0.303        0.316        1995         2100         0                           608012099637376             
[2026-06-02 06:54:43.097194] GPU 0     0.324        0.293        0.306        1995         2100         0                           608012099637376             
[2026-06-02 06:54:43.149467] GPU 0     0.335        0.305        0.318        1995         2100         0                           608012099637376             
[2026-06-02 06:54:43.201780] GPU 0     0.339        0.308        0.321        1995         2100         0                           608012099637376             
[2026-06-02 06:54:43.253963] GPU 0     0.324        0.294        0.306        1995         2100         0                           608012099637376             
[2026-06-02 06:54:43.304163] #Entity   SMACT        SMOCC        DRAMA        SMCLK        SMMAX        DVCCTR                      TAPCV                       
[2026-06-02 06:54:43.304311] ID                                                                                                                                 
[2026-06-02 06:54:43.306251] GPU 0     0.336        0.306        0.319        1995         2100         0                           608012099637376             
[2026-06-02 06:54:43.358479] GPU 0     0.335        0.305        0.318        1995         2100         0                           608012099637376             
[2026-06-02 06:54:43.410857] GPU 0     0.326        0.296        0.309        1995         2100         0                           608012099637376             
[2026-06-02 06:54:43.463186] GPU 0     0.335        0.305        0.317        1995         2100         0                           608012099637376             
[2026-06-02 06:54:43.515671] GPU 0     0.339        0.308        0.321        1995         2100         0                           608012099637376             
[2026-06-02 06:54:43.567971] GPU 0     0.327        0.296        0.309        1995         2100         0                           608012099637376             
[2026-06-02 06:54:43.620396] GPU 0     0.336        0.305        0.318        1995         2100         0                           608012099637376             
[2026-06-02 06:54:43.672707] GPU 0     0.335        0.305        0.318        1995         2100         0                           608012099637376             
[2026-06-02 06:54:43.725181] GPU 0     0.335        0.304        0.317        1995         2100         0                           608012099637376             
[2026-06-02 06:54:43.777479] GPU 0     0.329        0.298        0.311        1995         2100         0                           608012099637376             
[2026-06-02 06:54:43.829767] GPU 0     0.336        0.305        0.318        1995         2100         0                           608012099637376             
[2026-06-02 06:54:43.882078] GPU 0     0.343        0.312        0.325        1995         2100         0                           608012099637376             
[2026-06-02 06:54:43.934406] GPU 0     0.322        0.292        0.305        1995         2100         0                           608012099637376             
[2026-06-02 06:54:43.986579] GPU 0     0.339        0.308        0.321        1995         2100         0                           608012099637376             
[2026-06-02 06:54:44.036779] #Entity   SMACT        SMOCC        DRAMA        SMCLK        SMMAX        DVCCTR                      TAPCV                       
[2026-06-02 06:54:44.036930] ID                                                                                                                                 
[2026-06-02 06:54:44.038778] GPU 0     0.336        0.306        0.319        1995         2100         0                           608012099637376             
[2026-06-02 06:54:44.091000] GPU 0     0.324        0.294        0.307        1995         2100         0                           608012099637376             
[2026-06-02 06:54:44.143353] GPU 0     0.332        0.302        0.315        1995         2100         0                           608012099637376             
[2026-06-02 06:54:44.195796] GPU 0     0.340        0.310        0.323        1995         2100         0                           608012099637376             
[2026-06-02 06:54:44.248164] GPU 0     0.338        0.308        0.321        1995         2100         0                           608012099637376             
[2026-06-02 06:54:44.300330] GPU 0     0.323        0.293        0.305        1995         2100         0                           608012099637376             
[2026-06-02 06:54:44.352603] GPU 0     0.336        0.306        0.319        1995         2100         0                           608012099637376             
[2026-06-02 06:54:44.405012] GPU 0     0.335        0.305        0.318        1995         2100         0                           608012099637376             
[2026-06-02 06:54:44.457129] GPU 0     0.311        0.282        0.294        1995         2100         0                           608012099637376             
[2026-06-02 06:54:44.509417] GPU 0     0.336        0.305        0.318        1995         2100         0                           608012099637376             
[2026-06-02 06:54:44.561798] GPU 0     0.338        0.307        0.320        1995         2100         0                           608012099637376             
[2026-06-02 06:54:44.613888] GPU 0     0.330        0.299        0.312        1995         2100         0                           608012099637376             
[2026-06-02 06:54:44.666186] GPU 0     0.337        0.307        0.320        1995         2100         0                           608012099637376             
[2026-06-02 06:54:44.718417] GPU 0     0.337        0.307        0.320        1995         2100         0                           608012099637376             
[2026-06-02 06:54:44.768539] #Entity   SMACT        SMOCC        DRAMA        SMCLK        SMMAX        DVCCTR                      TAPCV                       
[2026-06-02 06:54:44.768691] ID                                                                                                                                 
[2026-06-02 06:54:44.770744] GPU 0     0.324        0.294        0.307        1995         2100         0                           608012099637376             
[2026-06-02 06:54:44.822996] GPU 0     0.336        0.306        0.319        1995         2100         0                           608012099637376             
[2026-06-02 06:54:44.875313] GPU 0     0.336        0.305        0.319        1995         2100         0                           608012099637376             
[2026-06-02 06:54:44.927681] GPU 0     0.326        0.295        0.308        1995         2100         0                           608012099637376             
[2026-06-02 06:54:44.979766] GPU 0     0.337        0.306        0.319        1995         2100         0                           608012099637376             
[2026-06-02 06:54:45.031989] GPU 0     0.334        0.304        0.317        1995         2100         0                           608012099637376             
[2026-06-02 06:54:45.084383] GPU 0     0.333        0.302        0.315        1995         2100         0                           608012099637376             
[2026-06-02 06:54:45.136486] GPU 0     0.327        0.297        0.310        1995         2100         0                           608012099637376             
[2026-06-02 06:54:45.188878] GPU 0     0.341        0.310        0.323        1995         2100         0                           608012099637376             
[2026-06-02 06:54:45.241107] GPU 0     0.334        0.304        0.317        1995         2100         0                           608012099637376             
[2026-06-02 06:54:45.293377] GPU 0     0.325        0.295        0.308        1995         2100         0                           608012099637376             
[2026-06-02 06:54:45.345638] GPU 0     0.324        0.295        0.308        1995         2100         0                           608012099637376             
[2026-06-02 06:54:45.398239] GPU 0     0.335        0.304        0.318        1995         2100         0                           608012099637376             
[2026-06-02 06:54:45.450307] GPU 0     0.325        0.295        0.307        1995         2100         0                           608012099637376             
[2026-06-02 06:54:45.500500] #Entity   SMACT        SMOCC        DRAMA        SMCLK        SMMAX        DVCCTR                      TAPCV                       
[2026-06-02 06:54:45.500652] ID                                                                                                                                 
[2026-06-02 06:54:45.502544] GPU 0     0.338        0.307        0.320        1995         2100         0                           608012099637376             
[2026-06-02 06:54:45.554839] GPU 0     0.335        0.305        0.318        1995         2100         0                           608012099637376             
[2026-06-02 06:54:45.607084] GPU 0     0.325        0.294        0.307        1995         2100         0                           608012099637376             
[2026-06-02 06:54:45.659297] GPU 0     0.325        0.294        0.307        1995         2100         0                           608012099637376             
[2026-06-02 06:54:45.711582] GPU 0     0.335        0.305        0.317        1995         2100         0                           608012099637376             
[2026-06-02 06:54:45.763884] GPU 0     0.340        0.309        0.322        1995         2100         0                           608012099637376             
[2026-06-02 06:54:45.816108] GPU 0     0.337        0.306        0.319        1995         2100         0                           608012099637376             
[2026-06-02 06:54:45.868306] GPU 0     0.321        0.291        0.304        1995         2100         0                           608012099637376             
[2026-06-02 06:54:45.920608] GPU 0     0.338        0.307        0.321        1995         2100         0                           608012099637376             
[2026-06-02 06:54:45.972873] GPU 0     0.336        0.305        0.318        1995         2100         0                           608012099637376             
[2026-06-02 06:54:46.025135] GPU 0     0.340        0.309        0.322        1995         2100         0                           608012099637376             
[2026-06-02 06:54:46.077423] GPU 0     0.325        0.295        0.307        1995         2100         0                           608012099637376             
[2026-06-02 06:54:46.129707] GPU 0     0.337        0.307        0.320        1995         2100         0                           608012099637376             
[2026-06-02 06:54:46.181949] GPU 0     0.327        0.298        0.310        1995         2100         0                           608012099637376             
[2026-06-02 06:54:46.232152] #Entity   SMACT        SMOCC        DRAMA        SMCLK        SMMAX        DVCCTR                      TAPCV                       
[2026-06-02 06:54:46.232304] ID                                                                                                                                 
[2026-06-02 06:54:46.234141] GPU 0     0.324        0.293        0.306        1995         2100         0                           608012099637376             
[2026-06-02 06:54:46.286463] GPU 0     0.336        0.306        0.319        1995         2100         0                           608012099637376             
[2026-06-02 06:54:46.338834] GPU 0     0.335        0.304        0.317        1995         2100         0                           608012099637376             
[2026-06-02 06:54:46.391043] GPU 0     0.325        0.295        0.307        1995         2100         0                           608012099637376             
[2026-06-02 06:54:46.443336] GPU 0     0.337        0.306        0.319        1995         2100         0                           608012099637376             
[2026-06-02 06:54:46.495616] GPU 0     0.337        0.307        0.319        1995         2100         0                           608012099637376             
[2026-06-02 06:54:46.547879] GPU 0     0.326        0.295        0.308        1995         2100         0                           608012099637376             
[2026-06-02 06:54:46.600045] GPU 0     0.337        0.306        0.320        1995         2100         0                           608012099637376             
[2026-06-02 06:54:46.652427] GPU 0     0.334        0.304        0.317        1995         2100         0                           608012099637376             
[2026-06-02 06:54:46.704675] GPU 0     0.326        0.295        0.308        1995         2100         0                           608012099637376             
[2026-06-02 06:54:46.757063] GPU 0     0.338        0.307        0.320        1995         2100         0                           608012099637376             
[2026-06-02 06:54:46.809184] GPU 0     0.335        0.305        0.318        1995         2100         0                           608012099637376             
[2026-06-02 06:54:46.861593] GPU 0     0.331        0.300        0.313        1995         2100         0                           608012099637376             
[2026-06-02 06:54:46.913993] GPU 0     0.332        0.302        0.315        1995         2100         0                           608012099637376             
[2026-06-02 06:54:46.964166] #Entity   SMACT        SMOCC        DRAMA        SMCLK        SMMAX        DVCCTR                      TAPCV                       
[2026-06-02 06:54:46.964374] ID                                                                                                                                 
[2026-06-02 06:54:46.966300] GPU 0     0.336        0.305        0.318        1995         2100         0                           608012099637376             
[2026-06-02 06:54:47.018456] GPU 0     0.288        0.260        0.272        1995         2100         0                           608012099637376             
[2026-06-02 06:54:47.070813] GPU 0     0.293        0.265        0.278        1995         2100         0                           608012099637376             
[2026-06-02 06:54:47.123232] GPU 0     0.285        0.257        0.270        1995         2100         0                           608012099637376             
[2026-06-02 06:54:47.175361] GPU 0     0.306        0.277        0.290        1995         2100         0                           608012099637376             
[2026-06-02 06:54:47.227206] GPU 0     0.289        0.261        0.274        1995         2100         0                           608012099637376             
[2026-06-02 06:54:47.279548] GPU 0     0.298        0.270        0.283        1995         2100         0                           608012099637376             
[2026-06-02 06:54:47.331722] GPU 0     0.286        0.258        0.271        1995         2100         0                           608012099637376             
[2026-06-02 06:54:47.383895] GPU 0     0.306        0.277        0.290        1995         2100         0                           608012099637376             
[2026-06-02 06:54:47.436287] GPU 0     0.285        0.258        0.270        1995         2100         0                           608012099637376             
[2026-06-02 06:54:47.488662] GPU 0     0.304        0.276        0.288        1995         2100         0                           608012099637376             
[2026-06-02 06:54:47.541094] GPU 0     0.289        0.261        0.273        1995         2100         0                           608012099637376             
[2026-06-02 06:54:47.593446] GPU 0     0.303        0.274        0.287        1995         2100         0                           608012099637376             
[2026-06-02 06:54:47.645721] GPU 0     0.292        0.263        0.276        1995         2100         0                           608012099637376             
[2026-06-02 06:54:47.695873] #Entity   SMACT        SMOCC        DRAMA        SMCLK        SMMAX        DVCCTR                      TAPCV                       
[2026-06-02 06:54:47.696027] ID                                                                                                                                 
[2026-06-02 06:54:47.697895] GPU 0     0.301        0.273        0.286        1995         2100         0                           608012099637376             
[2026-06-02 06:54:47.750238] GPU 0     0.292        0.263        0.276        1995         2100         0                           608012099637376             
[2026-06-02 06:54:47.802645] GPU 0     0.299        0.271        0.284        1995         2100         0                           608012099637376             
[2026-06-02 06:54:47.855040] GPU 0     0.289        0.261        0.273        1995         2100         0                           608012099637376             
[2026-06-02 06:54:47.907322] GPU 0     0.294        0.266        0.279        1995         2100         0                           608012099637376             
[2026-06-02 06:54:47.959744] GPU 0     0.289        0.261        0.273        1995         2100         0                           608012099637376             
[2026-06-02 06:54:48.012080] GPU 0     0.303        0.274        0.287        1995         2100         0                           608012099637376             
[2026-06-02 06:54:48.064395] GPU 0     0.290        0.262        0.274        1995         2100         0                           608012099637376             
[2026-06-02 06:54:48.116764] GPU 0     0.301        0.273        0.285        1995         2100         0                           608012099637376             
[2026-06-02 06:54:48.169233] GPU 0     0.291        0.263        0.275        1995         2100         0                           608012099637376             
[2026-06-02 06:54:48.221487] GPU 0     0.305        0.276        0.289        1995         2100         0                           608012099637376             
[2026-06-02 06:54:48.273683] GPU 0     0.290        0.262        0.275        1995         2100         0                           608012099637376             
[2026-06-02 06:54:48.326000] GPU 0     0.301        0.273        0.285        1995         2100         0                           608012099637376             
[2026-06-02 06:54:48.378296] GPU 0     0.290        0.261        0.274        1995         2100         0                           608012099637376             
[2026-06-02 06:54:48.428482] #Entity   SMACT        SMOCC        DRAMA        SMCLK        SMMAX        DVCCTR                      TAPCV                       
[2026-06-02 06:54:48.428644] ID                                                                                                                                 
[2026-06-02 06:54:48.430644] GPU 0     0.301        0.273        0.286        1995         2100         0                           608012099637376             
[2026-06-02 06:54:48.482893] GPU 0     0.289        0.261        0.274        1995         2100         0                           608012099637376             
[2026-06-02 06:54:48.535290] GPU 0     0.306        0.277        0.290        1995         2100         0                           608012099637376             
[2026-06-02 06:54:48.587484] GPU 0     0.306        0.278        0.291        1995         2100         0                           608012099637376             
[2026-06-02 06:54:48.639821] GPU 0     0.306        0.278        0.291        1995         2100         0                           608012099637376             
[2026-06-02 06:54:48.692092] GPU 0     0.288        0.260        0.272        1995         2100         0                           608012099637376             
[2026-06-02 06:54:48.744301] GPU 0     0.301        0.273        0.286        1995         2100         0                           608012099637376             
[2026-06-02 06:54:48.796539] GPU 0     0.277        0.250        0.262        1995         2100         0                           608012099637376             
[2026-06-02 06:54:48.848574] GPU 0     0.301        0.273        0.285        1995         2100         0                           608012099637376             
[2026-06-02 06:54:48.900800] GPU 0     0.289        0.261        0.273        1995         2100         0                           608012099637376             
[2026-06-02 06:54:48.953068] GPU 0     0.300        0.272        0.285        1995         2100         0                           608012099637376             
[2026-06-02 06:54:49.005391] GPU 0     0.291        0.262        0.275        1995         2100         0                           608012099637376             
[2026-06-02 06:54:49.057682] GPU 0     0.298        0.270        0.282        1995         2100         0                           608012099637376             
[2026-06-02 06:54:49.109916] GPU 0     0.288        0.260        0.273        1995         2100         0                           608012099637376             
[2026-06-02 06:54:49.160060] #Entity   SMACT        SMOCC        DRAMA        SMCLK        SMMAX        DVCCTR                      TAPCV                       
[2026-06-02 06:54:49.160252] ID                                                                                                                                 
[2026-06-02 06:54:49.162135] GPU 0     0.304        0.276        0.289        1995         2100         0                           608012099637376             
[2026-06-02 06:54:49.214361] GPU 0     0.287        0.259        0.272        1995         2100         0                           608012099637376             
[2026-06-02 06:54:49.266699] GPU 0     0.306        0.277        0.290        1995         2100         0                           608012099637376             
[2026-06-02 06:54:49.318967] GPU 0     0.288        0.260        0.272        1995         2100         0                           608012099637376             
[2026-06-02 06:54:49.371242] GPU 0     0.289        0.261        0.274        1995         2100         0                           608012099637376             
[2026-06-02 06:54:49.423438] GPU 0     0.289        0.261        0.274        1995         2100         0                           608012099637376             
[2026-06-02 06:54:49.475644] GPU 0     0.306        0.277        0.290        1995         2100         0                           608012099637376             
[2026-06-02 06:54:49.527939] GPU 0     0.305        0.277        0.290        1995         2100         0                           608012099637376             
[2026-06-02 06:54:49.580159] GPU 0     0.275        0.248        0.260        1995         2100         0                           608012099637376             
[2026-06-02 06:54:49.632471] GPU 0     0.300        0.272        0.285        1995         2100         0                           608012099637376             
[2026-06-02 06:54:49.685012] GPU 0     0.292        0.264        0.277        1995         2100         0                           608012099637376             
[2026-06-02 06:54:49.737277] GPU 0     0.300        0.272        0.284        1995         2100         0                           608012099637376             
[2026-06-02 06:54:49.789605] GPU 0     0.289        0.261        0.274        1995         2100         0                           608012099637376             
[2026-06-02 06:54:49.841718] GPU 0     0.300        0.272        0.285        1995         2100         0                           608012099637376             
[2026-06-02 06:54:49.891860] #Entity   SMACT        SMOCC        DRAMA        SMCLK        SMMAX        DVCCTR                      TAPCV                       
[2026-06-02 06:54:49.892007] ID                                                                                                                                 
[2026-06-02 06:54:49.894064] GPU 0     0.293        0.264        0.277        1995         2100         0                           608012099637376             
[2026-06-02 06:54:49.946382] GPU 0     0.205        0.109        0.207        1995         2100         0                           608012099637376             
[2026-06-02 06:54:49.998722] GPU 0     0.431        0.366        0.412        1995         2100         0                           608012099637376             
[2026-06-02 06:54:50.050999] GPU 0     0.431        0.366        0.412        1995         2100         0                           608012099637376             
[2026-06-02 06:54:50.103313] GPU 0     0.431        0.366        0.412        1995         2100         0                           608012099637376             
[2026-06-02 06:54:50.155640] GPU 0     0.469        0.428        0.444        1980         2100         0                           608012099637376             
[2026-06-02 06:54:50.207952] GPU 0     0.465        0.424        0.440        1980         2100         0                           608012099637376             
[2026-06-02 06:54:50.260156] GPU 0     0.468        0.427        0.444        1980         2100         0                           608012099637376             
[2026-06-02 06:54:50.312514] GPU 0     0.465        0.424        0.439        1980         2100         0                           608012099637376             
[2026-06-02 06:54:50.364814] GPU 0     0.466        0.425        0.441        1980         2100         0                           608012099637376             
[2026-06-02 06:54:50.417202] GPU 0     0.465        0.424        0.440        1980         2100         0                           608012099637376             
[2026-06-02 06:54:50.469644] GPU 0     0.465        0.424        0.439        1980         2100         0                           608012099637376             
[2026-06-02 06:54:50.521978] GPU 0     0.465        0.425        0.440        1980         2100         0                           608012099637376             
[2026-06-02 06:54:50.574248] GPU 0     0.460        0.420        0.435        1980         2100         0                           608012099637376             
[2026-06-02 06:54:50.624458] #Entity   SMACT        SMOCC        DRAMA        SMCLK        SMMAX        DVCCTR                      TAPCV                       
[2026-06-02 06:54:50.624611] ID                                                                                                                                 
[2026-06-02 06:54:50.626654] GPU 0     0.465        0.423        0.439        1980         2100         0                           608012099637376             
[2026-06-02 06:54:50.678940] GPU 0     0.469        0.429        0.444        1980         2100         0                           608012099637376             
[2026-06-02 06:54:50.731271] GPU 0     0.460        0.420        0.435        1980         2100         0                           608012099637376             
[2026-06-02 06:54:50.783520] GPU 0     0.472        0.431        0.447        1980         2100         0                           608012099637376             
[2026-06-02 06:54:50.835810] GPU 0     0.459        0.419        0.434        1980         2100         0                           608012099637376             
[2026-06-02 06:54:50.888191] GPU 0     0.460        0.420        0.435        1980         2100         0                           608012099637376             
[2026-06-02 06:54:50.940553] GPU 0     0.470        0.429        0.445        1980         2100         0                           608012099637376             
[2026-06-02 06:54:50.992798] GPU 0     0.461        0.420        0.436        1980         2100         0                           608012099637376             
[2026-06-02 06:54:51.045027] GPU 0     0.463        0.422        0.438        1980         2100         0                           608012099637376             
[2026-06-02 06:54:51.097346] GPU 0     0.466        0.425        0.441        1980         2100         0                           608012099637376             
[2026-06-02 06:54:51.149649] GPU 0     0.460        0.420        0.435        1980         2100         0                           608012099637376             
[2026-06-02 06:54:51.201869] GPU 0     0.470        0.429        0.445        1980         2100         0                           608012099637376             
[2026-06-02 06:54:51.254170] GPU 0     0.459        0.419        0.434        1980         2100         0                           608012099637376             
[2026-06-02 06:54:51.306395] GPU 0     0.448        0.408        0.423        1980         2100         0                           608012099637376             
[2026-06-02 06:54:51.356507] #Entity   SMACT        SMOCC        DRAMA        SMCLK        SMMAX        DVCCTR                      TAPCV                       
[2026-06-02 06:54:51.356659] ID                                                                                                                                 
[2026-06-02 06:54:51.358676] GPU 0     0.471        0.430        0.446        1980         2100         0                           608012099637376             
[2026-06-02 06:54:51.411020] GPU 0     0.458        0.418        0.433        1980         2100         0                           608012099637376             
[2026-06-02 06:54:51.463333] GPU 0     0.461        0.420        0.436        1980         2100         0                           608012099637376             
[2026-06-02 06:54:51.515577] GPU 0     0.471        0.430        0.446        1980         2100         0                           608012099637376             
[2026-06-02 06:54:51.567851] GPU 0     0.465        0.424        0.439        1980         2100         0                           608012099637376             
[2026-06-02 06:54:51.620121] GPU 0     0.463        0.422        0.438        1980         2100         0                           608012099637376             
[2026-06-02 06:54:51.672336] GPU 0     0.466        0.426        0.441        1980         2100         0                           608012099637376             
[2026-06-02 06:54:51.724638] GPU 0     0.459        0.419        0.434        1980         2100         0                           608012099637376             
[2026-06-02 06:54:51.776902] GPU 0     0.471        0.430        0.445        1980         2100         0                           608012099637376             
[2026-06-02 06:54:51.829231] GPU 0     0.461        0.421        0.436        1980         2100         0                           608012099637376             
[2026-06-02 06:54:51.881486] GPU 0     0.462        0.421        0.436        1980         2100         0                           608012099637376             
[2026-06-02 06:54:51.933791] GPU 0     0.471        0.430        0.445        1980         2100         0                           608012099637376             
[2026-06-02 06:54:51.986009] GPU 0     0.461        0.421        0.436        1980         2100         0                           608012099637376             
[2026-06-02 06:54:52.038183] GPU 0     0.474        0.433        0.449        1980         2100         0                           608012099637376             
[2026-06-02 06:54:52.088371] #Entity   SMACT        SMOCC        DRAMA        SMCLK        SMMAX        DVCCTR                      TAPCV                       
[2026-06-02 06:54:52.088522] ID                                                                                                                                 
[2026-06-02 06:54:52.090447] GPU 0     0.457        0.416        0.431        1980         2100         0                           608012099637376             
[2026-06-02 06:54:52.142652] GPU 0     0.461        0.420        0.435        1980         2100         0                           608012099637376             
[2026-06-02 06:54:52.194909] GPU 0     0.458        0.419        0.434        1980         2100         0                           608012099637376             
[2026-06-02 06:54:52.247230] GPU 0     0.459        0.419        0.434        1980         2100         0                           608012099637376             
[2026-06-02 06:54:52.299523] GPU 0     0.460        0.420        0.435        1980         2100         0                           608012099637376             
[2026-06-02 06:54:52.351889] GPU 0     0.465        0.425        0.441        1980         2100         0                           608012099637376             
[2026-06-02 06:54:52.404114] GPU 0     0.461        0.420        0.436        1980         2100         0                           608012099637376             
[2026-06-02 06:54:52.456376] GPU 0     0.465        0.423        0.439        1980         2100         0                           608012099637376             
[2026-06-02 06:54:52.508780] GPU 0     0.468        0.427        0.443        1980         2100         0                           608012099637376             
[2026-06-02 06:54:52.561033] GPU 0     0.460        0.419        0.434        1980         2100         0                           608012099637376             
[2026-06-02 06:54:52.613266] GPU 0     0.471        0.430        0.446        1980         2100         0                           608012099637376             
[2026-06-02 06:54:52.665563] GPU 0     0.462        0.421        0.437        1980         2100         0                           608012099637376             
[2026-06-02 06:54:52.717737] GPU 0     0.461        0.420        0.436        1980         2100         0                           608012099637376             
[2026-06-02 06:54:52.769881] GPU 0     0.471        0.430        0.445        1980         2100         0                           608012099637376             
[2026-06-02 06:54:52.820088] #Entity   SMACT        SMOCC        DRAMA        SMCLK        SMMAX        DVCCTR                      TAPCV                       
[2026-06-02 06:54:52.820242] ID                                                                                                                                 
[2026-06-02 06:54:52.822237] GPU 0     0.459        0.419        0.434        1980         2100         0                           608012099637376             
[2026-06-02 06:54:52.874423] GPU 0     0.476        0.434        0.450        1980         2100         0                           608012099637376             
[2026-06-02 06:54:52.926688] GPU 0     0.456        0.416        0.431        1980         2100         0                           608012099637376             
[2026-06-02 06:54:52.979059] GPU 0     0.462        0.421        0.437        1980         2100         0                           608012099637376             
[2026-06-02 06:54:53.031336] GPU 0     0.449        0.410        0.425        1980         2100         0                           608012099637376             
[2026-06-02 06:54:53.083505] GPU 0     0.460        0.419        0.435        1980         2100         0                           608012099637376             
[2026-06-02 06:54:53.135845] GPU 0     0.459        0.418        0.434        1980         2100         0                           608012099637376             
[2026-06-02 06:54:53.188112] GPU 0     0.471        0.430        0.446        1980         2100         0                           608012099637376             
[2026-06-02 06:54:53.240183] GPU 0     0.464        0.422        0.438        1980         2100         0                           608012099637376             
[2026-06-02 06:54:53.292479] GPU 0     0.470        0.429        0.445        1980         2100         0                           608012099637376             
[2026-06-02 06:54:53.344764] GPU 0     0.463        0.422        0.437        1980         2100         0                           608012099637376             
[2026-06-02 06:54:53.397097] GPU 0     0.460        0.419        0.435        1980         2100         0                           608012099637376             
[2026-06-02 06:54:53.449292] GPU 0     0.468        0.427        0.443        1980         2100         0                           608012099637376             
[2026-06-02 06:54:53.501532] GPU 0     0.460        0.420        0.435        1980         2100         0                           608012099637376             
[2026-06-02 06:54:53.551673] #Entity   SMACT        SMOCC        DRAMA        SMCLK        SMMAX        DVCCTR                      TAPCV                       
[2026-06-02 06:54:53.551826] ID                                                                                                                                 
[2026-06-02 06:54:53.553694] GPU 0     0.464        0.423        0.439        1980         2100         0                           608012099637376             
[2026-06-02 06:54:53.606101] GPU 0     0.474        0.433        0.448        1980         2100         0                           608012099637376             
[2026-06-02 06:54:53.658482] GPU 0     0.461        0.420        0.435        1980         2100         0                           608012099637376             
[2026-06-02 06:54:53.710777] GPU 0     0.465        0.425        0.440        1980         2100         0                           608012099637376             
[2026-06-02 06:54:53.763052] GPU 0     0.460        0.419        0.434        1980         2100         0                           608012099637376             
[2026-06-02 06:54:53.815388] GPU 0     0.461        0.420        0.436        1980         2100         0                           608012099637376             
[2026-06-02 06:54:53.867625] GPU 0     0.471        0.430        0.445        1980         2100         0                           608012099637376             
[2026-06-02 06:54:53.920018] GPU 0     0.447        0.408        0.423        1980         2100         0                           608012099637376             
[2026-06-02 06:54:53.972311] GPU 0     0.462        0.421        0.436        1980         2100         0                           608012099637376             
[2026-06-02 06:54:54.024503] GPU 0     0.471        0.430        0.445        1980         2100         0                           608012099637376             
[2026-06-02 06:54:54.076897] GPU 0     0.460        0.420        0.435        1980         2100         0                           608012099637376             
[2026-06-02 06:54:54.129214] GPU 0     0.470        0.429        0.444        1980         2100         0                           608012099637376             
[2026-06-02 06:54:54.181456] GPU 0     0.465        0.424        0.439        1980         2100         0                           608012099637376             
[2026-06-02 06:54:54.233734] GPU 0     0.462        0.422        0.437        1980         2100         0                           608012099637376             
[2026-06-02 06:54:54.283880] #Entity   SMACT        SMOCC        DRAMA        SMCLK        SMMAX        DVCCTR                      TAPCV                       
[2026-06-02 06:54:54.284036] ID                                                                                                                                 
[2026-06-02 06:54:54.285918] GPU 0     0.467        0.426        0.442        1980         2100         0                           608012099637376             
[2026-06-02 06:54:54.338719] GPU 0     0.465        0.424        0.439        1980         2100         0                           608012099637376             
[2026-06-02 06:54:54.390938] GPU 0     0.466        0.425        0.440        1980         2100         0                           608012099637376             
[2026-06-02 06:54:54.443236] GPU 0     0.463        0.422        0.437        1980         2100         0                           608012099637376             
[2026-06-02 06:54:54.495537] GPU 0     0.463        0.422        0.437        1980         2100         0                           608012099637376             
[2026-06-02 06:54:54.547704] GPU 0     0.458        0.417        0.432        1980         2100         0                           608012099637376             
[2026-06-02 06:54:54.599933] GPU 0     0.465        0.423        0.439        1980         2100         0                           608012099637376             
[2026-06-02 06:54:54.652318] GPU 0     0.458        0.419        0.434        1980         2100         0                           608012099637376             
[2026-06-02 06:54:54.704628] GPU 0     0.264        0.158        0.252        1980         2100         0                           608012099637376             
[2026-06-02 06:54:54.756852] GPU 0     0.461        0.420        0.435        1980         2100         0                           608012099637376             
[2026-06-02 06:54:54.809102] GPU 0     0.468        0.428        0.443        1980         2100         0                           608012099637376             
[2026-06-02 06:54:54.861365] GPU 0     0.465        0.424        0.439        1980         2100         0                           608012099637376             
[2026-06-02 06:54:54.913676] GPU 0     0.474        0.433        0.449        1980         2100         0                           608012099637376             
[2026-06-02 06:54:54.965890] GPU 0     0.456        0.416        0.431        1980         2100         0                           608012099637376             
[2026-06-02 06:54:55.016094] #Entity   SMACT        SMOCC        DRAMA        SMCLK        SMMAX        DVCCTR                      TAPCV                       
[2026-06-02 06:54:55.016249] ID                                                                                                                                 
[2026-06-02 06:54:55.018234] GPU 0     0.461        0.420        0.436        1980         2100         0                           608012099637376             
[2026-06-02 06:54:55.070534] GPU 0     0.470        0.430        0.445        1980         2100         0                           608012099637376             
[2026-06-02 06:54:55.122761] GPU 0     0.463        0.422        0.437        1980         2100         0                           608012099637376             
[2026-06-02 06:54:55.175031] GPU 0     0.461        0.420        0.435        1980         2100         0                           608012099637376             
[2026-06-02 06:54:55.227379] GPU 0     0.470        0.430        0.445        1980         2100         0                           608012099637376             
[2026-06-02 06:54:55.279585] GPU 0     0.466        0.425        0.440        1980         2100         0                           608012099637376             
[2026-06-02 06:54:55.331850] GPU 0     0.471        0.430        0.446        1980         2100         0                           608012099637376             
[2026-06-02 06:54:55.384134] GPU 0     0.456        0.416        0.431        1980         2100         0                           608012099637376             
[2026-06-02 06:54:55.436413] GPU 0     0.464        0.423        0.438        1980         2100         0                           608012099637376             
[2026-06-02 06:54:55.488665] GPU 0     0.471        0.430        0.446        1980         2100         0                           608012099637376             
[2026-06-02 06:54:55.540965] GPU 0     0.461        0.420        0.435        1980         2100         0                           608012099637376             
[2026-06-02 06:54:55.593227] GPU 0     0.459        0.418        0.434        1980         2100         0                           608012099637376             
[2026-06-02 06:54:55.645398] GPU 0     0.470        0.429        0.445        1980         2100         0                           608012099637376             
[2026-06-02 06:54:55.697821] GPU 0     0.462        0.421        0.436        1980         2100         0                           608012099637376             
[2026-06-02 06:54:55.747919] #Entity   SMACT        SMOCC        DRAMA        SMCLK        SMMAX        DVCCTR                      TAPCV                       
[2026-06-02 06:54:55.748064] ID                                                                                                                                 
[2026-06-02 06:54:55.750008] GPU 0     0.477        0.436        0.451        1980         2100         0                           608012099637376             
[2026-06-02 06:54:55.802257] GPU 0     0.458        0.418        0.433        1980         2100         0                           608012099637376             
[2026-06-02 06:54:55.854489] GPU 0     0.461        0.420        0.435        1980         2100         0                           608012099637376             
[2026-06-02 06:54:55.906830] GPU 0     0.471        0.430        0.446        1980         2100         0                           608012099637376             
[2026-06-02 06:54:55.959010] GPU 0     0.461        0.420        0.436        1980         2100         0                           608012099637376             
[2026-06-02 06:54:56.011343] GPU 0     0.465        0.424        0.439        1980         2100         0                           608012099637376             
[2026-06-02 06:54:56.063651] GPU 0     0.466        0.426        0.441        1980         2100         0                           608012099637376             
[2026-06-02 06:54:56.115907] GPU 0     0.462        0.421        0.436        1980         2100         0                           608012099637376             
[2026-06-02 06:54:56.168177] GPU 0     0.466        0.425        0.440        1980         2100         0                           608012099637376             
[2026-06-02 06:54:56.220478] GPU 0     0.466        0.425        0.441        1980         2100         0                           608012099637376             
[2026-06-02 06:54:56.272746] GPU 0     0.461        0.420        0.436        1980         2100         0                           608012099637376             
[2026-06-02 06:54:56.324968] GPU 0     0.461        0.420        0.436        1980         2100         0                           608012099637376             
[2026-06-02 06:54:56.377328] GPU 0     0.466        0.425        0.440        1980         2100         0                           608012099637376             
[2026-06-02 06:54:56.429464] GPU 0     0.452        0.412        0.428        1980         2100         0                           608012099637376             
[2026-06-02 06:54:56.479659] #Entity   SMACT        SMOCC        DRAMA        SMCLK        SMMAX        DVCCTR                      TAPCV                       
[2026-06-02 06:54:56.479814] ID                                                                                                                                 
[2026-06-02 06:54:56.481763] GPU 0     0.460        0.419        0.435        1980         2100         0                           608012099637376             
[2026-06-02 06:54:56.534115] GPU 0     0.464        0.423        0.439        1980         2100         0                           608012099637376             
[2026-06-02 06:54:56.586397] GPU 0     0.472        0.431        0.447        1980         2100         0                           608012099637376             
[2026-06-02 06:54:56.638637] GPU 0     0.461        0.421        0.436        1980         2100         0                           608012099637376             
[2026-06-02 06:54:56.690922] GPU 0     0.461        0.420        0.436        1980         2100         0                           608012099637376             
[2026-06-02 06:54:56.743137] GPU 0     0.470        0.429        0.445        1980         2100         0                           608012099637376             
[2026-06-02 06:54:56.795287] GPU 0     0.461        0.421        0.436        1980         2100         0                           608012099637376             
[2026-06-02 06:54:56.847504] GPU 0     0.462        0.422        0.437        1980         2100         0                           608012099637376             
[2026-06-02 06:54:56.899716] GPU 0     0.462        0.421        0.436        1980         2100         0                           608012099637376             
[2026-06-02 06:54:56.951969] GPU 0     0.467        0.426        0.442        1980         2100         0                           608012099637376             
[2026-06-02 06:54:57.004233] GPU 0     0.468        0.427        0.443        1980         2100         0                           608012099637376             
[2026-06-02 06:54:57.056441] GPU 0     0.455        0.415        0.430        1980         2100         0                           608012099637376             
[2026-06-02 06:54:57.108690] GPU 0     0.468        0.427        0.443        1980         2100         0                           608012099637376             
[2026-06-02 06:54:57.161025] GPU 0     0.470        0.429        0.444        1980         2100         0                           608012099637376             
[2026-06-02 06:54:57.211178] #Entity   SMACT        SMOCC        DRAMA        SMCLK        SMMAX        DVCCTR                      TAPCV                       
[2026-06-02 06:54:57.211331] ID                                                                                                                                 
[2026-06-02 06:54:57.213174] GPU 0     0.461        0.420        0.436        1980         2100         0                           608012099637376             
[2026-06-02 06:54:57.265446] GPU 0     0.442        0.403        0.418        1980         2100         0                           608012099637376             
[2026-06-02 06:54:57.317706] GPU 0     0.470        0.430        0.445        1980         2100         0                           608012099637376             
[2026-06-02 06:54:57.369894] GPU 0     0.461        0.420        0.435        1980         2100         0                           608012099637376             
[2026-06-02 06:54:57.422174] GPU 0     0.461        0.420        0.435        1980         2100         0                           608012099637376             
[2026-06-02 06:54:57.474460] GPU 0     0.465        0.425        0.441        1980         2100         0                           608012099637376             
[2026-06-02 06:54:57.526780] GPU 0     0.466        0.425        0.440        1980         2100         0                           608012099637376             
[2026-06-02 06:54:57.579138] GPU 0     0.461        0.420        0.436        1980         2100         0                           608012099637376             
[2026-06-02 06:54:57.631445] GPU 0     0.468        0.427        0.443        1980         2100         0                           608012099637376             
[2026-06-02 06:54:57.683683] GPU 0     0.465        0.424        0.439        1980         2100         0                           608012099637376             
[2026-06-02 06:54:57.735994] GPU 0     0.466        0.425        0.441        1980         2100         0                           608012099637376             
[2026-06-02 06:54:57.788286] GPU 0     0.468        0.428        0.443        1980         2100         0                           608012099637376             
[2026-06-02 06:54:57.840527] GPU 0     0.460        0.420        0.435        1980         2100         0                           608012099637376             
[2026-06-02 06:54:57.892841] GPU 0     0.471        0.430        0.446        1980         2100         0                           608012099637376             
[2026-06-02 06:54:57.942993] #Entity   SMACT        SMOCC        DRAMA        SMCLK        SMMAX        DVCCTR                      TAPCV                       
[2026-06-02 06:54:57.943146] ID                                                                                                                                 
[2026-06-02 06:54:57.945151] GPU 0     0.466        0.425        0.440        1980         2100         0                           608012099637376             
[2026-06-02 06:54:57.997337] GPU 0     0.461        0.420        0.436        1980         2100         0                           608012099637376             
[2026-06-02 06:54:58.049634] GPU 0     0.470        0.430        0.445        1980         2100         0                           608012099637376             
[2026-06-02 06:54:58.101922] GPU 0     0.441        0.402        0.417        1980         2100         0                           608012099637376             
[2026-06-02 06:54:58.154337] GPU 0     0.461        0.420        0.436        1980         2100         0                           608012099637376             
[2026-06-02 06:54:58.206650] GPU 0     0.473        0.432        0.448        1980         2100         0                           608012099637376             
[2026-06-02 06:54:58.258890] GPU 0     0.462        0.421        0.436        1980         2100         0                           608012099637376             
[2026-06-02 06:54:58.311286] GPU 0     0.468        0.427        0.443        1980         2100         0                           608012099637376             
[2026-06-02 06:54:58.363397] GPU 0     0.463        0.422        0.437        1980         2100         0                           608012099637376             
[2026-06-02 06:54:58.415731] GPU 0     0.458        0.417        0.433        1980         2100         0                           608012099637376             
[2026-06-02 06:54:58.467992] GPU 0     0.474        0.433        0.449        1980         2100         0                           608012099637376             
[2026-06-02 06:54:58.520196] GPU 0     0.460        0.419        0.434        1980         2100         0                           608012099637376             
[2026-06-02 06:54:58.572467] GPU 0     0.460        0.419        0.434        1980         2100         0                           608012099637376             
[2026-06-02 06:54:58.624793] GPU 0     0.472        0.431        0.446        1980         2100         0                           608012099637376             
[2026-06-02 06:54:58.674897] #Entity   SMACT        SMOCC        DRAMA        SMCLK        SMMAX        DVCCTR                      TAPCV                       
[2026-06-02 06:54:58.675051] ID                                                                                                                                 
[2026-06-02 06:54:58.677063] GPU 0     0.460        0.419        0.435        1980         2100         0                           608012099637376             
[2026-06-02 06:54:58.729446] GPU 0     0.470        0.429        0.445        1980         2100         0                           608012099637376             
[2026-06-02 06:54:58.781720] GPU 0     0.462        0.421        0.437        1980         2100         0                           608012099637376             
[2026-06-02 06:54:58.833901] GPU 0     0.462        0.421        0.436        1980         2100         0                           608012099637376             
[2026-06-02 06:54:58.886178] GPU 0     0.473        0.432        0.448        1980         2100         0                           608012099637376             
[2026-06-02 06:54:58.938507] GPU 0     0.462        0.421        0.437        1980         2100         0                           608012099637376             
[2026-06-02 06:54:58.990749] GPU 0     0.442        0.403        0.418        1980         2100         0                           608012099637376             
[2026-06-02 06:54:59.043200] GPU 0     0.472        0.431        0.447        1980         2100         0                           608012099637376             
[2026-06-02 06:54:59.095452] GPU 0     0.457        0.416        0.432        1980         2100         0                           608012099637376             
[2026-06-02 06:54:59.147627] GPU 0     0.466        0.424        0.440        1980         2100         0                           608012099637376             
[2026-06-02 06:54:59.199814] GPU 0     0.466        0.425        0.441        1980         2100         0                           608012099637376             
[2026-06-02 06:54:59.252037] GPU 0     0.461        0.421        0.436        1980         2100         0                           608012099637376             
[2026-06-02 06:54:59.304362] GPU 0     0.463        0.422        0.438        1980         2100         0                           608012099637376             
[2026-06-02 06:54:59.356701] GPU 0     0.468        0.427        0.443        1980         2100         0                           608012099637376             
[2026-06-02 06:54:59.406898] #Entity   SMACT        SMOCC        DRAMA        SMCLK        SMMAX        DVCCTR                      TAPCV                       
[2026-06-02 06:54:59.407052] ID                                                                                                                                 
[2026-06-02 06:54:59.409054] GPU 0     0.464        0.423        0.438        1980         2100         0                           608012099637376             
[2026-06-02 06:54:59.461366] GPU 0     0.316        0.149        0.278        1980         2100         0                           608012099637376             
[2026-06-02 06:54:59.513722] GPU 0     0.463        0.422        0.437        1980         2100         0                           608012099637376             
[2026-06-02 06:54:59.565947] GPU 0     0.461        0.420        0.436        1980         2100         0                           608012099637376             
[2026-06-02 06:54:59.618231] GPU 0     0.475        0.434        0.449        1980         2100         0                           608012099637376             
[2026-06-02 06:54:59.670649] GPU 0     0.462        0.421        0.436        1980         2100         0                           608012099637376             
[2026-06-02 06:54:59.722987] GPU 0     0.467        0.426        0.441        1980         2100         0                           608012099637376             
[2026-06-02 06:54:59.775200] GPU 0     0.467        0.427        0.442        1980         2100         0                           608012099637376             
[2026-06-02 06:54:59.827525] GPU 0     0.464        0.423        0.439        1980         2100         0                           608012099637376             
[2026-06-02 06:54:59.879802] GPU 0     0.469        0.428        0.444        1980         2100         0                           608012099637376             
[2026-06-02 06:54:59.932158] GPU 0     0.460        0.419        0.435        1980         2100         0                           608012099637376             
[2026-06-02 06:54:59.984454] GPU 0     0.463        0.422        0.437        1980         2100         0                           608012099637376             
[2026-06-02 06:55:00.036800] GPU 0     0.468        0.428        0.443        1980         2100         0                           608012099637376             
[2026-06-02 06:55:00.089070] GPU 0     0.461        0.420        0.435        1980         2100         0                           608012099637376             
[2026-06-02 06:55:00.139221] #Entity   SMACT        SMOCC        DRAMA        SMCLK        SMMAX        DVCCTR                      TAPCV                       
[2026-06-02 06:55:00.139382] ID                                                                                                                                 
[2026-06-02 06:55:00.141296] GPU 0     0.468        0.427        0.443        1980         2100         0                           608012099637376             
[2026-06-02 06:55:00.193454] GPU 0     0.464        0.423        0.438        1980         2100         0                           608012099637376             
[2026-06-02 06:55:00.245761] GPU 0     0.461        0.420        0.436        1980         2100         0                           608012099637376             
[2026-06-02 06:55:00.298131] GPU 0     0.474        0.433        0.449        1980         2100         0                           608012099637376             
[2026-06-02 06:55:00.350502] GPU 0     0.462        0.421        0.437        1980         2100         0                           608012099637376             
[2026-06-02 06:55:00.402858] GPU 0     0.460        0.420        0.435        1980         2100         0                           608012099637376             
[2026-06-02 06:55:00.455234] GPU 0     0.472        0.431        0.446        1980         2100         0                           608012099637376             
[2026-06-02 06:55:00.507711] GPU 0     0.460        0.419        0.435        1980         2100         0                           608012099637376             
[2026-06-02 06:55:00.560068] GPU 0     0.464        0.423        0.438        1980         2100         0                           608012099637376             
[2026-06-02 06:55:00.612401] GPU 0     0.468        0.427        0.443        1980         2100         0                           608012099637376             
[2026-06-02 06:55:00.664659] GPU 0     0.462        0.421        0.436        1980         2100         0                           608012099637376             
[2026-06-02 06:55:00.716995] GPU 0     0.458        0.419        0.434        1980         2100         0                           608012099637376             
[2026-06-02 06:55:00.769281] GPU 0     0.460        0.419        0.435        1980         2100         0                           608012099637376             
[2026-06-02 06:55:00.821429] GPU 0     0.465        0.423        0.439        1980         2100         0                           608012099637376             
[2026-06-02 06:55:00.871621] #Entity   SMACT        SMOCC        DRAMA        SMCLK        SMMAX        DVCCTR                      TAPCV                       
[2026-06-02 06:55:00.871774] ID                                                                                                                                 
[2026-06-02 06:55:00.873635] GPU 0     0.466        0.426        0.442        1980         2100         0                           608012099637376             
[2026-06-02 06:55:00.925627] GPU 0     0.466        0.426        0.442        1980         2100         0                           608012099637376             
[2026-06-02 06:55:00.977629] GPU 0     0.466        0.426        0.442        1980         2100         0                           608012099637376             
[2026-06-02 06:55:01.029980] GPU 0     0.467        0.426        0.441        1965         2100         0                           608012099637376             
[2026-06-02 06:55:01.082245] GPU 0     0.470        0.429        0.445        1965         2100         0                           608012099637376             
[2026-06-02 06:55:01.134668] GPU 0     0.454        0.414        0.430        1965         2100         0                           608012099637376             
[2026-06-02 06:55:01.186721] GPU 0     0.460        0.419        0.434        1965         2100         0                           608012099637376             
[2026-06-02 06:55:01.239061] GPU 0     0.469        0.428        0.444        1965         2100         0                           608012099637376             
[2026-06-02 06:55:01.291259] GPU 0     0.465        0.423        0.439        1965         2100         0                           608012099637376             
[2026-06-02 06:55:01.343571] GPU 0     0.458        0.418        0.433        1965         2100         0                           608012099637376             
[2026-06-02 06:55:01.395794] GPU 0     0.470        0.429        0.444        1965         2100         0                           608012099637376             
[2026-06-02 06:55:01.448083] GPU 0     0.460        0.419        0.434        1965         2100         0                           608012099637376             
[2026-06-02 06:55:01.500397] GPU 0     0.470        0.429        0.445        1965         2100         0                           608012099637376             
[2026-06-02 06:55:01.552672] GPU 0     0.444        0.404        0.419        1965         2100         0                           608012099637376             
[2026-06-02 06:55:01.602759] #Entity   SMACT        SMOCC        DRAMA        SMCLK        SMMAX        DVCCTR                      TAPCV                       
[2026-06-02 06:55:01.602905] ID                                                                                                                                 
[2026-06-02 06:55:01.604817] GPU 0     0.461        0.420        0.435        1965         2100         0                           608012099637376             
[2026-06-02 06:55:01.657120] GPU 0     0.473        0.431        0.447        1965         2100         0                           608012099637376             
[2026-06-02 06:55:01.709291] GPU 0     0.460        0.419        0.435        1965         2100         0                           608012099637376             
[2026-06-02 06:55:01.761530] GPU 0     0.462        0.420        0.436        1965         2100         0                           608012099637376             
[2026-06-02 06:55:01.813820] GPU 0     0.470        0.429        0.444        1965         2100         0                           608012099637376             
[2026-06-02 06:55:01.866154] GPU 0     0.463        0.422        0.437        1965         2100         0                           608012099637376             
[2026-06-02 06:55:01.918374] GPU 0     0.462        0.421        0.436        1965         2100         0                           608012099637376             
[2026-06-02 06:55:01.970664] GPU 0     0.472        0.431        0.446        1965         2100         0                           608012099637376             
[2026-06-02 06:55:02.022942] GPU 0     0.461        0.420        0.435        1965         2100         0                           608012099637376             
[2026-06-02 06:55:02.075181] GPU 0     0.469        0.429        0.444        1965         2100         0                           608012099637376             
[2026-06-02 06:55:02.127523] GPU 0     0.460        0.419        0.434        1965         2100         0                           608012099637376             
[2026-06-02 06:55:02.179820] GPU 0     0.471        0.430        0.446        1965         2100         0                           608012099637376             
[2026-06-02 06:55:02.232037] GPU 0     0.471        0.430        0.446        1965         2100         0                           608012099637376             
[2026-06-02 06:55:02.284361] GPU 0     0.463        0.421        0.437        1965         2100         0                           608012099637376             
[2026-06-02 06:55:02.334506] #Entity   SMACT        SMOCC        DRAMA        SMCLK        SMMAX        DVCCTR                      TAPCV                       
[2026-06-02 06:55:02.334657] ID                                                                                                                                 
[2026-06-02 06:55:02.336559] GPU 0     0.468        0.427        0.443        1965         2100         0                           608012099637376             
[2026-06-02 06:55:02.388831] GPU 0     0.468        0.427        0.443        1965         2100         0                           608012099637376             
[2026-06-02 06:55:02.441140] GPU 0     0.475        0.433        0.449        1965         2100         0                           608012099637376             
[2026-06-02 06:55:02.493457] GPU 0     0.461        0.420        0.436        1965         2100         0                           608012099637376             
[2026-06-02 06:55:02.545701] GPU 0     0.461        0.420        0.436        1965         2100         0                           608012099637376             
[2026-06-02 06:55:02.597969] GPU 0     0.464        0.423        0.438        1965         2100         0                           608012099637376             
[2026-06-02 06:55:02.650218] GPU 0     0.469        0.428        0.443        1965         2100         0                           608012099637376             
[2026-06-02 06:55:02.702548] GPU 0     0.460        0.419        0.434        1965         2100         0                           608012099637376             
[2026-06-02 06:55:02.754695] GPU 0     0.473        0.432        0.447        1965         2100         0                           608012099637376             
[2026-06-02 06:55:02.806843] GPU 0     0.461        0.420        0.435        1965         2100         0                           608012099637376             
[2026-06-02 06:55:02.859140] GPU 0     0.462        0.421        0.436        1965         2100         0                           608012099637376             
[2026-06-02 06:55:02.911434] GPU 0     0.473        0.431        0.447        1965         2100         0                           608012099637376             
[2026-06-02 06:55:02.963664] GPU 0     0.462        0.421        0.436        1965         2100         0                           608012099637376             
[2026-06-02 06:55:03.015963] GPU 0     0.474        0.433        0.448        1965         2100         0                           608012099637376             
[2026-06-02 06:55:03.066056] #Entity   SMACT        SMOCC        DRAMA        SMCLK        SMMAX        DVCCTR                      TAPCV                       
[2026-06-02 06:55:03.066202] ID                                                                                                                                 
[2026-06-02 06:55:03.068152] GPU 0     0.458        0.418        0.433        1965         2100         0                           608012099637376             
[2026-06-02 06:55:03.120403] GPU 0     0.461        0.420        0.436        1965         2100         0                           608012099637376             
[2026-06-02 06:55:03.172741] GPU 0     0.471        0.430        0.445        1965         2100         0                           608012099637376             
[2026-06-02 06:55:03.225108] GPU 0     0.463        0.421        0.437        1965         2100         0                           608012099637376             
[2026-06-02 06:55:03.277308] GPU 0     0.446        0.407        0.421        1965         2100         0                           608012099637376             
[2026-06-02 06:55:03.329534] GPU 0     0.471        0.430        0.445        1965         2100         0                           608012099637376             
[2026-06-02 06:55:03.381708] GPU 0     0.463        0.422        0.437        1965         2100         0                           608012099637376             
[2026-06-02 06:55:03.433934] GPU 0     0.468        0.428        0.443        1965         2100         0                           608012099637376             
[2026-06-02 06:55:03.486132] GPU 0     0.468        0.428        0.443        1965         2100         0                           608012099637376             
[2026-06-02 06:55:03.538319] GPU 0     0.469        0.428        0.444        1965         2100         0                           608012099637376             
[2026-06-02 06:55:03.590575] GPU 0     0.465        0.423        0.439        1965         2100         0                           608012099637376             
[2026-06-02 06:55:03.642853] GPU 0     0.465        0.423        0.439        1965         2100         0                           608012099637376             
[2026-06-02 06:55:03.695173] GPU 0     0.459        0.419        0.435        1965         2100         0                           608012099637376             
[2026-06-02 06:55:03.747318] GPU 0     0.299        0.271        0.282        1965         2100         0                           608012099637376             
[2026-06-02 06:55:03.797426] #Entity   SMACT        SMOCC        DRAMA        SMCLK        SMMAX        DVCCTR                      TAPCV                       
[2026-06-02 06:55:03.797579] ID                                                                                                                                 
[2026-06-02 06:55:03.799469] GPU 0     0.299        0.271        0.282        1965         2100         0                           608012099637376             
[2026-06-02 06:55:03.851804] GPU 0     0.338        0.307        0.319        1965         2100         0                           608012099637376             
[2026-06-02 06:55:03.904109] GPU 0     0.327        0.296        0.308        1965         2100         0                           608012099637376             
[2026-06-02 06:55:03.956312] GPU 0     0.338        0.307        0.319        1965         2100         0                           608012099637376             
[2026-06-02 06:55:04.008591] GPU 0     0.338        0.307        0.320        1965         2100         0                           608012099637376             
[2026-06-02 06:55:04.060897] GPU 0     0.309        0.280        0.292        1965         2100         0                           608012099637376             
[2026-06-02 06:55:04.113187] GPU 0     0.335        0.305        0.317        1965         2100         0                           608012099637376             
[2026-06-02 06:55:04.165465] GPU 0     0.337        0.307        0.319        1965         2100         0                           608012099637376             
[2026-06-02 06:55:04.217768] GPU 0     0.325        0.294        0.306        1965         2100         0                           608012099637376             
[2026-06-02 06:55:04.270026] GPU 0     0.334        0.304        0.316        1965         2100         0                           608012099637376             
[2026-06-02 06:55:04.322232] GPU 0     0.297        0.270        0.281        1965         2100         0                           608012099637376             
[2026-06-02 06:55:04.374434] GPU 0     0.000        0.000        0.000        1965         2100         0                           608012099637376             
[2026-06-02 06:55:04.426499] GPU 0     0.000        0.000        0.000        1965         2100         0                           608012099637376             
[2026-06-02 06:55:04.478754] GPU 0     0.000        0.000        0.000        1965         2100         0                           608012099637376             
[2026-06-02 06:55:04.528893] #Entity   SMACT        SMOCC        DRAMA        SMCLK        SMMAX        DVCCTR                      TAPCV                       
[2026-06-02 06:55:04.529038] ID                                                                                                                                 
[2026-06-02 06:55:04.530945] GPU 0     0.000        0.000        0.000        1965         2100         0                           608012099637376             
[2026-06-02 06:55:04.583199] GPU 0     0.000        0.000        0.000        1965         2100         0                           608012099637376             
[2026-06-02 06:55:04.635481] GPU 0     0.000        0.000        0.000        1965         2100         0                           608012099637376             
[2026-06-02 06:55:04.687823] GPU 0     0.000        0.000        0.000        1965         2100         0                           608012099637376             
[2026-06-02 06:55:04.740204] GPU 0     0.000        0.000        0.000        1965         2100         0                           608012099637376             
[2026-06-02 06:55:04.792555] GPU 0     0.000        0.000        0.000        1965         2100         0                           608012099637376             
[2026-06-02 06:55:04.844994] GPU 0     0.000        0.000        0.000        1965         2100         0                           608012099637376             
[2026-06-02 06:55:04.897319] GPU 0     0.000        0.000        0.000        1965         2100         0                           608012099637376             
[2026-06-02 06:55:04.949750] GPU 0     0.000        0.000        0.000        1965         2100         0                           608012099637376             
[2026-06-02 06:55:05.002404] GPU 0     0.000        0.000        0.000        1965         2100         0                           608012099637376             
[2026-06-02 06:55:05.054605] GPU 0     0.000        0.000        0.018        1965         2100         0                           608012099637376             
[2026-06-02 06:55:05.106994] GPU 0     0.000        0.000        0.000        1965         2100         0                           608012099637376             
[2026-06-02 06:55:05.159405] GPU 0     0.000        0.000        0.000        1965         2100         0                           608012099637376             
[2026-06-02 06:55:05.211828] GPU 0     0.000        0.000        0.000        1965         2100         0                           608012099637376             
[2026-06-02 06:55:05.262025] #Entity   SMACT        SMOCC        DRAMA        SMCLK        SMMAX        DVCCTR                      TAPCV                       
[2026-06-02 06:55:05.262177] ID                                                                                                                                 
[2026-06-02 06:55:05.264197] GPU 0     0.000        0.000        0.000        1965         2100         0                           608012099637376             
[2026-06-02 06:55:05.316542] GPU 0     0.000        0.000        0.000        1965         2100         0                           608012099637376             
[2026-06-02 06:55:05.368875] GPU 0     0.000        0.000        0.000        1965         2100         0                           608012099637376             
[2026-06-02 06:55:05.421285] GPU 0     0.000        0.000        0.000        1965         2100         0                           608012099637376             
[2026-06-02 06:55:05.473491] GPU 0     0.000        0.000        0.000        1965         2100         0                           608012099637376             
[2026-06-02 06:55:05.525789] GPU 0     0.000        0.000        0.000        1965         2100         0                           608012099637376             
[2026-06-02 06:55:05.578007] GPU 0     0.000        0.000        0.000        1965         2100         0                           608012099637376             
[2026-06-02 06:55:05.630285] GPU 0     0.000        0.000        0.000        1965         2100         0                           608012099637376             
[2026-06-02 06:55:05.682473] GPU 0     0.000        0.000        0.000        1965         2100         0                           608012099637376             
[2026-06-02 06:55:05.734752] GPU 0     0.000        0.000        0.000        1965         2100         0                           608012099637376             
[2026-06-02 06:55:05.787094] GPU 0     0.000        0.000        0.000        1965         2100         0                           608012099637376             
[2026-06-02 06:55:05.839451] GPU 0     0.000        0.000        0.060        1965         2100         0                           608012099637376             
[2026-06-02 06:55:05.891849] GPU 0     0.000        0.000        0.084        1965         2100         0                           608012099637376             
[2026-06-02 06:55:05.944121] GPU 0     0.000        0.000        0.042        1965         2100         0                           608012099637376             
[2026-06-02 06:55:05.994223] #Entity   SMACT        SMOCC        DRAMA        SMCLK        SMMAX        DVCCTR                      TAPCV                       
[2026-06-02 06:55:05.994383] ID                                                                                                                                 
[2026-06-02 06:55:05.996353] GPU 0     0.000        0.000        0.000        1965         2100         0                           608012099637376             
[2026-06-02 06:55:06.048599] GPU 0     0.000        0.000        0.000        1965         2100         0                           608012099637376             
[2026-06-02 06:55:06.100709] GPU 0     0.000        0.000        0.000        1965         2100         0                           608012099637376             
[2026-06-02 06:55:06.152905] GPU 0     0.000        0.000        0.003        1965         2100         0                           608012099637376             
[2026-06-02 06:55:06.205105] GPU 0     0.000        0.000        0.000        1965         2100         0                           608012099637376             
[2026-06-02 06:55:06.257395] GPU 0     0.000        0.000        0.000        1965         2100         0                           608012099637376             
[2026-06-02 06:55:06.309744] GPU 0     0.000        0.000        0.000        1965         2100         0                           608012099637376             
[2026-06-02 06:55:06.362084] GPU 0     0.000        0.000        0.000        1965         2100         0                           608012099637376             
[2026-06-02 06:55:06.414274] GPU 0     0.000        0.000        0.000        1965         2100         0                           608012099637376             
[2026-06-02 06:55:06.466610] GPU 0     0.000        0.000        0.000        1965         2100         0                           608012099637376             
[2026-06-02 06:55:06.518975] GPU 0     0.000        0.000        0.000        1965         2100         0                           608012099637376             
[2026-06-02 06:55:06.571291] GPU 0     0.000        0.000        0.000        1965         2100         0                           608012099637376             
[2026-06-02 06:55:06.623477] GPU 0     0.000        0.000        0.000        1965         2100         0                           608012099637376             
[2026-06-02 06:55:06.675746] GPU 0     0.000        0.000        0.000        1965         2100         0                           608012099637376             
[2026-06-02 06:55:06.725846] #Entity   SMACT        SMOCC        DRAMA        SMCLK        SMMAX        DVCCTR                      TAPCV                       
[2026-06-02 06:55:06.726018] ID                                                                                                                                 
[2026-06-02 06:55:06.727902] GPU 0     0.000        0.000        0.000        1965         2100         0                           608012099637376             
[2026-06-02 06:55:06.780249] GPU 0     0.000        0.000        0.000        1965         2100         0                           608012099637376             
[2026-06-02 06:55:06.832560] GPU 0     0.000        0.000        0.000        1965         2100         0                           608012099637376             
[2026-06-02 06:55:06.885104] GPU 0     0.000        0.000        0.000        1965         2100         0                           608012099637376             
[2026-06-02 06:55:06.937339] GPU 0     0.000        0.000        0.000        1965         2100         0                           608012099637376             
[2026-06-02 06:55:06.989682] GPU 0     0.000        0.000        0.000        1965         2100         0                           608012099637376             
[2026-06-02 06:55:07.041905] GPU 0     0.000        0.000        0.000        1965         2100         0                           608012099637376             
[2026-06-02 06:55:07.094241] GPU 0     0.000        0.000        0.000        1965         2100         0                           608012099637376             
[2026-06-02 06:55:07.146474] GPU 0     0.000        0.000        0.000        1965         2100         0                           608012099637376             
[2026-06-02 06:55:07.198844] GPU 0     0.000        0.000        0.000        1965         2100         0                           608012099637376             
[2026-06-02 06:55:07.251096] GPU 0     0.000        0.000        0.000        1965         2100         0                           608012099637376             
[2026-06-02 06:55:07.303294] GPU 0     0.000        0.000        0.000        1965         2100         0                           608012099637376             
[2026-06-02 06:55:07.355452] GPU 0     0.000        0.000        0.000        1965         2100         0                           608012099637376             
[2026-06-02 06:55:07.407808] GPU 0     0.000        0.000        0.000        1965         2100         0                           608012099637376             
[2026-06-02 06:55:07.457950] #Entity   SMACT        SMOCC        DRAMA        SMCLK        SMMAX        DVCCTR                      TAPCV                       
[2026-06-02 06:55:07.458105] ID                                                                                                                                 
[2026-06-02 06:55:07.460181] GPU 0     0.000        0.000        0.000        1965         2100         0                           608012099637376             
[2026-06-02 06:55:07.512613] GPU 0     0.000        0.000        0.000        1965         2100         0                           608012099637376             
[2026-06-02 06:55:07.564930] GPU 0     0.000        0.000        0.000        1965         2100         0                           608012099637376             
[2026-06-02 06:55:07.617313] GPU 0     0.000        0.000        0.000        1965         2100         0                           608012099637376             
[2026-06-02 06:55:07.669537] GPU 0     0.000        0.000        0.000        1965         2100         0                           608012099637376             
[2026-06-02 06:55:07.721843] GPU 0     0.000        0.000        0.000        1965         2100         0                           608012099637376             
[2026-06-02 06:55:07.774039] GPU 0     0.000        0.000        0.000        1440         2100         0                           608012099637376             
[2026-06-02 06:55:07.831652] GPU 0     0.000        0.000        0.000        1440         2100         0                           608012099637376             
[2026-06-02 06:55:07.884017] GPU 0     0.000        0.000        0.000        1440         2100         0                           608012130777824             
[2026-06-02 06:55:07.936497] GPU 0     0.000        0.000        0.000        990          2100         1                           608012181175168             
[2026-06-02 06:55:07.989356] GPU 0     0.000        0.000        0.000        990          2100         1                           608012232702112             
[2026-06-02 06:55:08.042191] GPU 0     0.000        0.000        0.000        990          2100         1                           608012283115712             
[2026-06-02 06:55:08.094935] GPU 0     0.000        0.000        0.000        990          2100         1                           608012333519424             
[2026-06-02 06:55:08.147917] GPU 0     0.000        0.000        0.000        990          2100         1                           608012384104544             
[2026-06-02 06:55:08.198052] #Entity   SMACT        SMOCC        DRAMA        SMCLK        SMMAX        DVCCTR                      TAPCV                       
[2026-06-02 06:55:08.198201] ID                                                                                                                                 
[2026-06-02 06:55:08.200805] GPU 0     0.000        0.000        0.000        990          2100         1                           608012434565408             
[2026-06-02 06:55:08.253499] GPU 0     0.000        0.000        0.000        990          2100         1                           608012485138816             
[2026-06-02 06:55:08.306412] GPU 0     0.000        0.000        0.000        990          2100         1                           608012535606560             
[2026-06-02 06:55:08.359446] GPU 0     0.000        0.000        0.000        960          2100         1                           608012603676192             
[2026-06-02 06:55:08.412094] GPU 0     0.000        0.000        0.000        960          2100         1                           608012654314240             
[2026-06-02 06:55:08.464960] GPU 0     0.000        0.000        0.000        960          2100         1                           608012704886208             
[2026-06-02 06:55:08.517883] GPU 0     0.000        0.000        0.000        960          2100         1                           608012756203104             
[2026-06-02 06:55:08.570727] GPU 0     0.000        0.000        0.000        960          2100         1                           608012806743200             
[2026-06-02 06:55:08.623502] GPU 0     0.000        0.000        0.000        960          2100         1                           608012857285472             
[2026-06-02 06:55:08.676334] GPU 0     0.000        0.000        0.000        960          2100         1                           608012907824256             
[2026-06-02 06:55:08.729276] GPU 0     0.000        0.000        0.000        960          2100         1                           608012958307072             
[2026-06-02 06:55:08.782014] GPU 0     0.000        0.000        0.000        960          2100         1                           608013008838144             
[2026-06-02 06:55:08.834769] GPU 0     0.000        0.000        0.000        960          2100         1                           608013059351040             
[2026-06-02 06:55:08.887774] GPU 0     0.000        0.000        0.000        960          2100         1                           608013111937728             
[2026-06-02 06:55:08.937905] #Entity   SMACT        SMOCC        DRAMA        SMCLK        SMMAX        DVCCTR                      TAPCV                       
[2026-06-02 06:55:08.938081] ID                                                                                                                                 
[2026-06-02 06:55:08.940672] GPU 0     0.000        0.000        0.000        960          2100         1                           608013162552096             
[2026-06-02 06:55:08.993640] GPU 0     0.000        0.000        0.000        960          2100         1                           608013213145664             
[2026-06-02 06:55:09.046389] GPU 0     0.000        0.000        0.000        960          2100         1                           608013263660064             
[2026-06-02 06:55:09.099216] GPU 0     0.000        0.000        0.000        960          2100         1                           608013319140928             
[2026-06-02 06:55:09.152192] GPU 0     0.000        0.000        0.000        960          2100         1                           608013369751264             
[2026-06-02 06:55:09.205167] GPU 0     0.000        0.000        0.000        960          2100         1                           608013420380608             
[2026-06-02 06:55:09.257663] GPU 0     0.000        0.000        0.000        960          2100         1                           608013471537344             
[2026-06-02 06:55:09.310748] GPU 0     0.000        0.000        0.000        960          2100         1                           608013522121248             
[2026-06-02 06:55:09.363812] GPU 0     0.000        0.000        0.000        960          2100         1                           608013572651712             
[2026-06-02 06:55:09.416695] GPU 0     0.000        0.000        0.000        960          2100         1                           608013623178080             
[2026-06-02 06:55:09.469275] GPU 0     0.000        0.000        0.000        960          2100         1                           608013673745728             
[2026-06-02 06:55:09.522430] GPU 0     0.000        0.000        0.000        960          2100         1                           608013724383264             
[2026-06-02 06:55:09.575345] GPU 0     0.000        0.000        0.000        960          2100         1                           608013775034656             
[2026-06-02 06:55:09.628381] GPU 0     0.000        0.000        0.000        960          2100         1                           608013826089088             
[2026-06-02 06:55:09.678551] #Entity   SMACT        SMOCC        DRAMA        SMCLK        SMMAX        DVCCTR                      TAPCV                       
[2026-06-02 06:55:09.678679] ID                                                                                                                                 
[2026-06-02 06:55:09.681189] GPU 0     0.000        0.000        0.000        960          2100         1                           608013927451520             
[2026-06-02 06:55:09.734272] GPU 0     0.000        0.000        0.000        960          2100         1                           608013978104704             
[2026-06-02 06:55:09.787268] GPU 0     0.000        0.000        0.000        960          2100         1                           608014028637376             
[2026-06-02 06:55:09.840334] GPU 0     0.000        0.000        0.000        960          2100         1                           608014079344032             
