,,SKT0,SKT0,SKT0,SKT0,SKT0,SKT0,SKT0,SKT0,SKT0,SKT0,SKT0,SKT0,SKT0,SKT0,SKT0,SKT0,SKT1,SKT1,SKT1,SKT1,SKT1,SKT1,SKT1,SKT1,SKT1,SKT1,SKT1,SKT1,SKT1,SKT1,SKT1,SKT1,System,System,System
Date,Time,Ch0Read,Ch0Write,Ch1Read,Ch1Write,Ch2Read,Ch2Write,Ch3Read,Ch3Write,Ch4Read,Ch4Write,Ch5Read,Ch5Write,Mem Read (MB/s),Mem Write (MB/s),P. Write (T/s),Memory (MB/s),Ch0Read,Ch0Write,Ch1Read,Ch1Write,Ch2Read,Ch2Write,Ch3Read,Ch3Write,Ch4Read,Ch4Write,Ch5Read,Ch5Write,Mem Read (MB/s),Mem Write (MB/s),P. Write (T/s),Memory (MB/s),Read,Write,Memory
2026-06-02,06:53:48.972,   23.38,   10.69,   23.27,   10.46,   23.46,   10.77,   22.61,   10.58,   21.76,   10.13,   22.46,   10.45,  136.95,   63.08,     19220,  200.03,   37.12,   44.73,   37.13,   44.79,   37.30,   44.75,   31.40,   43.00,   31.78,   43.37,   31.60,   43.09,  206.33,  263.72,     19220,  470.05,    343.28,    326.80,    670.08
2026-06-02,06:53:49.021,   40.58,   13.94,   41.09,   13.69,   41.06,   13.83,   38.15,   13.30,   38.31,   13.11,   38.90,   13.18,  238.08,   81.05,     18560,  319.13,    8.79,   11.67,    9.23,   11.99,    8.97,   11.82,    7.47,   11.11,    7.62,   11.30,    7.14,   10.84,   49.23,   68.74,     18600,  117.96,    287.31,    149.79,    437.10
2026-06-02,06:53:49.075,   23.81,    8.44,   23.40,    8.45,   23.75,    8.88,   22.32,    8.23,   21.80,    8.19,   21.99,    8.20,  137.07,   50.39,     18905,  187.45,    6.86,    7.12,    7.08,    7.15,    6.99,    7.19,    6.22,    6.87,    6.47,    7.04,    6.08,    6.55,   39.71,   41.91,     18740,   81.62,    176.78,     92.30,    269.07
2026-06-02,06:53:49.125,   17.88,    7.78,   18.09,    7.76,   18.01,    7.80,   17.14,    7.58,   17.13,    7.52,   17.17,    7.48,  105.42,   45.92,     18680,  151.34,    9.58,   10.93,    9.58,   10.93,    9.93,   11.22,    8.26,   10.26,    8.41,   10.29,    8.01,   10.20,   53.78,   63.83,     18680,  117.61,    159.20,    109.74,    268.94
2026-06-02,06:53:49.175,   10.16,   11.01,   10.26,   10.90,   10.37,   11.18,    9.81,   11.15,    9.81,   11.11,    9.87,   10.85,   60.28,   66.20,     18500,  126.48,   11.30,   22.30,   11.35,   22.28,   11.35,   22.36,    8.46,   21.46,    8.74,   21.97,    8.33,   21.37,   59.53,  131.74,     18680,  191.27,    119.81,    197.93,    317.75
2026-06-02,06:53:49.225,    9.09,    7.99,    9.11,    8.14,    9.43,    8.41,    9.01,    8.27,    8.91,    8.05,    9.02,    8.21,   54.58,   49.07,     18760,  103.66,    7.89,   13.41,    8.03,   14.02,    7.64,   13.76,    5.69,   12.94,    5.81,   13.18,    5.66,   12.66,   40.73,   79.98,     18740,  120.71,     95.31,    129.05,    224.36
2026-06-02,06:53:49.275,    3.53,    4.27,    3.76,    4.25,    3.71,    4.23,    3.43,    3.94,    3.32,    4.05,    3.47,    3.94,   21.23,   24.68,     18720,   45.91,    6.28,   10.11,    6.56,   10.46,    6.37,   10.15,    5.79,    9.69,    6.00,    9.94,    5.69,    9.38,   36.71,   59.73,     18740,   96.44,     57.94,     84.41,    142.35
2026-06-02,06:53:49.326,   54.01,   19.65,   54.61,   19.63,   54.59,   19.81,   50.56,   18.50,   50.46,   18.37,   50.97,   18.45,  315.19,  114.41,     18740,  429.60,    9.62,   15.09,   10.12,   15.40,   10.00,   15.20,    8.08,   13.79,    8.18,   14.04,    7.90,   13.93,   53.91,   87.45,     18820,  141.35,    369.10,    201.85,    570.96
2026-06-02,06:53:49.376,   28.84,   17.50,   28.83,   17.37,   29.01,   17.54,   27.92,   16.99,   27.67,   16.99,   27.55,   16.76,  169.82,  103.15,     18800,  272.97,    9.18,   14.71,    9.33,   14.80,    9.33,   14.92,    7.78,   13.69,    8.10,   14.10,    7.44,   13.54,   51.17,   85.77,     18760,  136.94,    220.99,    188.92,    409.91
2026-06-02,06:53:49.428,    8.61,    7.34,    8.57,    7.50,    8.74,    7.72,    8.97,    7.51,    9.03,    7.54,    9.03,    7.58,   52.95,   45.20,     18940,   98.15,    5.09,    8.88,    5.09,    9.11,    5.12,    9.21,    4.35,    8.44,    4.74,    8.74,    4.19,    8.37,   28.58,   52.75,     19200,   81.33,     81.53,     97.95,    179.48
2026-06-02,06:53:49.476,   39.82,   14.67,   40.49,   14.91,   40.55,   14.78,   35.29,   13.52,   35.39,   13.56,   35.49,   13.21,  227.03,   84.64,     18280,  311.67,    9.68,   12.66,    9.78,   12.72,    9.95,   12.98,    8.44,   11.73,    8.66,   12.24,    8.20,   11.52,   54.71,   73.85,     18060,  128.56,    281.74,    158.49,    440.24
2026-06-02,06:53:49.526,   54.82,   23.78,   55.14,   23.83,   54.94,   23.84,   52.55,   23.35,   52.14,   23.03,   52.36,   23.11,  321.96,  140.95,     18820,  462.90,    9.66,   16.17,    9.70,   16.38,    9.84,   16.40,    7.84,   15.04,    8.14,   15.37,    7.61,   14.77,   52.79,   94.13,     18780,  146.92,    374.75,    235.07,    609.82
2026-06-02,06:53:49.576,   15.66,   13.32,   15.55,   13.46,   16.02,   13.73,   14.14,   12.97,   14.17,   12.93,   13.70,   12.65,   89.24,   79.06,     18740,  168.30,    8.48,   16.21,    8.58,   16.35,    8.65,   16.01,    7.06,   15.38,    7.15,   15.42,    6.90,   15.18,   46.82,   94.55,     18760,  141.37,    136.07,    173.60,    309.67
2026-06-02,06:53:49.627,   14.92,   10.52,   14.77,   10.18,   14.94,   10.41,   14.42,   10.66,   14.39,   10.66,   14.26,   10.60,   87.69,   63.04,     18740,  150.73,    5.93,    8.73,    6.38,    9.00,    6.03,    8.63,    5.43,    8.09,    5.71,    8.42,    5.23,    8.09,   34.72,   50.95,     18740,   85.67,    122.41,    113.99,    236.40
2026-06-02,06:53:49.677,   53.07,   30.94,   52.59,   30.84,   53.36,   31.26,   52.31,   30.43,   52.21,   30.23,   51.58,   30.68,  315.11,  184.38,     18840,  499.49,   17.97,   17.51,   18.50,   17.71,   18.55,   17.66,   16.58,   16.39,   16.53,   16.69,   16.48,   16.14,  104.61,  102.09,     18760,  206.70,    419.72,    286.47,    706.20
2026-06-02,06:53:49.727,  211.65,   69.04,  211.04,   69.06,  214.37,   69.83,  203.03,   67.71,  201.57,   67.41,  201.31,   67.10, 1242.95,  410.14,     18760, 1653.10,   24.39,   19.12,   24.56,   19.43,   24.90,   19.52,   21.42,   17.59,   21.73,   18.02,   21.25,   17.38,  138.24,  111.05,     18740,  249.30,   1381.20,    521.20,   1902.39
2026-06-02,06:53:49.777,  130.26,   38.12,  130.42,   38.02,  130.98,   38.59,  124.98,   37.26,  124.31,   36.63,  124.87,   36.50,  765.81,  225.12,     18780,  990.93,   14.31,   10.02,   14.66,   10.58,   14.81,   10.41,   13.58,    9.37,   13.41,    9.58,   13.13,    9.07,   83.90,   59.03,     18720,  142.94,    849.71,    284.15,   1133.86
2026-06-02,06:53:49.829,   38.34,   18.20,   38.65,   18.18,   38.89,   18.59,   37.49,   17.79,   36.96,   17.68,   36.86,   17.28,  227.19,  107.71,     18740,  334.90,    7.76,    9.63,    8.01,    9.93,    7.68,    9.76,    6.22,    9.06,    6.72,    9.21,    6.29,    9.04,   42.66,   56.62,     18740,   99.29,    269.85,    164.34,    434.19
2026-06-02,06:53:49.877,   20.38,   15.56,   20.42,   15.85,   20.85,   15.87,   19.88,   15.65,   19.99,   15.57,   19.49,   15.37,  121.01,   93.86,     18540,  214.88,   11.43,   17.31,   11.76,   17.74,   11.65,   17.74,    9.70,   16.46,   10.10,   16.63,    9.79,   16.34,   64.43,  102.22,     18500,  166.65,    185.45,    196.09,    381.53
2026-06-02,06:53:49.927,    9.24,    7.74,    9.63,    7.92,    9.87,    7.98,    9.11,    7.58,    9.23,    7.72,    9.09,    7.69,   56.18,   46.63,     18760,  102.81,    7.29,   13.02,    7.56,   13.30,    7.26,   12.98,    6.09,   12.24,    6.07,   12.19,    5.74,   12.02,   40.01,   75.76,     18720,  115.77,     96.18,    122.39,    218.57
2026-06-02,06:53:49.980,   68.02,   24.57,   68.61,   24.33,   68.36,   24.62,   63.79,   23.18,   63.92,   22.96,   64.09,   23.13,  396.80,  142.79,     18860,  539.59,   30.16,   32.69,   30.50,   32.97,   30.69,   32.80,   28.04,   31.22,   28.12,   31.46,   27.68,   30.98,  175.19,  192.12,     18780,  367.31,    572.00,    334.91,    906.91
2026-06-02,06:53:50.028,   57.70,   44.48,   57.96,   44.65,   60.11,   46.25,   55.71,   43.76,   55.66,   44.15,   55.35,   44.01,  342.47,  267.30,     18860,  609.78,   38.70,   46.81,   39.30,   47.32,   39.53,   47.07,   35.91,   45.99,   36.38,   46.44,   35.79,   46.14,  225.60,  279.77,     18920,  505.37,    568.08,    547.07,   1115.15
2026-06-02,06:53:50.077,   50.05,   39.03,   49.09,   38.73,   50.12,   39.53,   45.50,   37.50,   46.18,   37.95,   45.63,   37.73,  286.56,  230.46,     18580,  517.03,   36.07,   57.36,   35.83,   57.58,   36.04,   57.64,   30.75,   56.06,   30.93,   56.07,   30.27,   55.90,  199.89,  340.62,     18420,  540.51,    486.45,    571.09,   1057.54
2026-06-02,06:53:50.127,   44.67,   44.89,   44.60,   44.81,   44.77,   45.16,   41.30,   43.89,   41.05,   43.98,   41.34,   44.28,  257.73,  267.00,     18740,  524.73,   21.17,   59.86,   21.54,   59.97,   21.22,   59.89,   15.46,   58.30,   16.16,   58.83,   15.51,   57.80,  111.07,  354.65,     18740,  465.71,    368.79,    621.65,    990.44
2026-06-02,06:53:50.178,   53.81,   50.28,   53.39,   50.49,   54.78,   51.38,   50.01,   50.04,   50.44,   50.45,   49.70,   49.59,  312.13,  302.23,     18840,  614.36,   29.22,   54.75,   29.43,   54.77,   30.24,   55.00,   27.25,   54.61,   27.09,   55.09,   26.59,   54.64,  169.84,  328.86,     18740,  498.70,    481.96,    631.09,   1113.05
2026-06-02,06:53:50.228,   24.37,   34.58,   24.64,   34.17,   24.89,   34.80,   21.81,   33.72,   21.84,   33.82,   22.10,   33.53,  139.65,  204.61,     18720,  344.26,   12.19,   21.33,   12.40,   21.62,   12.06,   21.52,   10.87,   20.76,   10.56,   20.56,   10.54,   20.30,   68.63,  126.09,     18680,  194.72,    208.27,    330.71,    538.98
2026-06-02,06:53:50.278,   90.88,   56.06,   91.41,   56.51,   91.80,   56.89,   86.39,   55.41,   85.91,   55.32,   86.43,   54.91,  532.83,  335.10,     18680,  867.93,   16.92,   22.98,   17.13,   23.52,   17.05,   23.44,   15.51,   22.50,   15.75,   22.68,   15.49,   22.26,   97.85,  137.39,     18760,  235.24,    630.69,    472.49,   1103.17
2026-06-02,06:53:50.328,   72.13,   39.68,   72.26,   39.63,   72.37,   39.42,   70.18,   39.38,   69.72,   39.21,   70.25,   39.64,  426.90,  236.95,     18760,  663.85,   11.56,   13.99,   11.80,   14.00,   11.90,   14.03,   10.35,   13.13,   10.53,   13.03,    9.97,   13.00,   66.11,   81.18,     18680,  147.29,    493.01,    318.13,    811.14
2026-06-02,06:53:50.377,   46.46,   42.58,   47.20,   42.83,   47.23,   43.00,   43.79,   41.34,   44.54,   42.45,   43.71,   40.93,  272.93,  253.13,     18620,  526.06,   17.41,   29.27,   17.22,   29.24,   16.87,   28.95,   15.67,   28.59,   15.42,   28.07,   15.73,   28.41,   98.32,  172.55,     18620,  270.87,    371.25,    425.68,    796.93
2026-06-02,06:53:50.428,   40.05,   36.13,   39.64,   36.27,   40.20,   36.44,   36.93,   36.22,   36.99,   36.25,   36.50,   36.07,  230.32,  217.39,     18860,  447.71,   11.52,   11.04,   11.32,   10.98,   11.41,   10.74,   10.74,   10.19,   10.83,   10.30,   10.84,   10.46,   66.66,   63.72,     18800,  130.38,    296.98,    281.11,    578.09
2026-06-02,06:53:50.478,  269.28,   95.41,  272.47,   96.38,  269.90,   96.12,  263.91,   94.95,  262.21,   94.37,  264.36,   94.46, 1602.11,  571.70,     18740, 2173.81,   24.90,   29.27,   25.21,   29.47,   24.73,   29.11,   22.58,   27.45,   22.54,   27.98,   22.85,   27.63,  142.82,  170.91,     18700,  313.73,   1744.93,    742.60,   2487.54
2026-06-02,06:53:50.528,  113.10,  114.43,  112.66,  113.48,  112.73,  114.49,  105.06,  112.49,  105.38,  113.00,  105.50,  112.33,  654.44,  680.22,     18860, 1334.65,   17.03,   21.36,   17.19,   21.31,   17.36,   21.61,   14.60,   20.25,   15.19,   20.59,   14.75,   19.75,   96.11,  124.87,     18780,  220.98,    750.55,    805.09,   1555.64
2026-06-02,06:53:50.578,  156.80,   79.25,  156.30,   78.81,  155.80,   78.64,  153.57,   77.87,  154.02,   78.70,  154.02,   78.01,  930.51,  471.27,     18540, 1401.78,   56.94,   67.96,   56.47,   67.66,   56.12,   67.49,   52.62,   66.19,   53.63,   66.87,   52.53,   66.33,  328.31,  402.51,     18600,  730.83,   1258.82,    873.79,   2132.61
2026-06-02,06:53:50.629,  270.64,  191.65,  272.09,  192.27,  271.38,  192.23,  251.97,  187.43,  251.39,  187.27,  253.48,  187.49, 1570.93, 1138.35,     19040, 2709.29,   31.26,   22.53,   30.88,   22.19,   31.13,   22.61,   29.43,   21.41,   29.51,   21.83,   29.56,   21.23,  181.78,  131.78,     19080,  313.56,   1752.71,   1270.13,   3022.85
2026-06-02,06:53:50.679,  213.09,  159.35,  212.30,  158.64,  213.36,  158.80,  201.48,  157.27,  201.61,  157.77,  200.45,  157.32, 1242.29,  949.16,     18760, 2191.44,   65.95,   67.96,   66.52,   67.58,   66.20,   68.14,   62.60,   66.24,   63.54,   67.40,   62.41,   66.35,  387.21,  403.67,     18720,  790.88,   1629.49,   1352.83,   2982.32
2026-06-02,06:53:50.730,  284.78,  117.02,  284.29,  116.16,  286.86,  117.35,  275.04,  114.92,  273.57,  114.41,  272.74,  114.31, 1677.28,  694.16,     18760, 2371.44,   43.22,   38.47,   43.07,   38.64,   43.30,   38.62,   39.66,   37.13,   40.20,   37.88,   39.76,   37.27,  249.20,  228.01,     18740,  477.22,   1926.49,    922.17,   2848.66
2026-06-02,06:53:50.780,  284.38,  136.97,  283.70,  135.67,  285.87,  136.72,  275.38,  135.62,  273.61,  135.57,  272.44,  135.02, 1675.38,  815.56,     18680, 2490.94,   27.54,   18.12,   27.98,   18.37,   27.45,   18.06,   26.97,   17.41,   26.69,   17.67,   26.70,   17.16,  163.34,  106.79,     18680,  270.14,   1838.72,    922.35,   2761.07
2026-06-02,06:53:50.830,  384.71,  126.71,  381.87,  124.53,  386.42,  127.07,  372.35,  124.11,  371.99,  124.35,  369.70,  123.06, 2267.05,  749.83,     18760, 3016.88,   37.77,   33.52,   37.75,   33.19,   37.84,   33.44,   34.22,   31.68,   34.54,   32.51,   34.23,   31.76,  216.36,  196.09,     18700,  412.45,   2483.41,    945.92,   3429.32
2026-06-02,06:53:50.880,  188.79,   88.15,  188.04,   87.92,  189.65,   88.98,  182.98,   86.37,  181.99,   85.65,  181.90,   85.22, 1113.36,  522.29,     18680, 1635.65,   20.70,   24.47,   20.67,   24.14,   21.26,   24.50,   18.53,   23.00,   18.78,   23.95,   18.54,   23.02,  118.48,  143.08,     18680,  261.56,   1231.84,    665.37,   1897.21
2026-06-02,06:53:50.930,  135.18,   82.51,  134.98,   82.16,  135.11,   82.43,  131.24,   81.93,  130.69,   82.20,  131.12,   81.80,  798.33,  493.03,     18700, 1291.37,   14.74,   27.05,   14.92,   27.05,   14.68,   27.07,   13.67,   26.58,   13.67,   26.68,   13.41,   26.34,   85.08,  160.76,     18720,  245.85,    883.42,    653.80,   1537.21
2026-06-02,06:53:50.980,   62.40,   59.65,   62.32,   58.96,   62.59,   59.39,   59.44,   59.71,   59.90,   60.13,   59.66,   60.28,  366.31,  358.12,     18740,  724.43,   11.60,   12.47,   11.54,   12.22,   11.53,   12.37,   10.28,   11.32,   10.65,   11.74,   10.25,   11.02,   65.86,   71.14,     18720,  137.00,    432.17,    429.26,    861.42
2026-06-02,06:53:51.030,  118.41,   69.41,  119.30,   69.23,  119.16,   69.74,  110.09,   67.52,  110.19,   68.07,  110.24,   67.43,  687.39,  411.40,     18740, 1098.79,   15.74,   25.92,   15.88,   26.07,   15.89,   26.65,   13.68,   25.12,   13.91,   25.36,   13.45,   24.78,   88.54,  153.91,     18720,  242.45,    775.93,    565.31,   1341.24
2026-06-02,06:53:51.080,  141.86,   74.10,  141.90,   74.06,  142.65,   74.68,  135.98,   73.97,  135.46,   73.51,  135.42,   73.38,  833.27,  443.69,     18680, 1276.97,   18.38,   18.87,   18.17,   19.08,   18.54,   19.24,   16.57,   18.00,   17.08,   18.58,   16.62,   17.73,  105.36,  111.51,     18680,  216.87,    938.63,    555.20,   1493.83
2026-06-02,06:53:51.130,   74.00,   49.36,   75.16,   49.86,   74.58,   49.46,   72.33,   49.99,   70.65,   48.48,   71.30,   49.14,  438.02,  296.29,     18720,  734.31,   20.14,   29.54,   20.06,   29.44,   20.04,   29.45,   18.75,   28.48,   19.17,   28.60,   18.44,   28.13,  116.61,  173.64,     18720,  290.25,    554.63,    469.93,   1024.56
2026-06-02,06:53:51.180,  223.03,  109.60,  224.41,  110.32,  224.13,  110.33,  216.45,  108.86,  217.12,  108.44,  218.86,  108.73, 1324.01,  656.28,     18700, 1980.28,   15.98,   18.18,   16.13,   18.11,   15.90,   18.18,   14.10,   17.15,   14.56,   17.30,   13.61,   16.31,   90.28,  105.22,     18680,  195.50,   1414.28,    761.50,   2175.79
2026-06-02,06:53:51.231,  305.48,   76.57,  307.09,   76.24,  306.21,   77.02,  299.40,   75.56,  298.35,   74.98,  298.13,   75.45, 1814.67,  455.81,     18780, 2270.48,   22.38,   32.84,   22.61,   32.99,   22.38,   32.94,   20.53,   31.65,   20.64,   32.07,   20.30,   31.12,  128.83,  193.61,     18720,  322.45,   1943.50,    649.43,   2592.93
2026-06-02,06:53:51.281,   45.06,   43.21,   45.18,   43.09,   45.03,   43.42,   43.64,   42.91,   43.10,   42.83,   43.30,   42.51,  265.32,  257.98,     18800,  523.30,   15.65,   16.59,   15.77,   16.60,   16.08,   16.53,   14.98,   15.96,   15.30,   16.26,   14.63,   15.44,   92.40,   97.40,     18800,  189.80,    357.72,    355.38,    713.10
2026-06-02,06:53:51.331,   70.59,   35.58,   70.37,   35.52,   70.38,   35.94,   66.23,   34.50,   66.69,   34.66,   67.03,   34.31,  411.29,  210.50,     18700,  621.79,   12.72,   20.71,   12.77,   20.66,   12.79,   20.68,   10.97,   19.59,   11.31,   19.77,   10.77,   19.19,   71.32,  120.60,     18680,  191.93,    482.62,    331.10,    813.72
2026-06-02,06:53:51.381,  132.48,   64.29,  132.94,   64.03,  132.91,   64.60,  127.97,   64.18,  126.49,   63.75,  127.26,   63.83,  780.05,  384.68,     18660, 1164.73,   16.30,   19.74,   16.44,   19.94,   16.49,   20.01,   14.36,   18.92,   14.62,   18.75,   14.21,   18.25,   92.41,  115.61,     18680,  208.02,    872.46,    500.28,   1372.75
2026-06-02,06:53:51.431,   69.65,   43.97,   69.64,   43.93,   70.17,   43.81,   66.02,   42.71,   65.58,   42.68,   65.45,   42.90,  406.50,  260.00,     18720,  666.50,   11.07,   22.73,   11.03,   22.60,   10.92,   23.02,    9.88,   21.75,   10.31,   22.01,    9.56,   21.43,   62.76,  133.53,     18720,  196.29,    469.26,    393.53,    862.79
2026-06-02,06:53:51.481,   69.34,   53.04,   68.24,   52.66,   68.84,   53.06,   64.22,   52.04,   63.92,   51.60,   64.16,   51.98,  398.72,  314.37,     18680,  713.09,   15.23,   13.99,   15.25,   13.72,   15.34,   14.05,   13.76,   12.93,   14.18,   13.31,   13.70,   12.67,   87.45,   80.67,     18680,  168.12,    486.17,    395.04,    881.21
2026-06-02,06:53:51.531,  122.96,   60.19,  123.63,   60.48,  123.26,   61.23,  120.39,   60.24,  119.02,   60.27,  119.95,   60.14,  729.20,  362.54,     18720, 1091.74,   12.28,   23.32,   12.18,   23.12,   12.10,   23.42,   10.27,   21.98,   10.76,   22.28,   10.18,   21.74,   67.77,  135.86,     18700,  203.63,    796.97,    498.40,   1295.37
2026-06-02,06:53:51.581,   90.06,   54.76,   90.04,   54.70,   90.96,   55.61,   86.44,   54.10,   87.51,   54.31,   87.16,   54.11,  532.18,  327.58,     18700,  859.76,   28.52,   30.47,   28.57,   30.40,   28.57,   30.75,   26.24,   29.35,   26.26,   29.62,   25.62,   29.19,  163.79,  179.79,     18720,  343.58,    695.96,    507.37,   1203.33
2026-06-02,06:53:51.632,   84.20,   77.48,   84.05,   77.32,   84.79,   77.63,   80.98,   76.83,   81.70,   76.83,   81.11,   76.57,  496.82,  462.65,     18740,  959.47,   18.17,   31.12,   17.91,   31.18,   18.23,   31.43,   16.39,   30.12,   16.77,   30.51,   16.35,   30.10,  103.82,  184.45,     18680,  288.27,    600.64,    647.10,   1247.74
2026-06-02,06:53:51.682,  142.56,  103.54,  141.90,  102.90,  142.75,  103.85,  134.85,  102.52,  134.07,  102.55,  134.54,  102.23,  830.66,  617.59,     18720, 1448.25,   18.77,   18.80,   18.86,   18.79,   18.97,   18.95,   16.56,   17.92,   16.57,   17.78,   16.34,   17.53,  106.07,  109.79,     18720,  215.86,    936.73,    727.38,   1664.11
2026-06-02,06:53:51.732,   81.95,   57.38,   83.00,   57.48,   82.48,   57.88,   77.90,   57.00,   77.82,   57.59,   78.39,   57.66,  481.54,  344.99,     18660,  826.54,   11.18,   14.14,   11.00,   13.84,   11.38,   14.45,    9.69,   13.11,   10.10,   13.45,    9.44,   12.79,   62.79,   81.78,     18680,  144.57,    544.34,    426.77,    971.11
2026-06-02,06:53:51.782,  106.64,   44.89,  106.88,   44.87,  107.42,   45.21,  100.87,   43.51,   99.76,   42.50,   99.95,   42.36,  621.52,  263.35,     18700,  884.87,   17.39,   15.50,   16.98,   15.62,   17.32,   15.77,   15.73,   15.01,   16.41,   15.91,   15.37,   15.23,   99.20,   93.04,     18680,  192.24,    720.72,    356.39,   1077.10
2026-06-02,06:53:51.832,   96.49,   51.14,   97.36,   51.40,   96.76,   51.37,   92.90,   50.45,   92.55,   50.66,   93.91,   50.89,  569.97,  305.90,     18700,  875.87,   10.24,   13.37,   10.21,   13.34,   10.23,   13.14,    8.58,   11.69,    8.92,   11.70,    8.15,   11.02,   56.33,   74.27,     18680,  130.60,    626.30,    380.17,   1006.47
2026-06-02,06:53:51.882,  550.17,  122.65,  552.78,  123.56,  551.06,  122.80,  546.49,  121.61,  545.25,  121.03,  548.05,  122.33, 3293.81,  733.97,     18760, 4027.78,   16.91,   18.34,   17.52,   18.93,   17.46,   18.84,   15.36,   17.70,   15.53,   17.93,   15.10,   17.48,   97.89,  109.20,     18720,  207.09,   3391.70,    843.18,   4234.87
2026-06-02,06:53:51.932,  127.79,   39.86,  129.08,   40.11,  128.53,   40.27,  125.55,   39.37,  125.32,   39.80,  126.86,   39.49,  763.14,  238.90,     18820, 1002.04,   15.85,   19.29,   15.58,   19.17,   15.74,   19.43,   14.49,   18.52,   14.36,   18.51,   14.14,   18.05,   90.17,  112.97,     18720,  203.14,    853.31,    351.87,   1205.18
2026-06-02,06:53:51.982,  128.79,   68.68,  129.88,   68.97,  129.61,   68.92,  119.44,   66.73,  119.47,   66.56,  119.11,   66.62,  746.30,  406.49,     18720, 1152.79,   12.48,   12.67,   12.51,   12.71,   12.58,   12.97,   11.57,   12.14,   11.83,   12.24,   11.17,   11.70,   72.14,   74.43,     18800,  146.58,    818.44,    480.92,   1299.36
2026-06-02,06:53:52.032,  169.86,   80.49,  170.93,   80.70,  169.01,   80.65,  162.96,   79.16,  161.83,   78.70,  163.80,   79.01,  998.39,  478.71,     18780, 1477.10,   17.41,   18.91,   16.92,   18.63,   17.23,   18.80,   15.30,   17.74,   15.99,   18.62,   15.25,   17.60,   98.10,  110.32,     18680,  208.42,   1096.49,    589.03,   1685.52
2026-06-02,06:53:52.083,   98.48,   52.45,   99.83,   52.49,   98.66,   52.83,   94.98,   52.22,   93.98,   52.20,   94.56,   51.81,  580.50,  313.99,     18700,  894.49,   18.21,   24.53,   18.47,   24.55,   18.20,   24.74,   16.10,   23.77,   16.30,   23.49,   16.02,   23.26,  103.30,  144.35,     18720,  247.65,    683.79,    458.34,   1142.14
2026-06-02,06:53:52.133,   90.01,   50.33,   90.21,   50.66,   91.16,   50.78,   86.29,   50.04,   86.15,   50.00,   85.55,   50.01,  529.37,  301.82,     18740,  831.18,   10.69,   13.08,   10.78,   13.45,   10.81,   13.79,    9.93,   12.83,   10.03,   13.18,    9.50,   12.50,   61.74,   78.82,     18700,  140.56,    591.11,    380.64,    971.74
2026-06-02,06:53:52.183,  133.94,   63.87,  135.22,   64.06,  134.88,   64.29,  129.79,   63.40,  129.19,   62.50,  130.29,   62.69,  793.30,  380.81,     18720, 1174.11,   14.23,   14.90,   13.80,   15.13,   14.29,   14.85,   12.14,   13.70,   12.64,   14.03,   11.92,   13.46,   79.03,   86.06,     18720,  165.09,    872.33,    466.87,   1339.20
2026-06-02,06:53:52.233,   57.19,   57.52,   57.50,   57.77,   57.99,   57.97,   54.85,   56.74,   54.13,   56.17,   54.87,   57.04,  336.52,  343.21,     18680,  679.74,   13.70,   18.97,   13.31,   18.91,   13.64,   19.22,   11.38,   17.70,   11.80,   18.09,   11.41,   17.78,   75.24,  110.67,     18680,  185.91,    411.76,    453.88,    865.65
2026-06-02,06:53:52.283,   97.76,   67.41,   98.34,   67.27,   97.92,   67.56,   90.61,   65.42,   90.49,   65.71,   90.86,   65.69,  565.98,  399.06,     18700,  965.04,   13.43,   19.38,   13.36,   19.36,   13.67,   19.75,   11.83,   18.72,   12.03,   19.00,   11.91,   18.23,   76.23,  114.44,     18760,  190.67,    642.21,    513.50,   1155.71
2026-06-02,06:53:52.333,  125.59,   68.89,  126.55,   69.00,  126.35,   69.40,  120.10,   68.40,  118.90,   68.29,  119.38,   67.84,  736.87,  411.83,     18780, 1148.70,   16.86,   16.43,   16.73,   16.52,   16.97,   16.75,   15.11,   15.14,   15.38,   15.60,   14.84,   15.06,   95.90,   95.50,     18800,  191.39,    832.76,    507.33,   1340.09
2026-06-02,06:53:52.384,  117.18,   66.89,  117.75,   66.70,  117.92,   67.02,  110.65,   65.76,  110.24,   65.36,  110.48,   65.98,  684.22,  397.72,     18720, 1081.94,   15.27,   19.30,   14.92,   19.17,   15.39,   19.67,   12.70,   17.52,   12.82,   17.96,   12.60,   17.47,   83.70,  111.08,     18760,  194.79,    767.92,    508.81,   1276.73
2026-06-02,06:53:52.434,  500.55,  149.47,  504.38,  150.28,  502.54,  150.70,  499.43,  148.90,  499.48,  148.75,  502.69,  149.12, 3009.07,  897.22,     18960, 3906.28,   14.70,   21.40,   14.57,   21.36,   15.19,   21.96,   12.83,   20.32,   12.94,   20.50,   12.28,   19.93,   82.51,  125.47,     18760,  207.98,   3091.57,   1022.69,   4114.26
2026-06-02,06:53:52.484,  385.34,   58.99,  385.51,   58.74,  384.47,   59.16,  378.14,   57.70,  374.23,   57.55,  377.34,   57.47, 2285.02,  349.61,     18680, 2634.63,   15.62,   13.69,   15.45,   13.71,   15.54,   14.04,   14.59,   13.06,   15.17,   13.50,   14.86,   12.88,   91.24,   80.87,     18680,  172.10,   2376.25,    430.48,   2806.73
2026-06-02,06:53:52.534,   80.60,   47.68,   80.27,   47.35,   80.08,   47.61,   75.66,   46.03,   75.45,   45.92,   76.10,   46.14,  468.17,  280.73,     18720,  748.90,   12.22,   17.71,   12.10,   17.65,   12.06,   17.81,    9.85,   16.00,    9.81,   16.12,    9.59,   15.82,   65.64,  101.11,     18700,  166.74,    533.81,    381.84,    915.64
2026-06-02,06:53:52.584,   83.44,   56.53,   83.35,   56.25,   83.03,   56.91,   79.83,   56.06,   79.53,   56.03,   79.22,   55.89,  488.40,  337.68,     18720,  826.08,   14.45,   21.71,   14.21,   21.41,   14.57,   21.86,   12.22,   20.27,   12.59,   20.50,   12.10,   20.09,   80.14,  125.83,     18720,  205.98,    568.54,    463.51,   1032.05
2026-06-02,06:53:52.634,  117.36,   52.20,  118.47,   52.37,  118.00,   52.42,  111.20,   50.38,  110.70,   50.98,  111.08,   50.42,  686.81,  308.76,     18700,  995.57,   16.04,   20.71,   15.49,   20.88,   16.09,   21.54,   14.07,   20.09,   14.49,   20.09,   14.05,   19.67,   90.24,  122.97,     18700,  213.21,    777.05,    431.73,   1208.78
2026-06-02,06:53:52.684,   56.38,   28.12,   56.62,   27.49,   56.24,   27.75,   51.60,   26.87,   51.56,   26.65,   52.31,   27.12,  324.72,  164.00,     18720,  488.72,   11.79,   17.09,   12.04,   17.06,   12.14,   17.49,   10.14,   16.12,   10.51,   16.54,   10.21,   15.89,   66.83,  100.19,     18700,  167.02,    391.55,    264.19,    655.74
2026-06-02,06:53:52.734,  100.81,   44.63,  101.02,   45.12,  101.83,   46.00,   96.51,   44.61,   96.94,   44.48,   96.98,   44.69,  594.08,  269.53,     18720,  863.61,   15.01,   19.72,   15.02,   19.61,   15.23,   20.13,   13.06,   18.68,   13.23,   18.96,   13.04,   18.34,   84.60,  115.43,     18700,  200.03,    678.68,    384.96,   1063.64
2026-06-02,06:53:52.784,  109.08,   45.55,  108.93,   45.60,  109.60,   46.22,  103.96,   45.02,  104.28,   45.09,  103.83,   44.78,  639.68,  272.26,     18700,  911.94,   16.62,   22.42,   16.99,   22.80,   16.87,   22.77,   14.73,   21.58,   15.00,   21.73,   14.47,   21.15,   94.68,  132.45,     18700,  227.14,    734.37,    404.71,   1139.08
2026-06-02,06:53:52.834,   66.87,   32.04,   67.68,   32.04,   67.52,   32.12,   65.06,   31.50,   64.74,   31.48,   64.63,   31.34,  396.50,  190.51,     18720,  587.01,    8.96,    9.46,    9.09,    9.58,    9.07,    9.58,    7.93,    8.80,    8.20,    9.04,    7.66,    8.39,   50.91,   54.85,     18700,  105.76,    447.40,    245.36,    692.77
2026-06-02,06:53:52.884,  114.63,   58.98,  115.50,   58.54,  115.46,   59.53,  108.54,   58.14,  109.23,   58.18,  108.81,   58.32,  672.18,  351.69,     18700, 1023.87,   18.25,   22.05,   18.26,   22.05,   18.05,   22.16,   15.75,   20.72,   16.33,   21.10,   16.08,   20.62,  102.72,  128.70,     18680,  231.42,    774.90,    480.38,   1255.28
2026-06-02,06:53:52.935,   79.33,   42.03,   79.21,   41.79,   79.30,   41.70,   73.95,   40.32,   73.70,   40.17,   74.37,   39.99,  459.86,  245.98,     18680,  705.84,   13.30,   16.21,   13.22,   16.38,   13.32,   16.15,   11.64,   15.22,   11.88,   15.67,   11.38,   15.27,   74.75,   94.90,     18700,  169.64,    534.61,    340.88,    875.49
2026-06-02,06:53:52.985,  103.15,   43.14,  102.98,   43.33,  102.43,   43.81,   97.71,   42.71,   97.57,   42.70,   97.49,   42.50,  601.33,  258.19,     18820,  859.51,   11.82,   13.16,   11.97,   13.11,   11.86,   13.25,   10.81,   12.09,   11.09,   12.60,   10.79,   12.21,   68.35,   76.43,     18860,  144.78,    669.68,    334.61,   1004.29
2026-06-02,06:53:53.035,   75.73,   48.09,   75.52,   47.56,   75.95,   47.94,   71.34,   46.75,   71.31,   47.09,   71.38,   47.05,  441.24,  284.49,     18760,  725.73,   13.42,   17.31,   13.36,   17.46,   13.46,   17.75,   11.18,   16.05,   11.51,   16.20,   10.90,   15.88,   73.84,  100.65,     18680,  174.49,    515.08,    385.14,    900.21
2026-06-02,06:53:53.085,   51.67,   50.59,   51.21,   50.29,   52.15,   51.14,   49.41,   49.79,   49.59,   50.11,   49.65,   50.06,  303.68,  301.98,     18700,  605.66,   20.50,   23.38,   19.94,   23.15,   20.22,   23.15,   17.95,   21.55,   18.46,   22.16,   17.74,   21.49,  114.81,  134.89,     18700,  249.70,    418.49,    436.87,    855.36
2026-06-02,06:53:53.135,   95.41,   55.61,   96.11,   55.43,   95.74,   56.12,   90.10,   54.52,   89.76,   54.83,   90.23,   54.50,  557.35,  331.00,     18740,  888.35,   12.34,   16.29,   12.75,   17.03,   12.51,   16.84,   11.10,   15.44,   11.08,   15.58,   10.90,   15.43,   70.68,   96.61,     18680,  167.29,    628.02,    427.62,   1055.64
2026-06-02,06:53:53.185,   70.54,   52.06,   70.31,   52.10,   70.77,   52.30,   65.80,   51.12,   65.37,   51.35,   66.00,   51.31,  408.79,  310.25,     18680,  719.04,    9.52,   13.01,    9.73,   13.33,    9.64,   13.52,    8.20,   12.04,    8.50,   12.31,    8.17,   11.84,   53.77,   76.06,     18700,  129.83,    462.56,    386.31,    848.87
2026-06-02,06:53:53.235,   61.93,   51.73,   61.29,   51.26,   62.28,   52.05,   58.30,   51.11,   57.85,   51.05,   57.92,   51.17,  359.57,  308.37,     18760,  667.94,   13.55,   18.01,   14.01,   18.30,   13.94,   18.28,   11.45,   16.38,   11.80,   16.72,   11.47,   16.52,   76.22,  104.21,     18680,  180.43,    435.79,    412.57,    848.37
2026-06-02,06:53:53.285,   91.46,   55.96,   91.36,   55.89,   91.46,   56.18,   86.82,   54.69,   86.61,   54.94,   87.00,   55.17,  534.72,  332.82,     18700,  867.53,   16.00,   20.67,   16.26,   20.89,   16.30,   20.90,   13.91,   19.00,   14.25,   19.38,   13.71,   18.96,   90.44,  119.80,     18700,  210.24,    625.16,    452.61,   1077.77
2026-06-02,06:53:53.336,   92.41,   59.53,   93.71,   59.98,   93.02,   59.92,   88.17,   58.95,   87.61,   59.05,   88.34,   59.33,  543.25,  356.76,     18700,  900.01,   10.01,   12.76,   10.37,   13.04,    9.96,   12.65,    9.02,   11.60,    9.42,   12.15,    9.03,   11.56,   57.80,   73.76,     18680,  131.56,    601.06,    430.52,   1031.58
2026-06-02,06:53:53.386,   79.42,   51.76,   79.29,   51.38,   79.96,   52.31,   72.93,   50.51,   72.46,   50.61,   73.31,   50.92,  457.37,  307.49,     18700,  764.85,   13.65,   17.32,   13.90,   17.63,   13.93,   17.86,   11.12,   15.55,   11.75,   16.23,   11.45,   15.64,   75.80,  100.23,     18720,  176.03,    533.17,    407.71,    940.88
2026-06-02,06:53:53.436,   50.83,   43.70,   50.82,   43.73,   50.81,   43.96,   47.15,   42.85,   46.89,   42.52,   47.46,   42.90,  293.97,  259.66,     18680,  553.63,   10.55,   17.33,   10.42,   17.47,   10.60,   17.52,    8.26,   16.13,    8.94,   16.77,    8.31,   16.05,   57.08,  101.26,     18660,  158.34,    351.05,    360.91,    711.97
2026-06-02,06:53:53.486,   69.47,   55.80,   69.11,   55.80,   69.75,   56.26,   65.94,   55.55,   66.02,   55.60,   65.17,   55.23,  405.46,  334.24,     18680,  739.70,   14.49,   18.77,   14.76,   18.79,   14.79,   18.87,   13.19,   17.80,   13.44,   18.06,   12.84,   17.37,   83.51,  109.65,     18740,  193.17,    488.98,    443.89,    932.87
2026-06-02,06:53:53.536,   89.70,   61.52,   89.32,   61.10,   90.10,   61.32,   84.67,   59.87,   83.03,   60.06,   84.54,   60.10,  521.36,  363.97,     18740,  885.32,   11.38,   15.01,   11.21,   15.28,   11.19,   15.24,    9.17,   13.51,    9.66,   13.97,    9.35,   13.70,   61.97,   86.71,     18680,  148.68,    583.33,    450.68,   1034.01
2026-06-02,06:53:53.586,  105.00,   62.66,  104.78,   62.59,  105.81,   62.90,   99.85,   61.79,   98.42,   61.43,   99.18,   61.84,  613.03,  373.22,     18700,  986.25,   16.30,   20.10,   16.35,   19.94,   16.64,   20.35,   14.15,   18.46,   14.49,   18.81,   14.24,   18.41,   92.17,  116.07,     18700,  208.24,    705.20,    489.29,   1194.49
2026-06-02,06:53:53.636,   59.70,   44.58,   58.91,   44.23,   59.69,   44.78,   55.22,   43.49,   54.43,   43.35,   55.31,   43.87,  343.26,  264.29,     18720,  607.55,   10.15,   16.04,   10.06,   15.99,   10.19,   16.17,    8.56,   14.86,    8.77,   15.14,    8.40,   14.66,   56.14,   92.86,     18700,  149.00,    399.40,    357.16,    756.55
2026-06-02,06:53:53.686,   45.83,   44.08,   46.24,   44.40,   46.29,   44.97,   44.04,   43.78,   43.67,   43.80,   44.09,   44.29,  270.15,  265.33,     18700,  535.48,   11.08,   14.97,   11.15,   15.28,   10.96,   15.21,    9.50,   14.26,    9.88,   14.26,    9.52,   13.97,   62.08,   87.95,     18700,  150.03,    332.24,    353.27,    685.51
2026-06-02,06:53:53.736,  120.08,   67.98,  120.18,   67.81,  119.62,   68.22,  112.63,   65.46,  111.88,   64.72,  113.49,   65.08,  697.88,  399.27,     18660, 1097.15,   14.56,   17.49,   14.34,   17.32,   14.42,   17.40,   12.42,   15.96,   12.58,   16.09,   12.32,   16.02,   80.64,  100.28,     18680,  180.92,    778.52,    499.55,   1278.06
2026-06-02,06:53:53.785,  728.30,  267.54,  729.75,  267.22,  728.01,  268.12,  704.58,  251.45,  705.36,  251.64,  704.20,  251.18, 4300.21, 1557.15,     18600, 5857.36,   20.04,   19.46,   19.72,   19.25,   19.48,   19.48,   16.79,   17.62,   17.30,   18.41,   16.79,   17.75,  110.12,  111.97,     18460,  222.10,   4410.34,   1669.12,   6079.46
2026-06-02,06:53:53.836,  306.98,  108.67,  307.22,  108.26,  307.06,  107.96,  301.15,  105.48,  300.37,  105.70,  299.61,  105.62, 1822.41,  641.68,     18780, 2464.09,   18.46,   25.27,   18.62,   25.12,   18.85,   25.43,   16.70,   23.70,   16.74,   23.93,   17.13,   24.06,  106.50,  147.53,     18760,  254.03,   1928.91,    789.21,   2718.11
2026-06-02,06:53:53.885,  149.63,   61.20,  150.21,   61.21,  150.55,   61.52,  142.67,   60.34,  142.14,   59.61,  142.18,   59.38,  877.39,  363.26,     18720, 1240.64,   16.98,   13.04,   16.98,   13.29,   17.21,   13.47,   13.07,    9.75,   13.02,    9.78,   13.22,    9.99,   90.48,   69.33,     18680,  159.81,    967.87,    432.58,   1400.45
2026-06-02,06:53:53.935,  493.87,  221.48,  495.85,  222.28,  495.25,  224.13,  484.25,  216.59,  484.33,  217.87,  487.09,  218.91, 2940.63, 1321.25,     19139, 4261.88,   24.55,   38.32,   24.28,   37.95,   24.45,   38.60,   21.93,   36.26,   22.49,   36.52,   22.33,   36.39,  140.03,  224.04,     19016,  364.08,   3080.67,   1545.29,   4625.96
2026-06-02,06:53:53.986,  609.44,  143.88,  612.65,  144.55,  610.31,  143.96,  605.25,  142.77,  603.66,  142.41,  606.76,  142.92, 3648.07,  860.49,     18740, 4508.56,   48.15,   34.25,   48.05,   34.33,   48.83,   34.99,   44.95,   33.82,   45.09,   33.98,   44.98,   33.66,  280.05,  205.03,     18720,  485.08,   3928.12,   1065.52,   4993.64
2026-06-02,06:53:54.036,  138.11,   74.50,  138.84,   74.72,  138.28,   74.74,  132.33,   72.87,  132.14,   72.88,  133.44,   72.97,  813.16,  442.68,     18500, 1255.84,   25.10,   24.35,   25.24,   24.41,   25.62,   24.46,   23.94,   23.70,   24.31,   23.90,   24.24,   23.74,  148.44,  144.55,     18660,  292.99,    961.59,    587.24,   1548.83
2026-06-02,06:53:54.086,  162.50,  138.11,  164.34,  139.25,  163.88,  139.15,  153.81,  135.03,  152.96,  134.22,  154.48,  134.25,  951.98,  820.01,     18760, 1771.99,   16.26,   15.89,   16.61,   15.98,   16.52,   16.18,   15.13,   15.31,   15.38,   15.36,   15.30,   15.21,   95.20,   93.93,     18700,  189.13,   1047.17,    913.94,   1961.11
2026-06-02,06:53:54.136,  111.59,   56.82,  111.44,   56.86,  111.66,   56.77,  105.16,   55.63,  105.09,   55.90,  105.32,   55.74,  650.25,  337.72,     18700,  987.97,    8.72,    7.74,    8.72,    7.87,    8.78,    7.90,    7.81,    6.98,    7.91,    7.30,    7.71,    6.96,   49.65,   44.75,     18720,   94.39,    699.90,    382.46,   1082.36
2026-06-02,06:53:54.187,   68.66,   35.26,   68.30,   35.25,   69.59,   35.91,   65.38,   34.35,   65.99,   34.86,   65.48,   34.68,  403.41,  210.30,     18720,  613.71,   11.75,    8.11,   11.93,    8.58,   12.01,    8.64,   10.94,    7.67,   11.24,    7.76,   10.89,    7.77,   68.76,   48.53,     18780,  117.29,    472.17,    258.83,    731.00
2026-06-02,06:53:54.237,  105.81,   83.16,  105.17,   83.70,  105.43,   83.27,  100.09,   82.15,  100.51,   82.53,  100.54,   82.46,  617.56,  497.27,     18780, 1114.83,   17.19,   15.10,   17.13,   15.18,   17.28,   15.44,   16.50,   14.53,   16.58,   14.90,   16.30,   14.38,  100.97,   89.53,     18720,  190.50,    718.53,    586.80,   1305.33
2026-06-02,06:53:54.287,  155.16,   82.17,  155.43,   82.20,  155.20,   82.59,  146.82,   80.31,  146.36,   80.06,  146.94,   79.92,  905.91,  487.24,     18760, 1393.14,   23.53,   21.81,   23.53,   21.90,   24.16,   22.23,   21.58,   20.27,   21.76,   20.66,   21.30,   20.38,  135.86,  127.25,     18660,  263.12,   1041.77,    614.49,   1656.26
2026-06-02,06:53:54.337,  114.18,   48.82,  114.82,   48.60,  114.50,   48.77,  110.98,   47.66,  110.05,   47.83,  109.94,   47.38,  674.46,  289.06,     18700,  963.52,   19.71,   22.85,   19.98,   23.05,   19.61,   23.03,   18.89,   22.51,   19.02,   22.42,   18.75,   22.07,  115.97,  135.93,     18700,  251.89,    790.43,    424.98,   1215.41
2026-06-02,06:53:54.387,  120.82,   83.37,  120.71,   83.07,  121.77,   85.06,  113.61,   82.76,  113.23,   82.08,  112.62,   81.56,  702.74,  497.89,     18680, 1200.63,   70.96,   62.37,   70.72,   62.25,   70.55,   62.65,   65.62,   60.36,   66.76,   60.86,   65.45,   59.57,  410.05,  368.07,     18700,  778.12,   1112.79,    865.96,   1978.75
2026-06-02,06:53:54.437,   75.73,   69.98,   75.40,   69.79,   75.90,   70.44,   70.63,   69.45,   70.17,   68.98,   70.52,   69.05,  438.35,  417.69,     18720,  856.03,   40.78,   38.07,   41.15,   38.19,   42.08,   38.66,   40.05,   37.00,   40.92,   38.04,   39.80,   37.12,  244.79,  227.08,     18700,  471.87,    683.14,    644.77,   1327.91
2026-06-02,06:53:54.487,  127.49,   86.95,  127.72,   86.64,  128.40,   88.30,  119.43,   85.24,  119.59,   85.06,  120.05,   84.46,  742.68,  516.66,     18720, 1259.34,   51.29,   46.05,   51.23,   45.96,   50.53,   46.21,   47.38,   43.76,   48.68,   44.53,   47.52,   43.96,  296.64,  270.47,     18700,  567.11,   1039.32,    787.13,   1826.45
2026-06-02,06:53:54.537,  166.75,   95.28,  167.54,   95.31,  166.21,   95.32,  159.89,   93.59,  158.64,   93.92,  159.13,   93.49,  978.17,  566.89,     18720, 1545.06,   26.09,   26.54,   25.72,   26.45,   26.42,   27.08,   24.08,   25.61,   24.85,   26.33,   24.33,   25.49,  151.49,  157.49,     18720,  308.98,   1129.66,    724.38,   1854.04
2026-06-02,06:53:54.587,  139.02,   94.26,  139.29,   94.68,  139.37,   94.97,  136.71,   93.25,  136.26,   93.44,  137.23,   93.90,  827.88,  564.50,     18800, 1392.38,   14.57,   28.72,   14.75,   28.26,   14.42,   28.56,   11.94,   27.13,   12.30,   27.58,   11.73,   26.85,   79.71,  167.10,     18780,  246.81,    907.59,    731.60,   1639.19
2026-06-02,06:53:54.638,  603.47,  161.69,  604.95,  162.23,  603.43,  162.40,  600.00,  160.37,  600.51,  159.80,  603.91,  161.64, 3616.27,  968.14,     18680, 4584.40,   17.00,   19.30,   16.76,   19.70,   17.08,   19.85,   14.84,   18.63,   15.19,   18.74,   15.02,   18.15,   95.89,  114.38,     18700,  210.26,   3712.15,   1082.51,   4794.66
2026-06-02,06:53:54.688,  556.95,   57.07,  556.79,   57.02,  555.98,   56.82,  549.78,   55.55,  549.33,   55.55,  552.04,   55.76, 3320.87,  337.76,     18740, 3658.63,   12.30,   10.29,   12.35,   10.01,   12.25,   10.21,   11.72,    9.57,   11.79,    9.58,   11.44,    9.23,   71.85,   58.88,     18680,  130.73,   3392.72,    396.64,   3789.36
2026-06-02,06:53:54.738,  125.92,   51.40,  126.67,   51.24,  125.79,   51.10,  122.72,   50.30,  121.79,   50.22,  122.37,   50.29,  745.26,  304.56,     18680, 1049.82,   17.12,   21.02,   17.13,   21.20,   17.02,   21.24,   14.79,   19.49,   15.08,   19.86,   14.59,   19.43,   95.74,  122.23,     18720,  217.97,    841.00,    426.79,   1267.78
2026-06-02,06:53:54.788,  126.49,   56.00,  126.69,   55.44,  127.06,   56.07,  119.91,   53.87,  119.87,   54.44,  119.64,   54.56,  739.66,  330.38,     18740, 1070.04,   16.42,   19.44,   16.45,   19.70,   16.45,   19.78,   14.27,   18.41,   14.96,   18.89,   14.23,   18.11,   92.78,  114.33,     18720,  207.11,    832.43,    444.71,   1277.14
2026-06-02,06:53:54.838,  156.10,   70.96,  155.60,   69.88,  156.08,   70.96,  148.90,   69.46,  147.92,   69.12,  148.04,   68.84,  912.65,  419.23,     18700, 1331.87,   20.80,   12.62,   20.69,   12.51,   20.66,   12.85,   19.43,   11.53,   19.67,   11.82,   19.42,   11.35,  120.66,   72.68,     18740,  193.34,   1033.31,    491.91,   1525.21
2026-06-02,06:53:54.888,  162.56,   69.17,  162.42,   68.73,  163.08,   69.37,  157.49,   67.67,  157.50,   67.76,  157.32,   68.20,  960.37,  410.89,     18760, 1371.26,   15.41,   16.64,   15.49,   16.85,   15.62,   16.88,   13.96,   15.55,   14.11,   15.88,   13.59,   15.43,   88.19,   97.23,     18700,  185.41,   1048.55,    508.12,   1556.67
2026-06-02,06:53:54.938,   75.40,   52.69,   75.34,   52.03,   75.53,   52.19,   72.42,   51.05,   71.69,   51.11,   72.86,   51.54,  443.24,  310.61,     18680,  753.85,   10.61,   12.76,   10.64,   12.56,   10.70,   12.83,    8.95,   11.84,    9.04,   11.97,    8.39,   11.28,   58.33,   73.25,     18720,  131.58,    501.57,    383.85,    885.43
2026-06-02,06:53:54.988,   55.16,   44.64,   55.13,   44.77,   55.43,   44.92,   53.08,   44.01,   52.66,   43.87,   52.59,   43.89,  324.05,  266.10,     18700,  590.15,   13.33,   17.44,   13.69,   17.53,   13.63,   17.54,   12.28,   16.39,   12.21,   16.58,   11.78,   16.06,   76.93,  101.55,     18680,  178.48,    400.98,    367.65,    768.63
2026-06-02,06:53:55.038,   76.26,   42.48,   75.95,   42.24,   75.75,   42.73,   72.45,   41.90,   72.43,   41.59,   72.60,   41.69,  445.44,  252.63,     18700,  698.07,   10.72,   13.07,   10.89,   13.04,   10.91,   13.30,    9.45,   12.21,    9.56,   12.34,    9.48,   12.29,   61.02,   76.24,     18680,  137.26,    506.46,    328.87,    835.33
2026-06-02,06:53:55.088,   90.05,   58.26,   89.37,   57.95,   89.38,   57.73,   85.92,   56.91,   85.83,   56.76,   85.82,   56.81,  526.37,  344.42,     18720,  870.79,   15.40,   21.26,   15.14,   20.92,   15.58,   21.32,   12.81,   19.88,   13.52,   20.41,   12.74,   19.38,   85.19,  123.19,     18680,  208.37,    611.55,    467.61,   1079.16
2026-06-02,06:53:55.138,   48.69,   42.61,   48.13,   42.12,   48.63,   42.79,   45.30,   41.36,   45.75,   41.83,   45.91,   42.09,  282.41,  252.81,     18680,  535.22,   13.22,   21.46,   12.97,   21.77,   13.18,   22.05,   10.86,   20.43,   11.16,   20.82,   10.81,   20.37,   72.20,  126.90,     18700,  199.09,    354.60,    379.70,    734.31
2026-06-02,06:53:55.189,  140.14,   68.11,  141.67,   67.97,  140.97,   68.49,  136.11,   67.79,  134.73,   67.35,  135.52,   67.26,  829.15,  406.98,     18685, 1236.12,   12.04,   11.77,   12.00,   11.99,   12.13,   12.06,   11.17,   11.40,   11.32,   11.41,   11.14,   11.17,   69.81,   69.80,     18664,  139.61,    898.95,    476.78,   1375.73
2026-06-02,06:53:55.241,   61.66,   48.36,   60.99,   48.29,   61.56,   48.48,   58.12,   47.72,   58.45,   47.75,   58.14,   47.74,  358.91,  288.34,     18704,  647.25,   14.19,   19.61,   14.17,   19.33,   14.70,   20.04,   12.27,   18.23,   12.34,   18.52,   12.02,   17.89,   79.70,  113.62,     18724,  193.31,    438.61,    401.96,    840.57
2026-06-02,06:53:55.292,   39.14,   41.25,   38.57,   41.35,   39.11,   41.98,   35.59,   40.43,   35.78,   40.31,   36.08,   40.70,  224.27,  246.01,     19060,  470.28,   11.35,   17.48,   11.11,   17.35,   11.44,   17.52,    9.35,   16.13,    9.76,   16.39,    9.06,   16.15,   62.07,  101.03,     19100,  163.10,    286.35,    347.04,    633.39
2026-06-02,06:53:55.342,  141.18,   65.25,  142.12,   65.14,  141.42,   65.46,  135.26,   64.26,  135.27,   64.12,  136.10,   64.08,  831.35,  388.32,     18700, 1219.68,   14.48,   15.57,   14.55,   15.75,   14.61,   15.68,   13.14,   14.36,   13.29,   14.59,   12.87,   14.10,   82.94,   90.05,     18700,  173.00,    914.30,    478.38,   1392.67
2026-06-02,06:53:55.392,   95.61,   58.36,   96.07,   58.09,   95.97,   58.00,   91.54,   56.92,   90.43,   57.09,   90.83,   57.27,  560.45,  345.72,     18680,  906.17,   12.37,   13.32,   12.53,   13.15,   12.64,   13.54,   10.93,   11.75,   11.01,   12.12,   10.65,   11.77,   70.13,   75.66,     18680,  145.78,    630.57,    421.38,   1051.95
2026-06-02,06:53:55.442,   53.92,   45.07,   53.73,   44.73,   54.00,   44.99,   50.92,   43.83,   50.51,   43.93,   51.32,   44.39,  314.39,  266.95,     18680,  581.35,   14.68,   20.73,   14.95,   20.50,   15.36,   20.92,   13.15,   18.99,   13.02,   19.49,   12.90,   19.21,   84.06,  119.84,     18660,  203.90,    398.45,    386.80,    785.25
2026-06-02,06:53:55.492,  103.48,   48.35,  104.05,   48.00,  103.14,   49.08,   97.43,   47.03,   97.17,   47.11,   97.96,   46.98,  603.23,  286.54,     18760,  889.77,   12.19,   18.21,   12.08,   18.23,   12.34,   18.38,   10.10,   16.98,   10.51,   17.55,    9.94,   16.61,   67.16,  105.97,     18720,  173.13,    670.39,    392.51,   1062.90
2026-06-02,06:53:55.542,   30.57,   21.88,   30.95,   22.11,   30.99,   22.18,   29.72,   22.28,   29.32,   22.24,   29.42,   22.03,  180.97,  132.71,     18680,  313.68,    6.32,    7.35,    6.45,    7.57,    6.35,    7.49,    5.61,    6.56,    5.91,    6.84,    5.64,    6.45,   36.27,   42.25,     18680,   78.52,    217.23,    174.96,    392.20
2026-06-02,06:53:55.592,   49.37,   36.67,   49.13,   36.28,   49.50,   36.74,   46.86,   35.42,   47.53,   36.04,   47.44,   36.02,  289.83,  217.16,     18680,  506.99,   13.95,   20.22,   14.06,   20.45,   14.07,   20.54,   11.85,   18.62,   11.78,   18.70,   11.58,   18.37,   77.29,  116.90,     18680,  194.19,    367.12,    334.06,    701.18
2026-06-02,06:53:55.642,  698.88,  213.38,  699.99,  213.92,  698.37,  213.15,  693.05,  211.30,  693.11,  210.98,  697.36,  212.59, 4180.78, 1275.32,     18720, 5456.10,   17.71,   21.22,   18.00,   21.63,   18.22,   21.60,   16.26,   20.48,   16.08,   20.67,   15.74,   20.26,  102.02,  125.88,     18680,  227.90,   4282.80,   1401.20,   5684.00
2026-06-02,06:53:55.692,  631.76,  110.61,  631.16,  111.07,  630.42,  110.87,  626.50,  109.82,  626.13,  109.10,  629.05,  110.22, 3775.02,  661.69,     18760, 4436.71,   10.98,   13.81,   11.12,   13.72,   10.81,   13.67,    9.73,   12.83,   10.14,   13.13,    9.88,   12.58,   62.65,   79.74,     18700,  142.39,   3837.67,    741.43,   4579.11
2026-06-02,06:53:55.742,  354.32,   22.49,  356.47,   22.97,  354.91,   23.30,  351.46,   22.50,  350.54,   22.35,  353.22,   22.70, 2120.93,  136.32,     18700, 2257.25,   12.32,   15.76,   12.75,   16.27,   12.54,   16.04,   10.56,   14.69,   10.87,   14.88,   10.43,   14.36,   69.46,   91.99,     18700,  161.45,   2190.39,    228.31,   2418.70
2026-06-02,06:53:55.792,   86.63,   50.69,   86.48,   50.28,   86.32,   49.83,   82.29,   48.77,   81.89,   49.24,   81.80,   49.18,  505.39,  297.99,     18720,  803.38,   14.48,   21.02,   14.37,   20.84,   14.45,   21.46,   12.36,   20.02,   12.32,   19.88,   12.16,   19.47,   80.14,  122.68,     18700,  202.81,    585.53,    420.67,   1006.20
2026-06-02,06:53:55.842,  133.45,   70.78,  132.33,   70.18,  133.70,   71.68,  127.40,   69.52,  127.41,   69.56,  127.45,   69.71,  781.74,  421.43,     18720, 1203.17,   22.06,   21.42,   22.43,   21.53,   22.58,   21.77,   20.68,   20.15,   20.77,   20.70,   20.42,   19.97,  128.94,  125.53,     18680,  254.47,    910.68,    546.97,   1457.64
2026-06-02,06:53:55.892,  182.95,   68.62,  182.43,   67.81,  183.85,   68.81,  175.60,   66.89,  175.23,   67.17,  174.56,   66.61, 1074.60,  405.91,     18780, 1480.52,   16.14,   14.70,   16.09,   14.71,   15.64,   14.94,   14.07,   13.62,   14.25,   13.82,   13.98,   13.25,   90.16,   85.03,     18720,  175.20,   1164.77,    490.95,   1655.71
2026-06-02,06:53:55.943,   41.67,   30.43,   41.19,   30.23,   41.52,   30.34,   37.93,   29.55,   38.26,   29.66,   37.84,   29.51,  238.40,  179.71,     18680,  418.12,   11.06,   18.58,   11.17,   18.78,   11.06,   18.85,    9.12,   17.11,    9.38,   17.61,    8.93,   16.92,   60.72,  107.85,     18680,  168.57,    299.12,    287.56,    586.69
2026-06-02,06:53:55.993,  102.98,   54.30,  102.85,   54.18,  103.81,   55.30,   98.37,   53.43,   98.79,   53.93,   98.59,   53.86,  605.40,  325.00,     18720,  930.40,   17.35,   23.35,   17.27,   23.24,   17.54,   23.53,   15.32,   21.96,   15.25,   22.17,   15.24,   21.81,   97.97,  136.06,     18720,  234.03,    703.37,    461.06,   1164.43
2026-06-02,06:53:56.043,  114.27,   48.26,  115.01,   48.43,  114.90,   48.85,  109.78,   47.42,  109.15,   47.30,  110.25,   47.68,  673.36,  287.95,     18720,  961.31,   14.82,   13.44,   14.71,   13.34,   14.69,   13.33,   13.48,   12.12,   13.43,   12.55,   13.13,   12.02,   84.26,   76.78,     18760,  161.04,    757.62,    364.73,   1122.36
2026-06-02,06:53:56.093,   80.00,   47.15,   79.39,   46.75,   79.61,   47.57,   75.86,   46.74,   75.61,   46.44,   75.33,   46.36,  465.81,  281.02,     18720,  746.82,   13.43,   17.35,   13.38,   17.33,   13.23,   17.68,   10.96,   15.84,   11.16,   16.17,   10.98,   15.56,   73.15,   99.93,     18680,  173.08,    538.96,    380.95,    919.91
2026-06-02,06:53:56.143,   43.66,   32.07,   43.71,   31.72,   43.86,   32.05,   41.00,   31.05,   40.75,   30.59,   41.12,   31.10,  254.10,  188.58,     18680,  442.68,   10.51,   15.75,   10.44,   16.24,   10.48,   16.42,    8.74,   15.55,    8.88,   15.79,    8.47,   15.21,   57.52,   94.98,     18680,  152.49,    311.61,    283.56,    595.17
2026-06-02,06:53:56.193,   71.86,   40.00,   72.73,   40.03,   72.12,   40.41,   68.44,   39.15,   68.54,   39.13,   68.76,   39.06,  422.45,  237.78,     18660,  660.23,   12.25,   13.30,   12.02,   12.73,   12.18,   12.86,   10.78,   11.44,   11.00,   11.85,   10.55,   11.37,   68.78,   73.54,     18680,  142.33,    491.23,    311.33,    802.56
2026-06-02,06:53:56.243,  107.84,   71.04,  107.98,   71.67,  108.13,   71.69,  102.66,   70.30,  102.59,   70.14,  102.26,   70.09,  631.45,  424.94,     18680, 1056.39,   14.34,   26.27,   14.14,   26.01,   14.08,   26.68,   12.45,   25.00,   12.83,   25.44,   12.24,   24.65,   80.08,  154.04,     18680,  234.12,    711.53,    578.98,   1290.51
2026-06-02,06:53:56.293,   66.47,   60.02,   66.47,   59.67,   66.73,   60.38,   63.76,   59.53,   64.24,   59.40,   63.84,   59.40,  391.51,  358.41,     18720,  749.91,   13.87,   14.32,   13.76,   14.01,   14.03,   14.39,   11.97,   12.73,   12.41,   13.44,   12.00,   12.81,   78.04,   81.68,     18680,  159.73,    469.55,    440.09,    909.64
2026-06-02,06:53:56.344,   64.73,   55.60,   64.96,   55.45,   64.86,   55.58,   61.67,   54.42,   61.95,   54.74,   61.95,   54.55,  380.11,  330.35,     18704,  710.46,   15.63,   26.97,   15.46,   26.32,   15.96,   26.85,   13.88,   25.41,   14.39,   26.18,   13.92,   25.76,   89.24,  157.50,     18684,  246.74,    469.35,    487.85,    957.20
2026-06-02,06:53:56.394,  139.32,   83.41,  140.96,   84.45,  140.63,   84.29,  132.21,   82.75,  132.83,   82.34,  132.71,   82.27,  818.67,  499.51,     19058, 1318.18,   14.43,   12.49,   14.22,   12.22,   14.27,   12.40,   13.20,   11.57,   13.37,   11.51,   13.19,   11.18,   82.68,   71.37,     19098,  154.04,    901.35,    570.88,   1472.22
2026-06-02,06:53:56.444,   99.21,   51.66,   99.83,   51.17,  100.03,   51.39,   94.23,   49.86,   92.94,   49.66,   93.64,   49.89,  579.88,  303.61,     18700,  883.49,   14.16,   24.40,   14.13,   24.18,   14.22,   24.60,   11.93,   22.91,   11.93,   22.96,   11.47,   22.39,   77.84,  141.43,     18680,  219.27,    657.72,    445.04,   1102.76
2026-06-02,06:53:56.494,   68.08,   63.58,   68.30,   63.58,   68.92,   64.58,   65.43,   63.64,   64.95,   63.25,   65.30,   63.14,  400.99,  381.76,     18740,  782.75,   16.70,   17.48,   16.30,   17.28,   17.01,   17.96,   14.74,   16.29,   14.98,   16.40,   14.65,   16.17,   94.37,  101.58,     18700,  195.95,    495.36,    483.34,    978.70
2026-06-02,06:53:56.545,   98.25,   92.95,   99.00,   93.66,   99.00,   93.22,   91.47,   90.72,   91.35,   91.10,   91.43,   91.21,  570.50,  552.85,     18700, 1123.35,   10.36,   21.50,   10.18,   21.30,   10.66,   21.86,    9.52,   20.93,    9.91,   21.24,    9.35,   20.59,   59.97,  127.41,     18720,  187.38,    630.47,    680.26,   1310.73
2026-06-02,06:53:56.595,  181.75,  107.09,  181.20,  106.75,  181.62,  107.50,  172.57,  105.63,  172.79,  105.10,  174.51,  105.68, 1064.44,  637.76,     18720, 1702.20,   41.43,   38.57,   41.56,   38.52,   41.75,   38.89,   38.45,   37.08,   38.67,   37.35,   38.74,   36.77,  240.59,  227.17,     18680,  467.77,   1305.03,    864.94,   2169.97
2026-06-02,06:53:56.645,  541.86,  184.45,  543.87,  185.31,  542.57,  184.98,  539.73,  183.10,  537.94,  182.78,  540.81,  183.81, 3246.77, 1104.42,     18740, 4351.19,   19.51,   32.45,   19.55,   32.51,   19.44,   33.00,   16.71,   31.76,   16.99,   32.03,   16.85,   31.36,  109.06,  193.11,     18720,  302.17,   3355.83,   1297.53,   4653.37
2026-06-02,06:53:56.695,  689.51,  165.19,  689.78,  166.21,  689.01,  165.84,  686.31,  164.19,  686.41,  164.22,  689.60,  165.18, 4130.62,  990.82,     18740, 5121.44,   10.15,   14.23,   10.20,   14.23,   10.20,   14.41,    8.67,   13.57,    8.95,   13.58,    8.60,   13.27,   56.77,   83.29,     18720,  140.06,   4187.39,   1074.11,   5261.50
2026-06-02,06:53:56.745,  527.86,   62.64,  527.60,   62.68,  527.10,   62.96,  523.80,   62.19,  523.91,   62.23,  526.87,   62.09, 3157.14,  374.79,     18760, 3531.93,   13.00,   21.42,   12.71,   21.16,   13.00,   21.72,   11.61,   20.65,   11.94,   20.82,   11.38,   20.29,   73.63,  126.05,     18680,  199.68,   3230.77,    500.84,   3731.61
2026-06-02,06:53:56.795,  205.48,   37.12,  205.86,   36.89,  206.63,   37.12,  205.08,   36.17,  204.07,   36.30,  204.09,   36.49, 1231.22,  220.10,     18700, 1451.32,   22.95,   23.11,   22.66,   22.90,   22.91,   22.92,   20.63,   21.58,   21.07,   22.06,   20.75,   21.47,  130.97,  134.05,     18680,  265.02,   1362.19,    354.14,   1716.34
2026-06-02,06:53:56.845,  124.89,   53.30,  125.13,   53.29,  125.14,   53.71,  121.32,   52.54,  121.05,   52.40,  120.92,   52.57,  738.46,  317.82,     18700, 1056.27,   21.51,   20.88,   21.57,   20.93,   21.47,   20.99,   19.36,   19.57,   19.32,   20.00,   19.28,   19.20,  122.51,  121.58,     18720,  244.09,    860.97,    439.40,   1300.37
2026-06-02,06:53:56.895,  192.21,   65.86,  192.41,   65.39,  192.69,   66.22,  184.43,   64.66,  183.64,   64.20,  183.38,   63.69, 1128.74,  390.02,     18720, 1518.76,   19.49,   21.46,   19.39,   21.01,   19.65,   21.28,   17.96,   20.20,   18.37,   20.70,   17.63,   19.88,  112.49,  124.52,     18700,  237.01,   1241.23,    514.55,   1755.78
2026-06-02,06:53:56.945,   93.38,   39.43,   92.73,   39.04,   93.03,   39.61,   87.32,   38.22,   87.61,   38.47,   87.55,   38.39,  541.64,  233.14,     18740,  774.78,   35.19,   35.97,   34.71,   35.60,   35.25,   36.29,   31.92,   34.30,   32.83,   34.69,   31.78,   33.94,  201.68,  210.80,     18700,  412.48,    743.32,    443.94,   1187.26
2026-06-02,06:53:56.995,   81.61,   40.35,   82.11,   40.03,   81.52,   40.12,   77.74,   39.63,   78.10,   39.93,   77.09,   39.36,  478.16,  239.42,     18680,  717.59,   14.10,   17.91,   14.07,   17.62,   14.14,   17.73,   12.01,   16.20,   12.35,   17.11,   11.93,   16.51,   78.60,  103.08,     18680,  181.67,    556.76,    342.50,    899.26
2026-06-02,06:53:57.045,   83.16,   54.44,   83.55,   54.54,   83.40,   55.22,   78.87,   53.64,   78.57,   54.43,   78.92,   53.75,  486.48,  326.02,     18700,  812.50,   14.32,   17.41,   14.43,   17.11,   14.52,   17.47,   12.86,   16.19,   13.14,   16.56,   12.80,   15.69,   82.07,  100.44,     18720,  182.51,    568.55,    426.46,    995.01
2026-06-02,06:53:57.095,   29.47,   36.47,   29.47,   36.24,   29.93,   37.02,   26.22,   35.98,   26.30,   35.92,   26.44,   36.16,  167.83,  217.79,     18680,  385.62,    9.62,   14.12,    9.38,   14.01,    9.42,   14.09,    8.01,   12.91,    8.01,   12.93,    7.61,   12.73,   52.05,   80.78,     18680,  132.83,    219.88,    298.58,    518.45
2026-06-02,06:53:57.146,  113.34,   67.42,  113.13,   67.52,  112.47,   67.46,  107.12,   65.85,  107.22,   66.02,  107.76,   66.08,  661.05,  400.36,     18720, 1061.41,   14.38,   18.01,   14.09,   17.30,   14.20,   17.75,   12.14,   16.26,   12.27,   16.63,   11.81,   15.97,   78.89,  101.93,     18700,  180.82,    739.94,    502.28,   1242.22
2026-06-02,06:53:57.196,   56.53,   29.06,   56.59,   28.86,   56.90,   29.46,   55.56,   29.11,   55.81,   29.17,   55.48,   29.08,  336.88,  174.73,     18680,  511.62,   10.48,   13.14,   10.57,   12.84,   10.40,   13.19,    8.94,   12.10,    8.81,   12.35,    8.91,   11.80,   58.11,   75.42,     18720,  133.53,    395.00,    250.15,    645.15
2026-06-02,06:53:57.246,   90.78,   40.60,   91.01,   41.09,   91.53,   41.10,   86.89,   40.17,   86.63,   40.46,   86.36,   40.03,  533.19,  243.45,     18680,  776.64,   12.08,   12.61,   11.94,   12.60,   12.13,   12.83,   11.39,   12.03,   11.36,   11.99,   11.00,   11.62,   69.91,   73.67,     18660,  143.58,    603.10,    317.13,    920.22
2026-06-02,06:53:57.296,   76.96,   27.49,   76.82,   27.51,   76.62,   27.49,   73.26,   26.51,   73.34,   26.35,   73.40,   26.53,  450.40,  161.87,     18720,  612.28,   16.11,   20.61,   16.46,   20.51,   16.12,   20.39,   13.97,   19.05,   14.19,   19.32,   14.14,   19.22,   90.99,  119.09,     18720,  210.09,    541.40,    280.96,    822.36
2026-06-02,06:53:57.346,   23.75,   17.31,   23.75,   17.09,   24.09,   17.19,   23.30,   16.95,   23.35,   16.95,   23.69,   17.02,  141.92,  102.51,     18760,  244.43,   10.32,   12.97,   10.41,   13.15,   10.00,   13.05,    8.22,   12.21,    8.82,   12.55,    8.55,   12.22,   56.30,   76.15,     18720,  132.46,    198.22,    178.67,    376.89
2026-06-02,06:53:57.396,   27.93,   18.99,   27.59,   18.80,   27.45,   18.88,   26.72,   18.48,   27.15,   18.83,   26.41,   18.86,  163.25,  112.84,     18740,  276.09,   11.23,   13.52,   11.36,   13.45,   11.35,   13.45,   10.43,   12.63,   10.53,   12.96,   10.22,   12.48,   65.11,   78.50,     18720,  143.61,    228.36,    191.34,    419.70
2026-06-02,06:53:57.446,   60.89,   26.35,   61.24,   26.23,   61.45,   26.72,   58.11,   25.13,   58.42,   25.42,   57.93,   24.96,  358.03,  154.80,     18720,  512.83,   10.95,   16.02,   11.13,   16.03,   11.27,   15.90,    9.88,   14.93,   10.14,   15.35,    9.68,   14.67,   63.05,   92.89,     18720,  155.94,    421.09,    247.69,    668.77
2026-06-02,06:53:57.497,   72.05,   32.67,   73.02,   32.73,   72.33,   32.72,   70.52,   32.55,   69.99,   32.22,   70.01,   32.17,  427.92,  195.06,     18760,  622.98,   10.35,   14.66,   10.40,   14.59,   10.40,   14.87,    8.67,   13.64,    9.08,   14.06,    8.51,   13.50,   57.41,   85.32,     18780,  142.73,    485.33,    280.38,    765.71
2026-06-02,06:53:57.547,   22.69,   15.48,   22.36,   15.68,   22.72,   15.60,   20.84,   14.79,   21.03,   14.99,   21.06,   14.87,  130.71,   91.40,     18720,  222.11,   20.15,   18.56,   20.23,   18.73,   20.32,   18.82,   17.58,   17.42,   18.74,   17.93,   18.23,   17.41,  115.24,  108.86,     18720,  224.10,    245.94,    200.26,    446.20
2026-06-02,06:53:57.597,   43.32,   18.98,   43.76,   18.98,   43.43,   18.91,   40.40,   18.39,   40.73,   18.73,   40.72,   18.28,  252.35,  112.28,     18760,  364.63,    8.72,   11.09,    8.91,   11.65,    8.78,   11.41,    8.14,   10.82,    8.20,   10.81,    8.08,   10.69,   50.84,   66.47,     18760,  117.30,    303.18,    178.74,    481.93
2026-06-02,06:53:57.647,   72.57,   30.25,   72.82,   30.34,   73.03,   30.56,   69.34,   29.60,   69.18,   29.77,   68.75,   29.56,  425.70,  180.08,     18760,  605.78,   19.66,   25.78,   19.51,   25.36,   19.65,   25.71,   16.92,   24.24,   17.51,   24.57,   17.01,   23.62,  110.26,  149.28,     18760,  259.54,    535.96,    329.36,    865.32
2026-06-02,06:53:57.698,   47.95,   21.83,   48.09,   21.82,   48.68,   22.12,   46.72,   21.59,   46.24,   21.52,   46.51,   21.42,  284.18,  130.30,     18408,  414.48,   10.50,   17.14,   10.98,   17.56,   10.60,   17.47,    8.97,   16.38,    9.29,   16.85,    8.80,   16.10,   59.13,  101.50,     18408,  160.63,    343.31,    231.80,    575.11
2026-06-02,06:53:57.748,   30.77,   20.91,   30.92,   21.02,   30.80,   21.23,   29.73,   20.81,   29.68,   21.29,   29.59,   21.28,  181.50,  126.55,     18760,  308.05,    7.88,   10.43,    8.06,   10.57,    7.89,   10.32,    7.10,    9.76,    7.53,    9.92,    7.08,    9.48,   45.54,   60.47,     18740,  106.01,    227.03,    187.02,    414.06
2026-06-02,06:53:57.798,   25.39,   23.51,   25.46,   23.24,   25.69,   23.73,   23.93,   22.97,   24.05,   22.94,   23.81,   22.55,  148.33,  138.93,     18740,  287.26,   14.43,   16.58,   14.52,   16.56,   14.77,   16.70,   13.63,   15.69,   13.91,   16.13,   13.13,   15.74,   84.39,   97.40,     18760,  181.78,    232.72,    236.32,    469.04
2026-06-02,06:53:57.848,  150.52,   68.57,  150.77,   68.58,  151.80,   69.11,  146.42,   68.03,  146.33,   67.89,  146.56,   67.94,  892.40,  410.13,     18780, 1302.52,   21.57,   16.07,   22.16,   16.47,   22.32,   16.70,   20.66,   15.49,   20.72,   15.67,   20.21,   15.06,  127.65,   95.47,     18720,  223.12,   1020.04,    505.60,   1525.64
2026-06-02,06:53:57.899,  170.49,   43.86,  169.68,   43.33,  170.36,   43.85,  164.45,   42.26,  163.98,   42.18,  163.79,   41.50, 1002.76,  256.97,     18860, 1259.73,   13.78,   17.17,   13.93,   17.39,   13.91,   17.32,   11.83,   16.40,   11.81,   16.60,   11.77,   16.10,   77.03,  100.97,     18760,  178.00,   1079.79,    357.95,   1437.73
2026-06-02,06:53:57.949,   49.85,   27.31,   49.66,   27.35,   49.67,   27.35,   47.46,   26.62,   47.25,   26.63,   46.78,   26.43,  290.66,  161.69,     18740,  452.35,    6.42,    8.62,    6.73,    8.85,    6.47,    8.82,    5.68,    8.17,    5.96,    8.28,    5.64,    7.70,   36.89,   50.45,     18760,   87.34,    327.55,    212.14,    539.69
2026-06-02,06:53:57.999,   23.39,   17.42,   23.45,   17.55,   23.44,   17.47,   22.28,   17.12,   22.66,   17.39,   22.38,   17.32,  137.61,  104.27,     18700,  241.87,   12.59,   19.23,   12.72,   19.38,   12.84,   19.38,   10.64,   18.42,   11.25,   18.69,   10.59,   18.03,   70.64,  113.12,     18740,  183.76,    208.24,    217.39,    425.63
2026-06-02,06:53:58.050,   45.23,   19.23,   45.46,   19.05,   45.74,   19.17,   42.70,   18.18,   43.01,   18.21,   42.46,   18.16,  264.61,  111.99,     18840,  376.59,   10.69,   16.17,   10.96,   16.28,   10.84,   16.10,    9.43,   15.10,    9.63,   15.55,    9.27,   14.82,   60.83,   94.03,     18820,  154.86,    325.43,    206.02,    531.45
2026-06-02,06:53:58.099,   72.93,   28.92,   73.46,   29.18,   73.86,   29.93,   70.27,   28.92,   69.99,   29.25,   70.24,   28.86,  430.74,  175.06,     18480,  605.79,    9.78,   11.01,    9.79,   11.11,    9.80,   11.06,    8.65,   10.14,    8.89,   10.40,    8.69,    9.93,   55.60,   63.65,     18480,  119.25,    486.34,    238.70,    725.04
2026-06-02,06:53:58.149,   82.65,   34.89,   83.29,   34.43,   82.69,   34.36,   78.03,   33.77,   77.92,   33.86,   78.47,   33.31,  483.05,  204.62,     18760,  687.67,   56.68,   59.06,   55.55,   58.66,   55.58,   58.73,   51.45,   57.91,   52.40,   58.17,   51.61,   57.43,  323.26,  349.97,     18800,  673.23,    806.31,    554.59,   1360.90
2026-06-02,06:53:58.199,   61.02,   30.15,   60.94,   30.15,   60.77,   30.69,   58.18,   29.18,   58.22,   29.48,   58.03,   28.88,  357.16,  178.52,     18920,  535.69,   47.34,   41.85,   47.18,   41.95,   47.36,   42.07,   43.31,   40.64,   43.94,   40.94,   43.26,   39.95,  272.40,  247.41,     18780,  519.81,    629.57,    425.93,   1055.50
2026-06-02,06:53:58.250,   44.41,   71.28,   43.65,   70.94,   44.02,   71.66,   39.58,   71.04,   40.05,   71.22,   40.67,   71.41,  252.38,  427.56,     18780,  679.94,   54.82,   56.87,   53.69,   55.81,   54.79,   57.34,   50.74,   55.19,   52.04,   55.51,   50.67,   54.72,  316.76,  335.44,     18780,  652.19,    569.14,    762.99,   1332.13
2026-06-02,06:53:58.302,   70.76,  146.36,   70.44,  145.81,   70.39,  145.35,   61.69,  144.65,   61.70,  144.92,   61.55,  144.94,  396.52,  872.03,     18740, 1268.56,   23.96,   25.47,   24.06,   25.44,   24.34,   25.88,   22.88,   24.78,   23.16,   25.16,   22.53,   24.49,  140.92,  151.22,     18720,  292.15,    537.45,   1023.26,   1560.70
2026-06-02,06:53:58.350,   88.28,  152.20,   87.43,  151.49,   87.62,  152.16,   78.81,  150.81,   78.62,  150.99,   78.59,  150.93,  499.35,  908.58,     18800, 1407.94,   16.47,   18.30,   15.91,   18.13,   16.22,   18.34,   13.84,   17.08,   14.45,   17.77,   14.15,   17.34,   91.03,  106.96,     18780,  197.99,    590.39,   1015.54,   1605.93
2026-06-02,06:53:58.400,   62.87,   90.98,   61.84,   90.29,   62.50,   90.42,   57.42,   89.46,   57.55,   89.73,   57.16,   89.48,  359.34,  540.35,     18447,  899.70,   13.86,   18.90,   13.31,   18.55,   13.56,   18.94,   11.77,   17.86,   11.99,   18.15,   11.52,   17.28,   76.01,  109.67,     18408,  185.68,    435.35,    650.02,   1085.38
2026-06-02,06:53:58.451,   81.40,   34.80,   80.84,   34.46,   80.76,   34.58,   76.01,   33.49,   76.39,   33.48,   76.14,   33.39,  471.53,  204.19,     18704,  675.73,   14.34,   14.29,   14.31,   14.12,   14.46,   14.43,   13.35,   13.59,   13.73,   14.13,   13.50,   13.39,   83.69,   83.96,     18704,  167.65,    555.22,    288.15,    843.38
2026-06-02,06:53:58.502,   69.77,   30.08,   69.85,   30.03,   69.58,   29.86,   66.40,   28.73,   66.42,   29.03,   66.30,   28.61,  408.31,  176.34,     18760,  584.66,    9.59,   13.85,    9.48,   13.72,    9.57,   13.80,    8.19,   13.08,    8.58,   13.30,    7.89,   12.76,   53.29,   80.49,     18760,  133.78,    461.60,    256.84,    718.44
2026-06-02,06:53:58.552,   43.99,   36.05,   43.33,   36.28,   44.50,   36.36,   40.38,   35.55,   41.00,   35.67,   40.38,   35.27,  253.58,  215.18,     18820,  468.76,   11.21,   14.23,   11.40,   14.63,   11.46,   14.85,   10.45,   13.63,   10.50,   13.81,   10.47,   13.61,   65.49,   84.75,     18840,  150.24,    319.06,    299.94,    619.00
2026-06-02,06:53:58.602,   39.22,   29.73,   39.25,   29.40,   39.18,   29.66,   38.02,   28.97,   37.86,   29.02,   38.06,   28.97,  231.59,  175.76,     18840,  407.35,   10.87,   13.53,   10.97,   13.81,   10.90,   13.81,    9.45,   12.93,    9.73,   13.19,    9.33,   12.67,   61.24,   79.94,     18780,  141.19,    292.84,    255.70,    548.54
2026-06-02,06:53:58.653,   96.05,   36.62,   95.71,   36.57,   95.77,   36.76,   91.55,   35.44,   91.92,   35.49,   91.82,   35.51,  562.82,  216.40,     18820,  779.21,   12.20,   31.53,   12.49,   31.43,   12.49,   31.80,   11.44,   31.16,   11.58,   31.36,   11.31,   30.75,   71.51,  188.04,     18760,  259.56,    634.33,    404.44,   1038.77
2026-06-02,06:53:58.703,   48.66,   24.05,   48.66,   24.14,   48.22,   24.47,   46.64,   23.64,   46.53,   23.56,   46.96,   23.54,  285.67,  143.40,     18820,  429.07,   23.89,   34.74,   23.77,   34.47,   24.25,   35.03,   22.21,   34.01,   22.81,   34.51,   21.80,   33.58,  138.73,  206.34,     18760,  345.07,    424.40,    349.74,    774.14
2026-06-02,06:53:58.752,   35.46,   21.71,   35.60,   21.72,   35.78,   21.48,   34.62,   21.53,   34.50,   21.50,   34.47,   21.51,  210.43,  129.46,     18480,  339.89,   24.76,   32.74,   24.47,   32.59,   24.53,   33.19,   22.84,   32.23,   23.03,   32.29,   22.45,   31.74,  142.08,  194.78,     18480,  336.86,    352.51,    324.23,    676.74
2026-06-02,06:53:58.803,   74.93,   31.49,   74.66,   31.63,   74.58,   32.07,   71.94,   31.09,   71.58,   30.92,   71.77,   30.93,  439.46,  188.13,     18820,  627.59,   20.12,   33.54,   20.07,   33.38,   20.52,   33.98,   19.60,   33.04,   19.67,   33.29,   19.16,   32.28,  119.13,  199.51,     18840,  318.64,    558.59,    387.64,    946.23
2026-06-02,06:53:58.853,  139.85,   56.44,  139.82,   56.55,  140.72,   56.31,  137.63,   56.35,  137.13,   56.18,  136.01,   56.21,  831.17,  338.04,     18780, 1169.21,   31.34,   42.66,   31.14,   42.51,   31.30,   43.49,   29.72,   42.42,   29.94,   42.81,   29.13,   41.57,  182.57,  255.46,     18760,  438.03,   1013.74,    593.51,   1607.24
2026-06-02,06:53:58.903,  144.61,   48.67,  144.71,   48.10,  145.00,   48.95,  138.71,   46.42,  138.57,   46.51,  137.94,   46.15,  849.53,  284.79,     18680, 1134.32,   30.58,   35.81,   30.54,   35.30,   30.54,   35.70,   29.18,   35.21,   29.32,   35.37,   28.91,   34.68,  179.07,  212.06,     18640,  391.13,   1028.60,    496.85,   1525.45
2026-06-02,06:53:58.953,   55.25,   21.14,   55.77,   21.37,   55.44,   21.41,   53.39,   20.80,   54.06,   20.62,   54.19,   20.67,  328.10,  126.00,     18760,  454.11,   26.97,   33.17,   27.02,   33.02,   26.95,   33.15,   25.62,   32.29,   25.89,   32.68,   25.58,   32.00,  158.02,  196.31,     18780,  354.33,    486.12,    322.32,    808.44
2026-06-02,06:53:59.003,   42.92,   26.39,   42.79,   26.61,   43.26,   26.52,   41.24,   26.25,   40.88,   25.87,   40.74,   26.07,  251.82,  157.71,     18900,  409.53,   24.74,   31.71,   24.49,   31.63,   24.49,   31.75,   23.65,   31.30,   23.82,   31.57,   23.37,   30.92,  144.56,  188.88,     18760,  333.45,    396.39,    346.59,    742.98
2026-06-02,06:53:59.054,   63.38,   31.74,   63.20,   31.54,   63.53,   32.21,   59.41,   30.53,   60.33,   31.10,   59.86,   30.86,  369.69,  187.96,     18780,  557.66,   25.18,   38.43,   25.38,   38.10,   25.26,   38.63,   23.86,   37.68,   23.72,   37.62,   23.25,   36.95,  146.66,  227.41,     18760,  374.06,    516.35,    415.37,    931.72
2026-06-02,06:53:59.104,   57.74,   25.98,   57.67,   26.19,   57.75,   26.26,   55.97,   25.90,   56.01,   25.86,   55.70,   25.82,  340.85,  156.01,     18760,  496.86,   22.07,   33.97,   22.00,   34.25,   22.01,   34.71,   20.48,   33.82,   20.81,   34.00,   20.39,   33.27,  127.78,  204.02,     18760,  331.80,    468.63,    360.03,    828.65
2026-06-02,06:53:59.154,   49.84,   22.81,   50.14,   23.10,   50.16,   23.27,   48.60,   22.72,   48.44,   22.79,   48.24,   23.05,  295.42,  137.74,     18780,  433.16,   19.19,   27.19,   19.18,   27.08,   19.26,   27.47,   18.56,   27.03,   18.68,   27.16,   18.34,   26.54,  113.21,  162.46,     18820,  275.67,    408.63,    300.20,    708.83
2026-06-02,06:53:59.203,   23.60,   13.20,   23.33,   13.02,   23.63,   12.99,   21.70,   12.24,   21.86,   12.27,   21.68,   11.95,  135.80,   75.66,     18460,  211.47,    6.48,   14.72,    6.59,   14.71,    6.16,   14.77,    4.98,   14.09,    5.33,   14.35,    5.08,   13.92,   34.63,   86.55,     18360,  121.18,    170.43,    162.22,    332.64
2026-06-02,06:53:59.254,   62.43,   28.46,   62.46,   28.51,   62.78,   28.59,   59.07,   27.53,   59.35,   27.96,   59.17,   27.46,  365.26,  168.51,     18780,  533.77,   23.30,   35.47,   23.30,   35.41,   23.39,   35.96,   21.82,   35.06,   22.19,   35.22,   21.52,   34.14,  135.53,  211.26,     18760,  346.79,    500.79,    379.77,    880.57
2026-06-02,06:53:59.304,   71.90,   29.55,   71.68,   29.84,   72.36,   29.98,   68.44,   28.69,   68.78,   28.80,   68.51,   29.07,  421.68,  175.93,     18780,  597.61,   22.02,   34.31,   21.79,   34.01,   22.13,   34.30,   20.57,   33.70,   21.21,   34.01,   20.81,   33.27,  128.52,  203.59,     18800,  332.11,    550.20,    379.52,    929.72
2026-06-02,06:53:59.354,   57.60,   26.53,   57.95,   26.41,   58.09,   26.32,   55.96,   25.86,   56.13,   26.14,   55.76,   25.96,  341.49,  157.22,     18760,  498.71,   19.68,   30.81,   19.59,   30.78,   19.82,   31.14,   18.73,   30.44,   19.18,   30.60,   18.60,   30.11,  115.60,  183.88,     18760,  299.48,    457.09,    341.10,    798.19
2026-06-02,06:53:59.405,   46.42,   31.36,   46.69,   31.25,   46.63,   31.33,   44.66,   30.99,   44.94,   30.91,   44.89,   30.80,  274.23,  186.66,     18780,  460.89,   24.43,   38.29,   24.26,   37.84,   24.40,   38.48,   22.62,   37.42,   22.85,   37.80,   22.40,   37.32,  140.96,  227.15,     18740,  368.11,    415.19,    413.81,    829.00
2026-06-02,06:53:59.455,   21.92,   21.28,   21.94,   21.43,   22.02,   21.53,   21.01,   21.12,   20.95,   21.11,   20.79,   20.95,  128.63,  127.42,     18740,  256.05,   24.79,   33.30,   24.55,   33.55,   24.77,   33.72,   23.17,   32.97,   23.24,   33.25,   22.85,   32.42,  143.37,  199.20,     18760,  342.57,    272.00,    326.62,    598.62
2026-06-02,06:53:59.505,   89.30,   37.20,   89.77,   37.58,   89.65,   37.84,   86.20,   36.27,   86.08,   36.03,   85.78,   36.02,  526.77,  220.94,     18740,  747.71,   20.25,   34.60,   20.12,   34.12,   20.51,   34.86,   19.78,   34.33,   19.88,   34.22,   19.50,   33.48,  120.04,  205.61,     18720,  325.65,    646.81,    426.54,   1073.35
2026-06-02,06:53:59.555,   34.69,   23.01,   34.78,   23.06,   35.23,   23.06,   33.03,   22.62,   33.04,   22.72,   32.53,   22.53,  203.30,  137.00,     18780,  340.30,   26.22,   35.01,   25.85,   34.81,   26.07,   35.32,   24.34,   34.53,   24.82,   34.94,   24.10,   34.00,  151.41,  208.61,     18680,  360.02,    354.71,    345.61,    700.32
2026-06-02,06:53:59.605,   44.50,   34.37,   44.58,   34.18,   44.99,   34.60,   43.14,   34.14,   43.72,   34.38,   43.06,   33.92,  264.00,  205.59,     18720,  469.59,   27.86,   43.78,   27.31,   43.42,   27.59,   43.70,   25.50,   43.09,   25.80,   43.40,   25.27,   42.68,  159.32,  260.07,     18680,  419.39,    423.32,    465.66,    888.98
2026-06-02,06:53:59.655,   79.36,   39.59,   79.68,   39.63,   79.92,   39.99,   76.12,   38.81,   76.09,   38.60,   75.95,   38.29,  467.12,  234.91,     18780,  702.03,   25.76,   38.79,   25.64,   38.42,   25.94,   38.85,   24.61,   38.28,   24.95,   38.11,   24.24,   37.52,  151.14,  229.97,     18720,  381.11,    618.26,    464.88,   1083.14
2026-06-02,06:53:59.708,   56.12,   22.29,   57.30,   22.71,   56.65,   22.42,   55.48,   22.46,   54.73,   21.94,   55.27,   22.17,  335.55,  133.99,     18700,  469.53,   21.08,   30.71,   21.21,   30.82,   21.42,   31.18,   20.20,   30.33,   20.44,   30.55,   19.80,   29.73,  124.15,  183.33,     18740,  307.48,    459.70,    317.31,    777.01
2026-06-02,06:53:59.755,   34.49,   24.25,   34.50,   24.27,   34.68,   24.41,   33.34,   23.92,   33.52,   24.25,   33.60,   24.25,  204.13,  145.35,     18400,  349.48,   22.58,   29.91,   22.30,   29.82,   22.24,   30.22,   20.62,   29.41,   20.98,   29.69,   20.47,   29.00,  129.20,  178.03,     18420,  307.23,    333.33,    323.38,    656.71
2026-06-02,06:53:59.805,   59.51,  111.96,   58.92,  111.51,   59.24,  112.20,   52.20,  111.00,   52.55,  110.63,   52.83,  110.64,  335.27,  667.94,     18760, 1003.21,   27.70,   44.68,   27.14,   44.49,   27.96,   45.58,   25.90,   43.98,   25.98,   44.29,   25.25,   43.14,  159.92,  266.17,     18760,  426.09,    495.19,    934.10,   1429.29
2026-06-02,06:53:59.855,  113.93,  180.42,  115.02,  180.68,  115.21,  180.78,  106.39,  181.14,  106.19,  181.49,  105.33,  181.27,  662.06, 1085.79,     18740, 1747.84,   27.64,   31.40,   27.96,   31.60,   27.78,   31.85,   27.29,   31.77,   27.58,   31.74,   27.56,   31.33,  165.81,  189.70,     18800,  355.50,    827.87,   1275.48,   2103.35
2026-06-02,06:53:59.905,  125.03,  177.66,  124.06,  177.13,  124.85,  177.50,  113.38,  176.23,  113.56,  175.71,  112.45,  175.62,  713.33, 1059.86,     18780, 1773.18,   13.27,   19.61,   13.13,   19.19,   13.85,   20.10,   12.09,   18.88,   12.10,   19.22,   11.68,   18.96,   76.11,  115.97,     18740,  192.08,    789.44,   1175.83,   1965.26
2026-06-02,06:53:59.956,   94.12,  177.73,   94.28,  177.56,   94.42,  177.73,   85.58,  176.89,   85.19,  177.15,   84.63,  176.64,  538.22, 1063.71,     18720, 1601.93,   25.34,   38.42,   24.41,   37.80,   24.71,   38.30,   22.92,   37.17,   22.84,   37.20,   21.82,   35.91,  142.03,  224.81,     18760,  366.84,    680.25,   1288.52,   1968.77
2026-06-02,06:54:00.006,   58.12,  169.45,   58.23,  169.58,   58.60,  169.55,   49.85,  169.51,   49.92,  169.24,   49.34,  169.53,  324.06, 1016.87,     18760, 1340.93,   23.99,   35.38,   24.01,   35.05,   23.92,   35.55,   22.96,   34.85,   22.92,   34.99,   22.63,   34.11,  140.43,  209.92,     18720,  350.35,    464.49,   1226.79,   1691.28
2026-06-02,06:54:00.056,   39.08,  159.67,   38.41,  159.57,   38.67,  159.92,   31.46,  159.52,   31.66,  158.99,   31.27,  158.87,  210.55,  956.54,     18880, 1167.09,   22.82,   33.27,   22.54,   32.93,   22.59,   33.42,   21.67,   32.85,   21.78,   32.66,   21.19,   32.15,  132.59,  197.29,     18760,  329.89,    343.15,   1153.83,   1496.98
2026-06-02,06:54:00.106,   67.11,  178.17,   66.80,  177.51,   67.28,  178.02,   56.61,  177.08,   57.16,  177.12,   56.69,  177.27,  371.66, 1065.17,     18820, 1436.83,   29.16,   41.16,   28.42,   40.58,   28.74,   40.90,   26.52,   39.83,   26.60,   40.15,   26.43,   39.46,  165.87,  242.08,     18760,  407.95,    537.53,   1307.24,   1844.77
2026-06-02,06:54:00.156,   86.82,  174.73,   86.85,  173.69,   86.80,  174.57,   76.67,  173.58,   76.75,  173.98,   76.81,  173.44,  490.70, 1043.98,     18800, 1534.68,   24.92,   39.55,   24.38,   38.89,   24.89,   39.58,   23.03,   38.78,   23.21,   39.00,   22.55,   38.15,  142.99,  233.95,     18760,  376.94,    633.69,   1277.93,   1911.62
2026-06-02,06:54:00.207,   32.35,  154.77,   32.21,  154.91,   32.81,  154.68,   25.32,  154.77,   25.19,  154.94,   24.92,  154.76,  172.81,  928.83,     18368, 1101.64,   19.95,   28.32,   20.08,   28.17,   20.26,   28.53,   19.47,   28.00,   19.67,   28.12,   19.16,   27.51,  118.59,  168.66,     18388,  287.24,    291.39,   1097.49,   1388.88
2026-06-02,06:54:00.260,   45.40,  171.45,   45.07,  171.32,   46.05,  171.80,   37.64,  171.00,   37.63,  170.37,   37.16,  170.52,  248.97, 1026.47,     18760, 1275.44,   24.52,   36.63,   23.85,   36.35,   24.14,   36.69,   22.18,   35.50,   22.38,   35.84,   21.69,   34.96,  138.75,  215.97,     18740,  354.72,    387.72,   1242.44,   1630.16
2026-06-02,06:54:00.308,   79.11,  173.03,   79.65,  172.89,   79.38,  173.05,   69.08,  171.80,   68.79,  172.09,   68.94,  172.20,  444.94, 1035.07,     19020, 1480.01,   25.15,   39.24,   24.86,   38.79,   25.42,   39.45,   23.04,   38.51,   22.95,   38.52,   22.53,   37.56,  143.95,  232.06,     19020,  376.01,    588.89,   1267.13,   1856.02
2026-06-02,06:54:00.358,   81.19,  173.89,   81.38,  173.94,   80.76,  173.80,   70.68,  173.40,   70.98,  173.12,   70.85,  173.24,  455.84, 1041.40,     18700, 1497.24,   23.85,   35.72,   23.73,   35.54,   23.91,   35.90,   22.68,   34.98,   22.79,   35.31,   22.23,   34.18,  139.20,  211.62,     18720,  350.83,    595.04,   1253.03,   1848.07
2026-06-02,06:54:00.408,   48.66,  158.94,   48.82,  158.75,   48.58,  158.99,   40.32,  158.76,   40.27,  158.75,   40.11,  158.89,  266.76,  953.08,     18428, 1219.84,   23.73,   31.28,   23.59,   30.90,   23.73,   31.53,   22.51,   30.60,   22.65,   30.95,   21.95,   29.90,  138.16,  185.15,     18348,  323.32,    404.92,   1138.23,   1543.15
2026-06-02,06:54:00.457,   61.72,  171.38,   61.64,  171.02,   62.00,  171.12,   52.14,  169.69,   52.18,  169.76,   52.43,  170.20,  342.12, 1023.17,     18712, 1365.29,   28.69,   43.17,   27.92,   42.37,   28.40,   43.40,   26.14,   42.00,   26.37,   41.86,   25.75,   40.95,  163.27,  253.75,     18754,  417.02,    505.38,   1276.92,   1782.31
2026-06-02,06:54:00.508,   85.39,  179.00,   85.27,  178.20,   84.83,  178.57,   75.50,  177.71,   74.91,  177.60,   74.86,  177.30,  480.77, 1068.38,     18780, 1549.15,   28.18,   41.03,   27.81,   40.56,   28.34,   41.30,   26.42,   40.62,   26.41,   40.87,   25.84,   39.98,  163.00,  244.37,     18720,  407.37,    643.77,   1312.75,   1956.52
2026-06-02,06:54:00.558,   50.34,  161.67,   50.98,  162.10,   51.10,  162.13,   42.51,  161.86,   42.20,  161.64,   42.50,  161.56,  279.64,  970.97,     18780, 1250.61,   20.33,   30.42,   20.40,   30.70,   20.57,   30.97,   19.94,   30.47,   19.81,   30.37,   19.57,   30.16,  120.62,  183.09,     18780,  303.71,    400.25,   1154.06,   1554.31
2026-06-02,06:54:00.608,   65.76,   98.64,   65.09,   98.16,   65.65,   98.45,   60.80,   97.89,   60.80,   97.88,   60.31,   97.73,  378.40,  588.75,     18760,  967.15,   24.64,   34.51,   24.36,   33.91,   24.51,   34.51,   23.01,   33.32,   23.36,   33.58,   22.81,   32.90,  142.70,  202.73,     18780,  345.43,    521.10,    791.48,   1312.58
2026-06-02,06:54:00.659,   73.89,   78.89,   73.50,   78.60,   74.14,   79.14,   68.55,   78.43,   68.67,   78.35,   68.12,   77.90,  426.87,  471.32,     18760,  898.19,   25.36,   36.77,   24.90,   36.34,   25.58,   37.18,   23.79,   36.05,   24.04,   36.59,   23.28,   36.18,  146.95,  219.11,     18860,  366.07,    573.83,    690.43,   1264.26
2026-06-02,06:54:00.709,   84.37,  102.39,   84.52,  101.98,   84.47,  102.24,   79.69,  101.73,   79.16,  101.80,   79.20,  101.53,  491.39,  611.67,     18860, 1103.06,    9.66,   15.96,    9.40,   15.91,    9.62,   15.82,    8.62,   15.36,    8.73,   15.21,    8.59,   14.35,   54.62,   92.62,     18760,  147.24,    546.01,    704.28,   1250.30
2026-06-02,06:54:00.759,   37.26,   90.25,   37.09,   89.74,   37.60,   89.95,   32.93,   89.42,   33.00,   89.29,   32.86,   89.66,  210.74,  538.31,     18780,  749.04,   23.91,   33.99,   23.99,   33.98,   24.16,   34.57,   22.84,   33.52,   22.96,   33.64,   22.31,   32.67,  140.17,  202.38,     18720,  342.55,    350.90,    740.69,   1091.59
2026-06-02,06:54:00.809,   74.87,   94.00,   74.90,   93.93,   75.15,   94.22,   68.88,   93.58,   67.92,   93.26,   68.25,   93.25,  429.97,  562.23,     18388,  992.20,   21.39,   34.76,   20.96,   34.43,   21.22,   34.92,   19.63,   33.83,   19.70,   34.06,   19.26,   33.33,  122.16,  205.33,     18368,  327.48,    552.13,    767.56,   1319.69
2026-06-02,06:54:00.859,  101.98,  117.34,  101.62,  117.07,  102.05,  116.94,   98.16,  116.56,   98.41,  116.86,   97.82,  117.01,  600.04,  701.78,     18720, 1301.82,   30.62,   42.70,   30.21,   42.13,   30.38,   42.90,   28.65,   41.85,   28.72,   42.05,   28.19,   41.15,  176.77,  252.78,     18700,  429.55,    776.81,    954.56,   1731.37
2026-06-02,06:54:00.910,  102.95,  107.96,  102.63,  107.61,  103.37,  107.81,   95.55,  107.04,   95.51,  106.83,   94.41,  106.43,  594.42,  643.67,     18724, 1238.10,   23.02,   34.26,   22.99,   34.05,   23.17,   34.60,   22.15,   33.92,   22.10,   33.94,   21.82,   33.25,  135.26,  204.01,     18783,  339.27,    729.69,    847.68,   1577.37
2026-06-02,06:54:00.961,  138.78,   78.78,  139.24,   78.83,  139.07,   78.72,  135.11,   78.45,  133.67,   77.30,  134.20,   78.07,  820.06,  470.15,     18720, 1290.21,   23.85,   36.19,   23.71,   35.99,   23.57,   36.29,   22.25,   35.62,   22.49,   35.85,   22.25,   35.25,  138.12,  215.19,     18720,  353.31,    958.19,    685.34,   1643.53
2026-06-02,06:54:01.011,   22.97,   20.83,   23.00,   21.10,   23.02,   21.36,   22.63,   21.15,   22.70,   21.24,   22.59,   21.00,  136.91,  126.68,     18720,  263.59,   21.65,   29.86,   21.79,   29.86,   21.60,   29.84,   20.33,   29.40,   20.64,   29.52,   20.18,   29.24,  126.19,  177.70,     18720,  303.90,    263.10,    304.38,    567.49
2026-06-02,06:54:01.061,   61.50,   27.67,   61.77,   27.51,   61.49,   27.61,   58.62,   26.72,   58.84,   26.57,   58.86,   26.15,  361.08,  162.21,     18800,  523.29,   17.04,   27.99,   16.54,   27.69,   16.94,   28.24,   15.93,   27.06,   16.05,   27.25,   15.62,   26.40,   98.12,  164.64,     18760,  262.76,    459.20,    326.85,    786.05
2026-06-02,06:54:01.111,   50.88,   24.94,   51.17,   25.30,   51.23,   25.20,   49.89,   25.14,   49.83,   24.86,   49.77,   25.43,  302.77,  150.87,     18760,  453.64,   21.66,   31.99,   21.57,   31.88,   21.43,   32.46,   20.05,   31.82,   20.52,   31.96,   19.99,   31.38,  125.22,  191.49,     18780,  316.71,    427.98,    342.36,    770.34
2026-06-02,06:54:01.161,   41.35,   24.23,   41.22,   24.08,   41.67,   24.10,   39.59,   23.57,   39.85,   23.59,   39.81,   23.56,  243.49,  143.13,     18840,  386.62,   20.83,   31.58,   20.53,   30.92,   20.65,   31.61,   19.39,   30.52,   19.73,   30.89,   19.27,   30.14,  120.39,  185.67,     18760,  306.07,    363.88,    328.80,    692.68
2026-06-02,06:54:01.212,   97.34,   37.68,   97.88,   37.59,   97.51,   37.87,   93.73,   37.05,   94.12,   36.97,   93.73,   36.83,  574.30,  223.97,     18760,  798.28,   23.09,   38.76,   22.77,   38.47,   23.35,   39.20,   21.72,   38.44,   22.06,   38.71,   21.60,   37.70,  134.58,  231.29,     18720,  365.87,    708.88,    455.27,   1164.15
2026-06-02,06:54:01.262,   54.99,   27.01,   55.81,   27.19,   55.86,   27.14,   54.26,   27.09,   53.71,   26.55,   54.02,   26.75,  328.66,  161.73,     18760,  490.39,   22.76,   34.73,   22.81,   34.58,   22.99,   34.93,   21.56,   34.04,   21.87,   34.46,   21.24,   33.50,  133.22,  206.24,     18800,  339.46,    461.89,    367.96,    829.85
2026-06-02,06:54:01.312,   30.54,   22.15,   30.79,   22.12,   30.59,   22.14,   29.53,   21.81,   29.48,   21.67,   30.00,   21.94,  180.91,  131.85,     18740,  312.76,   22.96,   31.83,   22.85,   31.76,   22.92,   32.50,   21.16,   31.54,   21.64,   31.84,   21.15,   31.18,  132.67,  190.65,     18720,  323.33,    313.58,    322.50,    636.09
2026-06-02,06:54:01.363,   32.18,   24.24,   32.48,   24.36,   32.11,   24.22,   31.76,   23.87,   31.43,   23.87,   31.57,   24.04,  191.53,  144.59,     18508,  336.12,   20.09,   32.89,   19.97,   32.96,   20.19,   33.02,   18.31,   32.27,   18.52,   32.34,   18.08,   31.65,  115.16,  195.14,     18506,  310.30,    306.69,    339.73,    646.42
2026-06-02,06:54:01.413,   43.95,   25.64,   44.28,   26.21,   43.95,   26.04,   43.47,   25.71,   43.79,   25.76,   43.55,   25.69,  262.98,  155.05,     18760,  418.03,   14.57,   26.96,   14.46,   26.74,   14.69,   26.90,   14.00,   26.57,   14.18,   26.29,   13.52,   25.56,   85.42,  159.02,     18760,  244.44,    348.41,    314.06,    662.47
2026-06-02,06:54:01.463,  148.94,   98.22,  149.18,   97.79,  149.00,   98.33,  145.67,   98.01,  145.72,   97.26,  145.89,   97.05,  884.40,  586.65,     18780, 1471.05,   28.06,   39.64,   27.79,   39.45,   27.75,   39.94,   26.44,   39.13,   26.76,   39.60,   26.04,   38.73,  162.84,  236.49,     18760,  399.33,   1047.23,    823.15,   1870.38
2026-06-02,06:54:01.514,  134.61,   54.01,  134.79,   53.88,  135.30,   54.68,  128.87,   52.67,  129.00,   52.56,  128.62,   52.38,  791.20,  320.17,     18820, 1111.37,   25.73,   38.54,   25.29,   38.11,   25.59,   38.94,   24.10,   38.37,   24.28,   38.81,   23.83,   37.92,  148.82,  230.69,     18920,  379.51,    940.01,    550.86,   1490.88
2026-06-02,06:54:01.564,  138.56,   70.58,  139.24,   70.88,  139.96,   71.21,  134.22,   70.21,  133.17,   69.07,  133.11,   69.36,  818.25,  421.31,     19080, 1239.56,   14.70,   23.78,   14.53,   24.39,   14.70,   24.35,   13.42,   23.58,   13.12,   23.62,   13.02,   23.00,   83.49,  142.71,     18740,  226.20,    901.74,    564.03,   1465.77
2026-06-02,06:54:01.614,   86.72,   60.56,   85.63,   60.12,   86.05,   60.89,   84.96,   60.76,   84.83,   60.46,   84.94,   60.70,  513.13,  363.48,     18760,  876.61,   42.24,   51.47,   42.30,   50.54,   42.32,   51.00,   39.84,   49.88,   40.22,   50.25,   39.63,   49.28,  246.56,  302.42,     18720,  548.98,    759.69,    665.90,   1425.60
2026-06-02,06:54:01.664,  127.64,   46.74,  128.40,   47.37,  128.36,   47.44,  124.17,   45.93,  123.45,   45.72,  123.70,   45.48,  755.71,  278.67,     18700, 1034.38,   30.64,   39.19,   30.08,   38.71,   30.39,   39.42,   28.40,   38.11,   28.60,   38.53,   28.14,   37.74,  176.24,  231.69,     18680,  407.93,    931.96,    510.36,   1442.31
2026-06-02,06:54:01.714,   91.66,   58.67,   92.29,   58.93,   91.50,   58.73,   89.25,   58.28,   88.85,   57.97,   88.49,   57.97,  542.03,  350.55,     18700,  892.58,   26.87,   37.66,   26.45,   37.28,   26.59,   37.66,   25.10,   36.98,   25.50,   37.67,   25.13,   36.57,  155.64,  223.83,     18740,  379.46,    697.67,    574.38,   1272.05
2026-06-02,06:54:01.764,   24.30,   19.05,   24.66,   19.01,   24.68,   19.07,   23.89,   18.88,   23.97,   19.27,   23.43,   18.73,  144.92,  114.00,     18680,  258.93,   21.62,   31.11,   21.50,   30.94,   21.58,   31.04,   21.18,   30.90,   21.08,   30.69,   20.59,   30.15,  127.55,  184.83,     18680,  312.38,    272.47,    298.83,    571.31
2026-06-02,06:54:01.814,  110.97,   47.28,  111.21,   47.50,  111.74,   48.13,  108.12,   46.83,  107.64,   46.94,  108.04,   46.59,  657.73,  283.27,     18660,  940.99,   24.76,   37.91,   24.69,   37.54,   24.81,   38.03,   23.14,   36.90,   23.67,   37.27,   23.05,   36.32,  144.13,  223.97,     18580,  368.10,    801.86,    507.23,   1309.09
2026-06-02,06:54:01.863,   93.90,   50.14,   94.15,   50.44,   93.44,   49.67,   92.33,   49.62,   90.87,   48.83,   91.01,   49.52,  555.72,  298.21,     18520,  853.93,   27.82,   37.87,   27.57,   37.26,   27.52,   37.68,   26.03,   37.12,   26.58,   37.54,   26.19,   37.05,  161.71,  224.53,     18400,  386.24,    717.42,    522.74,   1240.17
2026-06-02,06:54:01.913,  158.41,   65.82,  159.09,   65.90,  158.78,   65.70,  152.46,   64.94,  152.62,   65.06,  152.21,   64.16,  933.57,  391.57,     18760, 1325.15,   33.73,   45.76,   33.49,   45.44,   33.77,   45.75,   32.77,   45.72,   32.76,   45.79,   32.51,   44.97,  199.03,  273.43,     18800,  472.46,   1132.60,    665.00,   1797.61
2026-06-02,06:54:01.964,  110.68,   51.30,  111.55,   51.82,  111.61,   52.01,  108.70,   50.98,  108.10,   51.42,  108.89,   51.16,  659.53,  308.68,     18840,  968.21,   70.01,   68.55,   69.00,   67.71,   69.36,   68.54,   64.85,   66.63,   65.68,   67.14,   64.17,   65.93,  403.07,  404.50,     19040,  807.56,   1062.59,    713.18,   1775.78
2026-06-02,06:54:02.015,   69.01,   44.99,   70.12,   45.88,   69.50,   45.09,   67.30,   44.89,   67.95,   45.57,   67.29,   44.65,  411.17,  271.06,     18700,  682.23,   54.16,   58.48,   53.21,   57.50,   54.74,   58.93,   51.94,   57.02,   52.43,   57.59,   51.05,   56.42,  317.53,  345.95,     18720,  663.47,    728.69,    617.01,   1345.70
2026-06-02,06:54:02.064,  272.53,  219.21,  271.88,  218.25,  275.10,  221.26,  255.90,  215.72,  256.09,  216.53,  255.36,  215.62, 1586.86, 1306.59,     18740, 2893.45,   85.04,   82.86,   84.05,   82.19,   84.33,   82.86,   80.99,   81.44,   81.79,   82.14,   80.67,   80.48,  496.86,  491.97,     18460,  988.83,   2083.72,   1798.55,   3882.27
2026-06-02,06:54:02.114,  283.99,  157.62,  284.13,  157.09,  284.42,  158.29,  269.85,  157.60,  269.39,  157.44,  269.71,  157.27, 1661.49,  945.32,     18780, 2606.81,   82.61,   73.25,   81.98,   72.61,   83.12,   73.98,   81.51,   71.96,   81.91,   72.76,   80.81,   71.69,  491.94,  436.25,     18880,  928.19,   2153.42,   1381.57,   3535.00
2026-06-02,06:54:02.165,  139.04,   65.96,  139.06,   65.47,  139.62,   66.25,  132.23,   65.33,  131.52,   64.52,  131.53,   63.97,  812.99,  391.51,     18680, 1204.50,   49.77,   61.05,   49.87,   61.65,   49.57,   61.29,   45.94,   58.95,   46.88,   59.99,   46.22,   58.95,  288.24,  361.88,     18740,  650.12,   1101.23,    753.39,   1854.62
2026-06-02,06:54:02.215,   48.59,   94.64,   48.44,   93.24,   47.90,   93.95,   36.38,   92.57,   36.01,   92.56,   36.32,   92.07,  253.64,  559.02,     18880,  812.66,   72.48,   94.38,   77.17,   99.55,   73.29,   95.60,   65.53,   90.02,   65.66,   89.76,   65.25,   89.57,  419.38,  558.88,     18840,  978.26,    673.02,   1117.90,   1790.92
2026-06-02,06:54:02.265,   34.80,   35.12,   34.40,   34.90,   34.61,   34.86,   33.85,   35.13,   34.04,   35.15,   33.28,   35.14,  204.99,  210.30,     18700,  415.29,   79.70,  112.47,   79.52,  111.78,   79.53,  112.04,   72.17,  107.68,   72.61,  108.47,   72.21,  107.31,  455.74,  659.75,     18720, 1115.49,    660.73,    870.05,   1530.78
2026-06-02,06:54:02.315,  113.81,   51.57,  113.71,   50.91,  112.94,   50.74,  108.85,   50.36,  108.31,   50.46,  108.64,   49.98,  666.25,  304.03,     18740,  970.28,   80.28,  117.61,   85.72,  123.09,   80.93,  118.66,   73.93,  115.24,   74.80,  115.69,   73.32,  113.67,  468.98,  703.97,     18760, 1172.95,   1135.23,   1007.99,   2143.23
2026-06-02,06:54:02.365,   83.39,   44.65,   82.86,   43.41,   82.78,   44.24,   80.16,   43.46,   78.47,   42.66,   79.17,   43.02,  486.83,  261.43,     18680,  748.26,   80.98,  112.94,   86.22,  118.52,   81.31,  113.55,   74.20,  110.38,   74.91,  111.10,   73.70,  110.36,  471.33,  676.85,     18680, 1148.18,    958.16,    938.28,   1896.44
2026-06-02,06:54:02.416,  280.13,  273.45,  280.77,  273.22,  281.15,  274.09,  247.13,  271.42,  246.81,  271.73,  246.66,  271.17, 1582.65, 1635.07,     18820, 3217.72,   37.57,   44.07,   38.29,   44.79,   37.95,   44.55,   36.09,   43.48,   36.22,   43.64,   35.41,   42.35,  221.53,  262.88,     18680,  484.41,   1804.18,   1897.95,   3702.13
2026-06-02,06:54:02.466,  156.73,   88.19,  157.38,   87.83,  156.41,   88.27,  137.07,   83.17,  137.61,   83.70,  137.88,   83.30,  883.08,  514.46,     18980, 1397.54,   31.98,   50.41,   31.57,   50.00,   32.31,   50.95,   30.38,   49.70,   30.60,   50.07,   29.86,   48.85,  186.69,  299.97,     18680,  486.66,   1069.78,    814.43,   1884.20
2026-06-02,06:54:02.516,   95.01,   68.20,   94.24,   67.24,   96.01,   69.03,   83.99,   66.76,   83.46,   66.10,   83.10,   66.42,  535.80,  403.75,     18900,  939.55,   26.54,   35.77,   26.02,   35.40,   26.62,   36.05,   24.73,   35.39,   25.03,   35.42,   24.63,   34.85,  153.57,  212.88,     18660,  366.45,    689.37,    616.63,   1306.00
2026-06-02,06:54:02.566,   95.06,  125.64,   94.69,  124.66,   94.61,  125.35,   79.25,  121.02,   78.92,  120.75,   79.22,  120.62,  521.76,  738.03,    113160, 1259.79,   47.80,   58.57,   50.89,   61.27,   49.15,   59.99,   43.48,   58.02,   44.11,   58.65,   44.05,   58.50,  279.48,  355.00,     18700,  634.48,    801.24,   1093.03,   1894.26
2026-06-02,06:54:02.616,  172.26,  169.97,  174.06,  171.66,  173.10,  170.64,  159.01,  166.98,  158.03,  166.59,  158.58,  167.33,  995.05, 1013.18,     30200, 2008.23,   95.36,  106.31,   95.78,  106.85,   95.55,  106.54,   80.77,  101.71,   80.43,  101.89,   80.46,  102.59,  528.35,  625.89,     18660, 1154.24,   1523.40,   1639.07,   3162.47
2026-06-02,06:54:02.666,  201.15,  136.76,  200.71,  135.22,  199.50,  134.42,  189.45,  131.86,  189.69,  132.77,  190.95,  132.30, 1171.45,  803.34,     45900, 1974.79,   88.74,  104.52,   93.23,  109.38,   88.36,  103.84,   72.45,   97.78,   72.91,   98.14,   72.01,   96.31,  487.70,  609.96,     18700, 1097.66,   1659.15,   1413.30,   3072.45
2026-06-02,06:54:02.716,  151.85,  113.02,  150.67,  111.55,  150.61,  112.07,  141.99,  109.39,  142.27,  110.21,  142.03,  110.24,  879.41,  666.48,     91220, 1545.90,   30.80,   48.40,   30.22,   47.49,   30.78,   48.61,   28.69,   47.86,   29.26,   48.33,   28.38,   47.17,  178.13,  287.86,     18660,  466.00,   1057.55,    954.34,   2011.89
2026-06-02,06:54:02.767,  231.07,  142.58,  231.24,  142.48,  229.80,  141.50,  216.24,  137.68,  216.56,  137.44,  217.52,  138.59, 1342.43,  840.27,     19060, 2182.70,   27.83,   38.94,   27.69,   38.81,   28.19,   39.47,   27.37,   38.82,   27.16,   39.10,   26.79,   38.21,  165.03,  233.35,     19040,  398.38,   1507.46,   1073.62,   2581.08
2026-06-02,06:54:02.817,  241.72,  161.15,  242.98,  161.56,  242.20,  161.10,  226.67,  155.73,  225.96,  156.69,  226.25,  155.91, 1405.79,  952.13,     18720, 2357.92,   35.23,   50.74,   35.00,   50.30,   35.74,   51.17,   34.07,   50.27,   34.58,   50.71,   33.76,   50.01,  208.37,  303.21,     18680,  511.58,   1614.16,   1255.34,   2869.50
2026-06-02,06:54:02.867,  222.36,  127.08,  222.12,  125.95,  223.11,  127.21,  208.15,  123.47,  208.06,  123.00,  208.34,  123.57, 1292.14,  750.27,     18720, 2042.42,   47.02,   56.70,   48.20,   57.94,   47.30,   56.97,   42.07,   55.20,   42.34,   55.32,   41.77,   54.48,  268.70,  336.61,     18700,  605.31,   1560.85,   1086.88,   2647.73
2026-06-02,06:54:02.917,  226.35,   74.55,  225.47,   73.66,  225.89,   73.63,  220.38,   73.52,  219.32,   73.48,  220.41,   73.28, 1337.83,  442.14,     18760, 1779.97,   75.12,   92.20,   78.34,   95.50,   75.42,   93.00,   64.70,   90.75,   65.23,   91.51,   65.23,   90.79,  424.04,  553.75,     18680,  977.79,   1761.87,    995.90,   2757.76
2026-06-02,06:54:02.967,  132.80,   50.09,  132.27,   50.23,  132.46,   50.27,  121.52,   47.35,  121.41,   47.48,  121.32,   46.78,  761.79,  292.19,     18720, 1053.97,   55.26,   78.71,   55.45,   78.97,   55.82,   78.67,   49.05,   77.81,   49.21,   78.07,   48.78,   77.73,  313.58,  469.97,     18720,  783.55,   1075.37,    762.16,   1837.52
2026-06-02,06:54:03.017,  189.67,  105.06,  189.12,  103.90,  189.06,  104.32,  168.20,  101.26,  169.63,  101.76,  168.76,  101.13, 1074.43,  617.43,     18660, 1691.86,   31.10,   43.29,   30.91,   42.66,   31.27,   43.68,   29.44,   42.73,   29.70,   43.07,   29.17,   42.05,  181.59,  257.48,     18680,  439.08,   1256.03,    874.91,   2130.94
2026-06-02,06:54:03.067,  474.78,  235.14,  476.72,  234.48,  475.07,  234.70,  456.13,  231.26,  457.38,  233.07,  459.26,  232.99, 2799.34, 1401.65,     18800, 4200.99,   34.58,   43.25,   34.21,   43.04,   35.29,   44.04,   32.80,   42.64,   33.39,   43.01,   32.42,   41.82,  202.70,  257.80,     18780,  460.49,   3002.04,   1659.44,   4661.48
2026-06-02,06:54:03.117,  279.52,  184.30,  281.06,  184.61,  279.27,  184.40,  271.37,  183.00,  270.42,  182.42,  272.02,  183.47, 1653.65, 1102.21,     18760, 2755.86,   73.65,   72.83,   73.01,   71.84,   73.73,   72.97,   68.16,   70.08,   69.22,   70.90,   67.89,   69.52,  425.65,  428.14,     18700,  853.79,   2079.31,   1530.35,   3609.65
2026-06-02,06:54:03.167,  342.28,  191.26,  342.52,  190.75,  341.11,  190.40,  336.55,  189.75,  336.27,  189.57,  336.68,  189.57, 2035.40, 1141.30,     49480, 3176.71,   85.20,   99.87,   86.01,  101.12,   86.21,  101.56,   77.89,   98.43,   78.92,   98.92,   78.19,   97.83,  492.44,  597.73,     18680, 1090.17,   2527.84,   1739.04,   4266.88
2026-06-02,06:54:03.217,  226.00,  132.54,  224.39,  131.85,  223.44,  131.37,  216.86,  128.31,  218.74,  129.31,  218.87,  129.29, 1328.30,  782.67,     96220, 2110.97,   66.60,   86.61,   66.34,   87.05,   66.36,   87.22,   63.08,   84.88,   63.05,   84.42,   62.79,   83.66,  388.23,  513.85,     18400,  902.07,   1716.53,   1296.51,   3013.04
2026-06-02,06:54:03.268,  224.16,  204.43,  225.16,  203.47,  223.34,  203.84,  215.09,  202.77,  216.87,  203.21,  217.06,  202.55, 1321.68, 1220.26,     18820, 2541.94,   36.73,   48.17,   36.61,   47.96,   37.08,   48.73,   35.39,   47.45,   35.51,   47.83,   35.36,   47.00,  216.67,  287.14,     19000,  503.81,   1538.35,   1507.40,   3045.75
2026-06-02,06:54:03.318,  245.24,  112.51,  245.69,  112.63,  245.60,  112.47,  239.16,  110.70,  238.61,  111.48,  239.65,  112.13, 1453.95,  671.91,     18700, 2125.86,   37.07,   45.43,   36.84,   45.50,   36.99,   45.85,   34.88,   44.73,   35.55,   45.53,   34.78,   44.63,  216.12,  271.67,     18680,  487.79,   1670.07,    943.58,   2613.65
2026-06-02,06:54:03.368,  210.10,  195.31,  210.83,  195.26,  210.65,  194.82,  201.07,  193.95,  201.20,  194.92,  202.20,  194.91, 1236.05, 1169.17,     18700, 2405.22,   33.75,   38.22,   33.61,   38.17,   34.53,   39.23,   32.30,   37.79,   32.85,   37.87,   32.08,   37.03,  199.12,  228.30,     18660,  427.42,   1435.17,   1397.48,   2832.64
2026-06-02,06:54:03.418,  101.66,   46.63,  102.27,   46.54,  102.23,   47.27,  101.05,   46.84,  100.51,   47.35,  100.73,   46.90,  608.45,  281.53,     18740,  889.99,   30.06,   43.16,   29.71,   42.72,   30.09,   43.39,   28.51,   42.67,   29.20,   43.10,   28.46,   42.11,  176.04,  257.15,     18760,  433.19,    784.49,    538.69,   1323.18
2026-06-02,06:54:03.468,   93.37,   79.00,   93.42,   78.05,   93.26,   79.03,   87.05,   76.82,   88.32,   77.50,   86.88,   76.47,  542.31,  466.88,     18720, 1009.19,   17.55,   21.47,   17.74,   21.89,   18.43,   22.72,   17.66,   22.13,   17.79,   22.53,   17.95,   22.44,  107.12,  133.18,     18680,  240.30,    649.43,    600.06,   1249.50
2026-06-02,06:54:03.518,   59.01,  187.73,   58.61,  187.66,   59.24,  187.32,   53.38,  187.75,   53.47,  188.32,   53.20,  188.58,  336.92, 1127.36,     18680, 1464.28,   28.04,   39.55,   27.30,   38.87,   27.54,   39.51,   25.70,   38.17,   25.45,   37.85,   24.78,   36.89,  158.81,  230.84,     18680,  389.66,    495.74,   1358.20,   1853.94
2026-06-02,06:54:03.568,   49.51,  187.88,   49.18,  186.38,   48.68,  186.36,   38.55,  185.29,   38.50,  186.47,   38.60,  185.00,  263.03, 1117.38,     18820, 1380.41,   25.24,   37.13,   24.77,   37.01,   25.19,   37.37,   23.93,   37.05,   23.83,   36.82,   23.72,   36.47,  146.68,  221.85,     18720,  368.53,    409.71,   1339.23,   1748.94
2026-06-02,06:54:03.618,  111.44,  241.56,  112.08,  242.33,  112.54,  242.16,   97.43,  238.01,   97.57,  237.79,   97.87,  239.12,  628.93, 1440.97,     18680, 2069.91,   28.63,   40.67,   28.41,   40.56,   28.86,   41.24,   27.61,   40.50,   27.91,   40.40,   27.80,   39.88,  169.20,  243.23,     18660,  412.43,    798.14,   1684.20,   2482.34
2026-06-02,06:54:03.668,   60.28,  223.25,   59.67,  223.69,   60.91,  223.34,   51.77,  223.33,   51.97,  222.70,   51.70,  223.44,  336.31, 1339.75,     18720, 1676.05,   33.13,   45.21,   33.30,   44.95,   33.63,   45.91,   31.77,   45.00,   31.37,   44.55,   31.14,   43.67,  194.32,  269.29,     18720,  463.60,    530.63,   1609.03,   2139.66
2026-06-02,06:54:03.718,   56.77,  224.48,   56.46,  223.79,   56.49,  223.14,   45.86,  222.73,   45.93,  223.01,   45.45,  223.60,  306.94, 1340.77,     18700, 1647.71,   26.71,   38.27,   26.27,   37.78,   26.92,   38.54,   25.47,   37.51,   25.47,   37.61,   24.90,   37.02,  155.74,  226.74,     18740,  382.48,    462.68,   1567.50,   2030.19
2026-06-02,06:54:03.769,  116.65,  200.64,  116.18,  198.86,  116.95,  200.10,  105.58,  198.42,  104.86,  199.46,  105.33,  197.82,  665.57, 1195.30,     18700, 1860.87,   30.02,   39.39,   29.71,   38.98,   30.26,   39.83,   28.87,   38.80,   28.94,   39.12,   28.60,   38.49,  176.41,  234.61,     18720,  411.02,    841.98,   1429.91,   2271.89
2026-06-02,06:54:03.819,  103.63,  243.55,  104.01,  243.36,  103.78,  243.72,   93.39,  243.97,   92.45,  243.40,   92.91,  243.07,  590.16, 1461.07,     18740, 2051.23,   29.02,   40.72,   29.10,   40.76,   29.42,   41.17,   27.95,   40.31,   28.19,   40.56,   27.84,   39.81,  171.52,  243.33,     18720,  414.85,    761.68,   1704.40,   2466.08
2026-06-02,06:54:03.869,  105.86,  225.96,  104.83,  224.66,  105.57,  226.43,   94.61,  226.60,   94.54,  226.62,   92.80,  225.51,  598.22, 1355.78,     18720, 1954.00,   32.36,   41.44,   32.09,   40.78,   32.61,   41.91,   30.79,   40.81,   30.92,   40.88,   30.52,   40.21,  189.29,  246.03,     18720,  435.32,    787.50,   1601.81,   2389.32
2026-06-02,06:54:03.919,  164.62,  222.72,  164.39,  221.58,  164.91,  222.21,  151.19,  220.20,  150.47,  220.03,  150.67,  219.05,  946.26, 1325.79,     18760, 2272.05,   35.29,   42.98,   34.74,   42.21,   35.63,   43.35,   33.22,   41.81,   33.75,   42.48,   33.04,   41.41,  205.67,  254.23,     18740,  459.90,   1151.93,   1580.03,   2731.95
2026-06-02,06:54:03.969,   89.10,  204.15,   89.50,  203.61,   89.32,  204.16,   79.85,  204.65,   79.85,  204.46,   78.98,  203.68,  506.60, 1224.72,     18720, 1731.31,   27.24,   37.23,   27.24,   37.17,   27.42,   37.89,   26.64,   37.36,   26.69,   37.21,   26.26,   36.73,  161.48,  223.59,     18720,  385.07,    668.08,   1448.30,   2116.38
2026-06-02,06:54:04.019,   48.05,  201.40,   47.68,  201.71,   48.35,  201.77,   40.58,  200.08,   40.47,  199.94,   39.47,  199.65,  264.61, 1204.55,     18680, 1469.16,   29.12,   37.10,   28.83,   37.15,   29.24,   37.46,   27.32,   36.27,   27.63,   36.63,   27.29,   35.90,  169.44,  220.50,     18680,  389.93,    434.05,   1425.05,   1859.10
2026-06-02,06:54:04.069,   77.27,  242.90,   76.67,  242.22,   76.77,  242.40,   63.01,  236.67,   63.31,  236.81,   62.97,  236.58,  420.00, 1437.58,     18700, 1857.58,   29.78,   48.77,   29.43,   48.18,   29.83,   49.17,   27.58,   47.82,   27.67,   48.02,   27.53,   47.19,  171.82,  289.16,     18680,  460.99,    591.83,   1726.74,   2318.57
2026-06-02,06:54:04.119,   92.78,  217.43,   92.52,  216.31,   92.59,  217.34,   79.59,  217.29,   79.57,  217.40,   79.08,  216.49,  516.12, 1302.27,     18700, 1818.39,   27.71,   35.28,   27.41,   35.22,   28.15,   35.84,   26.47,   34.96,   26.81,   34.87,   26.12,   34.19,  162.67,  210.36,     18720,  373.03,    678.79,   1512.63,   2191.42
2026-06-02,06:54:04.169,  105.52,  219.90,  105.59,  219.77,  106.23,  219.12,   96.13,  218.53,   95.68,  219.07,   95.97,  219.29,  605.13, 1315.67,     18720, 1920.80,   32.61,   44.26,   32.45,   44.09,   32.80,   44.76,   30.97,   43.56,   31.30,   44.05,   30.56,   43.05,  190.69,  263.76,     18700,  454.45,    795.81,   1579.44,   2375.25
2026-06-02,06:54:04.220,   92.90,  215.34,   93.00,  214.47,   93.00,  215.05,   80.24,  214.46,   80.26,  215.05,   80.22,  214.46,  519.62, 1288.83,     18780, 1808.44,   31.57,   39.57,   31.13,   39.42,   31.99,   39.90,   29.98,   38.68,   30.08,   38.88,   29.64,   38.11,  184.39,  234.54,     18840,  418.93,    704.00,   1523.37,   2227.37
2026-06-02,06:54:04.270,   56.54,  205.31,   56.04,  203.78,   56.52,  204.87,   49.07,  204.26,   48.97,  204.74,   48.43,  203.50,  315.58, 1226.47,     18800, 1542.05,   29.16,   39.02,   29.27,   39.07,   29.93,   39.79,   28.27,   38.67,   28.17,   38.81,   27.78,   38.40,  172.58,  233.76,     18840,  406.34,    488.16,   1460.23,   1948.38
2026-06-02,06:54:04.320,   91.59,  203.53,   92.25,  202.76,   91.76,  203.54,   78.25,  202.01,   78.37,  202.68,   78.84,  201.46,  511.06, 1215.98,     18800, 1727.04,   11.08,   18.79,   11.31,   19.12,   11.52,   19.13,   11.01,   19.05,   11.44,   19.39,   11.23,   19.18,   67.58,  114.66,     18720,  182.25,    578.64,   1330.64,   1909.29
2026-06-02,06:54:04.371,  118.23,  226.42,  118.17,  225.41,  118.12,  225.21,  106.88,  225.07,  106.56,  225.52,  106.43,  225.55,  674.39, 1353.17,     18840, 2027.56,   30.72,   42.32,   30.29,   41.94,   30.96,   42.61,   28.15,   40.55,   28.24,   40.75,   27.23,   39.77,  175.58,  247.94,     18780,  423.52,    849.98,   1601.10,   2451.08
2026-06-02,06:54:04.421,   57.13,  199.21,   56.94,  198.57,   57.09,  198.99,   45.61,  198.03,   45.76,  197.72,   45.29,  197.78,  307.83, 1190.30,     18740, 1498.13,   27.71,   39.75,   27.33,   39.66,   28.11,   40.58,   25.98,   39.26,   26.23,   39.40,   25.63,   38.90,  161.00,  237.55,     18740,  398.55,    468.83,   1427.85,   1896.68
2026-06-02,06:54:04.471,   57.51,  220.28,   57.62,  220.35,   58.15,  220.77,   48.36,  219.43,   48.20,  220.48,   47.47,  219.69,  317.32, 1321.01,     18720, 1638.32,   30.60,   42.79,   30.47,   42.67,   30.77,   43.09,   29.16,   42.14,   29.48,   42.33,   28.91,   41.43,  179.39,  254.45,     18740,  433.83,    496.70,   1575.45,   2072.16
2026-06-02,06:54:04.521,   84.51,  235.49,   84.33,  235.09,   85.37,  235.95,   74.71,  235.07,   74.30,  234.03,   74.62,  234.37,  477.85, 1410.00,     18740, 1887.84,   30.80,   41.63,   30.30,   41.24,   31.06,   42.03,   29.27,   40.90,   29.28,   40.88,   29.13,   40.49,  179.83,  247.17,     18760,  427.00,    657.68,   1657.16,   2314.84
2026-06-02,06:54:04.571,   99.51,  195.63,   98.95,  195.51,   99.46,  195.85,   87.44,  195.38,   85.93,  194.43,   86.72,  194.65,  558.01, 1171.47,     18388, 1729.48,   26.05,   39.02,   25.86,   38.73,   26.16,   39.33,   24.29,   38.35,   24.61,   38.65,   24.15,   37.97,  151.12,  232.05,     18388,  383.17,    709.12,   1403.52,   2112.64
2026-06-02,06:54:04.622,   68.46,  216.56,   67.67,  216.58,   68.74,  217.29,   60.73,  217.54,   60.55,  216.95,   60.10,  216.99,  386.24, 1301.90,     18860, 1688.15,   34.73,   43.01,   34.25,   42.67,   34.76,   43.38,   32.89,   42.25,   32.93,   42.22,   32.46,   41.49,  202.01,  255.03,     18820,  457.04,    588.26,   1556.93,   2145.19
2026-06-02,06:54:04.672,   40.24,  194.73,   40.23,  194.66,   40.39,  194.20,   28.88,  192.72,   29.07,  192.81,   28.47,  192.90,  207.27, 1162.01,     18760, 1369.28,   22.62,   35.60,   22.48,   35.40,   22.80,   35.88,   21.99,   35.74,   22.15,   35.85,   21.68,   35.03,  133.72,  213.51,     18740,  347.23,    340.99,   1375.52,   1716.51
2026-06-02,06:54:04.722,  129.60,  239.44,  128.67,  237.82,  129.40,  239.11,  117.31,  236.47,  117.21,  237.11,  117.03,  235.99,  739.22, 1425.94,     18760, 2165.16,   34.21,   44.28,   33.79,   43.86,   34.50,   44.75,   31.82,   42.93,   32.21,   43.21,   31.67,   42.13,  198.20,  261.16,     18740,  459.37,    937.42,   1687.10,   2624.52
2026-06-02,06:54:04.772,   86.73,  204.89,   87.65,  204.83,   86.91,  204.30,   74.09,  203.74,   74.32,  203.81,   74.66,  203.96,  484.37, 1225.53,     18800, 1709.90,   26.05,   36.46,   25.58,   36.06,   26.22,   36.82,   24.56,   35.70,   24.61,   35.67,   24.31,   35.08,  151.33,  215.80,     18780,  367.13,    635.70,   1441.33,   2077.03
2026-06-02,06:54:04.823,   76.82,  214.95,   77.00,  215.19,   77.69,  214.80,   68.12,  214.42,   68.17,  214.81,   67.88,  215.59,  435.68, 1289.76,     18940, 1725.44,   28.04,   38.04,   28.17,   38.13,   28.25,   38.12,   26.97,   37.51,   27.12,   37.81,   26.72,   37.05,  165.28,  226.66,     18760,  391.94,    600.96,   1516.42,   2117.38
2026-06-02,06:54:04.873,  171.68,  271.60,  172.09,  271.28,  172.91,  272.25,  158.52,  271.63,  158.52,  271.45,  157.95,  271.26,  991.68, 1629.47,     18900, 2621.15,   42.93,   49.78,   42.77,   49.37,   43.31,   50.13,   41.29,   48.93,   41.54,   49.55,   40.95,   48.55,  252.79,  296.31,     18860,  549.10,   1244.47,   1925.78,   3170.25
2026-06-02,06:54:04.923,  165.54,  212.53,  164.67,  211.00,  165.02,  211.45,  150.44,  209.30,  150.10,  209.02,  149.18,  208.53,  944.94, 1261.83,     18408, 2206.77,   30.33,   41.02,   29.91,   40.66,   30.06,   41.19,   27.83,   40.11,   28.43,   40.66,   27.69,   39.61,  174.25,  243.26,     18348,  417.51,   1119.19,   1505.09,   2624.29
2026-06-02,06:54:04.974,   46.61,  209.83,   46.78,  209.00,   46.76,  209.70,   38.19,  209.34,   38.57,  209.09,   37.93,  208.58,  254.85, 1255.55,     18724, 1510.40,   30.54,   35.47,   30.20,   35.32,   31.17,   36.53,   29.35,   35.13,   29.17,   35.00,   28.67,   34.55,  179.10,  212.00,     18762,  391.10,    433.95,   1467.55,   1901.49
2026-06-02,06:54:05.024,   96.65,  214.90,   97.48,  215.57,   96.66,  214.13,   83.57,  213.68,   83.01,  214.36,   83.72,  214.56,  541.08, 1287.21,     18720, 1828.29,   24.06,   34.01,   24.05,   33.73,   24.29,   34.22,   23.44,   33.40,   23.65,   33.43,   23.46,   33.06,  142.95,  201.85,     18760,  344.80,    684.03,   1489.07,   2173.10
2026-06-02,06:54:05.075,  113.80,  229.59,  113.24,  228.50,  113.70,  229.01,  101.32,  227.28,  100.51,  226.99,  100.63,  226.79,  643.20, 1368.17,     18780, 2011.37,   30.69,   43.74,   30.20,   43.49,   30.88,   44.28,   28.56,   43.28,   28.73,   43.43,   28.25,   42.92,  177.30,  261.15,     18720,  438.45,    820.50,   1629.31,   2449.82
2026-06-02,06:54:05.125,   89.46,  227.32,   89.14,  226.38,   89.29,  227.21,   79.85,  226.71,   79.64,  226.13,   79.03,  225.81,  506.42, 1359.56,     18800, 1865.98,   22.23,   29.88,   21.60,   29.12,   22.12,   29.57,   20.05,   28.75,   20.30,   28.99,   20.16,   28.37,  126.46,  174.69,     18740,  301.15,    632.88,   1534.24,   2167.13
2026-06-02,06:54:05.175,   40.31,  167.68,   39.96,  167.50,   40.15,  167.91,   29.89,  166.23,   29.76,  165.69,   29.31,  165.40,  209.38, 1000.41,     18720, 1209.80,   23.78,   35.99,   23.70,   35.97,   24.09,   36.37,   23.28,   36.41,   23.46,   36.56,   22.83,   35.73,  141.14,  217.04,     18720,  358.18,    350.53,   1217.45,   1567.98
2026-06-02,06:54:05.225,   83.79,  229.25,   82.91,  228.77,   83.94,  230.12,   71.45,  229.67,   71.73,  228.94,   71.28,  228.47,  465.11, 1375.22,     18680, 1840.33,   28.72,   38.98,   28.43,   38.51,   29.10,   39.32,   27.64,   38.49,   27.85,   38.53,   27.40,   37.97,  169.14,  231.79,     18680,  400.94,    634.25,   1607.01,   2241.26
2026-06-02,06:54:05.275,  132.31,  246.97,  131.64,  246.32,  132.50,  246.42,  120.41,  246.30,  119.83,  245.64,  119.97,  245.66,  756.67, 1477.31,     18800, 2233.98,   32.45,   42.81,   32.18,   42.50,   32.81,   43.24,   30.79,   42.09,   30.63,   42.03,   30.26,   41.44,  189.12,  254.11,     18720,  443.23,    945.79,   1731.42,   2677.21
2026-06-02,06:54:05.325,   58.02,  196.62,   58.17,  196.32,   58.08,  196.87,   47.70,  196.34,   47.25,  196.62,   46.93,  196.24,  316.14, 1179.01,     18720, 1495.15,   27.05,   37.96,   26.87,   37.70,   27.22,   38.15,   25.91,   37.34,   25.90,   37.80,   25.41,   36.96,  158.36,  225.92,     18760,  384.28,    474.51,   1404.93,   1879.43
2026-06-02,06:54:05.375,   67.05,  224.69,   66.58,  224.75,   66.77,  225.13,   54.52,  224.03,   54.97,  223.67,   54.23,  223.46,  364.11, 1345.73,     18780, 1709.84,   27.20,   37.59,   27.21,   37.49,   27.61,   37.93,   26.58,   37.29,   26.50,   37.14,   25.83,   36.29,  160.92,  223.75,     18720,  384.66,    525.03,   1569.47,   2094.50
2026-06-02,06:54:05.425,  117.80,  244.55,  118.29,  243.78,  119.31,  244.75,  106.43,  244.58,  106.36,  243.54,  106.49,  243.45,  674.69, 1464.66,     18740, 2139.34,   33.49,   43.57,   32.86,   43.06,   33.68,   44.04,   31.68,   42.76,   32.00,   42.69,   31.27,   42.08,  194.97,  258.20,     18720,  453.17,    869.66,   1722.86,   2592.52
2026-06-02,06:54:05.476,   55.89,  201.63,   54.65,  200.88,   54.83,  202.11,   43.29,  200.88,   43.70,  201.01,   43.00,  200.63,  295.36, 1207.13,     18720, 1502.49,   26.45,   37.39,   26.30,   36.95,   26.60,   37.55,   25.03,   37.17,   24.87,   36.80,   24.29,   36.30,  153.54,  222.17,     18720,  375.71,    448.91,   1429.29,   1878.20
2026-06-02,06:54:05.526,   44.01,  210.21,   43.70,  210.82,   43.68,  209.78,   35.90,  210.45,   36.41,  210.54,   36.00,  210.64,  239.70, 1262.44,     18860, 1502.14,   25.37,   38.78,   25.54,   38.77,   25.76,   39.12,   24.89,   38.38,   24.80,   38.23,   24.60,   37.51,  150.96,  230.79,     18880,  381.75,    390.66,   1493.24,   1883.89
2026-06-02,06:54:05.576,   50.96,  233.61,   50.23,  232.54,   50.78,  233.25,   39.89,  233.09,   40.32,  233.47,   39.60,  233.02,  271.79, 1398.98,     18720, 1670.77,   28.45,   40.54,   28.14,   40.14,   28.67,   41.00,   26.96,   40.01,   26.80,   39.62,   26.65,   39.12,  165.67,  240.43,     18740,  406.10,    437.45,   1639.41,   2076.87
2026-06-02,06:54:05.626,   54.56,  207.15,   53.88,  205.78,   53.72,  206.61,   44.13,  206.98,   43.85,  206.76,   43.92,  206.45,  294.06, 1239.73,     18720, 1533.79,   26.93,   33.22,   26.53,   33.04,   27.11,   33.72,   25.71,   32.69,   25.72,   32.52,   25.12,   31.93,  157.13,  197.12,     18720,  354.25,    451.18,   1436.85,   1888.04
2026-06-02,06:54:05.676,  138.85,  228.36,  139.08,  227.69,  139.24,  228.42,  127.62,  226.84,  127.08,  227.23,  127.21,  226.12,  799.09, 1364.68,     18760, 2163.77,   34.40,   47.95,   34.39,   48.12,   34.79,   48.67,   33.15,   47.52,   33.06,   47.64,   32.67,   46.81,  202.46,  286.72,     18720,  489.18,   1001.55,   1651.40,   2652.94
2026-06-02,06:54:05.726,  140.95,  262.85,  140.58,  262.27,  141.83,  263.24,  126.11,  261.85,  125.63,  261.60,  126.57,  261.13,  801.67, 1572.93,     18720, 2374.60,   80.72,   85.49,   79.59,   84.74,   79.48,   84.81,   75.60,   83.28,   76.30,   83.43,   75.38,   82.72,  467.06,  504.46,     18660,  971.52,   1268.73,   2077.39,   3346.12
2026-06-02,06:54:05.776,   97.29,  183.05,   97.16,  182.15,   97.48,  182.81,   86.81,  182.59,   86.42,  181.82,   86.02,  181.86,  551.17, 1094.28,     18580, 1645.46,   58.89,   55.61,   58.27,   54.78,   59.05,   55.85,   55.50,   54.16,   55.99,   54.56,   55.50,   54.18,  343.20,  329.15,     18600,  672.35,    894.37,   1423.43,   2317.81
2026-06-02,06:54:05.826,   92.95,  224.00,   93.16,  224.21,   93.73,  224.75,   79.51,  224.81,   78.94,  223.67,   78.51,  223.91,  516.80, 1345.35,     18740, 1862.15,   74.01,   69.25,   72.96,   69.06,   73.88,   70.23,   70.46,   68.59,   70.38,   68.12,   69.76,   67.69,  431.46,  412.94,     18740,  844.40,    948.26,   1758.29,   2706.55
2026-06-02,06:54:05.877,  122.46,  230.73,  121.59,  229.75,  123.13,  231.70,  112.60,  229.68,  112.72,  229.48,  111.79,  229.05,  704.31, 1380.39,     18700, 2084.70,   46.35,   50.54,   46.61,   50.33,   46.79,   51.30,   45.45,   50.42,   45.80,   50.55,   44.92,   49.31,  275.92,  302.44,     18700,  578.37,    980.23,   1682.84,   2663.07
2026-06-02,06:54:05.927,  148.94,  239.56,  148.29,  238.57,  149.70,  239.92,  136.24,  237.77,  135.69,  237.50,  135.84,  236.74,  854.70, 1430.05,     18720, 2284.75,   28.03,   34.73,   28.67,   34.91,   29.26,   35.90,   26.37,   34.52,   26.83,   34.86,   26.76,   34.75,  165.92,  209.67,     18700,  375.59,   1020.62,   1639.72,   2660.34
2026-06-02,06:54:05.977,   51.85,  186.31,   51.81,  186.11,   51.77,  186.23,   40.40,  184.87,   40.06,  184.03,   39.54,  183.46,  275.44, 1111.01,     18680, 1386.44,   22.89,   37.81,   22.49,   37.10,   22.37,   37.36,   20.03,   36.30,   20.09,   36.39,   19.15,   35.17,  127.03,  220.13,     18700,  347.16,    402.47,   1331.14,   1733.61
2026-06-02,06:54:06.027,   43.30,  205.37,   42.63,  204.65,   43.11,  204.67,   35.59,  205.47,   35.95,  206.57,   35.52,  206.57,  236.10, 1233.31,     18680, 1469.41,   29.05,   40.65,   29.01,   40.59,   29.51,   41.20,   28.33,   40.31,   28.31,   40.40,   27.97,   39.89,  172.17,  243.04,     18700,  415.21,    408.27,   1476.35,   1884.62
2026-06-02,06:54:06.080,  116.72,  214.51,  116.37,  213.54,  116.11,  214.49,  102.35,  212.89,  102.26,  212.97,  102.38,  212.03,  656.19, 1280.42,     18700, 1936.61,   28.49,   37.94,   28.38,   37.96,   28.72,   38.46,   27.18,   37.50,   27.54,   37.80,   26.81,   37.05,  167.12,  226.71,     18700,  393.83,    823.31,   1507.13,   2330.44
2026-06-02,06:54:06.128,   88.67,  211.23,   88.93,  210.41,   89.15,  210.57,   81.18,  210.99,   80.66,  210.75,   81.31,  210.37,  509.90, 1264.32,     18960, 1774.22,   31.95,   43.61,   31.75,   43.50,   32.26,   44.18,   30.32,   42.99,   29.82,   42.91,   29.93,   42.45,  186.03,  259.64,     19000,  445.67,    695.93,   1523.96,   2219.89
2026-06-02,06:54:06.178,   38.15,  170.20,   37.52,  169.53,   37.72,  169.65,   28.81,  169.65,   28.52,  170.09,   27.93,  169.66,  198.66, 1018.79,     18700, 1217.45,   26.78,   37.65,   25.92,   36.94,   26.51,   37.73,   24.89,   36.67,   25.12,   37.41,   24.51,   36.44,  153.73,  222.85,     18680,  376.58,    352.38,   1241.64,   1594.02
2026-06-02,06:54:06.228,   95.64,  255.06,   95.73,  255.39,   95.98,  255.98,   82.82,  255.45,   83.05,  254.64,   82.66,  254.07,  535.88, 1530.59,     18660, 2066.47,   29.69,   40.81,   29.56,   40.56,   30.07,   41.26,   29.58,   40.54,   29.67,   40.90,   29.23,   40.13,  177.79,  244.20,     18680,  421.99,    713.67,   1774.78,   2488.46
2026-06-02,06:54:06.278,   81.89,  202.11,   81.01,  200.69,   81.37,  201.31,   68.50,  199.64,   68.03,  200.24,   68.35,  199.71,  449.15, 1203.71,     18720, 1652.85,   29.31,   41.83,   28.94,   41.51,   29.72,   42.32,   27.42,   41.12,   27.67,   41.18,   27.20,   40.58,  170.26,  248.54,     18700,  418.80,    619.41,   1452.25,   2071.66
2026-06-02,06:54:06.328,   88.80,  224.79,   89.42,  223.85,   90.06,  224.50,   79.69,  224.43,   78.98,  224.73,   79.74,  224.23,  506.69, 1346.53,     18680, 1853.23,   32.23,   45.57,   31.84,   45.02,   32.66,   45.67,   30.43,   44.49,   30.36,   44.74,   29.98,   44.13,  187.49,  269.61,     18700,  457.10,    694.18,   1616.15,   2310.32
2026-06-02,06:54:06.378,   65.32,  239.93,   65.53,  239.08,   65.78,  239.65,   55.46,  239.35,   54.83,  239.81,   54.67,  238.59,  361.60, 1436.41,     18720, 1798.01,   28.83,   40.46,   28.55,   40.18,   29.28,   40.73,   28.00,   39.94,   27.93,   39.85,   27.41,   39.06,  170.00,  240.22,     18740,  410.22,    531.60,   1676.63,   2208.22
2026-06-02,06:54:06.428,   50.86,  242.06,   50.44,  242.09,   50.67,  243.35,   36.79,  241.18,   36.86,  240.93,   36.41,  240.74,  262.03, 1450.35,     18720, 1712.38,   26.86,   39.26,   26.44,   38.75,   27.09,   39.85,   25.23,   38.20,   25.42,   38.28,   24.90,   37.77,  155.93,  232.11,     18720,  388.04,    417.96,   1682.46,   2100.42
2026-06-02,06:54:06.478,  151.81,  265.60,  151.47,  264.52,  152.18,  264.83,  137.84,  264.68,  136.82,  264.47,  137.67,  264.71,  867.78, 1588.80,     18740, 2456.58,   35.06,   46.08,   34.48,   45.26,   35.30,   46.37,   32.80,   44.85,   32.90,   45.15,   32.45,   44.32,  202.99,  272.03,     18760,  475.03,   1070.77,   1860.83,   2931.61
2026-06-02,06:54:06.529,   67.13,  180.17,   67.05,  179.86,   67.58,  179.24,   59.40,  179.14,   58.87,  179.94,   59.09,  179.74,  379.12, 1078.10,     18740, 1457.22,   29.71,   35.63,   29.53,   35.57,   30.09,   36.19,   28.07,   34.91,   28.06,   34.97,   27.71,   34.34,  173.18,  211.61,     18720,  384.79,    552.30,   1289.71,   1842.01
2026-06-02,06:54:06.580,   63.25,  231.36,   63.50,  231.37,   64.61,  232.70,   51.07,  231.25,   51.67,  231.28,   51.55,  232.14,  345.66, 1390.09,     18780, 1735.75,   34.50,   52.13,   34.25,   52.19,   34.69,   53.04,   33.02,   52.29,   33.52,   52.14,   32.84,   51.47,  202.82,  313.26,     18760,  516.08,    548.48,   1703.35,   2251.83
2026-06-02,06:54:06.630,   57.10,  181.56,   55.78,  180.60,   57.56,  181.69,   47.90,  179.12,   47.69,  178.80,   46.51,  177.53,  312.53, 1079.28,     18428, 1391.81,   41.79,   50.01,   41.03,   49.19,   41.60,   50.26,   38.54,   49.04,   38.61,   49.20,   38.64,   48.44,  240.21,  296.14,     18428,  536.36,    552.74,   1375.42,   1928.17
2026-06-02,06:54:06.679,   34.35,  227.82,   34.61,  227.61,   34.80,  228.59,   24.08,  227.90,   24.41,  227.30,   23.45,  226.99,  175.71, 1366.21,     18876, 1541.91,   29.62,   37.46,   29.16,   36.99,   29.34,   37.82,   27.64,   36.66,   27.79,   36.49,   27.40,   36.41,  170.95,  221.84,     18875,  392.79,    346.66,   1588.05,   1934.71
2026-06-02,06:54:06.729,   93.26,  222.49,   93.55,  222.96,   93.43,  223.81,   79.65,  223.19,   80.12,  223.17,   80.20,  223.09,  520.21, 1338.70,     18920, 1858.91,   28.94,   36.35,   28.74,   36.03,   28.99,   36.57,   28.23,   35.71,   28.25,   35.79,   27.81,   35.01,  170.97,  215.46,     18820,  386.43,    691.18,   1554.16,   2245.34
2026-06-02,06:54:06.779,  109.05,  206.16,  108.34,  204.69,  109.23,  205.54,  100.53,  204.79,   99.61,  204.08,   99.69,  204.10,  626.45, 1229.36,     18820, 1855.81,   26.02,   30.86,   25.91,   30.79,   26.92,   32.58,   25.10,   31.80,   25.15,   32.11,   25.04,   31.51,  154.15,  189.65,     18700,  343.80,    780.59,   1419.01,   2199.61
2026-06-02,06:54:06.829,   84.73,  216.80,   84.93,  216.54,   84.15,  217.02,   70.17,  216.10,   69.95,  216.31,   70.20,  214.86,  464.14, 1297.62,     18640, 1761.76,   27.72,   40.59,   27.35,   39.86,   27.69,   39.96,   25.83,   38.53,   25.73,   38.37,   25.09,   37.62,  159.41,  234.93,     18540,  394.34,    623.55,   1532.56,   2156.10
2026-06-02,06:54:06.879,  173.11,  271.16,  172.61,  271.19,  173.97,  271.79,  157.79,  270.61,  157.09,  269.88,  156.03,  270.12,  990.60, 1624.75,     18840, 2615.35,   39.74,   43.51,   39.31,   42.71,   40.05,   43.84,   38.26,   42.70,   38.26,   42.82,   38.07,   42.16,  233.69,  257.74,     18880,  491.43,   1224.29,   1882.49,   3106.78
2026-06-02,06:54:06.929,  185.34,  236.51,  184.75,  235.92,  184.65,  235.50,  172.22,  234.85,  171.96,  235.52,  172.78,  235.32, 1071.71, 1413.62,     18580, 2485.32,   33.99,   43.49,   33.89,   42.82,   34.33,   43.81,   32.25,   42.60,   32.41,   42.88,   31.98,   41.58,  198.86,  257.19,     18700,  456.04,   1270.56,   1670.81,   2941.37
2026-06-02,06:54:06.980,   95.01,  181.53,   94.61,  180.48,   94.55,  180.75,   82.45,  179.71,   81.76,  179.65,   81.88,  179.45,  530.25, 1081.58,     18740, 1611.83,   26.91,   38.18,   26.45,   37.49,   26.80,   38.36,   24.99,   37.25,   25.28,   37.71,   24.48,   36.61,  154.90,  225.60,     18720,  380.50,    685.16,   1307.18,   1992.34
2026-06-02,06:54:07.030,   66.74,  207.64,   66.66,  207.19,   66.71,  207.48,   57.28,  208.31,   58.11,  208.88,   56.92,  208.55,  372.43, 1248.06,     18720, 1620.49,   31.51,   43.37,   31.21,   42.94,   31.70,   43.89,   29.50,   42.64,   30.12,   43.16,   29.31,   41.95,  183.35,  257.95,     18720,  441.30,    555.78,   1506.00,   2061.79
2026-06-02,06:54:07.080,   50.83,  196.35,   50.95,  196.25,   51.43,  196.04,   41.16,  194.11,   41.27,  193.95,   40.97,  194.38,  276.63, 1171.08,     18720, 1447.70,   26.44,   36.36,   26.24,   36.13,   26.65,   36.83,   25.91,   36.42,   26.08,   36.70,   25.50,   35.87,  156.82,  218.30,     18720,  375.12,    433.45,   1389.37,   1822.82
2026-06-02,06:54:07.130,   67.83,  215.96,   67.40,  214.98,   68.04,  215.53,   57.64,  214.44,   58.56,  215.21,   57.93,  213.95,  377.40, 1290.07,     18740, 1667.48,   29.33,   41.98,   28.87,   41.46,   29.63,   42.31,   27.80,   41.03,   27.73,   41.17,   27.20,   40.30,  170.55,  248.24,     18720,  418.80,    547.96,   1538.32,   2086.28
2026-06-02,06:54:07.180,  120.45,  236.67,  120.68,  236.27,  120.98,  236.96,  107.50,  236.13,  106.70,  235.61,  106.32,  235.58,  682.63, 1417.21,     18720, 2099.85,   39.03,   47.23,   38.12,   46.82,   38.76,   47.38,   36.31,   45.66,   37.03,   46.91,   36.26,   45.39,  225.51,  279.40,     18720,  504.90,    908.14,   1696.61,   2604.75
2026-06-02,06:54:07.230,   86.75,  189.33,   87.03,  189.26,   87.07,  189.34,   77.58,  188.34,   77.04,  188.84,   76.87,  188.16,  492.35, 1133.29,     18740, 1625.64,   27.40,   40.10,   27.10,   39.47,   27.42,   40.04,   25.71,   39.35,   26.30,   39.70,   25.53,   38.76,  159.47,  237.41,     18740,  396.88,    651.82,   1370.70,   2022.52
2026-06-02,06:54:07.280,   63.13,  231.55,   63.68,  231.50,   63.82,  231.49,   53.62,  231.40,   53.52,  231.48,   53.59,  231.09,  351.37, 1388.50,     18720, 1739.87,   32.18,   43.06,   31.52,   42.30,   32.25,   43.44,   30.66,   42.25,   31.06,   42.55,   30.46,   41.63,  188.12,  255.23,     18700,  443.35,    539.49,   1643.73,   2183.21
2026-06-02,06:54:07.330,   98.73,  203.41,   98.59,  203.27,   98.24,  203.32,   84.59,  201.21,   84.59,  200.56,   84.76,  201.58,  549.50, 1213.35,     18700, 1762.85,   26.73,   38.04,   26.57,   37.50,   26.99,   38.44,   25.15,   37.58,   25.24,   37.94,   24.65,   36.88,  155.33,  226.37,     18540,  381.69,    704.83,   1439.72,   2144.55
2026-06-02,06:54:07.380,   68.26,  217.55,   67.29,  217.04,   67.98,  217.94,   59.74,  218.38,   60.44,  218.10,   59.61,  217.70,  383.32, 1306.72,     18580, 1690.04,   34.93,   39.79,   34.60,   39.35,   35.26,   40.25,   33.62,   38.98,   33.49,   38.82,   33.46,   39.02,  205.36,  236.20,     18720,  441.57,    588.68,   1542.92,   2131.61
2026-06-02,06:54:07.430,   63.04,  244.50,   62.62,  243.86,   63.43,  244.55,   50.72,  242.03,   51.13,  243.67,   50.74,  243.20,  341.67, 1461.82,     18720, 1803.49,   27.99,   39.22,   27.96,   38.68,   28.23,   39.46,   26.93,   38.30,   26.84,   38.29,   26.63,   37.59,  164.57,  231.52,     18760,  396.09,    506.25,   1693.34,   2199.58
2026-06-02,06:54:07.481,   62.95,  240.60,   62.20,  240.27,   63.21,  241.40,   51.66,  241.60,   51.47,  240.15,   50.97,  240.42,  342.45, 1444.43,     18760, 1786.88,   30.93,   48.93,   30.57,   48.52,   31.04,   49.38,   29.48,   48.61,   29.63,   48.63,   29.13,   48.07,  180.77,  292.13,     18720,  472.91,    523.23,   1736.56,   2259.79
2026-06-02,06:54:07.531,  103.62,  190.81,  103.03,  189.54,  103.38,  191.02,   90.89,  189.50,   90.94,  189.56,   90.97,  188.84,  582.82, 1139.26,     18780, 1722.09,   31.97,   40.17,   31.59,   39.62,   32.77,   41.01,   30.05,   39.42,   30.11,   39.58,   29.38,   38.81,  185.88,  238.61,     18720,  424.49,    768.70,   1377.88,   2146.58
2026-06-02,06:54:07.581,   70.47,  223.94,   70.15,  223.13,   70.83,  223.89,   59.55,  223.17,   59.94,  224.21,   59.83,  223.30,  390.76, 1341.64,     18720, 1732.40,   27.79,   30.99,   27.95,   30.79,   28.35,   31.08,   27.79,   31.00,   27.82,   31.13,   27.89,   30.96,  167.59,  185.95,     18740,  353.54,    558.36,   1527.58,   2085.94
2026-06-02,06:54:07.631,   51.66,  200.81,   50.67,  200.34,   50.96,  200.41,   39.20,  198.25,   38.88,  197.52,   38.78,  198.60,  270.15, 1195.94,     18820, 1466.09,   15.24,   28.04,   14.58,   27.33,   14.66,   27.63,   12.67,   26.66,   12.66,   26.51,   12.02,   25.66,   81.83,  161.83,     18720,  243.66,    351.99,   1357.76,   1709.75
2026-06-02,06:54:07.681,  144.94,  256.16,  145.49,  255.17,  146.12,  256.92,  133.15,  256.22,  132.24,  255.84,  132.92,  255.42,  834.86, 1535.74,     18840, 2370.60,   38.71,   50.98,   37.99,   50.48,   39.10,   51.75,   36.54,   50.25,   36.77,   50.54,   35.96,   49.48,  225.07,  303.48,     18760,  528.55,   1059.93,   1839.22,   2899.15
2026-06-02,06:54:07.731,   73.71,  208.08,   73.25,  207.18,   73.33,  207.84,   61.38,  207.31,   61.33,  206.71,   61.09,  206.01,  404.10, 1243.12,     18740, 1647.22,   30.17,   40.32,   29.80,   39.96,   30.49,   40.77,   28.79,   39.85,   29.17,   40.14,   28.67,   39.35,  177.08,  240.39,     18520,  417.47,    581.18,   1483.51,   2064.69
2026-06-02,06:54:07.781,   51.30,  232.19,   51.06,  231.93,   51.76,  232.19,   40.01,  231.01,   40.10,  231.16,   39.97,  230.93,  274.20, 1389.40,     18840, 1663.61,   25.06,   36.71,   24.89,   36.32,   25.22,   37.08,   24.19,   36.81,   24.38,   36.77,   23.80,   35.98,  147.55,  219.68,     18840,  367.22,    421.75,   1609.08,   2030.83
2026-06-02,06:54:07.831,   97.73,  239.39,   97.91,  238.61,   97.77,  239.35,   86.57,  239.41,   86.10,  239.25,   86.90,  238.83,  552.99, 1434.85,     18560, 1987.83,   28.49,   40.82,   28.23,   40.48,   29.05,   41.45,   27.45,   40.18,   27.40,   40.19,   26.92,   39.48,  167.54,  242.59,     18440,  410.13,    720.53,   1677.43,   2397.96
2026-06-02,06:54:07.884,  132.33,  263.00,  131.49,  261.26,  131.77,  262.69,  119.14,  262.65,  119.14,  262.78,  117.89,  261.74,  751.75, 1574.10,     18800, 2325.85,   43.91,   45.30,   43.02,   44.80,   44.43,   46.17,   42.22,   45.12,   41.99,   44.61,   41.56,   43.92,  257.13,  269.92,     18820,  527.05,   1008.88,   1844.02,   2852.90
2026-06-02,06:54:07.931,  146.31,  199.14,  145.91,  198.44,  146.63,  198.90,  133.07,  196.99,  133.02,  197.60,  132.80,  196.44,  837.73, 1187.51,     18740, 2025.25,   28.08,   37.30,   28.03,   36.96,   28.50,   37.80,   27.28,   36.87,   27.53,   37.09,   27.07,   36.35,  166.49,  222.36,     18720,  388.85,   1004.23,   1409.87,   2414.10
2026-06-02,06:54:07.981,   98.15,  242.58,   98.26,  241.98,   98.45,  241.87,   87.44,  242.35,   87.64,  242.76,   87.42,  242.01,  557.35, 1453.54,     18820, 2010.89,   34.64,   45.38,   34.35,   45.08,   35.00,   45.84,   32.88,   44.87,   32.58,   44.62,   32.26,   43.88,  201.72,  269.67,     18820,  471.40,    759.07,   1723.22,   2482.29
2026-06-02,06:54:08.036,   34.74,  180.98,   33.90,  179.82,   34.39,  180.35,   23.86,  178.62,   23.91,  179.17,   23.45,  178.44,  174.25, 1077.38,     18820, 1251.63,   26.25,   38.21,   25.49,   37.36,   26.34,   38.88,   24.65,   37.86,   24.68,   38.23,   24.25,   37.74,  151.65,  228.28,     18800,  379.93,    325.90,   1305.66,   1631.56
2026-06-02,06:54:08.081,   95.36,  240.46,   94.58,  239.90,   95.34,  241.26,   84.56,  241.00,   84.70,  240.11,   84.07,  240.01,  538.61, 1442.74,     18540, 1981.35,   31.88,   40.30,   31.53,   39.53,   32.24,   40.55,   30.79,   38.87,   30.79,   38.96,   30.60,   38.54,  187.83,  236.76,     18520,  424.59,    726.44,   1679.50,   2405.94
2026-06-02,06:54:08.132,   72.96,  171.11,   72.91,  171.04,   72.91,  170.90,   63.11,  170.34,   62.52,  169.91,   62.43,  170.24,  406.84, 1023.55,     18860, 1430.39,   23.34,   35.76,   23.30,   35.70,   23.34,   36.20,   22.42,   36.00,   22.63,   36.16,   22.11,   35.39,  137.15,  215.21,     19080,  352.36,    543.99,   1238.76,   1782.75
2026-06-02,06:54:08.183,   63.94,  226.39,   63.17,  225.28,   63.55,  226.19,   53.89,  225.98,   53.95,  226.35,   53.36,  225.86,  351.86, 1356.07,     18720, 1707.93,   32.23,   46.30,   31.60,   45.60,   32.69,   46.84,   30.52,   45.28,   30.55,   45.52,   29.90,   44.67,  187.49,  274.20,     18760,  461.69,    539.35,   1630.27,   2169.62
2026-06-02,06:54:08.233,   27.72,  172.62,   26.62,  171.94,   27.57,  173.22,   19.65,  171.58,   19.66,  170.86,   19.42,  170.80,  140.62, 1031.02,     18800, 1171.64,   25.70,   33.11,   25.02,   32.60,   25.68,   33.35,   24.29,   32.70,   24.19,   32.87,   23.67,   32.16,  148.55,  196.79,     18840,  345.34,    289.17,   1227.81,   1516.98
2026-06-02,06:54:08.283,  116.03,  247.77,  115.48,  247.38,  115.83,  247.62,  103.44,  247.11,  104.01,  247.61,  104.51,  247.16,  659.29, 1484.65,     18740, 2143.94,   33.33,   39.14,   33.04,   38.87,   33.47,   39.61,   32.21,   38.29,   32.36,   38.23,   32.11,   37.68,  196.52,  231.83,     18680,  428.35,    855.81,   1716.48,   2572.29
2026-06-02,06:54:08.333,   97.06,  195.46,   96.81,  194.11,   96.62,  195.01,   83.38,  193.94,   83.06,  194.53,   82.82,  193.83,  539.75, 1166.87,     18760, 1706.63,   26.76,   33.59,   26.66,   33.54,   27.01,   34.00,   25.31,   33.56,   25.31,   33.87,   24.84,   33.05,  155.88,  201.60,     18800,  357.48,    695.63,   1368.47,   2064.11
2026-06-02,06:54:08.385,   86.00,  224.90,   85.07,  224.45,   86.18,  225.04,   76.78,  224.86,   76.76,  223.90,   75.91,  223.68,  486.70, 1346.85,     18480, 1833.54,   19.08,   29.12,   18.76,   28.78,   19.13,   29.55,   17.08,   28.16,   17.19,   28.08,   17.09,   27.56,  108.32,  171.26,     18340,  279.58,    595.02,   1518.10,   2113.12
2026-06-02,06:54:08.433,   52.26,  216.47,   52.15,  215.85,   52.64,  216.70,   41.07,  215.02,   41.37,  215.23,   41.07,  214.71,  280.56, 1293.99,     19000, 1574.54,   27.82,   39.58,   27.62,   39.05,   28.48,   39.96,   27.02,   39.14,   27.10,   39.22,   26.79,   38.59,  164.82,  235.53,     18860,  400.35,    445.38,   1529.52,   1974.90
2026-06-02,06:54:08.483,   90.13,  197.99,   90.00,  197.69,   90.34,  198.27,   78.44,  196.42,   78.41,  196.84,   78.22,  196.67,  505.55, 1183.87,     18760, 1689.42,   29.44,   39.66,   29.45,   39.86,   29.84,   40.71,   28.21,   39.60,   28.16,   39.49,   28.15,   38.98,  173.25,  238.31,     18720,  411.56,    678.80,   1422.18,   2100.98
2026-06-02,06:54:08.537,   79.42,  203.21,   79.52,  203.16,   78.99,  202.97,   68.91,  203.32,   68.32,  203.04,   68.08,  203.46,  443.24, 1219.16,     18740, 1662.40,   27.51,   41.45,   26.83,   40.66,   27.61,   41.81,   25.44,   40.34,   25.44,   40.59,   25.18,   39.98,  158.00,  244.84,     18780,  402.84,    601.25,   1464.00,   2065.24
2026-06-02,06:54:08.583,  106.51,  218.33,  105.86,  216.91,  106.82,  217.34,   96.87,  216.25,   96.76,  216.74,   96.21,  216.17,  609.04, 1301.74,     18560, 1910.78,   35.28,   45.71,   34.68,   45.18,   35.67,   46.30,   33.26,   44.76,   33.38,   45.19,   33.07,   44.48,  205.34,  271.63,     18500,  476.97,    814.38,   1573.37,   2387.75
2026-06-02,06:54:08.633,   38.81,  198.41,   38.45,  198.53,   38.73,  199.13,   27.43,  198.42,   27.58,  198.34,   27.29,  198.28,  198.28, 1191.10,     18820, 1389.38,   21.34,   33.55,   21.25,   33.57,   21.65,   34.01,   20.89,   33.49,   21.03,   33.39,   20.54,   32.98,  126.69,  200.99,     18760,  327.68,    324.97,   1392.09,   1717.06
2026-06-02,06:54:08.684,   42.68,  184.67,   41.68,  183.30,   42.57,  184.05,   32.78,  182.00,   33.60,  182.44,   33.19,  181.78,  226.50, 1098.24,     18720, 1324.74,   30.44,   37.44,   29.92,   36.81,   30.42,   37.87,   28.68,   36.88,   28.32,   36.38,   28.32,   35.98,  176.10,  221.35,     18720,  397.45,    402.60,   1319.60,   1722.20
2026-06-02,06:54:08.734,  143.56,  258.52,  143.34,  257.50,  143.62,  258.30,  130.61,  257.76,  130.28,  257.83,  130.72,  257.22,  822.14, 1547.14,     18800, 2369.27,   33.94,   49.88,   33.80,   49.62,   34.57,   50.82,   32.17,   49.42,   32.11,   49.44,   32.18,   49.05,  198.77,  298.24,     18760,  497.01,   1020.91,   1845.38,   2866.28
2026-06-02,06:54:08.784,   82.32,  203.46,   81.90,  202.32,   82.02,  202.87,   69.43,  201.48,   69.35,  201.51,   69.13,  201.22,  454.15, 1212.86,     18720, 1667.01,   29.35,   38.09,   29.22,   37.71,   29.68,   38.75,   28.16,   38.01,   28.02,   38.11,   27.69,   37.45,  172.12,  228.13,     18740,  400.25,    626.28,   1440.99,   2067.26
2026-06-02,06:54:08.834,  118.78,  230.84,  118.65,  229.91,  118.48,  230.23,  105.11,  228.19,  105.32,  229.20,  105.70,  227.98,  672.04, 1376.35,     18720, 2048.40,   30.20,   41.18,   29.95,   40.60,   30.32,   41.05,   29.15,   40.27,   28.95,   40.26,   28.67,   39.65,  177.24,  243.00,     18760,  420.24,    849.28,   1619.36,   2468.64
2026-06-02,06:54:08.884,  124.36,  227.15,  124.22,  225.95,  124.49,  227.13,  115.51,  226.12,  115.50,  225.97,  115.27,  226.12,  719.35, 1358.44,     18840, 2077.79,   44.38,   48.68,   43.59,   47.53,   44.69,   48.73,   42.14,   47.11,   41.48,   47.04,   41.65,   46.66,  257.93,  285.74,     18820,  543.67,    977.28,   1644.18,   2621.46
2026-06-02,06:54:08.934,  137.11,  217.44,  135.49,  215.53,  136.13,  216.41,  121.06,  215.20,  121.77,  214.97,  120.61,  214.72,  772.15, 1294.27,     18720, 2066.43,   30.77,   40.20,   30.18,   39.35,   30.96,   40.88,   29.00,   39.36,   29.12,   39.63,   28.42,   38.80,  178.45,  238.22,     18580,  416.67,    950.61,   1532.50,   2483.10
2026-06-02,06:54:08.983,  116.37,  213.91,  115.99,  213.85,  116.36,  214.75,  105.69,  213.67,  105.71,  213.82,  105.40,  212.82,  665.52, 1282.81,     18540, 1948.33,   30.94,   35.20,   30.76,   35.12,   31.18,   35.65,   29.79,   34.78,   29.84,   34.95,   29.79,   34.40,  182.30,  210.11,     18480,  392.41,    847.83,   1492.92,   2340.75
2026-06-02,06:54:09.034,   81.45,  250.02,   80.88,  249.31,   80.91,  249.95,   68.04,  249.48,   68.07,  249.77,   67.47,  248.53,  446.81, 1497.06,     18800, 1943.86,   27.34,   40.78,   26.74,   40.15,   27.72,   41.27,   25.80,   39.98,   25.96,   40.19,   25.77,   39.68,  159.33,  242.05,     18820,  401.37,    606.13,   1739.10,   2345.24
2026-06-02,06:54:09.085,   93.80,  180.92,   92.96,  180.42,   93.81,  180.89,   84.20,  180.23,   83.80,  179.90,   83.33,  179.63,  531.90, 1081.97,     18980, 1613.87,   24.90,   30.84,   24.77,   30.22,   25.65,   31.71,   23.92,   30.64,   23.97,   30.95,   23.84,   30.58,  147.06,  184.93,     19060,  331.99,    678.96,   1266.90,   1945.86
2026-06-02,06:54:09.135,   48.52,  179.64,   48.14,  179.03,   48.41,  179.31,   37.87,  178.55,   38.12,  178.43,   37.49,  178.06,  258.55, 1073.02,     18740, 1331.58,   18.63,   30.62,   18.09,   30.02,   18.17,   30.38,   16.33,   29.50,   16.60,   29.53,   16.13,   28.38,  103.95,  178.43,     18720,  282.39,    362.50,   1251.46,   1613.96
2026-06-02,06:54:09.185,   67.43,  195.27,   66.90,  195.22,   67.50,  195.96,   59.08,  195.70,   59.25,  195.02,   58.96,  195.24,  379.12, 1172.41,     18740, 1551.53,   26.29,   36.90,   26.24,   36.77,   26.76,   37.50,   25.31,   36.43,   25.39,   36.57,   25.05,   35.94,  155.04,  220.12,     18760,  375.16,    534.16,   1392.53,   1926.69
2026-06-02,06:54:09.235,   95.31,  206.88,   95.16,  206.29,   95.12,  206.70,   81.30,  205.00,   81.24,  205.04,   80.89,  204.62,  529.03, 1234.53,     18740, 1763.56,   30.33,   42.89,   29.85,   41.95,   30.43,   43.15,   28.34,   42.04,   28.33,   41.85,   28.11,   41.12,  175.40,  252.99,     18740,  428.39,    704.43,   1487.52,   2191.95
2026-06-02,06:54:09.287,  113.02,  239.30,  112.06,  237.78,  112.87,  238.72,  100.42,  236.64,  100.39,  237.58,  100.30,  236.63,  639.06, 1426.65,     18740, 2065.71,   38.01,   50.66,   37.36,   50.04,   38.23,   51.28,   35.34,   49.52,   35.57,   49.84,   35.10,   49.28,  219.60,  300.62,     18760,  520.23,    858.66,   1727.27,   2585.94
2026-06-02,06:54:09.335,   59.60,  220.64,   59.04,  220.77,   59.77,  221.79,   51.14,  222.68,   51.16,  221.97,   50.24,  221.51,  330.95, 1329.36,     18480, 1660.31,   27.00,   37.27,   27.04,   37.10,   27.14,   37.66,   26.39,   36.94,   26.08,   36.62,   25.99,   36.21,  159.65,  221.81,     18440,  381.46,    490.60,   1551.17,   2041.76
2026-06-02,06:54:09.385,   98.07,  241.75,   97.49,  240.71,   97.30,  241.16,   84.23,  241.37,   84.66,  241.38,   84.37,  240.36,  546.10, 1446.73,     18880, 1992.83,   31.68,   43.58,   31.31,   42.96,   31.95,   43.79,   29.74,   42.69,   29.98,   42.94,   29.47,   42.14,  184.12,  258.10,     18820,  442.22,    730.23,   1704.83,   2435.06
2026-06-02,06:54:09.435,  133.89,  189.67,  133.66,  189.11,  134.37,  189.92,  124.27,  188.84,  123.59,  188.67,  123.43,  188.39,  773.23, 1134.61,     18780, 1907.84,   38.48,   46.29,   37.83,   45.48,   38.62,   46.50,   36.00,   44.87,   35.76,   44.74,   35.88,   44.43,  222.57,  272.32,     18540,  494.88,    995.79,   1406.93,   2402.72
2026-06-02,06:54:09.485,   67.64,  193.49,   67.12,  192.82,   67.52,  193.40,   55.18,  191.83,   55.40,  192.16,   54.45,  191.00,  367.32, 1154.70,     18900, 1522.01,   30.85,   42.60,   30.79,   42.21,   30.95,   42.89,   29.12,   41.87,   29.31,   42.24,   28.92,   41.46,  179.95,  253.26,     18840,  433.21,    547.27,   1407.96,   1955.22
2026-06-02,06:54:09.535,   48.70,  215.37,   48.17,  215.04,   48.83,  214.61,   38.71,  213.77,   39.13,  214.08,   38.55,  214.42,  262.09, 1287.30,     18440, 1549.39,   25.84,   36.46,   25.68,   35.93,   26.26,   36.80,   24.83,   35.97,   24.93,   36.13,   24.63,   35.57,  152.19,  216.86,     18440,  369.04,    414.28,   1504.16,   1918.44
2026-06-02,06:54:09.585,  105.69,  236.92,  105.88,  236.01,  105.64,  236.99,   93.37,  235.64,   93.55,  235.26,   93.64,  234.89,  597.78, 1415.70,     18840, 2013.48,   33.68,   42.64,   32.86,   41.80,   33.80,   43.30,   31.53,   41.19,   31.75,   41.45,   31.45,   40.95,  195.06,  251.33,     18800,  446.39,    792.84,   1667.03,   2459.88
2026-06-02,06:54:09.636,  111.00,  224.58,  111.25,  223.89,  110.79,  224.13,   98.22,  223.66,   97.53,  224.02,   97.85,  223.73,  626.64, 1344.00,     18940, 1970.64,   29.37,   42.04,   28.59,   41.18,   29.48,   42.32,   27.39,   41.19,   27.49,   41.18,   27.06,   40.77,  169.37,  248.67,     18840,  418.04,    796.01,   1592.67,   2388.68
2026-06-02,06:54:09.685,  104.76,  235.55,  105.86,  236.01,  105.64,  236.06,   92.58,  234.67,   91.59,  234.09,   92.12,  234.44,  592.55, 1410.82,     18440, 2003.36,   30.48,   38.69,   30.35,   38.33,   30.67,   39.07,   29.47,   38.30,   29.35,   38.05,   29.11,   37.54,  179.43,  229.96,     18420,  409.39,    771.97,   1640.78,   2412.76
2026-06-02,06:54:09.735,  115.19,  241.79,  114.40,  241.11,  115.66,  241.80,  102.60,  240.51,  102.08,  240.67,  101.49,  239.95,  651.42, 1445.83,     18820, 2097.25,   33.85,   41.85,   33.15,   41.32,   34.02,   42.27,   31.84,   41.14,   31.78,   41.30,   31.26,   40.49,  195.90,  248.38,     18800,  444.27,    847.32,   1694.21,   2541.53
2026-06-02,06:54:09.786,  113.37,  237.32,  113.45,  236.31,  113.86,  236.68,  103.53,  236.01,  102.86,  235.81,  102.88,  235.89,  649.96, 1418.01,     18840, 2067.97,   32.27,   38.45,   31.50,   37.86,   32.23,   38.50,   30.31,   36.95,   30.43,   37.18,   30.27,   36.80,  187.01,  225.73,     18820,  412.74,    836.97,   1643.74,   2480.71
2026-06-02,06:54:09.836,   66.82,  185.82,   66.79,  185.31,   66.59,  185.41,   53.92,  184.59,   53.91,  184.61,   53.63,  183.86,  361.66, 1109.60,     18840, 1471.26,   15.98,   22.52,   15.87,   22.18,   16.37,   22.91,   15.45,   22.38,   15.40,   22.39,   15.28,   22.15,   94.36,  134.53,     18860,  228.89,    456.02,   1244.13,   1700.15
2026-06-02,06:54:09.886,  125.97,  221.83,  127.02,  221.19,  126.94,  221.47,  118.03,  221.21,  117.28,  221.60,  116.89,  221.12,  732.13, 1328.41,     18600, 2060.54,   29.08,   36.61,   28.31,   35.92,   29.06,   36.65,   26.97,   35.38,   27.04,   35.59,   26.63,   34.89,  167.09,  215.05,     18520,  382.14,    899.22,   1543.47,   2442.68
2026-06-02,06:54:09.937,  154.68,  216.80,  154.02,  216.36,  154.46,  217.07,  139.45,  214.80,  139.66,  215.04,  139.03,  214.74,  881.30, 1294.81,     18840, 2176.11,   33.38,   44.15,   32.69,   43.18,   33.26,   43.82,   30.94,   42.45,   31.11,   42.87,   30.92,   42.27,  192.30,  258.74,     18820,  451.04,   1073.60,   1553.55,   2627.15
2026-06-02,06:54:09.987,   99.48,  234.72,   98.96,  233.57,   99.70,  234.36,   88.79,  233.07,   88.38,  233.74,   88.36,  232.90,  563.67, 1402.35,     18840, 1966.02,   31.65,   41.99,   31.35,   41.37,   31.98,   42.37,   29.62,   40.87,   29.80,   41.13,   29.51,   40.58,  183.91,  248.30,     18840,  432.22,    747.59,   1650.65,   2398.24
2026-06-02,06:54:10.036,   59.71,  230.01,   59.86,  230.25,   59.80,  230.29,   50.87,  231.13,   51.10,  231.07,   50.98,  231.48,  332.32, 1384.23,     18460, 1716.55,   28.98,   37.32,   28.78,   37.03,   29.26,   37.48,   28.49,   37.04,   28.19,   36.68,   28.12,   36.53,  171.83,  222.07,     18600,  393.90,    504.14,   1606.30,   2110.45
2026-06-02,06:54:10.087,   69.79,  198.51,   69.47,  197.70,   68.93,  197.92,   54.80,  195.90,   55.03,  196.13,   54.98,  195.83,  372.99, 1181.98,     18980, 1554.97,   28.33,   40.88,   27.89,   40.17,   28.48,   41.28,   26.66,   39.90,   26.88,   40.36,   26.41,   39.64,  164.66,  242.22,     18840,  406.88,    537.65,   1424.21,   1961.86
2026-06-02,06:54:10.136,  133.86,  241.88,  134.46,  240.84,  134.50,  241.94,  122.82,  241.55,  122.03,  241.89,  122.70,  240.99,  770.37, 1449.09,     18460, 2219.45,   32.91,   43.71,   32.36,   43.12,   32.99,   43.92,   30.88,   42.78,   30.86,   42.85,   30.62,   42.19,  190.63,  258.56,     18500,  449.19,    960.99,   1707.65,   2668.64
2026-06-02,06:54:10.187,   58.32,  228.73,   58.62,  228.28,   59.33,  228.27,   48.34,  228.03,   48.10,  228.18,   47.76,  228.17,  320.48, 1369.66,     18840, 1690.13,   30.82,   40.12,   30.51,   39.92,   31.01,   40.34,   29.49,   39.48,   29.63,   39.60,   29.28,   39.16,  180.74,  238.63,     18820,  419.37,    501.22,   1608.28,   2109.51
2026-06-02,06:54:10.237,   54.24,  199.16,   54.43,  199.34,   54.42,  199.37,   44.00,  198.94,   43.77,  198.43,   43.28,  198.98,  294.14, 1194.22,     18980, 1488.37,   24.41,   37.25,   24.11,   36.77,   24.55,   37.41,   23.12,   36.79,   23.29,   36.76,   22.83,   35.87,  142.32,  220.86,     18860,  363.18,    436.47,   1415.08,   1851.55
2026-06-02,06:54:10.287,  106.98,  231.36,  106.99,  231.00,  107.76,  231.67,   94.77,  229.89,   94.94,  230.16,   95.13,  229.88,  606.58, 1383.95,     18480, 1990.53,   35.49,   50.15,   35.34,   49.84,   35.75,   50.32,   33.34,   48.82,   33.83,   49.33,   33.29,   48.80,  207.03,  297.25,     18400,  504.29,    813.61,   1681.21,   2494.82
2026-06-02,06:54:10.337,   92.96,  237.64,   93.33,  236.86,   93.85,  238.05,   84.62,  237.84,   83.72,  238.09,   83.87,  237.57,  532.35, 1426.06,     18940, 1958.40,   36.97,   40.12,   36.24,   39.50,   37.10,   40.34,   34.59,   38.83,   34.55,   38.76,   34.22,   38.70,  213.67,  236.26,     18840,  449.93,    746.02,   1662.32,   2408.33
2026-06-02,06:54:10.388,  108.79,  212.13,  109.56,  212.52,  109.17,  212.60,   94.96,  211.76,   94.56,  211.53,   95.73,  212.07,  612.77, 1272.62,     18900, 1885.39,   26.59,   39.08,   26.67,   38.69,   27.00,   39.19,   26.01,   38.53,   26.21,   38.67,   25.89,   38.03,  158.37,  232.19,     18920,  390.56,    771.14,   1504.81,   2275.94
2026-06-02,06:54:10.437,   79.38,  210.84,   78.99,  209.84,   79.85,  210.93,   69.88,  209.86,   69.32,  209.27,   68.74,  209.09,  446.16, 1259.84,     18580, 1706.00,   33.71,   39.11,   33.30,   38.67,   33.74,   39.49,   31.48,   38.47,   31.66,   38.57,   31.48,   38.38,  195.38,  232.69,     18440,  428.06,    641.54,   1492.52,   2134.06
2026-06-02,06:54:10.487,   51.12,  185.00,   50.60,  184.37,   51.30,  185.30,   40.20,  184.25,   39.82,  184.10,   39.19,  183.85,  272.23, 1106.88,     18800, 1379.10,   27.34,   34.50,   26.75,   33.93,   27.32,   34.62,   25.85,   33.72,   25.82,   33.79,   25.33,   33.41,  158.40,  203.99,     18800,  362.40,    430.63,   1310.87,   1741.50
2026-06-02,06:54:10.538,  112.03,  216.82,  112.50,  216.07,  112.51,  217.38,  102.28,  217.19,  101.61,  216.69,  102.39,  216.62,  643.32, 1300.76,     18900, 1944.08,   13.88,   25.96,   13.96,   25.55,   14.17,   26.08,   12.67,   25.19,   12.66,   25.18,   12.67,   24.90,   80.00,  152.85,     18940,  232.85,    723.32,   1453.61,   2176.93
2026-06-02,06:54:10.588,   74.52,  206.47,   74.37,  206.61,   74.99,  206.68,   63.46,  205.84,   63.24,  205.95,   62.80,  205.83,  413.38, 1237.37,     18560, 1650.75,   30.09,   39.43,   29.93,   39.12,   30.50,   39.77,   29.00,   38.87,   28.95,   39.06,   28.74,   38.52,  177.22,  234.76,     18460,  411.98,    590.60,   1472.13,   2062.73
2026-06-02,06:54:10.638,  107.89,  224.91,  107.18,  224.15,  108.13,  224.94,   97.85,  222.54,   97.98,  222.41,   97.64,  222.38,  616.68, 1341.34,     18840, 1958.01,   35.80,   45.02,   35.76,   44.86,   36.27,   45.60,   34.11,   44.14,   34.41,   44.68,   33.87,   43.94,  210.21,  268.23,     18820,  478.44,    826.89,   1609.57,   2436.46
2026-06-02,06:54:10.688,   71.93,  202.88,   72.31,  202.61,   72.22,  202.89,   59.56,  201.19,   58.92,  201.34,   58.92,  200.89,  393.86, 1211.81,     18800, 1605.67,   33.77,   45.74,   33.07,   44.84,   33.46,   45.61,   31.12,   44.46,   31.44,   44.81,   31.20,   43.98,  194.05,  269.44,     18780,  463.49,    587.91,   1481.25,   2069.16
2026-06-02,06:54:10.738,   64.21,  224.72,   64.17,  224.93,   64.31,  224.62,   53.44,  223.69,   53.68,  223.45,   53.24,  223.28,  353.05, 1344.68,     18440, 1697.73,   29.53,   38.69,   29.26,   38.41,   29.68,   38.76,   28.95,   38.66,   28.78,   38.27,   28.53,   38.12,  174.74,  230.92,     18460,  405.65,    527.79,   1575.60,   2103.39
2026-06-02,06:54:10.788,   76.42,  223.35,   75.28,  222.15,   76.26,  223.74,   65.36,  222.24,   65.62,  222.27,   65.62,  222.03,  424.56, 1335.78,     18840, 1760.34,   30.61,   39.94,   30.31,   39.33,   30.93,   40.47,   29.38,   39.19,   29.21,   39.21,   28.77,   38.59,  179.20,  236.72,     18820,  415.93,    603.76,   1572.51,   2176.27
2026-06-02,06:54:10.838,   87.85,  207.07,   87.72,  206.12,   87.51,  206.61,   74.89,  205.05,   74.60,  205.20,   74.20,  205.09,  486.78, 1235.15,     18860, 1721.93,   26.94,   43.14,   26.40,   42.48,   26.91,   43.26,   24.73,   42.32,   25.01,   42.75,   24.29,   41.61,  154.28,  255.58,     18800,  409.85,    641.05,   1490.72,   2131.78
2026-06-02,06:54:10.889,  129.71,  272.38,  129.25,  271.24,  129.73,  271.99,  117.40,  270.41,  117.67,  271.21,  116.15,  269.98,  739.90, 1627.20,     18840, 2367.10,   44.59,   45.14,   44.29,   44.65,   44.92,   45.12,   43.42,   44.28,   43.28,   44.45,   43.01,   44.07,  263.52,  267.71,     18840,  531.22,   1003.42,   1894.91,   2898.33
2026-06-02,06:54:10.938,  171.47,  237.59,  171.55,  236.58,  172.40,  237.92,  158.95,  236.62,  158.36,  236.28,  158.10,  236.18,  990.82, 1421.16,     18500, 2411.98,   34.02,   42.42,   33.85,   42.18,   34.35,   42.97,   32.62,   41.79,   32.66,   41.70,   32.59,   41.32,  200.10,  252.38,     18440,  452.48,   1190.92,   1673.54,   2864.46
2026-06-02,06:54:10.989,   83.86,  171.07,   83.55,  170.18,   83.55,  170.96,   74.06,  170.02,   73.97,  169.54,   74.36,  169.93,  473.35, 1021.70,     18820, 1495.05,   26.08,   35.55,   25.98,   35.20,   26.03,   35.56,   24.49,   34.60,   24.58,   35.05,   23.95,   34.26,  151.10,  210.22,     18880,  361.32,    624.45,   1231.92,   1856.38
2026-06-02,06:54:11.039,   58.68,  229.40,   57.47,  228.41,   58.57,  229.21,   46.26,  228.33,   46.57,  228.30,   46.05,  227.83,  313.61, 1371.49,     18820, 1685.10,   29.84,   44.44,   29.12,   43.41,   29.90,   44.74,   27.92,   43.47,   28.10,   43.35,   27.70,   43.07,  172.58,  262.48,     18840,  435.06,    486.19,   1633.97,   2120.16
2026-06-02,06:54:11.088,   93.72,  217.31,   94.07,  217.59,   93.58,  217.59,   80.71,  217.01,   81.04,  217.16,   81.02,  217.27,  524.13, 1303.92,     18440, 1828.05,   28.18,   31.76,   28.30,   31.92,   28.54,   32.14,   28.20,   31.56,   27.98,   31.58,   27.53,   30.89,  168.74,  189.85,     18400,  358.59,    692.86,   1493.77,   2186.64
2026-06-02,06:54:11.138,  106.91,  214.92,  106.16,  214.21,  107.50,  215.12,   97.05,  214.89,   96.50,  214.54,   96.38,  214.25,  610.51, 1287.93,     18916, 1898.44,   32.69,   41.45,   32.21,   40.91,   32.94,   41.88,   30.61,   40.69,   30.99,   40.98,   30.28,   40.23,  189.72,  246.14,     18876,  435.86,    800.23,   1534.07,   2334.30
2026-06-02,06:54:11.188,   89.87,  216.25,   89.50,  215.34,   89.82,  216.07,   77.60,  215.38,   76.78,  215.54,   77.08,  215.41,  500.65, 1293.99,     18820, 1794.64,   27.36,   39.26,   26.68,   38.76,   27.26,   39.74,   25.78,   38.68,   25.96,   38.82,   25.24,   37.80,  158.28,  233.06,     18840,  391.34,    658.93,   1527.05,   2185.98
2026-06-02,06:54:11.239,  101.66,  230.54,  101.66,  229.81,  102.18,  230.76,   87.69,  228.79,   87.44,  228.98,   88.01,  228.75,  568.64, 1377.64,     18900, 1946.28,   30.95,   35.80,   30.67,   35.37,   31.35,   35.83,   30.12,   35.24,   29.87,   35.29,   29.27,   34.65,  182.23,  212.19,     18840,  394.42,    750.86,   1589.83,   2340.69
2026-06-02,06:54:11.288,   75.40,  225.77,   75.79,  225.65,   76.59,  225.66,   66.10,  225.46,   65.50,  225.00,   65.26,  224.99,  424.64, 1352.53,     18480, 1777.18,   16.24,   26.90,   15.92,   26.51,   16.29,   26.80,   14.86,   26.01,   14.77,   26.04,   14.80,   25.75,   92.88,  158.00,     18460,  250.88,    517.52,   1510.54,   2028.06
2026-06-02,06:54:11.339,   65.99,  209.04,   65.47,  209.16,   65.72,  209.26,   52.38,  207.78,   52.99,  208.22,   52.14,  207.55,  354.68, 1251.00,     18860, 1605.68,   30.10,   39.37,   29.41,   38.94,   30.09,   39.63,   28.34,   38.66,   28.65,   39.11,   28.02,   38.28,  174.61,  233.98,     18800,  408.60,    529.29,   1484.99,   2014.27
2026-06-02,06:54:11.389,  158.77,  242.98,  159.65,  242.57,  160.39,  243.12,  147.28,  242.59,  146.38,  242.15,  146.69,  242.37,  919.16, 1455.78,     19020, 2374.94,   35.84,   44.44,   35.43,   43.98,   36.13,   44.65,   34.16,   43.45,   34.07,   43.55,   33.76,   42.78,  209.39,  262.85,     18960,  472.23,   1128.54,   1718.63,   2847.17
2026-06-02,06:54:11.438,  100.75,  242.18,  102.16,  242.57,  101.74,  242.47,   90.84,  242.86,   91.00,  242.84,   91.29,  242.90,  577.77, 1455.81,     18480, 2033.58,   29.65,   38.26,   29.93,   38.39,   29.92,   38.73,   29.08,   37.99,   29.20,   38.07,   28.68,   37.50,  176.46,  228.94,     18440,  405.40,    754.23,   1684.75,   2438.98
2026-06-02,06:54:11.489,   91.39,  185.52,   91.16,  184.50,   90.83,  185.09,   77.78,  183.74,   77.49,  184.25,   77.65,  183.46,  506.30, 1106.55,     18820, 1612.85,   28.63,   41.64,   28.16,   41.20,   28.93,   41.80,   26.50,   40.66,   26.91,   41.05,   26.02,   40.08,  165.15,  246.44,     18840,  411.59,    671.45,   1352.98,   2024.43
2026-06-02,06:54:11.539,   57.83,  228.20,   57.32,  227.39,   58.10,  228.30,   48.27,  227.92,   48.21,  227.82,   47.96,  227.12,  317.70, 1366.76,     18780, 1684.46,   33.03,   43.51,   32.67,   43.23,   33.41,   44.30,   31.23,   42.62,   31.54,   43.16,   31.30,   42.52,  193.17,  259.34,     18760,  452.51,    510.87,   1626.10,   2136.96
2026-06-02,06:54:11.589,  123.55,  260.04,  123.01,  259.28,  124.13,  260.30,  109.39,  258.69,  110.60,  259.61,  109.75,  258.84,  700.44, 1556.77,     18820, 2257.21,   45.09,   55.49,   44.99,   55.54,   45.80,   56.17,   43.82,   55.14,   43.74,   55.15,   43.37,   54.62,  266.80,  332.11,     18840,  598.92,    967.24,   1888.89,   2856.13
2026-06-02,06:54:11.640,  104.08,  194.71,  104.84,  194.77,  104.96,  195.43,   92.75,  194.13,   91.43,  193.74,   91.94,  193.91,  590.00, 1166.69,     18440, 1756.69,   33.81,   44.82,   33.41,   44.23,   34.15,   45.07,   32.11,   43.63,   32.35,   43.95,   31.81,   43.49,  197.64,  265.19,     18440,  462.84,    787.64,   1431.89,   2219.53
2026-06-02,06:54:11.689,   87.17,  230.69,   87.53,  229.64,   87.55,  230.04,   76.84,  229.66,   76.66,  229.28,   76.21,  228.51,  491.96, 1377.82,     18760, 1869.77,   32.64,   41.59,   31.89,   40.82,   33.11,   42.25,   30.65,   40.33,   30.74,   40.69,   30.21,   39.82,  189.24,  245.51,     18720,  434.74,    681.19,   1623.33,   2304.52
2026-06-02,06:54:11.739,   96.27,  176.21,   96.15,  175.37,   96.09,  175.82,   85.45,  174.58,   85.40,  175.45,   85.11,  174.45,  544.48, 1051.88,     18820, 1596.35,   27.79,   42.82,   27.19,   42.14,   27.98,   43.30,   25.85,   42.23,   26.07,   42.67,   25.41,   41.87,  160.30,  255.03,     18800,  415.33,    704.78,   1306.91,   2011.69
2026-06-02,06:54:11.790,  119.84,  246.89,  120.32,  246.93,  120.68,  247.09,  107.30,  246.52,  106.65,  246.44,  106.71,  246.23,  681.50, 1480.11,     18880, 2161.61,   33.93,   36.94,   33.84,   37.04,   34.10,   37.36,   33.25,   36.42,   33.33,   36.25,   33.14,   35.98,  201.58,  219.99,     18780,  421.57,    883.08,   1700.10,   2583.18
2026-06-02,06:54:11.840,  147.52,  256.53,  146.94,  254.83,  147.52,  256.04,  132.42,  254.29,  132.24,  255.44,  130.95,  253.94,  837.60, 1531.08,     18780, 2368.68,   35.82,   44.31,   34.92,   43.25,   35.90,   44.10,   33.65,   43.07,   33.49,   42.87,   33.24,   42.56,  207.02,  260.15,     18760,  467.18,   1044.63,   1791.23,   2835.86
2026-06-02,06:54:11.889,   86.44,  209.46,   86.76,  209.33,   86.68,  209.55,   73.71,  208.82,   73.51,  208.63,   72.81,  208.14,  479.91, 1253.93,     18420, 1733.83,   29.12,   43.57,   28.66,   43.27,   29.21,   43.97,   27.24,   42.92,   27.58,   43.53,   26.87,   42.21,  168.69,  259.47,     18420,  428.16,    648.60,   1513.40,   2161.99
2026-06-02,06:54:11.940,  194.84,  247.58,  194.98,  247.08,  195.39,  248.22,  182.42,  247.12,  181.70,  247.18,  181.78,  246.83, 1131.10, 1484.01,     18820, 2615.11,   36.35,   36.27,   36.30,   35.86,   36.84,   36.38,   35.32,   35.41,   35.25,   35.46,   34.95,   35.02,  215.00,  214.40,     18800,  429.40,   1346.11,   1698.41,   3044.51
2026-06-02,06:54:11.990,   74.18,  170.29,   74.50,  170.06,   74.57,  170.06,   66.48,  169.54,   66.00,  169.69,   66.21,  169.56,  421.94, 1019.22,     18760, 1441.15,   25.60,   33.16,   25.48,   33.11,   25.85,   33.60,   24.62,   32.99,   24.68,   32.80,   23.99,   32.33,  150.22,  198.00,     18760,  348.22,    572.16,   1217.22,   1789.38
2026-06-02,06:54:12.040,   50.04,  210.67,   49.12,  209.98,   49.89,  210.75,   38.09,  209.17,   38.32,  208.69,   37.60,  208.85,  263.07, 1258.11,     18780, 1521.18,   13.47,   24.61,   13.21,   24.49,   13.67,   24.85,   12.08,   24.16,   12.07,   24.33,   11.75,   23.35,   76.25,  145.80,     18780,  222.05,    339.32,   1403.91,   1743.24
2026-06-02,06:54:12.090,   90.92,  180.60,   90.66,  180.00,   91.12,  180.88,   80.99,  179.90,   81.14,  179.54,   80.82,  179.36,  515.64, 1080.28,     18780, 1595.92,   31.17,   40.84,   30.52,   40.19,   30.97,   40.60,   29.52,   39.91,   29.94,   40.29,   29.20,   39.51,  181.33,  241.34,     18740,  422.67,    696.97,   1321.62,   2018.59
2026-06-02,06:54:12.141,  109.59,  243.13,  109.44,  243.26,  109.91,  243.73,   94.97,  242.13,   95.54,  242.26,   95.19,  241.96,  614.64, 1456.47,     18740, 2071.11,   28.68,   38.48,   28.66,   38.42,   28.90,   39.05,   27.91,   38.29,   28.07,   38.23,   27.70,   37.71,  169.92,  230.17,     18780,  400.09,    784.56,   1686.64,   2471.21
2026-06-02,06:54:12.190,  109.36,  234.09,  109.12,  233.18,  109.18,  233.55,   95.35,  231.92,   94.68,  231.57,   95.34,  231.76,  613.04, 1396.06,     18440, 2009.10,   28.13,   39.33,   27.82,   39.18,   28.43,   39.90,   26.55,   38.67,   26.72,   38.65,   26.31,   38.04,  163.95,  233.77,     18420,  397.72,    777.00,   1629.83,   2406.82
2026-06-02,06:54:12.240,   90.83,  232.81,   90.93,  231.82,   91.40,  232.31,   78.43,  231.06,   78.04,  231.56,   77.80,  230.63,  507.44, 1390.19,     18820, 1897.63,   33.20,   43.58,   32.40,   42.89,   33.50,   43.93,   31.69,   42.99,   31.44,   42.78,   31.00,   42.25,  193.24,  258.42,     18800,  451.66,    700.68,   1648.61,   2349.29
2026-06-02,06:54:12.291,  106.06,  226.44,  106.33,  226.60,  106.42,  226.83,   96.07,  226.94,   95.54,  227.55,   95.94,  226.93,  606.35, 1361.29,     18860, 1967.63,   39.14,   43.61,   38.85,   43.54,   39.26,   43.75,   37.65,   42.82,   38.01,   43.27,   37.58,   42.48,  230.49,  259.47,     18900,  489.96,    836.84,   1620.76,   2457.60
2026-06-02,06:54:12.341,   71.50,  189.57,   71.89,  189.36,   71.78,  189.42,   59.18,  187.74,   58.73,  187.92,   58.93,  187.76,  392.01, 1131.77,     18920, 1523.78,   25.68,   37.70,   25.37,   37.44,   26.20,   38.16,   24.72,   37.26,   24.66,   37.52,   24.31,   36.96,  150.94,  225.04,     18840,  375.98,    542.95,   1356.81,   1899.75
2026-06-02,06:54:12.391,   86.92,  222.56,   86.09,  221.11,   86.48,  222.32,   75.81,  220.77,   76.42,  221.28,   75.27,  220.36,  486.99, 1328.41,     18500, 1815.40,   35.59,   48.56,   35.11,   48.23,   35.64,   48.60,   33.11,   47.62,   33.29,   47.86,   32.83,   47.20,  205.56,  288.07,     18440,  493.62,    692.55,   1616.47,   2309.02
2026-06-02,06:54:12.441,  121.98,  224.67,  122.23,  225.11,  122.59,  225.08,  108.06,  222.99,  107.24,  222.23,  107.42,  222.67,  689.52, 1342.75,     18900, 2032.27,   30.58,   44.35,   30.50,   43.94,   30.80,   44.47,   29.03,   43.93,   28.75,   44.02,   28.64,   43.18,  178.31,  263.90,     18840,  442.20,    867.83,   1606.65,   2474.48
2026-06-02,06:54:12.491,   78.83,  214.41,   78.28,  213.70,   79.18,  214.50,   70.49,  214.66,   71.02,  214.79,   70.47,  214.18,  448.26, 1286.25,     18840, 1734.51,   31.49,   37.36,   31.61,   37.13,   31.96,   37.86,   30.57,   37.21,   30.76,   37.11,   30.21,   36.56,  186.60,  223.23,     18840,  409.83,    634.86,   1509.48,   2144.34
2026-06-02,06:54:12.541,  123.11,  238.94,  122.82,  237.97,  122.91,  238.35,  108.48,  237.48,  107.80,  237.51,  108.16,  237.14,  693.28, 1427.39,     18440, 2120.67,   29.64,   43.71,   29.35,   43.41,   29.85,   44.22,   27.94,   42.96,   27.86,   42.79,   27.54,   42.34,  172.18,  259.44,     18460,  431.61,    865.46,   1686.83,   2552.28
2026-06-02,06:54:12.591,   59.79,  193.87,   59.20,  193.39,   60.02,  193.54,   50.64,  193.03,   50.76,  193.59,   50.04,  193.05,  330.45, 1160.48,     18820, 1490.92,   29.84,   39.73,   29.49,   39.31,   30.12,   40.15,   28.24,   39.21,   28.32,   39.51,   27.67,   38.75,  173.67,  236.65,     18840,  410.33,    504.12,   1397.13,   1901.25
2026-06-02,06:54:12.642,  136.56,  258.87,  137.57,  258.29,  137.21,  258.89,  121.42,  258.03,  121.20,  258.08,  122.32,  257.82,  776.27, 1549.98,     18880, 2326.25,   38.25,   42.76,   37.94,   42.47,   38.75,   42.83,   37.04,   41.80,   36.83,   41.90,   36.46,   41.08,  225.27,  252.83,     18840,  478.10,   1001.54,   1802.81,   2804.35
2026-06-02,06:54:12.692,   57.14,  227.38,   56.35,  226.61,   56.78,  227.70,   44.41,  225.57,   44.71,  225.65,   44.07,  225.09,  303.47, 1358.00,     18840, 1661.47,   28.43,   36.11,   28.32,   36.09,   28.99,   36.79,   27.12,   35.72,   26.98,   35.49,   26.66,   35.13,  166.49,  215.34,     18840,  381.83,    469.97,   1573.33,   2043.30
2026-06-02,06:54:12.742,   96.60,  217.26,   96.24,  216.64,   96.19,  216.52,   83.17,  215.83,   83.17,  216.50,   82.81,  216.03,  538.20, 1298.79,     18480, 1836.99,   32.79,   40.28,   32.12,   39.82,   32.85,   40.47,   30.63,   38.88,   30.70,   39.24,   30.28,   38.55,  189.36,  237.23,     18440,  426.59,    727.56,   1536.02,   2263.58
2026-06-02,06:54:12.792,  102.40,  213.43,  102.59,  212.42,  102.95,  213.15,   93.53,  212.24,   93.25,  212.62,   93.22,  212.23,  587.93, 1276.09,     18920, 1864.02,   23.95,   34.24,   23.99,   34.09,   24.35,   34.48,   22.75,   34.09,   22.56,   34.10,   22.78,   34.07,  140.38,  205.05,     18920,  345.43,    728.31,   1481.15,   2209.45
2026-06-02,06:54:12.842,   69.51,  176.61,   70.16,  176.39,   69.50,  176.40,   57.88,  175.27,   57.93,  175.32,   58.02,  175.15,  383.00, 1055.13,     18580, 1438.14,   15.57,   26.74,   15.28,   26.44,   15.46,   26.68,   14.53,   26.03,   14.43,   26.00,   14.07,   25.33,   89.34,  157.21,     18680,  246.55,    472.34,   1212.34,   1684.68
2026-06-02,06:54:12.893,  140.35,  246.86,  140.33,  246.20,  141.36,  246.87,  129.44,  246.76,  129.23,  247.18,  128.75,  246.66,  809.47, 1480.53,     18703, 2290.00,   39.01,   45.57,   38.89,   45.32,   39.56,   46.26,   37.23,   45.05,   37.49,   45.21,   37.18,   44.58,  229.36,  271.98,     18821,  501.35,   1038.83,   1752.51,   2791.35
2026-06-02,06:54:12.944,  212.79,  228.54,  212.56,  228.04,  213.38,  228.91,  195.45,  226.32,  195.20,  226.36,  195.18,  225.79, 1224.55, 1363.96,     18740, 2588.51,   37.20,   45.14,   37.15,   44.68,   37.65,   45.29,   35.31,   44.08,   35.19,   44.06,   35.10,   43.61,  217.60,  266.86,     18760,  484.46,   1442.15,   1630.82,   3072.96
2026-06-02,06:54:12.993,   87.08,  226.56,   86.51,  225.36,   86.93,  226.28,   77.98,  226.34,   78.27,  226.75,   77.85,  225.70,  494.61, 1356.98,     18660, 1851.59,   27.61,   36.43,   27.27,   35.98,   27.88,   36.91,   26.54,   35.75,   26.66,   35.95,   26.39,   35.36,  162.36,  216.37,     18500,  378.72,    656.97,   1573.35,   2230.32
2026-06-02,06:54:13.043,  104.60,  200.41,  104.62,  199.77,  105.09,  200.45,   90.34,  198.17,   90.16,  197.95,   90.44,  197.72,  585.24, 1194.47,     18800, 1779.72,   31.26,   40.06,   30.70,   40.02,   31.12,   40.28,   29.40,   39.38,   29.55,   39.50,   29.40,   39.29,  181.42,  238.53,     18900,  419.96,    766.67,   1433.01,   2199.67
2026-06-02,06:54:13.096,  124.50,  247.69,  124.54,  246.52,  124.11,  246.87,  111.01,  245.78,  110.91,  246.46,  111.03,  245.71,  706.09, 1479.02,     18800, 2185.11,   35.54,   45.63,   35.22,   45.35,   35.99,   46.27,   33.53,   44.85,   33.58,   45.05,   33.01,   44.42,  206.86,  271.57,     18900,  478.43,    912.95,   1750.59,   2663.55
2026-06-02,06:54:13.144,   71.16,  235.98,   71.26,  234.72,   71.54,  235.31,   62.06,  235.72,   61.27,  236.50,   61.75,  235.69,  399.03, 1413.92,     18740, 1812.95,   28.79,   36.58,   28.26,   36.27,   28.76,   36.93,   27.33,   36.31,   27.81,   36.52,   27.22,   35.69,  168.16,  218.29,     18740,  386.46,    567.19,   1632.21,   2199.40
2026-06-02,06:54:13.194,   48.68,  215.72,   48.69,  215.76,   49.13,  215.94,   39.57,  215.66,   39.49,  216.11,   38.69,  215.51,  264.25, 1294.70,     18800, 1558.95,   23.39,   37.98,   23.37,   38.05,   23.59,   38.21,   22.99,   37.77,   23.07,   37.60,   22.60,   37.03,  139.02,  226.65,     18800,  365.67,    403.27,   1521.36,   1924.62
2026-06-02,06:54:13.244,  102.54,  210.47,  101.99,  209.80,  101.76,  210.40,   88.91,  208.86,   89.24,  209.06,   89.11,  208.77,  573.56, 1257.36,     18460, 1830.91,   31.16,   40.30,   30.30,   39.27,   31.15,   40.47,   29.49,   39.20,   29.13,   39.22,   28.94,   38.55,  180.18,  237.02,     18500,  417.20,    753.73,   1494.38,   2248.11
2026-06-02,06:54:13.294,  135.06,  230.94,  135.24,  229.98,  136.61,  231.27,  124.70,  230.05,  124.25,  230.20,  124.66,  229.78,  780.52, 1382.21,     18940, 2162.73,   47.62,   61.33,   47.61,   60.96,   48.45,   61.76,   45.36,   60.21,   45.18,   60.29,   45.41,   59.88,  279.64,  364.42,     18920,  644.06,   1060.16,   1746.63,   2806.79
2026-06-02,06:54:13.344,  123.98,  245.03,  124.01,  243.88,  124.15,  244.93,  110.29,  242.91,  110.56,  243.59,  110.61,  242.98,  703.61, 1463.32,     18820, 2166.92,   38.89,   54.43,   38.60,   54.49,   39.23,   54.71,   37.23,   54.23,   37.45,   54.31,   36.98,   53.60,  228.37,  325.77,     18740,  554.14,    931.98,   1789.09,   2721.07
2026-06-02,06:54:13.395,   98.60,  170.89,   98.43,  170.66,   98.50,  170.73,   88.90,  170.68,   88.87,  170.93,   88.70,  170.69,  562.01, 1024.56,     18920, 1586.58,   31.82,   36.15,   31.47,   35.59,   32.25,   36.73,   29.87,   35.21,   30.13,   35.70,   29.54,   35.04,  185.08,  214.43,     18920,  399.51,    747.09,   1238.99,   1986.09
2026-06-02,06:54:13.444,   90.32,  206.79,   90.35,  206.74,   89.90,  206.82,   76.67,  205.15,   76.26,  205.28,   76.27,  205.61,  499.77, 1236.39,     18460, 1736.17,   27.93,   38.72,   27.46,   38.14,   27.81,   38.84,   26.20,   37.60,   26.16,   37.63,   25.61,   36.83,  161.17,  227.75,     18440,  388.92,    660.94,   1464.14,   2125.08
2026-06-02,06:54:13.495,  111.31,  231.60,  111.67,  230.57,  112.23,  231.74,  101.22,  230.90,  100.06,  230.94,  100.44,  230.27,  636.93, 1386.02,     18980, 2022.95,   36.85,   44.66,   36.39,   44.00,   37.11,   44.86,   35.04,   44.30,   35.13,   44.59,   35.07,   44.12,  215.59,  266.52,     18840,  482.11,    852.53,   1652.54,   2505.07
2026-06-02,06:54:13.545,  103.74,  228.11,  104.85,  228.35,  104.72,  228.66,   92.33,  227.68,   91.66,  227.82,   92.96,  228.10,  590.26, 1368.73,     18840, 1958.99,   22.32,   25.88,   22.42,   26.31,   22.89,   26.65,   22.05,   26.11,   21.75,   26.04,   21.87,   25.96,  133.30,  156.95,     18880,  290.25,    723.56,   1525.68,   2249.24
2026-06-02,06:54:13.595,   45.22,  189.04,   44.87,  188.43,   44.81,  188.78,   33.09,  187.24,   33.14,  187.27,   32.13,  186.35,  233.26, 1127.12,     18500, 1360.39,   20.63,   34.47,   20.37,   33.91,   20.70,   34.41,   18.34,   32.88,   18.39,   33.29,   18.15,   32.73,  116.58,  201.70,     18660,  318.27,    349.84,   1328.82,   1678.66
2026-06-02,06:54:13.645,  107.10,  240.37,  106.43,  240.09,  106.91,  240.25,   96.73,  240.53,   96.69,  240.09,   97.07,  239.84,  610.93, 1441.17,     18740, 2052.10,   39.92,   48.73,   39.87,   48.77,   40.41,   49.30,   38.26,   47.97,   38.15,   48.00,   38.18,   47.84,  234.80,  290.60,     18720,  525.40,    845.73,   1731.77,   2577.50
2026-06-02,06:54:13.695,   76.55,  186.17,   76.41,  185.84,   76.85,  186.17,   64.87,  184.52,   64.18,  184.28,   64.60,  183.97,  423.46, 1110.95,     18880, 1534.41,   24.98,   36.14,   24.84,   36.01,   25.16,   36.43,   23.84,   35.53,   24.13,   35.82,   23.78,   35.30,  146.73,  215.23,     18800,  361.96,    570.19,   1326.18,   1896.37
2026-06-02,06:54:13.746,   65.51,  214.12,   65.23,  213.52,   65.64,  214.50,   58.47,  214.73,   58.71,  215.21,   58.52,  214.46,  372.08, 1286.54,     18900, 1658.62,   34.82,   43.37,   34.40,   43.09,   35.16,   43.83,   33.51,   42.73,   33.36,   42.69,   33.06,   42.13,  204.31,  257.84,     18940,  462.14,    576.38,   1544.37,   2120.76
2026-06-02,06:54:13.795,  100.16,  183.80,  100.74,  183.31,  100.59,  183.41,   88.30,  182.12,   88.00,  182.34,   88.34,  182.19,  566.14, 1097.18,     18460, 1663.32,   27.38,   38.68,   27.07,   38.42,   27.26,   38.75,   25.70,   37.93,   26.09,   38.58,   25.39,   37.67,  158.90,  230.02,     18440,  388.92,    725.04,   1327.20,   2052.24
2026-06-02,06:54:13.846,   95.48,  235.42,   95.51,  234.95,   95.92,  235.57,   84.81,  235.46,   84.70,  235.64,   84.70,  235.04,  541.14, 1412.07,     18840, 1953.21,   33.61,   43.81,   33.32,   43.70,   34.04,   44.26,   32.20,   43.29,   32.23,   43.46,   31.59,   42.53,  196.98,  261.05,     18900,  458.04,    738.12,   1673.13,   2411.24
2026-06-02,06:54:13.896,  129.78,  223.18,  129.90,  223.06,  130.15,  223.58,  118.09,  222.93,  117.47,  222.42,  116.51,  222.10,  741.90, 1337.26,     18880, 2079.16,   39.52,   39.24,   39.53,   39.12,   39.74,   39.47,   38.68,   38.93,   38.87,   38.90,   38.31,   38.35,  234.66,  234.01,     18800,  468.67,    976.56,   1571.27,   2547.83
2026-06-02,06:54:13.945,  183.19,  236.40,  182.61,  235.06,  183.43,  236.63,  169.42,  234.94,  169.94,  234.94,  169.33,  234.62, 1057.92, 1412.59,     18500, 2470.51,   41.39,   46.53,   41.13,   46.21,   41.66,   46.80,   39.31,   45.50,   39.19,   45.59,   38.99,   45.22,  241.67,  275.85,     18480,  517.52,   1299.59,   1688.44,   2988.03
2026-06-02,06:54:13.996,   44.88,  178.34,   44.80,  177.74,   44.91,  177.69,   33.93,  176.42,   33.86,  176.58,   33.55,  176.41,  235.93, 1063.18,     18860, 1299.11,   27.87,   40.52,   27.13,   39.67,   28.03,   40.49,   26.14,   39.55,   26.28,   39.73,   26.10,   39.65,  161.54,  239.61,     18800,  401.15,    397.47,   1302.79,   1700.26
2026-06-02,06:54:14.046,   36.60,  193.65,   35.92,  193.14,   36.33,  193.88,   29.92,  193.65,   29.62,  193.44,   29.33,  192.95,  197.73, 1160.71,     18800, 1358.44,   25.96,   31.03,   25.91,   31.13,   26.14,   31.40,   25.43,   30.80,   25.35,   30.66,   25.46,   30.58,  154.25,  185.61,     18760,  339.86,    351.98,   1346.32,   1698.29
2026-06-02,06:54:14.097,  143.51,  228.83,  144.23,  228.50,  143.60,  228.94,  127.61,  227.58,  127.65,  227.96,  127.85,  227.15,  814.44, 1368.96,     18980, 2183.40,   29.94,   43.36,   29.90,   42.92,   30.43,   43.65,   28.64,   42.33,   28.75,   42.46,   28.32,   41.85,  175.98,  256.57,     18840,  432.55,    990.42,   1625.53,   2615.95
2026-06-02,06:54:14.146,  101.77,  202.90,  101.88,  202.74,  102.45,  202.47,   92.24,  201.93,   91.59,  201.74,   92.12,  201.77,  582.05, 1213.55,     18440, 1795.60,   30.21,   41.23,   30.03,   41.18,   30.47,   41.80,   28.75,   41.05,   28.74,   40.93,   28.75,   40.50,  176.95,  246.68,     18440,  423.63,    759.00,   1460.23,   2219.23
2026-06-02,06:54:14.196,   78.78,  234.47,   79.48,  233.85,   78.62,  233.85,   65.62,  233.46,   65.50,  233.69,   65.95,  233.75,  433.94, 1403.06,     18800, 1837.00,   28.39,   41.63,   27.86,   41.17,   28.53,   41.80,   27.17,   41.03,   27.33,   41.14,   27.04,   40.81,  166.31,  247.58,     18840,  413.89,    600.26,   1650.64,   2250.90
2026-06-02,06:54:14.247,  128.60,  205.94,  128.63,  205.86,  129.08,  206.05,  117.69,  204.92,  116.94,  204.88,  116.88,  204.77,  737.83, 1232.42,     18880, 1970.25,   33.96,   36.59,   33.89,   36.55,   34.18,   36.75,   32.53,   36.22,   32.84,   36.17,   32.43,   35.79,  199.83,  218.07,     18840,  417.90,    937.67,   1450.49,   2388.16
2026-06-02,06:54:14.296,   72.48,  198.35,   72.39,  197.82,   71.71,  198.06,   60.79,  197.50,   61.02,  197.80,   60.56,  197.22,  398.95, 1186.74,     18460, 1585.69,   18.87,   24.48,   18.76,   24.29,   19.25,   24.61,   17.62,   23.80,   17.65,   23.98,   17.64,   23.78,  109.80,  144.95,     18460,  254.75,    508.75,   1331.69,   1840.44
2026-06-02,06:54:14.350,   92.30,  210.52,   91.37,  209.13,   92.36,  210.20,   83.17,  209.72,   82.63,  209.29,   82.32,  208.66,  524.16, 1257.53,     18800, 1781.69,   31.12,   40.36,   30.44,   39.94,   30.71,   40.22,   28.22,   39.16,   28.43,   39.16,   27.99,   38.67,  176.92,  237.51,     18800,  414.43,    701.08,   1495.03,   2196.12
2026-06-02,06:54:14.397,   66.80,  217.42,   66.95,  217.66,   66.77,  217.50,   53.10,  216.35,   52.94,  216.36,   52.75,  216.99,  359.30, 1302.28,     18900, 1661.58,   26.36,   36.15,   26.25,   36.44,   26.34,   36.49,   25.73,   36.09,   25.68,   36.09,   25.42,   35.60,  155.77,  216.86,     18860,  372.63,    515.07,   1519.14,   2034.22
2026-06-02,06:54:14.447,  110.08,  230.27,  110.45,  229.21,  110.35,  229.92,   97.13,  227.72,   96.23,  227.76,   96.94,  226.99,  621.18, 1371.87,     18880, 1993.04,   32.20,   45.43,   31.84,   45.11,   32.83,   45.95,   30.53,   44.64,   30.28,   44.84,   30.06,   44.20,  187.74,  270.17,     18820,  457.91,    808.92,   1642.03,   2450.95
2026-06-02,06:54:14.497,   69.40,  205.94,   68.64,  204.81,   70.42,  206.26,   63.17,  206.60,   62.80,  206.75,   62.43,  205.92,  396.86, 1236.28,     18480, 1633.14,   33.94,   43.16,   33.52,   42.68,   33.89,   43.64,   31.93,   42.17,   32.19,   42.37,   31.79,   41.67,  197.27,  255.70,     18480,  452.97,    594.12,   1491.98,   2086.10
2026-06-02,06:54:14.547,  133.72,  224.37,  133.53,  224.01,  133.72,  224.27,  119.23,  223.10,  118.93,  222.56,  118.81,  222.68,  757.93, 1340.98,     18820, 2098.92,   28.53,   38.43,   28.44,   38.14,   28.75,   38.82,   27.21,   37.94,   27.44,   38.07,   26.99,   37.22,  167.35,  228.63,     18800,  395.99,    925.29,   1569.62,   2494.90
2026-06-02,06:54:14.598,   89.07,  225.11,   89.18,  224.87,   89.32,  225.31,   77.81,  223.55,   78.17,  224.23,   77.85,  223.53,  501.39, 1346.59,     18800, 1847.99,   32.47,   41.47,   32.26,   41.17,   32.74,   41.90,   31.34,   40.84,   31.24,   40.87,   31.10,   40.30,  191.14,  246.55,     18860,  437.68,    692.53,   1593.14,   2285.67
2026-06-02,06:54:14.647,  131.24,  242.16,  131.48,  241.34,  131.55,  241.95,  120.20,  241.91,  119.97,  241.95,  119.69,  241.14,  754.12, 1450.45,     18440, 2204.56,   33.14,   42.03,   32.25,   41.45,   33.43,   42.18,   31.28,   41.10,   31.43,   41.16,   31.16,   40.39,  192.69,  248.31,     18460,  440.99,    946.80,   1698.75,   2645.56
2026-06-02,06:54:14.698,   58.38,  215.79,   58.17,  215.16,   57.75,  215.65,   46.55,  215.55,   46.63,  215.61,   46.05,  214.68,  313.53, 1292.43,     18800, 1605.96,   28.35,   37.98,   27.81,   37.37,   28.23,   38.04,   26.75,   37.18,   26.84,   37.37,   26.46,   36.61,  164.45,  224.55,     18820,  388.99,    477.97,   1516.98,   1994.96
2026-06-02,06:54:14.748,  109.17,  220.37,  109.79,  220.17,  110.05,  220.35,   96.80,  217.43,   96.40,  218.22,   97.02,  217.68,  619.24, 1314.22,     18940, 1933.46,   28.93,   38.90,   28.86,   38.66,   29.09,   38.92,   28.03,   38.44,   27.98,   38.30,   27.85,   37.93,  170.74,  231.15,     18900,  401.89,    789.98,   1545.37,   2335.34
2026-06-02,06:54:14.797,   85.67,  229.80,   84.64,  228.96,   85.18,  229.82,   72.71,  228.16,   72.66,  228.35,   71.95,  228.04,  472.81, 1373.13,     18480, 1845.94,   33.01,   41.58,   32.24,   40.89,   32.86,   41.77,   31.28,   40.76,   31.08,   40.61,   30.47,   40.12,  190.93,  245.73,     18480,  436.65,    663.74,   1618.85,   2282.59
2026-06-02,06:54:14.848,  125.62,  250.50,  125.57,  249.60,  126.21,  250.44,  115.72,  250.88,  115.02,  250.87,  115.11,  250.20,  723.26, 1502.48,     18920, 2225.73,   33.92,   41.96,   33.24,   41.22,   34.04,   42.35,   31.77,   40.93,   31.75,   41.15,   31.55,   40.77,  196.27,  248.38,     18780,  444.64,    919.52,   1750.85,   2670.38
2026-06-02,06:54:14.898,  119.88,  198.28,  119.93,  197.99,  119.82,  198.39,  105.39,  197.28,  105.36,  197.50,  105.54,  197.32,  675.93, 1186.76,     18840, 1862.69,   30.68,   41.13,   30.47,   40.69,   30.67,   41.23,   29.51,   40.08,   29.68,   40.27,   29.08,   39.50,  180.09,  242.90,     18820,  422.99,    856.02,   1429.66,   2285.68
2026-06-02,06:54:14.949,  213.91,  255.68,  213.85,  255.22,  214.79,  256.39,  198.36,  254.37,  198.11,  253.91,  197.22,  253.32, 1236.24, 1528.89,     19020, 2765.13,   37.98,   43.07,   37.71,   42.68,   38.16,   42.93,   36.47,   42.44,   36.36,   42.81,   36.22,   41.93,  222.89,  255.87,     18800,  478.76,   1459.14,   1784.76,   3243.89
2026-06-02,06:54:14.998,  116.76,  220.88,  117.18,  220.26,  117.36,  220.84,  107.61,  220.54,  107.82,  220.28,  107.87,  220.24,  674.60, 1323.04,     18420, 1997.63,   31.86,   38.73,   31.86,   38.29,   32.49,   38.92,   30.26,   37.48,   30.31,   37.90,   30.01,   37.26,  186.79,  228.59,     18440,  415.38,    861.39,   1551.62,   2413.01
2026-06-02,06:54:15.048,  111.13,  197.52,  111.03,  197.10,  110.96,  197.52,   97.61,  196.06,   97.70,  196.57,   97.90,  196.56,  626.33, 1181.33,     18820, 1807.65,   23.80,   31.80,   23.85,   31.90,   24.67,   32.58,   22.97,   31.81,   23.12,   32.12,   22.83,   31.47,  141.23,  191.68,     18800,  332.91,    767.56,   1373.01,   2140.57
2026-06-02,06:54:15.099,   69.81,  212.29,   70.19,  212.10,   70.33,  212.30,   61.93,  212.18,   61.79,  212.39,   61.90,  211.74,  395.96, 1273.01,     18880, 1668.97,   20.13,   29.06,   20.16,   28.81,   20.18,   29.04,   19.03,   28.29,   19.21,   28.57,   18.73,   27.74,  117.45,  171.50,     18940,  288.95,    513.41,   1444.51,   1957.92
2026-06-02,06:54:15.148,   40.94,  173.72,   40.99,  173.27,   40.79,  173.83,   29.69,  172.32,   29.72,  172.16,   29.88,  171.94,  212.01, 1037.24,     18520, 1249.26,   28.36,   40.31,   27.69,   39.78,   28.23,   40.68,   26.43,   39.71,   26.79,   40.18,   26.11,   39.33,  163.61,  239.99,     18420,  403.60,    375.62,   1277.23,   1652.85
2026-06-02,06:54:15.199,  110.49,  255.20,  109.89,  254.01,  111.02,  255.25,   96.19,  253.39,   96.17,  253.07,   96.22,  253.16,  619.98, 1524.07,     18980, 2144.05,   31.70,   42.47,   31.55,   42.24,   32.13,   43.07,   30.28,   41.56,   30.24,   41.68,   30.04,   40.79,  185.94,  251.81,     18780,  437.75,    805.92,   1775.88,   2581.81
2026-06-02,06:54:15.249,   91.04,  232.07,   91.37,  231.80,   91.53,  232.05,   82.14,  232.68,   81.89,  232.47,   81.29,  232.25,  519.26, 1393.32,     18780, 1912.58,   32.59,   41.25,   32.25,   40.91,   32.66,   41.64,   31.06,   40.66,   30.99,   40.46,   30.59,   39.60,  190.13,  244.53,     18800,  434.66,    709.39,   1637.85,   2347.23
2026-06-02,06:54:15.304,  113.17,  223.94,  113.47,  223.78,  113.50,  224.17,  101.67,  223.79,  102.15,  224.40,  101.75,  224.07,  645.70, 1344.16,     18860, 1989.86,   31.78,   41.27,   31.49,   41.08,   31.92,   41.56,   30.16,   40.53,   30.38,   40.61,   30.03,   39.99,  185.76,  245.04,     18840,  430.80,    831.46,   1589.20,   2420.66
2026-06-02,06:54:15.349,  110.38,  191.85,  110.41,  191.17,  110.89,  191.72,   99.24,  190.36,   98.90,  190.84,   99.01,  189.79,  628.84, 1145.73,     18580, 1774.58,   30.42,   41.05,   30.42,   41.05,   31.01,   41.98,   28.97,   40.65,   29.12,   40.94,   28.53,   40.12,  178.47,  245.79,     18540,  424.25,    807.31,   1391.52,   2198.83
2026-06-02,06:54:15.399,  109.86,  231.48,  109.79,  230.58,  110.61,  231.46,   97.96,  229.90,   98.00,  229.82,   97.51,  229.90,  623.74, 1383.14,     18820, 2006.87,   34.01,   43.64,   33.56,   43.07,   34.53,   44.21,   32.34,   42.85,   32.64,   42.99,   32.10,   42.55,  199.18,  259.31,     18820,  458.49,    822.92,   1642.45,   2465.37
2026-06-02,06:54:15.450,  117.66,  173.90,  117.59,  173.49,  117.58,  173.94,  107.37,  173.26,  107.29,  173.49,  106.10,  173.14,  673.58, 1041.23,     18800, 1714.81,   27.50,   36.38,   27.45,   36.37,   27.66,   36.93,   26.58,   35.97,   26.77,   36.34,   26.48,   35.49,  162.44,  217.47,     18800,  379.91,    836.03,   1258.70,   2094.73
2026-06-02,06:54:15.502,  130.58,  256.26,  130.82,  255.11,  131.33,  255.95,  116.41,  254.34,  115.68,  254.33,  115.54,  254.34,  740.37, 1530.33,     18500, 2270.70,   37.28,   49.16,   36.83,   48.66,   37.69,   49.89,   35.03,   48.44,   35.07,   48.39,   34.46,   47.64,  216.36,  292.17,     18440,  508.53,    956.73,   1822.50,   2779.23
2026-06-02,06:54:15.550,   54.09,  180.66,   53.64,  180.37,   54.14,  180.59,   43.04,  178.87,   42.60,  178.96,   42.39,  178.93,  289.91, 1078.38,     18800, 1368.29,   25.38,   36.37,   25.07,   35.94,   25.49,   36.54,   23.94,   36.11,   24.23,   36.31,   23.57,   35.33,  147.68,  216.60,     19000,  364.29,    437.59,   1294.98,   1732.57
2026-06-02,06:54:15.600,   66.63,  217.21,   65.88,  215.82,   66.61,  216.78,   58.02,  215.96,   58.16,  216.04,   57.46,  215.46,  372.78, 1297.28,     18840, 1670.05,   30.02,   36.73,   29.96,   36.57,   30.31,   37.17,   29.35,   36.31,   29.24,   36.12,   28.84,   35.58,  177.72,  218.48,     18760,  396.21,    550.50,   1515.76,   2066.26
2026-06-02,06:54:15.651,  122.14,  240.12,  122.13,  239.38,  122.49,  240.64,  107.72,  238.91,  107.53,  239.22,  107.90,  238.33,  689.92, 1436.59,     18760, 2126.51,   33.97,   44.24,   33.82,   43.59,   34.31,   44.39,   32.12,   43.05,   32.09,   43.12,   32.05,   42.91,  198.36,  261.30,     18740,  459.66,    888.28,   1697.89,   2586.17
2026-06-02,06:54:15.701,   40.74,  156.71,   39.99,  156.14,   40.95,  156.68,   32.54,  155.92,   33.00,  156.07,   31.92,  155.44,  219.14,  936.97,     18720, 1156.10,   25.20,   36.78,   25.06,   36.91,   25.46,   37.21,   23.59,   36.52,   23.52,   36.38,   23.28,   35.75,  146.11,  219.55,     18740,  365.66,    365.25,   1156.52,   1521.77
2026-06-02,06:54:15.751,  100.19,  237.58,   98.79,  236.45,  100.01,  237.73,   88.18,  236.97,   87.96,  236.46,   87.49,  236.22,  562.63, 1421.41,     18740, 1984.04,   32.83,   41.25,   32.42,   40.59,   33.10,   41.71,   31.31,   40.31,   31.08,   39.71,   30.80,   39.70,  191.53,  243.27,     18720,  434.80,    754.16,   1664.67,   2418.84
2026-06-02,06:54:15.801,   91.85,  207.42,   92.25,  207.28,   91.95,  207.61,   80.67,  207.08,   80.03,  207.31,   80.47,  206.86,  517.22, 1243.55,     18760, 1760.77,   25.79,   33.53,   25.71,   33.64,   25.82,   33.82,   25.20,   33.46,   25.22,   33.69,   24.88,   33.31,  152.62,  201.45,     18740,  354.07,    669.84,   1445.00,   2114.85
2026-06-02,06:54:15.851,   86.07,  203.68,   85.35,  202.71,   85.50,  203.12,   76.15,  201.93,   75.44,  201.63,   75.47,  201.53,  483.99, 1214.60,     18820, 1698.60,   13.57,   24.67,   13.53,   24.16,   13.56,   24.73,   11.82,   23.74,   11.81,   23.80,   11.60,   23.22,   75.89,  144.32,     18720,  220.20,    559.88,   1358.92,   1918.80
2026-06-02,06:54:15.901,  120.74,  213.26,  120.17,  212.67,  120.46,  212.85,  107.11,  211.65,  107.02,  211.70,  106.06,  211.38,  681.56, 1273.51,     18700, 1955.07,   32.83,   40.37,   32.31,   39.92,   32.96,   40.58,   30.89,   39.37,   31.26,   39.58,   30.61,   39.10,  190.86,  238.92,     18520,  429.78,    872.42,   1512.44,   2384.85
2026-06-02,06:54:15.950,  201.97,  242.74,  202.20,  242.00,  203.02,  243.12,  189.61,  242.15,  189.05,  241.93,  187.55,  241.15, 1173.40, 1453.09,     18440, 2626.49,   39.23,   46.29,   39.06,   46.04,   39.75,   46.82,   38.05,   45.74,   37.46,   45.60,   37.30,   44.79,  230.84,  275.29,     18500,  506.13,   1404.24,   1728.38,   3132.62
2026-06-02,06:54:16.003,   85.10,  238.18,   85.32,  238.09,   85.56,  238.48,   75.49,  238.33,   75.22,  238.27,   74.94,  237.61,  481.64, 1428.96,     18800, 1910.60,   30.15,   41.30,   30.36,   41.23,   30.73,   41.68,   29.40,   40.84,   28.83,   40.63,   28.86,   40.35,  178.32,  246.03,     18800,  424.35,    659.96,   1674.99,   2334.95
2026-06-02,06:54:16.051,  131.98,  251.39,  131.97,  249.88,  132.40,  250.73,  117.21,  248.92,  116.45,  248.99,  116.81,  248.80,  746.82, 1498.70,     18800, 2245.52,   32.68,   42.52,   32.25,   42.01,   33.32,   43.44,   30.98,   42.01,   30.96,   42.00,   30.58,   41.48,  190.78,  253.46,     18860,  444.23,    937.60,   1752.16,   2689.76
2026-06-02,06:54:16.101,   98.75,  192.60,   98.78,  192.22,   98.76,  192.06,   86.86,  191.05,   86.37,  191.32,   87.23,  190.88,  556.75, 1150.12,     18880, 1706.88,   32.20,   43.24,   31.95,   42.60,   32.47,   43.43,   30.24,   42.28,   30.60,   42.67,   30.32,   41.87,  187.78,  256.10,     18820,  443.88,    744.53,   1406.22,   2150.76
2026-06-02,06:54:16.151,  104.33,  222.18,  104.38,  222.17,  104.30,  222.75,   94.65,  222.76,   95.03,  222.21,   95.11,  222.10,  597.80, 1334.16,     18480, 1931.95,   28.22,   40.72,   28.09,   40.47,   28.45,   40.98,   27.56,   40.34,   27.18,   40.10,   27.01,   39.66,  166.52,  242.26,     18420,  408.78,    764.31,   1576.41,   2340.73
2026-06-02,06:54:16.201,   56.48,  180.05,   55.92,  179.20,   56.50,  179.35,   44.82,  177.78,   44.17,  177.75,   43.97,  177.28,  301.86, 1071.41,     18840, 1373.27,   26.58,   38.24,   26.40,   38.06,   26.83,   38.69,   24.95,   38.13,   24.97,   38.03,   24.43,   37.25,  154.16,  228.41,     18800,  382.57,    456.02,   1299.82,   1755.84
2026-06-02,06:54:16.252,   76.37,  218.23,   76.00,  217.20,   76.23,  217.82,   66.62,  216.30,   66.58,  216.53,   65.94,  216.03,  427.73, 1302.12,     18800, 1729.85,   39.92,   44.98,   39.30,   44.68,   39.93,   45.20,   37.78,   43.54,   37.78,   43.58,   37.17,   42.80,  231.88,  264.77,     18820,  496.65,    659.61,   1566.89,   2226.50
2026-06-02,06:54:16.301,   90.20,  189.10,   90.48,  189.15,   90.27,  188.99,   78.64,  187.80,   78.16,  187.98,   77.97,  187.62,  505.72, 1130.64,     18896, 1636.36,   26.48,   42.29,   26.15,   42.28,   26.54,   42.83,   24.87,   42.24,   25.21,   42.38,   24.80,   41.82,  154.06,  253.84,     18794,  407.90,    659.78,   1384.48,   2044.26
2026-06-02,06:54:16.350,  114.55,  228.07,  114.07,  227.40,  114.52,  228.41,  103.33,  228.27,  103.19,  227.90,  103.70,  227.13,  653.36, 1367.18,     18480, 2020.54,   33.77,   40.35,   33.28,   40.09,   33.96,   40.63,   32.05,   39.35,   32.15,   39.15,   31.77,   38.77,  196.97,  238.33,     18480,  435.30,    850.33,   1605.51,   2455.84
2026-06-02,06:54:16.401,   71.55,  173.10,   70.96,  172.62,   71.22,  172.64,   60.80,  171.64,   60.16,  171.58,   59.79,  171.59,  394.48, 1033.18,     18840, 1427.67,   29.30,   42.57,   28.81,   41.85,   29.14,   42.59,   26.91,   41.49,   27.37,   42.36,   26.74,   41.51,  168.26,  252.38,     18820,  420.64,    562.75,   1285.56,   1848.31
2026-06-02,06:54:16.451,  121.93,  238.65,  122.21,  237.67,  122.59,  238.92,  111.03,  237.97,  111.03,  238.38,  110.84,  237.19,  699.62, 1428.77,     18880, 2128.40,   39.64,   45.73,   38.97,   45.02,   39.72,   45.82,   36.94,   44.17,   37.16,   44.44,   36.85,   43.71,  229.29,  268.90,     18820,  498.18,    928.91,   1697.67,   2626.58
2026-06-02,06:54:16.501,  118.65,  253.93,  119.13,  254.11,  119.22,  254.31,  104.58,  252.45,  104.11,  252.23,  104.16,  252.58,  669.85, 1519.61,     18480, 2189.46,   28.59,   35.82,   28.80,   36.12,   28.82,   36.27,   27.72,   35.61,   28.25,   35.69,   27.73,   34.95,  169.90,  214.46,     18440,  384.36,    839.75,   1734.07,   2573.82
2026-06-02,06:54:16.551,   79.82,  192.37,   79.56,  192.18,   79.84,  192.49,   67.10,  190.87,   67.18,  191.02,   67.38,  190.80,  440.88, 1149.72,     18920, 1590.60,   23.97,   34.80,   24.40,   34.82,   24.77,   35.31,   22.40,   33.96,   22.83,   34.94,   22.34,   34.50,  140.71,  208.33,     18800,  349.04,    581.58,   1358.05,   1939.63
2026-06-02,06:54:16.603,  113.87,  231.77,  113.24,  230.90,  114.97,  232.76,  103.84,  231.27,  103.02,  230.51,  103.04,  230.72,  651.98, 1387.92,     18820, 2039.91,   43.80,   53.04,   42.98,   51.96,   43.84,   53.22,   40.39,   51.21,   40.65,   51.54,   40.23,   50.57,  251.88,  311.54,     18800,  563.42,    903.87,   1699.46,   2603.33
2026-06-02,06:54:16.651,  100.08,  236.62,  100.10,  236.62,  100.49,  236.87,   88.15,  235.53,   88.19,  235.11,   88.09,  235.25,  565.10, 1416.01,     18520, 1981.11,   33.92,   43.51,   33.78,   43.23,   33.90,   43.69,   32.17,   42.81,   32.28,   42.75,   32.05,   42.42,  198.10,  258.42,     18540,  456.52,    763.20,   1674.42,   2437.63
2026-06-02,06:54:16.701,  113.68,  246.83,  113.28,  246.14,  113.99,  247.36,   98.81,  246.00,   98.61,  245.85,   98.47,  245.44,  636.84, 1477.63,     18800, 2114.47,   37.52,   43.33,   37.32,   43.22,   37.70,   43.56,   35.81,   42.33,   35.77,   42.52,   35.64,   41.95,  219.76,  256.91,     18760,  476.67,    856.60,   1734.53,   2591.14
2026-06-02,06:54:16.752,  104.49,  218.63,  104.63,  217.97,  104.62,  218.52,   91.82,  216.43,   91.04,  216.69,   91.65,  216.35,  588.26, 1304.58,     18820, 1892.84,   29.53,   41.01,   29.55,   40.69,   29.78,   41.25,   28.26,   40.34,   27.87,   40.30,   27.76,   39.87,  172.77,  243.46,     18800,  416.22,    761.03,   1548.04,   2309.07
2026-06-02,06:54:16.802,  124.85,  231.23,  124.79,  230.08,  125.59,  231.84,  115.76,  231.12,  115.37,  231.85,  116.25,  230.82,  722.62, 1386.94,     18760, 2109.56,   45.89,   54.10,   45.50,   53.63,   46.32,   54.17,   44.45,   53.32,   44.46,   53.36,   43.87,   52.67,  270.48,  321.25,     18780,  591.73,    993.10,   1708.19,   2701.29
2026-06-02,06:54:16.852,   84.93,  202.20,   84.83,  201.94,   85.06,  202.49,   71.70,  201.65,   71.13,  201.30,   71.19,  201.45,  468.83, 1211.02,     18800, 1679.85,   24.14,   34.87,   24.13,   34.89,   24.25,   35.16,   23.72,   34.69,   23.81,   34.82,   23.58,   34.29,  143.63,  208.71,     18820,  352.34,    612.46,   1419.73,   2032.20
2026-06-02,06:54:16.902,  112.53,  221.19,  111.85,  219.96,  112.78,  220.73,  104.40,  220.20,  103.99,  220.83,  103.08,  220.12,  648.63, 1323.03,     18500, 1971.66,   36.95,   45.65,   37.18,   45.14,   37.58,   45.94,   35.17,   44.69,   35.27,   44.71,   34.98,   44.29,  217.13,  270.42,     18460,  487.55,    865.76,   1593.44,   2459.21
2026-06-02,06:54:16.953,  192.48,  267.79,  192.62,  267.47,  193.23,  268.59,  176.63,  266.99,  176.41,  266.91,  176.17,  266.70, 1107.54, 1604.46,     19040, 2712.00,   39.43,   47.76,   38.49,   46.66,   39.61,   47.64,   37.36,   46.34,   37.18,   46.78,   36.79,   45.92,  228.87,  281.10,     19060,  509.96,   1336.41,   1885.56,   3221.97
2026-06-02,06:54:17.003,   52.92,  193.83,   52.06,  192.92,   52.63,  193.51,   40.85,  192.31,   40.83,  192.48,   40.41,  191.53,  279.70, 1156.57,     18720, 1436.27,   22.71,   34.00,   22.71,   33.97,   22.74,   34.47,   22.10,   34.35,   21.94,   34.15,   21.66,   33.64,  133.86,  204.57,     18720,  338.43,    413.56,   1361.14,   1774.70
2026-06-02,06:54:17.052,   35.41,  202.27,   34.91,  201.78,   35.66,  202.48,   27.59,  201.80,   27.65,  201.68,   27.43,  201.22,  188.65, 1211.23,     18640, 1399.88,   25.48,   32.46,   25.33,   32.35,   25.77,   33.04,   24.51,   31.94,   24.43,   32.02,   24.19,   31.61,  149.71,  193.44,     18480,  343.16,    338.36,   1404.67,   1743.03
2026-06-02,06:54:17.103,  154.22,  267.78,  153.74,  266.63,  154.14,  267.39,  139.49,  266.03,  138.76,  265.82,  139.39,  265.76,  879.75, 1599.41,     18840, 2479.17,   36.66,   49.19,   36.60,   48.70,   37.29,   49.69,   34.58,   47.76,   34.71,   47.91,   34.56,   47.66,  214.41,  290.90,     18760,  505.31,   1094.16,   1890.32,   2984.48
2026-06-02,06:54:17.152,   79.28,  203.68,   79.19,  203.62,   79.58,  203.58,   66.41,  202.39,   65.98,  202.38,   65.64,  201.59,  436.08, 1217.24,     18400, 1653.31,   28.30,   42.07,   27.81,   41.65,   28.44,   42.43,   27.13,   41.87,   27.17,   41.92,   26.64,   41.22,  165.50,  251.16,     18400,  416.66,    601.57,   1468.40,   2069.97
2026-06-02,06:54:17.202,  112.52,  218.90,  112.75,  218.96,  112.93,  219.20,  102.36,  219.50,  102.54,  219.20,  102.78,  219.62,  645.89, 1315.38,     18840, 1961.27,   30.45,   34.57,   30.93,   34.86,   31.11,   35.34,   30.18,   34.22,   29.82,   34.03,   29.96,   33.81,  182.44,  206.83,     18760,  389.27,    828.33,   1522.21,   2350.55
2026-06-02,06:54:17.253,   86.37,  210.93,   86.25,  209.98,   85.73,  210.57,   73.81,  209.93,   72.68,  209.61,   73.89,  209.45,  478.73, 1260.47,     18760, 1739.20,   27.06,   39.28,   26.71,   38.70,   27.48,   39.63,   25.44,   38.28,   25.43,   38.32,   25.16,   37.58,  157.29,  231.78,     18800,  389.08,    636.02,   1492.25,   2128.28
2026-06-02,06:54:17.305,  100.11,  218.53,   99.58,  217.44,  100.31,  218.58,   89.90,  216.89,   89.56,  216.93,   89.64,  216.91,  569.10, 1305.27,     18960, 1874.38,   36.76,   45.05,   36.50,   45.05,   37.39,   45.79,   35.12,   44.95,   35.00,   44.72,   34.90,   44.52,  215.68,  270.09,     18900,  485.77,    784.78,   1575.36,   2360.15
2026-06-02,06:54:17.353,  116.92,  198.97,  116.89,  199.18,  116.75,  199.30,  103.00,  197.64,  103.55,  197.47,  103.00,  197.83,  660.10, 1190.38,     18500, 1850.49,   20.17,   25.09,   20.20,   25.36,   20.68,   25.87,   19.75,   25.52,   19.84,   25.50,   19.74,   25.16,  120.40,  152.50,     18560,  272.90,    780.51,   1342.89,   2123.39
2026-06-02,06:54:17.403,   80.18,  219.33,   79.68,  218.37,   80.89,  219.87,   69.89,  217.98,   70.03,  218.36,   69.04,  217.08,  449.70, 1310.99,     18800, 1760.69,   22.29,   33.59,   21.92,   33.05,   22.28,   33.86,   20.86,   32.82,   20.85,   32.71,   20.60,   32.25,  128.79,  198.28,     18820,  327.07,    578.49,   1509.27,   2087.76
2026-06-02,06:54:17.453,   67.08,  221.58,   66.54,  220.94,   67.33,  221.62,   57.27,  220.52,   57.26,  220.39,   56.88,  219.80,  372.38, 1324.86,     18800, 1697.23,   32.95,   44.94,   32.70,   44.61,   33.47,   45.75,   31.20,   44.28,   31.13,   44.28,   31.10,   43.94,  192.55,  267.80,     18800,  460.35,    564.92,   1592.66,   2157.58
2026-06-02,06:54:17.503,   84.95,  172.96,   84.98,  172.58,   84.60,  172.97,   73.48,  172.35,   73.06,  172.06,   73.47,  172.17,  474.54, 1035.09,     18440, 1509.63,   28.15,   39.28,   27.76,   38.82,   28.42,   39.67,   26.54,   38.55,   26.89,   38.74,   26.41,   38.06,  164.17,  233.11,     18380,  397.28,    638.71,   1268.20,   1906.91
2026-06-02,06:54:17.553,   54.53,  224.51,   54.62,  224.86,   55.32,  225.30,   43.88,  224.74,   43.86,  224.17,   43.57,  224.53,  295.78, 1348.11,     18820, 1643.89,   26.95,   37.96,   26.77,   37.76,   27.00,   38.27,   26.40,   38.03,   26.27,   37.77,   26.15,   37.28,  159.54,  227.07,     18840,  386.61,    455.32,   1575.18,   2030.50
2026-06-02,06:54:17.604,  106.03,  255.89,  105.02,  255.14,  105.68,  255.54,   92.61,  255.35,   92.41,  254.91,   92.01,  254.96,  593.76, 1531.79,     18980, 2125.55,   33.71,   45.31,   32.97,   44.65,   33.87,   45.74,   31.73,   44.47,   31.63,   44.66,   31.37,   43.82,  195.28,  268.65,     18940,  463.93,    789.04,   1800.44,   2589.48
2026-06-02,06:54:17.654,   83.13,  198.80,   82.54,  197.94,   82.60,  198.50,   70.32,  197.34,   69.98,  196.98,   69.79,  196.63,  458.37, 1186.19,     18760, 1644.56,   31.75,   43.09,   31.29,   42.50,   31.98,   43.21,   30.14,   42.38,   30.03,   42.46,   29.57,   41.75,  184.76,  255.39,     18720,  440.15,    643.13,   1441.58,   2084.71
2026-06-02,06:54:17.704,   62.97,  208.21,   62.94,  208.00,   63.10,  208.51,   54.41,  208.74,   54.46,  209.48,   54.47,  209.36,  352.36, 1252.31,     18760, 1604.67,   29.22,   38.63,   29.46,   38.81,   29.77,   39.39,   28.96,   38.82,   28.74,   38.43,   28.59,   38.20,  174.75,  232.27,     18760,  407.02,    527.11,   1484.59,   2011.69
2026-06-02,06:54:17.755,  110.00,  235.28,  110.28,  234.41,  109.95,  234.33,   96.08,  233.11,   95.88,  233.91,   96.94,  233.42,  619.14, 1404.46,     18860, 2023.59,   29.11,   39.72,   28.86,   39.36,   29.23,   40.08,   27.55,   39.05,   27.54,   38.91,   27.62,   38.39,  169.92,  235.51,     18720,  405.42,    789.05,   1639.96,   2429.02
2026-06-02,06:54:17.805,   90.84,  221.98,   90.57,  221.49,   90.22,  221.48,   77.53,  220.56,   76.93,  220.76,   76.65,  220.15,  502.73, 1326.42,     18780, 1829.15,   29.16,   36.61,   28.80,   36.43,   29.38,   37.14,   27.42,   35.91,   27.57,   36.09,   27.12,   35.53,  169.45,  217.70,     18800,  387.15,    672.18,   1544.12,   2216.30
2026-06-02,06:54:17.855,   99.84,  226.50,   99.68,  225.75,  100.12,  226.54,   90.39,  227.09,   89.89,  226.84,   89.97,  226.53,  569.89, 1359.25,     18860, 1929.14,   32.54,   39.38,   31.90,   38.95,   32.56,   39.63,   30.77,   38.77,   31.08,   38.96,   30.62,   38.26,  189.47,  233.95,     18800,  423.42,    759.35,   1593.21,   2352.56
2026-06-02,06:54:17.905,  101.73,  203.27,  102.25,  203.35,  102.94,  203.87,   89.34,  202.60,   88.71,  202.36,   89.18,  202.55,  574.14, 1218.00,     18480, 1792.14,   31.85,   43.04,   31.55,   42.62,   32.25,   43.42,   31.04,   42.66,   31.00,   42.69,   30.69,   42.08,  188.39,  256.52,     18380,  444.90,    762.53,   1474.52,   2237.05
2026-06-02,06:54:17.955,  234.31,  243.32,  231.99,  242.44,  233.60,  243.70,  219.72,  242.75,  218.74,  242.38,  218.02,  241.69, 1356.38, 1456.29,     18740, 2812.67,   40.70,   45.38,   40.21,   45.25,   41.08,   46.13,   38.28,   44.66,   38.28,   44.58,   37.99,   44.21,  236.54,  270.23,     18720,  506.76,   1592.91,   1726.52,   3319.43
2026-06-02,06:54:18.005,  112.71,  221.05,  112.57,  220.57,  113.40,  221.25,   99.46,  220.49,   99.51,  220.72,   99.00,  220.30,  636.66, 1324.38,     18780, 1961.04,   32.30,   39.96,   31.94,   39.24,   32.58,   40.01,   30.59,   38.80,   30.54,   39.36,   30.17,   38.52,  188.12,  235.89,     18720,  424.01,    824.78,   1560.27,   2385.04
2026-06-02,06:54:18.055,  132.59,  239.79,  132.88,  239.49,  133.71,  239.82,  119.46,  238.15,  119.16,  237.91,  119.05,  238.13,  756.85, 1433.28,     18780, 2190.13,   15.36,   21.36,   15.64,   21.10,   15.42,   21.45,   14.67,   21.14,   14.29,   20.96,   14.31,   20.25,   89.70,  126.25,     18780,  215.95,    846.55,   1559.53,   2406.08
2026-06-02,06:54:18.105,  113.51,  245.44,  113.35,  244.55,  113.53,  245.53,  102.19,  245.51,  102.35,  245.46,  102.19,  244.84,  647.13, 1471.33,     18800, 2118.46,   36.19,   46.19,   36.13,   45.85,   36.76,   46.81,   34.39,   45.56,   34.06,   45.28,   33.72,   44.58,  211.26,  274.27,     18720,  485.53,    858.38,   1745.60,   2603.98
2026-06-02,06:54:18.155,   77.29,  194.40,   76.99,  194.20,   77.33,  194.29,   65.27,  192.79,   64.46,  192.57,   64.64,  192.80,  425.99, 1161.04,     18720, 1587.03,   26.76,   39.87,   26.27,   39.44,   26.88,   40.17,   25.11,   39.23,   25.24,   39.42,   24.90,   38.84,  155.16,  236.97,     18720,  392.14,    581.15,   1398.01,   1979.17
2026-06-02,06:54:18.206,   37.39,  197.87,   37.03,  197.27,   37.80,  197.63,   29.75,  197.78,   30.04,  198.16,   29.61,  198.04,  201.63, 1186.74,     18780, 1388.38,   28.44,   39.95,   27.76,   39.39,   28.43,   40.20,   26.84,   38.99,   27.01,   39.25,   26.82,   38.84,  165.31,  236.63,     18760,  401.93,    366.94,   1423.37,   1790.31
2026-06-02,06:54:18.256,  101.26,  252.99,  101.34,  253.16,  102.46,  254.04,   87.88,  252.31,   87.98,  252.29,   87.55,  252.23,  568.48, 1517.02,     18760, 2085.50,   28.35,   37.26,   28.21,   37.21,   28.55,   37.74,   27.54,   36.90,   27.56,   36.83,   27.00,   36.26,  167.21,  222.21,     18760,  389.42,    735.69,   1739.22,   2474.92
2026-06-02,06:54:18.306,  110.80,  203.29,  110.57,  202.49,  110.67,  203.04,   97.34,  201.24,   96.80,  201.45,   97.26,  201.11,  623.43, 1212.62,     18740, 1836.05,   31.66,   41.68,   31.76,   41.57,   32.14,   42.70,   30.18,   41.29,   30.21,   41.40,   30.01,   40.51,  185.95,  249.15,     18760,  435.10,    809.38,   1461.77,   2271.15
2026-06-02,06:54:18.356,   93.20,  230.33,   92.91,  229.28,   93.61,  230.45,   85.40,  231.87,   84.65,  231.27,   85.35,  230.73,  535.11, 1383.93,     18840, 1919.04,   34.48,   45.11,   33.50,   44.25,   34.31,   45.17,   32.23,   43.84,   32.10,   43.88,   31.98,   43.49,  198.58,  265.74,     18780,  464.32,    733.70,   1649.67,   2383.37
2026-06-02,06:54:18.407,  117.23,  249.78,  118.00,  249.52,  117.41,  249.32,  101.72,  247.65,  101.34,  248.45,  101.66,  248.52,  657.35, 1493.25,     18780, 2150.60,   29.42,   38.44,   29.53,   38.33,   30.02,   38.80,   28.85,   37.97,   28.83,   38.05,   28.48,   37.58,  175.13,  229.17,     18740,  404.30,    832.48,   1722.42,   2554.90
2026-06-02,06:54:18.457,  119.11,  236.42,  119.17,  235.63,  119.27,  236.60,  105.53,  235.75,  104.93,  235.46,  104.94,  234.98,  672.96, 1414.83,     18506, 2087.79,   28.24,   39.96,   28.20,   39.90,   28.78,   40.51,   26.88,   39.48,   26.84,   39.37,   26.42,   38.88,  165.37,  238.10,     18368,  403.47,    838.33,   1652.93,   2491.26
2026-06-02,06:54:18.507,   95.85,  205.97,   95.72,  205.15,   95.95,  205.54,   84.42,  204.71,   84.10,  205.20,   84.14,  204.59,  540.17, 1231.17,     18760, 1771.34,   33.11,   41.40,   32.45,   40.92,   33.10,   41.76,   31.18,   40.69,   31.07,   40.68,   30.72,   40.09,  191.63,  245.54,     18800,  437.17,    731.79,   1476.71,   2208.51
2026-06-02,06:54:18.557,   91.32,  233.72,   91.31,  233.24,   91.34,  233.56,   79.71,  233.33,   80.00,  233.27,   79.72,  232.98,  513.41, 1400.11,     18740, 1913.52,   30.94,   43.57,   30.38,   43.28,   31.08,   43.76,   29.18,   42.62,   29.55,   42.85,   29.02,   42.47,  180.14,  258.55,     18760,  438.70,    693.55,   1658.66,   2352.21
2026-06-02,06:54:18.607,   82.25,  219.20,   83.31,  218.86,   83.06,  219.34,   69.40,  218.47,   68.81,  218.41,   69.37,  218.50,  456.19, 1312.77,     18720, 1768.97,   28.23,   33.52,   28.15,   33.30,   28.43,   33.98,   27.66,   33.33,   27.21,   32.98,   26.97,   32.42,  166.64,  199.54,     18680,  366.18,    622.84,   1512.31,   2135.15
2026-06-02,06:54:18.658,  119.47,  253.18,  119.09,  252.15,  119.54,  252.84,  105.30,  250.85,  104.98,  250.65,  105.08,  249.91,  673.46, 1509.58,     18720, 2183.04,   33.98,   44.57,   33.07,   43.80,   34.09,   45.07,   32.26,   43.87,   31.97,   43.76,   31.60,   43.42,  196.98,  264.50,     18760,  461.48,    870.44,   1774.08,   2644.52
2026-06-02,06:54:18.712,   70.80,  213.84,   70.01,  212.54,   70.99,  213.79,   62.90,  213.18,   62.61,  213.38,   62.66,  213.05,  399.98, 1279.79,     18800, 1679.77,   31.98,   36.16,   31.72,   35.84,   32.67,   36.84,   30.37,   35.44,   30.24,   35.11,   29.96,   34.66,  186.95,  214.06,     18720,  401.01,    586.93,   1493.85,   2080.78
2026-06-02,06:54:18.758,   73.51,  234.86,   74.05,  235.06,   74.19,  235.23,   60.45,  233.20,   60.87,  233.72,   60.79,  233.21,  403.86, 1405.29,     18860, 1809.15,   31.93,   41.91,   31.24,   41.51,   32.43,   42.35,   30.80,   40.66,   30.80,   41.02,   30.59,   40.53,  187.79,  247.97,     18940,  435.76,    591.65,   1653.26,   2244.91
2026-06-02,06:54:18.809,  109.52,  181.29,  109.01,  180.34,  109.45,  181.04,   99.11,  180.32,   98.38,  179.86,   98.00,  179.48,  623.46, 1082.32,     18800, 1705.79,   13.17,   21.59,   12.86,   21.20,   13.20,   21.92,   11.36,   21.22,   11.65,   21.15,   11.41,   20.76,   73.66,  127.85,     18740,  201.50,    697.12,   1210.17,   1907.29
2026-06-02,06:54:18.859,   69.34,  230.85,   68.86,  229.67,   68.42,  230.48,   56.37,  229.54,   56.33,  230.11,   56.70,  229.03,  376.01, 1379.68,     18740, 1755.69,   27.65,   40.77,   27.51,   40.73,   27.99,   41.40,   26.13,   40.12,   26.09,   40.25,   25.91,   39.67,  161.28,  242.94,     18700,  404.21,    537.29,   1622.62,   2159.90
2026-06-02,06:54:18.909,  126.60,  233.51,  125.95,  232.52,  126.85,  233.23,  112.18,  231.76,  112.94,  232.11,  112.23,  231.46,  716.74, 1394.59,     18780, 2111.33,   39.62,   43.98,   39.05,   43.51,   39.74,   44.30,   37.91,   42.98,   38.08,   43.31,   37.54,   42.74,  231.96,  260.83,     18740,  492.79,    948.70,   1655.42,   2604.12
2026-06-02,06:54:18.958,  171.71,  248.76,  171.59,  248.44,  173.58,  249.07,  156.63,  246.92,  156.37,  246.87,  155.53,  246.44,  985.40, 1486.50,     18400, 2471.90,   33.03,   40.20,   32.73,   39.75,   33.12,   40.37,   31.60,   39.23,   31.59,   39.47,   31.58,   38.89,  193.63,  237.91,     18360,  431.54,   1179.03,   1724.41,   2903.44
2026-06-02,06:54:19.008,  127.30,  243.05,  126.94,  242.28,  127.42,  243.44,  117.65,  243.67,  117.20,  243.75,  116.54,  243.56,  733.04, 1459.75,     18740, 2192.79,   33.73,   44.10,   33.06,   43.34,   33.79,   44.18,   32.07,   43.21,   32.05,   43.21,   31.70,   42.55,  196.39,  260.58,     18740,  456.97,    929.43,   1720.33,   2649.76
2026-06-02,06:54:19.059,  109.70,  202.17,  109.97,  202.26,  109.94,  202.96,   96.37,  201.56,   95.92,  201.73,   96.70,  201.62,  618.62, 1212.32,     18880, 1830.93,   30.85,   40.54,   30.22,   39.72,   31.03,   40.63,   29.12,   39.43,   29.49,   39.75,   28.78,   38.87,  179.47,  238.94,     18760,  418.41,    798.09,   1451.26,   2249.35
2026-06-02,06:54:19.109,  143.88,  238.64,  144.35,  238.61,  144.37,  239.25,  131.07,  238.32,  130.55,  237.85,  131.16,  237.77,  825.38, 1430.44,     18780, 2255.82,   36.63,   45.49,   36.18,   44.76,   36.84,   45.62,   35.24,   44.62,   35.58,   44.75,   35.18,   44.09,  215.67,  269.32,     18720,  484.99,   1041.04,   1699.76,   2740.81
2026-06-02,06:54:19.159,  116.50,  252.14,  116.21,  251.21,  116.93,  251.33,  101.66,  250.32,  101.55,  250.87,  101.14,  250.23,  654.00, 1506.10,     18780, 2160.09,   31.05,   41.50,   30.60,   40.97,   31.15,   41.95,   29.46,   40.80,   29.46,   40.73,   29.26,   40.16,  180.97,  246.10,     18720,  427.07,    834.97,   1752.20,   2587.17
2026-06-02,06:54:19.212,   76.39,  182.49,   75.74,  181.98,   76.10,  182.28,   64.50,  180.53,   64.17,  180.30,   63.86,  180.06,  420.77, 1087.64,     18660, 1508.40,   29.50,   39.49,   28.98,   39.05,   29.27,   39.86,   27.50,   38.85,   27.67,   38.99,   27.38,   38.35,  170.30,  234.58,     18520,  404.88,    591.06,   1322.22,   1913.28
2026-06-02,06:54:19.259,  110.40,  239.08,  110.43,  238.47,  111.30,  238.86,  100.26,  238.90,   99.69,  239.08,   99.57,  238.99,  631.65, 1433.39,     18860, 2065.03,   33.47,   42.09,   33.18,   41.65,   33.58,   42.19,   32.06,   41.25,   32.04,   41.26,   31.70,   40.57,  196.03,  249.02,     18900,  445.05,    827.68,   1682.41,   2510.08
2026-06-02,06:54:19.309,   47.02,  218.30,   47.13,  217.83,   47.25,  218.55,   36.84,  217.97,   37.32,  217.99,   37.63,  217.90,  253.19, 1308.54,     18740, 1561.73,   26.07,   37.73,   26.18,   37.69,   26.13,   38.13,   24.87,   37.00,   25.06,   37.03,   25.25,   36.80,  153.56,  224.39,     18740,  377.95,    406.74,   1532.93,   1939.68
2026-06-02,06:54:19.359,  106.76,  224.72,  105.62,  224.11,  106.19,  224.65,   92.64,  224.00,   92.16,  224.11,   91.44,  223.49,  594.81, 1345.08,     18720, 1939.88,   31.32,   34.49,   30.96,   34.05,   31.56,   35.03,   29.88,   33.35,   29.54,   33.53,   29.41,   33.07,  182.67,  203.53,     18720,  386.20,    777.48,   1548.60,   2326.08
2026-06-02,06:54:19.410,   99.19,  224.42,   97.90,  223.62,   99.13,  224.54,   88.76,  223.92,   89.15,  223.90,   88.07,  223.25,  562.19, 1343.64,     18800, 1905.84,   33.94,   42.48,   33.38,   42.06,   34.45,   42.95,   32.23,   41.92,   32.31,   41.92,   31.99,   41.44,  198.29,  252.77,     18800,  451.07,    760.49,   1596.42,   2356.91
2026-06-02,06:54:19.460,  102.70,  207.04,  103.30,  207.45,  103.45,  207.19,   90.15,  206.99,   89.62,  206.93,   90.00,  207.13,  579.22, 1242.73,     18780, 1821.95,   26.82,   38.21,   26.78,   38.17,   27.08,   38.66,   26.18,   38.16,   26.09,   38.23,   25.80,   37.81,  158.75,  229.24,     18720,  387.99,    737.97,   1471.97,   2209.94
2026-06-02,06:54:19.510,  114.89,  208.16,  114.40,  207.88,  115.06,  207.99,  103.85,  207.17,  103.01,  206.86,  103.58,  207.21,  654.79, 1245.27,     18760, 1900.06,   26.22,   30.30,   26.02,   30.04,   26.88,   31.14,   24.76,   29.84,   25.18,   30.05,   25.13,   29.60,  154.19,  180.96,     18780,  335.14,    808.98,   1426.23,   2235.20
2026-06-02,06:54:19.560,   42.57,  205.85,   41.98,  204.97,   42.71,  205.76,   30.97,  203.50,   31.35,  203.65,   31.17,  203.12,  220.76, 1226.85,     18760, 1447.61,   21.38,   33.27,   20.85,   32.58,   21.01,   32.96,   19.19,   31.63,   19.03,   31.40,   18.50,   30.74,  119.98,  192.58,     18740,  312.56,    340.74,   1419.43,   1760.17
2026-06-02,06:54:19.610,  117.29,  229.93,  117.44,  229.91,  116.81,  230.64,  103.27,  229.80,  103.70,  229.81,  103.82,  229.79,  662.33, 1379.89,     18760, 2042.22,   31.71,   41.21,   31.23,   40.81,   31.74,   41.58,   30.13,   40.51,   30.15,   40.41,   29.73,   40.14,  184.67,  244.66,     18720,  429.33,    847.00,   1624.55,   2471.55
2026-06-02,06:54:19.660,  695.02,  424.48,  695.62,  424.52,  695.09,  423.93,  662.40,  404.75,  665.12,  404.83,  663.38,  404.70, 4076.64, 2487.21,     18920, 6563.85,   34.15,   43.57,   34.05,   43.39,   34.26,   43.96,   31.55,   42.52,   32.09,   42.48,   31.78,   41.76,  197.88,  257.67,     18560,  455.55,   4274.52,   2744.88,   7019.40
2026-06-02,06:54:19.710,  290.75,  245.54,  293.02,  245.41,  292.38,  245.95,  279.85,  244.34,  281.10,  244.96,  281.58,  245.24, 1718.68, 1471.43,    244940, 3190.11,   42.72,   46.41,   42.73,   46.26,   43.28,   46.96,   40.28,   45.18,   40.66,   45.75,   39.93,   44.88,  249.60,  275.42,     18720,  525.02,   1968.28,   1746.85,   3715.13
2026-06-02,06:54:19.760, 1455.75,  777.30, 1457.28,  776.97, 1452.57,  774.32, 1445.62,  771.81, 1448.99,  775.59, 1450.02,  775.66, 8710.22, 4651.65,   5594180,13361.87,   35.19,   44.31,   34.79,   43.85,   35.50,   45.04,   33.77,   43.63,   33.65,   43.67,   33.56,   43.27,  206.46,  263.78,     18760,  470.24,   8916.68,   4915.43,  13832.11
2026-06-02,06:54:19.810, 1609.14,  865.19, 1608.98,  865.88, 1605.80,  861.22, 1599.15,  860.51, 1603.66,  864.38, 1604.21,  865.16, 9630.94, 5182.35,   6383160,14813.29,   25.17,   34.74,   24.95,   34.47,   25.20,   35.01,   24.30,   34.36,   24.57,   34.59,   24.17,   33.85,  148.35,  207.02,     18680,  355.37,   9779.29,   5389.36,  15168.66
2026-06-02,06:54:19.861, 1796.67,  945.52, 1798.37,  945.48, 1791.67,  941.98, 1782.69,  940.49, 1787.60,  945.20, 1789.34,  945.45,10746.34, 5664.11,   6773800,16410.46,   33.68,   44.62,   33.52,   44.29,   33.75,   45.00,   31.98,   43.65,   31.85,   43.42,   31.56,   42.86,  196.36,  263.83,     18720,  460.20,  10942.71,   5927.95,  16870.66
2026-06-02,06:54:19.911, 1763.73,  954.23, 1765.54,  954.65, 1762.34,  950.30, 1755.94,  948.99, 1759.35,  953.06, 1760.00,  953.69,10566.92, 5714.92,   6725020,16281.83,   40.72,   46.76,   40.40,   46.29,   40.67,   47.13,   38.89,   45.75,   39.06,   46.39,   38.67,   45.49,  238.43,  277.81,     18800,  516.24,  10805.34,   5992.73,  16798.07
2026-06-02,06:54:19.961, 1803.16,  925.53, 1803.76,  926.16, 1798.51,  922.23, 1791.08,  920.07, 1794.55,  923.66, 1794.39,  924.95,10785.45, 5542.60,   6689780,16328.05,   34.50,   40.49,   34.36,   40.16,   34.76,   40.51,   33.49,   39.86,   33.98,   40.34,   33.75,   39.72,  204.84,  241.07,     18700,  445.91,  10990.29,   5783.68,  16773.97
2026-06-02,06:54:20.011, 1777.79,  905.01, 1780.77,  906.11, 1774.09,  901.61, 1767.47,  900.01, 1771.79,  904.13, 1772.18,  904.10,10644.10, 5420.96,   6640120,16065.06,   30.79,   35.65,   30.76,   35.59,   31.25,   35.97,   29.17,   34.63,   29.43,   34.42,   28.94,   33.95,  180.33,  210.21,     18680,  390.54,  10824.43,   5631.17,  16455.60
2026-06-02,06:54:20.061, 1727.42,  886.51, 1729.18,  887.53, 1723.18,  882.16, 1717.89,  882.11, 1721.76,  885.60, 1723.01,  886.58,10342.43, 5310.49,   6662560,15652.92,   27.06,   41.42,   26.69,   41.20,   27.36,   41.91,   25.79,   41.46,   26.16,   41.81,   25.61,   41.13,  158.67,  248.92,     18680,  407.59,  10501.10,   5559.41,  16060.50
2026-06-02,06:54:20.111, 1723.44,  917.46, 1723.88,  918.15, 1716.30,  913.67, 1709.37,  911.51, 1713.69,  915.68, 1714.99,  916.45,10301.67, 5492.92,   6645700,15794.60,   32.51,   45.42,   31.93,   44.80,   32.61,   45.69,   30.72,   45.17,   30.71,   45.15,   30.27,   44.34,  188.76,  270.57,     18680,  459.33,  10490.43,   5763.50,  16253.93
2026-06-02,06:54:20.161, 1691.09,  910.66, 1692.12,  911.30, 1686.75,  906.59, 1681.86,  905.25, 1686.05,  908.97, 1687.30,  910.66,10125.18, 5453.42,   6649920,15578.60,   25.19,   35.67,   25.16,   35.78,   25.15,   36.02,   24.56,   35.72,   24.78,   35.71,   24.43,   35.21,  149.27,  214.12,     18720,  363.39,  10274.45,   5667.55,  15942.00
2026-06-02,06:54:20.211, 1756.33,  930.15, 1756.25,  930.64, 1752.07,  926.16, 1742.26,  923.85, 1745.66,  928.28, 1746.61,  928.68,10499.18, 5567.76,   6621980,16066.94,   30.58,   36.08,   30.48,   35.55,   30.50,   35.94,   29.11,   34.22,   29.37,   34.29,   28.75,   33.54,  178.78,  209.62,     18660,  388.40,  10677.95,   5777.38,  16455.34
2026-06-02,06:54:20.261, 1755.85,  888.86, 1758.22,  889.23, 1751.28,  884.54, 1745.74,  883.73, 1749.11,  888.20, 1749.19,  888.23,10509.37, 5322.78,   6650080,15832.15,   29.21,   41.26,   28.81,   40.88,   29.41,   41.98,   27.45,   40.52,   27.57,   40.87,   27.19,   40.15,  169.63,  245.67,     18680,  415.30,  10679.00,   5568.44,  16247.45
2026-06-02,06:54:20.311, 1696.64,  914.33, 1694.91,  914.24, 1691.69,  910.53, 1686.63,  909.12, 1692.02,  913.10, 1692.99,  914.03,10154.89, 5475.35,   6545180,15630.24,   28.44,   40.51,   28.60,   40.63,   28.43,   40.79,   27.53,   40.75,   27.66,   40.98,   27.23,   40.26,  167.89,  243.92,     18640,  411.81,  10322.78,   5719.27,  16042.05
2026-06-02,06:54:20.362, 1717.10,  925.56, 1719.23,  926.51, 1713.77,  922.41, 1711.53,  922.25, 1715.49,  926.41, 1716.92,  927.92,10294.03, 5551.06,   6766980,15845.09,   30.85,   38.38,   30.48,   38.14,   30.98,   38.79,   29.68,   37.81,   29.59,   37.59,   29.43,   37.29,  181.03,  227.98,     19060,  409.01,  10475.06,   5779.04,  16254.11
2026-06-02,06:54:20.412, 1761.63,  888.26, 1762.48,  889.02, 1758.34,  884.55, 1747.03,  882.56, 1752.66,  886.50, 1752.88,  887.74,10535.02, 5318.62,   6601920,15853.63,   16.89,   24.95,   16.88,   24.92,   17.65,   25.83,   16.05,   25.07,   16.43,   25.72,   16.66,   25.38,  100.56,  151.88,     18700,  252.44,  10635.58,   5470.50,  16106.08
2026-06-02,06:54:20.462, 1732.13,  910.60, 1733.81,  911.35, 1729.15,  906.98, 1720.57,  904.34, 1723.01,  908.64, 1723.44,  908.92,10362.10, 5450.83,   6650780,15812.93,   31.24,   45.29,   30.49,   44.46,   30.40,   44.80,   27.88,   43.35,   28.61,   43.85,   27.59,   42.61,  176.23,  264.36,     18700,  440.59,  10538.32,   5715.20,  16253.52
2026-06-02,06:54:20.513, 1683.16,  914.00, 1683.64,  914.64, 1679.66,  909.82, 1676.13,  909.96, 1681.81,  914.36, 1681.22,  915.35,10085.62, 5478.13,   6640840,15563.75,   28.41,   40.30,   28.19,   39.87,   28.68,   40.60,   27.27,   39.62,   27.50,   39.67,   27.10,   39.16,  167.14,  239.21,     18680,  406.36,  10252.76,   5717.34,  15970.11
2026-06-02,06:54:20.563, 1722.49,  923.95, 1724.58,  924.65, 1718.42,  920.43, 1711.03,  919.49, 1714.67,  923.16, 1717.08,  924.24,10308.27, 5535.92,   6636800,15844.19,   30.35,   42.16,   30.06,   41.68,   30.43,   42.33,   28.76,   41.29,   29.26,   41.93,   28.53,   41.11,  177.39,  250.50,     18700,  427.89,  10485.66,   5786.42,  16272.07
2026-06-02,06:54:20.613, 1741.57,  867.32, 1744.20,  868.76, 1738.33,  863.34, 1734.75,  862.92, 1738.67,  867.42, 1739.59,  868.42,10437.11, 5198.18,   6650400,15635.29,   28.92,   40.80,   28.72,   40.34,   29.07,   41.21,   26.90,   40.04,   27.64,   40.45,   26.83,   39.49,  168.08,  242.32,     18660,  410.40,  10605.19,   5440.50,  16045.69
2026-06-02,06:54:20.663, 1728.01,  921.65, 1730.58,  921.73, 1723.14,  916.74, 1716.93,  916.26, 1719.12,  920.26, 1721.33,  921.01,10339.10, 5517.64,   6619560,15856.74,   29.17,   39.83,   29.13,   39.77,   29.34,   40.16,   28.19,   39.28,   28.55,   39.62,   28.07,   38.83,  172.45,  237.49,     18680,  409.94,  10511.55,   5755.13,  16266.68
2026-06-02,06:54:20.713, 1673.15,  849.40, 1674.49,  850.73, 1670.80,  845.63, 1668.25,  845.20, 1672.94,  849.74, 1674.45,  850.95,10034.09, 5091.65,   6636220,15125.74,   24.32,   36.39,   23.95,   36.09,   24.23,   36.72,   22.51,   35.68,   22.84,   35.98,   22.32,   35.23,  140.17,  216.09,     18720,  356.26,  10174.26,   5307.74,  15481.99
2026-06-02,06:54:20.763, 1680.30,  916.53, 1680.86,  916.51, 1674.53,  912.79, 1669.08,  911.42, 1674.19,  915.64, 1676.37,  916.01,10055.33, 5488.90,   6638400,15544.23,   29.16,   44.65,   28.94,   44.29,   29.61,   45.42,   28.01,   44.27,   27.92,   44.31,   27.53,   43.48,  171.17,  266.42,     18720,  437.59,  10226.50,   5755.33,  15981.83
2026-06-02,06:54:20.813, 1709.34,  883.06, 1710.79,  883.94, 1705.26,  878.93, 1698.65,  876.90, 1704.78,  881.90, 1705.00,  882.53,10233.82, 5287.26,   6661840,15521.09,   23.62,   34.63,   23.59,   34.26,   23.71,   34.87,   22.75,   34.60,   22.92,   34.52,   22.57,   34.03,  139.16,  206.91,     18680,  346.07,  10372.99,   5494.18,  15867.16
2026-06-02,06:54:20.863, 1754.66,  913.77, 1757.93,  914.34, 1752.41,  909.42, 1749.14,  910.44, 1752.05,  914.21, 1752.36,  914.88,10518.54, 5477.04,   6650820,15995.59,   33.77,   43.18,   33.56,   42.78,   34.09,   43.61,   31.94,   41.99,   32.29,   42.37,   32.01,   41.65,  197.65,  255.58,     18680,  453.24,  10716.19,   5732.63,  16448.82
2026-06-02,06:54:20.913, 1745.83,  891.19, 1746.59,  891.85, 1739.65,  887.17, 1731.05,  886.12, 1735.47,  890.57, 1737.67,  891.40,10436.26, 5338.31,   6659060,15774.56,   30.11,   41.86,   30.06,   41.52,   30.20,   42.39,   28.44,   41.23,   28.52,   41.31,   28.43,   40.75,  175.75,  249.06,     18720,  424.81,  10612.01,   5587.37,  16199.38
2026-06-02,06:54:20.964, 1840.60,  911.99, 1841.54,  912.91, 1837.70,  909.48, 1829.60,  906.92, 1833.57,  911.36, 1835.13,  912.25,11018.14, 5464.92,   6525860,16483.06,   50.70,   51.01,   49.83,   50.46,   50.74,   50.85,   47.55,   49.02,   48.39,   49.73,   48.02,   48.94,  295.22,  300.01,     18940,  595.23,  11313.36,   5764.92,  17078.28
2026-06-02,06:54:21.014, 1774.45,  930.41, 1776.89,  931.46, 1769.77,  925.97, 1760.24,  924.09, 1764.90,  928.57, 1764.29,  929.21,10610.53, 5569.71,   6652980,16180.24,   30.98,   42.36,   30.87,   42.53,   30.99,   42.62,   30.21,   42.17,   30.25,   42.43,   30.17,   41.82,  183.47,  253.93,     18720,  437.40,  10794.00,   5823.64,  16617.64
2026-06-02,06:54:21.064, 1716.19,  895.94, 1719.24,  896.70, 1712.03,  891.44, 1707.96,  892.30, 1711.08,  895.77, 1711.68,  896.65,10278.20, 5368.80,   6638980,15647.00,   29.97,   33.01,   29.58,   32.69,   30.02,   33.13,   28.08,   31.59,   28.38,   31.99,   27.79,   31.37,  173.83,  193.77,     18700,  367.60,  10452.03,   5562.57,  16014.60
2026-06-02,06:54:21.114,  822.51,  467.21,  822.36,  466.53,  819.55,  464.15,  816.78,  463.59,  818.37,  464.93,  818.25,  465.14, 4917.81, 2791.55,   3014860, 7709.36,   29.36,   43.95,   29.15,   43.65,   29.84,   44.68,   27.61,   43.81,   27.80,   43.84,   27.25,   43.16,  171.00,  263.08,     18740,  434.08,   5088.81,   3054.63,   8143.44
2026-06-02,06:54:21.164,  191.11,  165.57,  191.84,  165.15,  190.69,  165.08,  184.11,  164.57,  183.69,  164.78,  184.87,  164.32, 1126.31,  989.47,     18720, 2115.78,   29.87,   42.30,   29.43,   42.09,   29.75,   42.33,   28.30,   41.17,   28.47,   41.28,   28.20,   40.51,  174.02,  249.68,     18700,  423.71,   1300.34,   1239.16,   2539.49
2026-06-02,06:54:21.214,  108.32,  111.54,  108.45,  111.26,  108.92,  111.47,   91.70,  109.40,   91.57,  109.72,   90.54,  108.52,  599.50,  661.91,     18720, 1261.40,   24.96,   37.99,   24.90,   37.91,   25.02,   38.22,   23.64,   36.25,   23.93,   36.62,   23.71,   36.15,  146.17,  223.14,     18720,  369.31,    745.67,    885.05,   1630.71
2026-06-02,06:54:21.264,  131.02,  138.26,  131.01,  136.94,  132.23,  138.92,  114.96,  135.97,  113.35,  135.58,  113.83,  135.03,  736.40,  820.69,     18740, 1557.09,   33.36,   47.84,   33.01,   47.46,   33.46,   48.11,   30.53,   47.04,   30.81,   47.20,   30.46,   46.48,  191.64,  284.13,     18680,  475.77,    928.04,   1104.82,   2032.86
2026-06-02,06:54:21.314,  241.25,  170.47,  242.75,  170.78,  242.42,  172.03,  217.35,  169.16,  216.81,  168.63,  218.92,  169.70, 1379.50, 1020.77,     18740, 2400.28,   34.91,   42.24,   34.83,   42.17,   35.43,   43.07,   32.83,   41.56,   33.48,   41.90,   32.89,   41.17,  204.37,  252.10,     18660,  456.47,   1583.87,   1272.87,   2856.75
2026-06-02,06:54:21.364,  208.92,  165.50,  209.42,  165.27,  209.02,  164.63,  187.14,  160.63,  186.65,  161.04,  186.71,  161.16, 1187.86,  978.23,     18680, 2166.09,   15.66,   19.17,   15.61,   19.12,   16.30,   19.72,   14.75,   19.35,   15.03,   19.74,   15.19,   19.86,   92.55,  116.96,     18680,  209.50,   1280.40,   1095.19,   2375.60
2026-06-02,06:54:21.417,  157.34,  109.72,  156.61,  109.45,  157.13,  109.79,  136.84,  105.94,  136.78,  105.83,  136.51,  105.23,  881.22,  645.96,     18700, 1527.17,   28.44,   43.01,   27.74,   42.42,   27.94,   42.97,   25.39,   41.33,   25.40,   41.21,   24.58,   40.35,  159.49,  251.29,     18720,  410.78,   1040.71,    897.24,   1937.95
2026-06-02,06:54:21.464,  232.77,  154.65,  232.81,  153.79,  232.98,  154.73,  212.44,  152.67,  212.53,  152.79,  212.24,  152.45, 1335.77,  921.08,     18820, 2256.85,   35.33,   46.60,   34.84,   46.09,   35.62,   46.67,   32.98,   44.99,   33.29,   45.39,   32.92,   45.02,  204.98,  274.77,     18680,  479.74,   1540.74,   1195.85,   2736.59
2026-06-02,06:54:21.514,  258.68,  240.87,  258.27,  239.84,  258.28,  241.02,  236.08,  239.82,  235.97,  240.27,  236.15,  239.88, 1483.42, 1441.71,     18700, 2925.13,   35.40,   42.54,   35.61,   42.07,   35.83,   42.80,   34.15,   41.62,   34.55,   41.87,   34.12,   41.17,  209.67,  252.08,     18700,  461.75,   1693.08,   1693.79,   3386.88
2026-06-02,06:54:21.565,  172.14,  362.57,  173.16,  362.05,  172.80,  362.78,  139.51,  358.62,  139.41,  358.60,  139.68,  358.36,  936.70, 2162.98,     18680, 3099.68,   43.26,   56.96,   42.84,   56.45,   43.92,   57.66,   41.26,   56.10,   41.27,   56.31,   41.05,   56.13,  253.61,  339.62,     18720,  593.22,   1190.31,   2502.60,   3692.90
2026-06-02,06:54:21.615,  166.55,  375.15,  165.92,  372.99,  167.11,  374.78,  139.43,  373.70,  138.80,  373.81,  138.82,  373.28,  916.63, 2243.70,     18680, 3160.33,   51.08,   63.44,   50.73,   63.12,   51.75,   64.61,   48.83,   63.25,   48.84,   63.20,   48.56,   62.42,  299.78,  380.04,     18720,  679.82,   1216.41,   2623.74,   3840.15
2026-06-02,06:54:21.665,   62.42,  344.76,   62.27,  344.53,   62.17,  344.57,   31.67,  343.96,   32.00,  344.31,   32.14,  344.55,  282.67, 2066.69,     18720, 2349.36,   32.96,   41.36,   32.66,   41.30,   33.18,   41.90,   31.77,   41.52,   32.08,   41.67,   31.93,   41.31,  194.58,  249.06,     18700,  443.64,    477.25,   2315.74,   2793.00
2026-06-02,06:54:21.715,  113.69,  361.60,  113.69,  360.82,  113.61,  361.26,   84.92,  361.16,   85.27,  361.20,   85.10,  360.57,  596.29, 2166.61,     18660, 2762.89,   31.64,   43.40,   31.71,   43.61,   32.23,   44.42,   30.86,   43.13,   31.05,   42.95,   30.49,   42.37,  187.98,  259.88,     18680,  447.85,    784.26,   2426.48,   3210.75
2026-06-02,06:54:21.766,  150.45,  397.99,  150.32,  396.83,  150.40,  397.48,  121.58,  394.98,  121.78,  395.61,  122.00,  395.17,  816.54, 2378.07,     19060, 3194.60,   35.54,   43.20,   35.07,   42.71,   35.73,   43.64,   34.47,   42.78,   34.72,   42.74,   34.43,   42.44,  209.96,  257.50,     19060,  467.45,   1026.49,   2635.56,   3662.06
2026-06-02,06:54:21.816,   99.34,  324.30,   99.17,  323.89,   99.19,  323.96,   69.02,  317.09,   68.61,  317.05,   68.57,  317.09,  503.89, 1923.38,     18740, 2427.27,   35.02,   43.91,   34.39,   43.32,   35.02,   44.14,   33.26,   43.34,   33.29,   43.38,   32.66,   42.48,  203.63,  260.58,     18780,  464.21,    707.52,   2183.96,   2891.48
2026-06-02,06:54:21.865,  156.20,  385.53,  157.35,  385.42,  156.51,  385.54,  127.50,  377.61,  127.23,  378.77,  128.35,  378.18,  853.14, 2291.06,     18460, 3144.20,   35.86,   44.29,   35.78,   44.03,   35.92,   44.57,   35.52,   44.35,   35.23,   44.02,   35.21,   43.76,  213.52,  265.02,     18360,  478.54,   1066.66,   2556.09,   3622.75
2026-06-02,06:54:21.915,  117.75,  379.19,  117.12,  378.05,  117.15,  378.55,   87.31,  370.77,   87.25,  370.24,   86.63,  369.98,  613.21, 2246.77,     18660, 2859.98,   37.50,   44.93,   37.30,   45.14,   37.80,   45.51,   35.96,   44.50,   36.27,   44.93,   35.91,   44.50,  220.74,  269.51,     18680,  490.24,    833.94,   2516.28,   3350.22
2026-06-02,06:54:21.965,  225.13,  387.86,  225.01,  386.76,  225.87,  387.98,  197.17,  377.93,  197.33,  378.33,  197.41,  377.33, 1267.92, 2296.19,     18700, 3564.11,   40.31,   48.31,   40.36,   47.89,   40.64,   48.71,   38.91,   47.50,   39.37,   47.88,   38.79,   47.15,  238.38,  287.44,     18680,  525.82,   1506.29,   2583.63,   4089.93
2026-06-02,06:54:22.016,  123.10,  394.63,  123.12,  393.95,  122.17,  394.73,   93.98,  388.21,   93.43,  388.21,   93.01,  388.05,  648.81, 2347.77,     19060, 2996.58,   31.81,   42.34,   31.61,   42.11,   31.91,   42.83,   30.87,   42.04,   31.08,   42.19,   30.83,   41.44,  188.11,  252.94,     19020,  441.06,    836.92,   2600.72,   3437.64
2026-06-02,06:54:22.066,   95.64,  401.52,   95.53,  400.61,   95.63,  401.40,   65.37,  399.04,   65.29,  398.89,   65.53,  398.75,  482.99, 2400.20,     18720, 2883.19,   35.65,   46.52,   35.35,   46.10,   36.12,   47.07,   34.42,   46.07,   34.61,   46.22,   34.02,   45.43,  210.16,  277.42,     18720,  487.58,    693.15,   2677.62,   3370.77
2026-06-02,06:54:22.116,  157.11,  320.90,  157.27,  319.88,  156.91,  320.62,  129.09,  318.55,  128.19,  318.85,  129.23,  317.68,  857.79, 1916.48,     18680, 2774.28,   34.75,   43.29,   34.42,   42.85,   34.90,   43.83,   33.59,   43.38,   33.61,   43.29,   33.19,   42.62,  204.46,  259.27,     18660,  463.72,   1062.25,   2175.75,   3238.00
2026-06-02,06:54:22.167,  148.38,  400.18,  148.01,  399.41,  147.79,  399.68,  116.65,  399.96,  116.54,  400.14,  117.05,  399.95,  794.41, 2399.31,     18720, 3193.72,   39.99,   46.80,   39.65,   46.24,   40.50,   47.03,   38.71,   45.99,   38.75,   46.12,   38.43,   45.76,  236.04,  277.94,     18820,  513.98,   1030.45,   2677.25,   3707.70
2026-06-02,06:54:22.219,  157.47,  381.27,  158.48,  381.04,  158.27,  381.80,  127.64,  381.90,  127.78,  383.04,  128.44,  383.12,  858.09, 2292.16,     18360, 3150.24,   34.17,   42.77,   33.71,   42.44,   34.44,   43.34,   33.52,   42.39,   34.07,   42.90,   33.28,   41.84,  203.19,  255.68,     18320,  458.87,   1061.28,   2547.84,   3609.12
2026-06-02,06:54:22.267,  140.30,  356.54,  138.83,  354.59,  139.71,  355.52,  111.75,  353.97,  111.08,  354.27,  110.83,  352.50,  752.50, 2127.39,     19020, 2879.89,   36.88,   41.58,   36.78,   41.39,   37.67,   42.34,   34.98,   41.25,   35.38,   41.24,   34.96,   41.11,  216.65,  248.90,     18980,  465.56,    969.15,   2376.30,   3345.45
2026-06-02,06:54:22.317,  102.89,  388.84,  101.41,  387.19,  102.71,  388.72,   73.81,  389.43,   74.25,  389.57,   73.33,  389.08,  528.41, 2332.83,     18680, 2861.24,   36.91,   42.84,   36.39,   42.26,   37.23,   43.10,   35.61,   42.15,   35.35,   42.30,   35.20,   42.02,  216.70,  254.67,     18700,  471.36,    745.11,   2587.49,   3332.60
2026-06-02,06:54:22.367,  108.07,  376.58,  108.20,  376.17,  107.86,  376.71,   75.16,  373.55,   75.23,  373.74,   75.45,  372.80,  549.98, 2249.55,     18680, 2799.52,   16.99,   25.17,   16.80,   25.00,   17.24,   25.22,   16.39,   24.90,   16.72,   24.93,   16.63,   24.52,  100.77,  149.74,     18680,  250.51,    650.75,   2399.29,   3050.03
2026-06-02,06:54:22.417,  174.00,  402.59,  173.92,  401.35,  174.56,  401.84,  142.70,  402.05,  142.64,  402.54,  142.73,  402.19,  950.54, 2412.55,     18700, 3363.09,   39.37,   47.37,   39.24,   47.13,   40.33,   48.26,   38.61,   47.22,   38.55,   47.12,   38.10,   46.38,  234.20,  283.48,     18740,  517.68,   1184.74,   2696.03,   3880.77
2026-06-02,06:54:22.467,  167.11,  404.68,  167.09,  403.72,  166.73,  404.62,  135.66,  403.44,  135.12,  403.86,  135.73,  403.76,  907.43, 2424.07,     18680, 3331.50,   46.19,   46.04,   45.67,   45.71,   46.66,   47.01,   44.85,   45.94,   45.32,   46.22,   44.52,   44.99,  273.21,  275.90,     18660,  549.12,   1180.65,   2699.97,   3880.62
2026-06-02,06:54:22.517,   81.99,  332.07,   80.98,  331.10,   82.06,  332.07,   53.34,  330.73,   53.84,  331.63,   53.16,  330.48,  405.37, 1988.08,     18740, 2393.45,   33.48,   45.53,   32.90,   45.11,   33.74,   46.04,   32.40,   45.60,   32.37,   45.37,   32.03,   44.98,  196.93,  272.62,     18680,  469.55,    602.31,   2260.70,   2863.00
2026-06-02,06:54:22.567,   65.79,  372.44,   65.83,  372.66,   66.00,  372.47,   38.25,  374.13,   38.66,  374.24,   38.46,  373.78,  312.98, 2239.72,     18720, 2552.70,   31.22,   44.14,   31.33,   44.03,   31.80,   44.74,   31.05,   44.21,   30.97,   44.23,   31.11,   43.89,  187.48,  265.23,     18720,  452.71,    500.46,   2504.96,   3005.41
2026-06-02,06:54:22.617,  155.77,  396.98,  155.79,  396.30,  156.07,  397.67,  123.61,  396.51,  123.29,  396.63,  123.54,  396.78,  838.07, 2380.86,     18640, 3218.94,   38.31,   46.88,   37.68,   46.55,   38.48,   47.38,   36.64,   46.64,   36.88,   46.53,   36.53,   46.09,  224.51,  280.06,     18680,  504.57,   1062.58,   2660.93,   3723.51
2026-06-02,06:54:22.667,  149.50,  362.48,  148.90,  360.53,  149.46,  361.50,  116.98,  358.56,  116.28,  358.10,  115.87,  358.28,  797.00, 2159.45,     18700, 2956.44,   36.25,   47.87,   36.09,   47.48,   37.04,   48.78,   34.96,   47.56,   35.07,   47.95,   35.06,   47.36,  214.48,  287.01,     18700,  501.48,   1011.47,   2446.45,   3457.93
2026-06-02,06:54:22.717,   97.35,  376.38,   97.58,  376.30,   97.61,  376.65,   69.83,  376.91,   69.98,  377.31,   69.75,  376.20,  502.08, 2259.75,     18700, 2761.83,   34.33,   44.02,   34.25,   44.14,   34.57,   44.44,   33.75,   43.87,   33.76,   43.94,   33.58,   43.59,  204.23,  264.01,     18680,  468.24,    706.31,   2523.76,   3230.07
2026-06-02,06:54:22.767,  134.28,  374.12,  132.56,  372.22,  134.04,  373.17,  104.95,  373.91,  105.69,  373.83,  105.20,  374.00,  716.72, 2241.25,     18680, 2957.98,   38.60,   46.72,   37.88,   46.04,   38.85,   47.38,   36.86,   45.99,   37.37,   46.08,   36.92,   45.50,  226.49,  277.71,     18640,  504.20,    943.21,   2518.97,   3462.18
2026-06-02,06:54:22.818,  198.59,  346.24,  198.81,  345.25,  197.91,  346.00,  171.58,  344.12,  170.50,  344.46,  171.15,  343.64, 1108.55, 2069.72,     18881, 3178.27,   31.15,   38.92,   30.23,   38.06,   31.21,   39.27,   29.26,   38.17,   30.22,   39.08,   29.48,   37.92,  181.55,  231.42,     18743,  412.98,   1290.10,   2301.15,   3591.24
2026-06-02,06:54:22.868,   75.76,  369.91,   75.49,  369.63,   75.74,  369.61,   47.20,  370.64,   47.87,  370.61,   47.27,  370.43,  369.33, 2220.84,     19079, 2590.16,   36.24,   47.44,   36.07,   47.03,   36.61,   47.95,   35.31,   47.15,   35.57,   47.15,   35.14,   46.91,  214.95,  283.63,     19078,  498.58,    584.28,   2504.46,   3088.74
2026-06-02,06:54:22.918,  132.53,  414.70,  133.15,  413.80,  133.07,  413.99,  103.64,  414.11,  103.67,  414.18,  102.82,  413.87,  708.87, 2484.66,     18660, 3193.53,   44.22,   44.58,   44.02,   44.50,   44.68,   45.33,   43.50,   44.31,   43.24,   44.21,   43.20,   43.88,  262.86,  266.82,     18680,  529.68,    971.73,   2751.48,   3723.21
2026-06-02,06:54:22.968,  240.30,  426.05,  238.20,  424.70,  240.01,  426.29,  203.38,  422.79,  202.78,  423.24,  202.48,  422.05, 1327.16, 2545.11,     18660, 3872.27,   41.91,   48.40,   41.25,   47.61,   42.24,   48.55,   40.47,   47.39,   40.26,   47.55,   40.00,   47.07,  246.12,  286.58,     18660,  532.70,   1573.28,   2831.69,   4404.97
2026-06-02,06:54:23.018,  144.07,  325.54,  143.94,  323.75,  143.76,  325.14,  115.07,  321.99,  114.43,  322.40,  115.27,  321.85,  776.54, 1940.67,     18760, 2717.21,   32.91,   44.72,   32.41,   44.23,   33.17,   45.55,   31.18,   44.70,   31.63,   45.25,   31.36,   44.43,  192.66,  268.90,     18680,  461.56,    969.20,   2209.56,   3178.77
2026-06-02,06:54:23.069,   92.05,  380.70,   92.35,  380.50,   92.38,  380.70,   65.50,  373.91,   65.33,  374.04,   65.06,  373.62,  472.66, 2263.46,     18700, 2736.13,   33.61,   44.10,   33.26,   43.78,   33.86,   44.25,   33.05,   43.60,   33.33,   43.67,   32.86,   43.40,  199.96,  262.81,     18720,  462.77,    672.63,   2526.27,   3198.90
2026-06-02,06:54:23.119,   78.85,  314.91,   77.54,  314.10,   78.75,  314.69,   52.34,  312.79,   52.19,  312.42,   51.86,  312.29,  391.53, 1881.20,     18700, 2272.73,   33.24,   41.29,   32.77,   40.78,   33.18,   41.47,   31.74,   41.11,   31.62,   41.26,   31.17,   40.72,  193.72,  246.64,     18720,  440.36,    585.25,   2127.84,   2713.09
2026-06-02,06:54:23.169,  196.97,  421.77,  197.30,  420.59,  197.40,  421.29,  164.76,  420.52,  163.97,  420.77,  165.35,  420.51, 1085.75, 2525.44,     18820, 3611.20,   39.00,   48.04,   38.56,   47.35,   39.17,   48.41,   37.17,   47.12,   37.71,   47.27,   37.03,   46.21,  228.62,  284.39,     18680,  513.02,   1314.38,   2809.84,   4124.21
2026-06-02,06:54:23.219,  131.54,  359.82,  132.27,  359.21,  131.57,  359.74,  102.12,  359.56,  101.52,  359.62,  102.31,  359.40,  701.34, 2157.35,     18660, 2858.69,   32.30,   36.51,   31.71,   36.37,   32.55,   37.35,   31.64,   36.29,   31.72,   36.43,   31.31,   35.73,  191.24,  218.69,     18660,  409.92,    892.58,   2376.03,   3268.61
2026-06-02,06:54:23.269,   94.66,  364.36,   93.24,  363.26,   94.39,  364.22,   66.81,  363.39,   66.84,  363.20,   66.19,  362.78,  482.12, 2181.22,     18700, 2663.34,   39.67,   43.49,   38.98,   43.07,   39.78,   43.84,   38.00,   42.63,   38.32,   42.92,   37.76,   42.48,  232.51,  258.42,     18720,  490.94,    714.64,   2439.64,   3154.28
2026-06-02,06:54:23.319,  143.95,  387.95,  143.53,  386.89,  144.38,  388.56,  112.20,  385.45,  112.25,  385.80,  112.47,  385.72,  768.79, 2320.37,     18700, 3089.16,   37.25,   40.12,   36.46,   39.42,   37.91,   40.83,   36.04,   39.30,   35.93,   39.25,   35.73,   39.00,  219.32,  237.93,     18660,  457.25,    988.11,   2558.30,   3546.41
2026-06-02,06:54:23.369,  153.10,  393.06,  152.67,  392.50,  153.35,  392.62,  123.34,  392.63,  122.79,  392.55,  122.66,  391.78,  827.92, 2355.13,     18700, 3183.05,   21.54,   30.24,   21.18,   29.95,   22.11,   30.82,   20.52,   29.86,   20.79,   30.07,   20.65,   29.48,  126.79,  180.41,     18700,  307.20,    954.71,   2535.54,   3490.25
2026-06-02,06:54:23.419,   86.52,  347.28,   86.34,  346.70,   86.62,  347.20,   56.94,  345.82,   57.12,  346.27,   56.33,  345.44,  429.86, 2078.72,     18700, 2508.58,   29.93,   40.70,   29.40,   40.48,   30.24,   41.39,   29.07,   40.52,   29.32,   40.96,   28.64,   40.08,  176.61,  244.14,     18700,  420.74,    606.47,   2322.86,   2929.32
2026-06-02,06:54:23.470,  178.05,  389.63,  177.49,  387.94,  177.93,  389.27,  146.96,  382.20,  146.58,  382.66,  146.69,  381.91,  973.71, 2313.61,     19040, 3287.32,   42.07,   49.93,   41.21,   49.32,   42.55,   50.67,   40.37,   48.85,   40.50,   49.18,   39.96,   48.60,  246.67,  296.54,     19120,  543.21,   1220.38,   2610.14,   3830.52
2026-06-02,06:54:23.519,  159.15,  309.76,  159.69,  308.68,  158.71,  309.24,  131.77,  301.14,  131.23,  301.11,  132.50,  300.70,  873.05, 1830.63,     18400, 2703.67,   28.46,   40.17,   28.08,   39.84,   28.88,   40.77,   26.89,   39.82,   27.19,   39.77,   26.98,   39.27,  166.47,  239.63,     18300,  406.10,   1039.52,   2070.26,   3109.78
2026-06-02,06:54:23.570,   77.03,  381.53,   77.29,  381.08,   77.10,  381.06,   48.53,  372.91,   48.76,  373.11,   48.72,  372.32,  377.43, 2262.00,     18684, 2639.43,   29.71,   39.85,   29.52,   39.55,   29.91,   40.29,   29.30,   39.66,   29.62,   40.05,   29.30,   39.55,  177.36,  238.95,     18704,  416.31,    554.79,   2500.96,   3055.74
2026-06-02,06:54:23.621,   98.88,  365.66,   97.89,  364.78,   98.78,  365.61,   68.45,  363.47,   68.98,  363.61,   67.79,  363.25,  500.76, 2186.38,     18684, 2687.14,   36.56,   46.40,   35.95,   45.59,   36.66,   46.40,   35.13,   45.49,   35.03,   45.60,   34.97,   45.46,  214.29,  274.94,     18684,  489.23,    715.06,   2461.31,   3176.37
2026-06-02,06:54:23.671,  194.46,  409.91,  194.43,  408.94,  194.72,  409.78,  162.07,  407.61,  161.16,  408.16,  161.91,  407.78, 1068.75, 2452.20,     19099, 3520.94,   42.11,   50.15,   41.65,   49.68,   42.82,   51.08,   40.95,   50.01,   41.26,   49.97,   41.00,   49.50,  249.79,  300.38,     19037,  550.17,   1318.53,   2752.58,   4071.11
2026-06-02,06:54:23.721,  124.83,  347.80,  125.65,  347.14,  124.92,  347.74,   99.07,  344.63,   97.99,  344.54,   98.89,  343.68,  671.34, 2075.52,     18720, 2746.86,   36.20,   49.79,   35.44,   49.22,   36.45,   50.20,   34.89,   49.53,   35.42,   49.56,   34.87,   49.21,  213.27,  297.51,     18700,  510.78,    884.61,   2373.03,   3257.64
2026-06-02,06:54:23.771,   97.23,  395.89,   97.15,  395.38,   97.86,  395.79,   67.99,  387.79,   68.24,  387.88,   67.79,  387.53,  496.26, 2350.26,     18680, 2846.52,   34.49,   45.00,   33.95,   44.79,   34.67,   45.73,   33.15,   44.63,   33.52,   44.72,   33.36,   44.10,  203.13,  268.97,     18660,  472.10,    699.39,   2619.23,   3318.62
2026-06-02,06:54:23.821,  125.06,  403.04,  124.62,  401.52,  125.53,  402.87,   93.28,  397.31,   92.86,  397.55,   92.70,  397.09,  654.05, 2399.37,     18680, 3053.42,   34.67,   43.63,   33.82,   42.85,   35.17,   44.41,   33.73,   43.65,   33.72,   43.64,   33.32,   43.12,  204.42,  261.30,     18700,  465.73,    858.48,   2660.67,   3519.15
2026-06-02,06:54:23.871,  178.71,  330.87,  178.59,  329.79,  178.81,  330.36,  150.61,  322.95,  149.70,  322.49,  150.76,  322.13,  987.18, 1958.58,     18680, 2945.76,   36.81,   42.67,   36.24,   42.10,   37.28,   43.08,   35.77,   42.35,   36.05,   42.83,   35.53,   42.01,  217.68,  255.05,     18680,  472.73,   1204.86,   2213.63,   3418.48
2026-06-02,06:54:23.922,  137.22,  386.55,  138.35,  387.47,  138.25,  388.16,  109.55,  383.04,  109.09,  383.77,  109.38,  383.58,  741.83, 2312.57,     18700, 3054.40,   30.57,   38.57,   30.37,   38.54,   30.97,   38.96,   30.47,   38.77,   30.86,   38.73,   30.48,   38.46,  183.72,  232.01,     18720,  415.74,    925.55,   2544.58,   3470.14
2026-06-02,06:54:23.972,  257.15,  414.87,  255.57,  412.78,  256.89,  413.62,  222.05,  405.79,  221.27,  405.75,  219.43,  403.73, 1432.38, 2456.53,     18800, 3888.91,   80.23,   63.57,   79.99,   63.20,   80.66,   64.51,   75.10,   61.69,   75.89,   62.67,   75.49,   61.37,  467.37,  377.01,     18720,  844.38,   1899.75,   2833.54,   4733.29
2026-06-02,06:54:24.022,  193.63,  354.85,  193.71,  353.60,  194.31,  355.17,  167.07,  350.44,  166.27,  349.97,  166.93,  349.76, 1081.92, 2113.78,     18760, 3195.71,   41.07,   48.31,   41.04,   48.12,   41.58,   49.00,   38.60,   47.57,   39.01,   48.14,   38.40,   47.33,  239.70,  288.48,     18760,  528.18,   1321.63,   2402.26,   3723.89
2026-06-02,06:54:24.072,  114.89,  363.93,  115.13,  363.45,  115.21,  364.06,   85.58,  361.57,   85.21,  361.78,   85.42,  361.16,  601.45, 2175.96,     18800, 2777.41,   33.01,   41.50,   32.81,   41.53,   33.26,   42.03,   32.59,   42.02,   32.68,   42.17,   32.17,   41.68,  196.52,  250.94,     18700,  447.46,    797.97,   2426.90,   3224.87
2026-06-02,06:54:24.122,   98.75,  359.47,   98.65,  359.06,   99.24,  359.55,   70.51,  359.90,   70.75,  359.80,   70.28,  359.97,  508.17, 2157.76,     18680, 2665.94,   34.62,   42.69,   34.14,   42.41,   34.90,   42.96,   33.30,   41.92,   33.46,   42.06,   33.08,   41.58,  203.50,  253.61,     18760,  457.12,    711.68,   2411.38,   3123.06
2026-06-02,06:54:24.172,  148.22,  396.41,  148.23,  395.19,  148.15,  395.84,  118.99,  395.70,  118.71,  395.86,  119.51,  395.47,  801.80, 2374.46,     18720, 3176.27,   33.31,   42.88,   32.57,   42.01,   33.54,   43.22,   31.67,   42.07,   31.98,   42.67,   31.72,   41.77,  194.78,  254.61,     18680,  449.39,    996.58,   2629.07,   3625.66
2026-06-02,06:54:24.222,   82.63,  397.66,   82.20,  396.19,   82.94,  396.82,   52.52,  397.49,   52.97,  398.09,   51.99,  396.92,  405.24, 2383.16,     18840, 2788.40,   32.80,   41.77,   32.56,   41.59,   32.94,   42.26,   31.94,   41.65,   31.80,   41.32,   31.65,   40.86,  193.68,  249.45,     18720,  443.13,    598.92,   2632.61,   3231.53
2026-06-02,06:54:24.272,   85.00,  339.06,   84.62,  338.94,   84.85,  339.77,   55.97,  338.43,   55.85,  338.86,   55.34,  338.43,  421.62, 2033.50,     18680, 2455.12,   29.67,   32.87,   29.31,   32.55,   29.93,   33.31,   28.88,   33.06,   29.04,   32.91,   28.76,   32.61,  175.59,  197.31,     18680,  372.90,    597.21,   2230.81,   2828.02
2026-06-02,06:54:24.323,  197.81,  385.29,  197.96,  383.83,  198.04,  384.42,  166.75,  383.58,  166.73,  383.88,  166.89,  383.58, 1094.17, 2304.57,     18700, 3398.74,   39.16,   45.10,   38.76,   44.91,   39.82,   45.72,   37.21,   44.27,   37.76,   44.67,   37.24,   44.08,  229.95,  268.74,     18780,  498.70,   1324.13,   2573.31,   3897.44
2026-06-02,06:54:24.373,  139.71,  317.84,  139.75,  316.78,  139.38,  317.31,  109.86,  315.10,  108.97,  315.44,  109.76,  314.85,  747.45, 1897.32,     18800, 2644.76,   13.86,   25.48,   13.89,   25.48,   13.97,   25.65,   12.98,   25.23,   12.84,   25.13,   12.75,   24.78,   80.29,  151.76,     18720,  232.05,    827.74,   2049.07,   2876.81
2026-06-02,06:54:24.423,   94.51,  374.78,   95.43,  374.70,   94.89,  374.84,   68.60,  376.36,   68.52,  376.67,   67.87,  376.10,  489.82, 2253.44,     18720, 2743.26,   35.65,   45.06,   35.43,   44.60,   36.07,   45.30,   35.35,   44.83,   35.49,   44.88,   35.34,   44.54,  213.33,  269.20,     18700,  482.53,    703.16,   2522.64,   3225.79
2026-06-02,06:54:24.473,  144.82,  321.02,  144.48,  319.97,  144.13,  320.39,  114.94,  317.82,  114.55,  318.12,  114.92,  317.72,  777.84, 1915.04,     18780, 2692.88,   34.45,   45.21,   34.30,   44.89,   34.97,   45.68,   32.99,   44.44,   33.18,   45.05,   33.02,   44.53,  202.91,  269.81,     18700,  472.72,    980.75,   2184.85,   3165.60
2026-06-02,06:54:24.523,  105.59,  391.44,  105.23,  390.18,  105.50,  391.14,   76.44,  392.28,   75.86,  391.82,   75.94,  391.90,  544.56, 2348.76,     18680, 2893.32,   30.97,   42.29,   30.87,   41.63,   31.44,   42.60,   30.05,   41.84,   30.30,   42.11,   29.92,   41.79,  183.55,  252.26,     18680,  435.80,    728.11,   2601.01,   3329.12
2026-06-02,06:54:24.573,   98.89,  368.58,   98.28,  367.54,   98.40,  367.79,   67.54,  366.46,   67.87,  367.39,   67.60,  366.48,  498.58, 2204.23,     18700, 2702.82,   34.56,   45.05,   34.26,   44.65,   35.16,   45.50,   34.08,   44.98,   33.92,   45.07,   33.62,   44.77,  205.60,  270.01,     18680,  475.61,    704.18,   2474.24,   3178.42
2026-06-02,06:54:24.623,  146.65,  369.09,  146.42,  368.14,  147.32,  369.00,  118.17,  367.90,  117.85,  368.03,  117.56,  367.67,  793.96, 2209.82,     18740, 3003.78,   34.00,   42.98,   33.68,   42.68,   34.00,   43.27,   33.09,   42.79,   33.35,   42.90,   33.22,   42.49,  201.34,  257.12,     18720,  458.46,    995.30,   2466.94,   3462.24
2026-06-02,06:54:24.677,  126.14,  388.31,  125.95,  387.42,  125.36,  388.19,   97.00,  388.19,   96.44,  387.88,   97.53,  387.74,  668.42, 2327.72,     18700, 2996.14,   36.20,   46.00,   35.81,   45.72,   36.59,   46.64,   34.65,   45.45,   34.70,   45.73,   34.82,   45.03,  212.77,  274.57,     18680,  487.34,    881.19,   2602.29,   3483.48
2026-06-02,06:54:24.724,  153.20,  398.12,  152.77,  397.16,  152.54,  397.46,  120.68,  397.19,  120.15,  397.76,  121.11,  397.47,  820.45, 2385.16,     18606, 3205.61,   37.08,   46.68,   36.63,   46.16,   37.71,   47.16,   35.44,   45.97,   35.65,   45.89,   35.50,   45.64,  218.00,  277.49,     18585,  495.49,   1038.45,   2662.65,   3701.10
2026-06-02,06:54:24.775,  155.83,  337.64,  156.60,  337.22,  156.39,  337.67,  126.78,  336.19,  126.99,  336.64,  127.19,  335.77,  849.79, 2021.13,     19160, 2870.92,   32.26,   39.86,   32.27,   39.92,   32.55,   40.45,   32.01,   40.01,   32.21,   40.24,   31.75,   39.61,  193.05,  240.10,     19080,  433.14,   1042.84,   2261.23,   3304.06
2026-06-02,06:54:24.825,  147.23,  390.53,  146.68,  388.56,  147.54,  390.12,  118.30,  388.72,  118.31,  389.14,  118.05,  388.15,  796.10, 2335.23,     18680, 3131.32,   37.86,   49.43,   37.62,   48.89,   38.38,   49.92,   36.43,   48.69,   36.38,   48.55,   36.35,   48.39,  223.03,  293.87,     18680,  516.89,   1019.13,   2629.09,   3648.22
2026-06-02,06:54:24.875,  157.21,  362.05,  157.43,  361.11,  156.28,  361.57,  127.89,  361.27,  127.18,  360.82,  128.53,  360.66,  854.53, 2167.48,     18740, 3022.01,   34.56,   43.02,   34.03,   42.38,   34.78,   43.33,   33.29,   42.61,   33.55,   43.03,   33.46,   42.32,  203.66,  256.68,     18700,  460.34,   1058.19,   2424.16,   3482.35
2026-06-02,06:54:24.925,  125.59,  378.62,  124.67,  377.82,  125.94,  378.99,   98.84,  379.16,   98.52,  379.25,   97.13,  378.60,  670.70, 2272.44,     18680, 2943.13,   41.18,   44.29,   41.18,   43.92,   41.33,   44.66,   40.58,   44.12,   40.46,   44.27,   40.13,   43.78,  244.85,  265.04,     18680,  509.89,    915.55,   2537.48,   3453.02
2026-06-02,06:54:24.975,  200.79,  404.52,  200.54,  403.56,  200.58,  404.52,  167.77,  402.29,  167.59,  402.51,  167.13,  402.54, 1104.41, 2419.93,     18660, 3524.34,   40.44,   45.23,   39.87,   44.50,   40.68,   45.68,   39.38,   44.54,   40.03,   44.94,   39.43,   44.42,  239.84,  269.31,     18640,  509.14,   1344.24,   2689.24,   4033.48
2026-06-02,06:54:25.025,  141.25,  365.72,  141.16,  364.46,  141.15,  365.28,  110.15,  363.48,  110.05,  363.78,  110.32,  362.13,  754.09, 2184.86,     18700, 2938.95,   36.15,   43.67,   35.53,   43.11,   36.31,   44.15,   34.81,   43.64,   35.16,   44.02,   34.92,   43.32,  212.89,  261.91,     18720,  474.80,    966.97,   2446.77,   3413.75
2026-06-02,06:54:25.075,   94.45,  389.17,   93.64,  388.24,   94.79,  389.48,   65.51,  390.32,   65.25,  390.06,   64.93,  389.96,  478.58, 2337.23,     18680, 2815.81,   34.52,   44.82,   33.90,   44.07,   34.64,   45.00,   33.16,   44.04,   33.49,   44.30,   33.37,   43.83,  203.08,  266.07,     18680,  469.15,    681.66,   2603.30,   3284.96
2026-06-02,06:54:25.125,  101.18,  343.24,  101.66,  342.52,  101.92,  343.41,   74.06,  341.69,   74.55,  342.49,   74.55,  341.79,  527.92, 2055.15,     18700, 2583.06,   34.11,   44.93,   33.72,   44.54,   34.59,   45.61,   32.94,   44.54,   33.80,   45.18,   33.11,   44.33,  202.28,  269.11,     18660,  471.40,    730.20,   2324.26,   3054.46
2026-06-02,06:54:25.176,  176.44,  343.78,  176.53,  342.70,  175.68,  343.18,  147.24,  342.08,  146.37,  342.35,  146.34,  341.31,  968.61, 2055.40,     18740, 3024.02,   33.63,   39.93,   32.98,   39.33,   33.67,   40.20,   32.08,   39.41,   32.72,   39.77,   31.93,   39.07,  197.01,  237.72,     18820,  434.72,   1165.62,   2293.12,   3458.74
2026-06-02,06:54:25.228,  211.24,  391.56,  211.44,  390.40,  211.60,  390.91,  180.83,  390.54,  180.03,  390.42,  181.20,  390.21, 1176.34, 2344.04,     18840, 3520.38,   39.60,   46.63,   38.99,   45.94,   40.29,   47.19,   38.09,   45.91,   37.98,   45.68,   37.61,   45.25,  232.56,  276.60,     18660,  509.15,   1408.90,   2620.64,   4029.53
2026-06-02,06:54:25.276,  112.54,  360.92,  113.04,  360.63,  112.59,  361.12,   83.33,  360.73,   83.50,  361.21,   83.63,  360.58,  588.63, 2165.19,     18580, 2753.82,   32.95,   36.21,   32.56,   35.79,   33.01,   36.72,   32.53,   36.36,   32.54,   36.39,   32.60,   36.30,  196.20,  217.78,     18600,  413.97,    784.83,   2382.96,   3167.79
2026-06-02,06:54:25.326,   68.07,  330.80,   67.69,  330.09,   68.28,  331.13,   42.32,  331.86,   42.89,  332.44,   42.70,  332.91,  331.95, 1989.23,     18700, 2321.18,   31.01,   38.92,   31.12,   38.96,   31.34,   39.23,   29.86,   38.39,   30.43,   38.96,   30.34,   38.40,  184.11,  232.85,     18720,  416.97,    516.07,   2222.08,   2738.15
2026-06-02,06:54:25.376,  145.96,  359.17,  146.21,  357.82,  145.26,  357.66,  112.30,  355.15,  111.87,  355.55,  112.18,  354.55,  773.77, 2139.91,     18720, 2913.68,   17.76,   27.74,   17.22,   27.22,   17.81,   27.63,   15.92,   26.46,   16.30,   26.75,   15.54,   26.19,  100.55,  162.00,     18720,  262.54,    874.32,   2301.91,   3176.22
2026-06-02,06:54:25.427,  148.08,  361.70,  148.36,  360.88,  148.21,  361.75,  120.87,  360.62,  120.67,  360.93,  120.68,  360.27,  806.88, 2166.16,     18940, 2973.03,   38.70,   47.26,   37.85,   46.82,   38.81,   47.66,   36.89,   46.29,   37.13,   46.56,   36.72,   46.17,  226.11,  280.75,     18960,  506.86,   1032.99,   2446.90,   3479.89
2026-06-02,06:54:25.477,  114.18,  380.71,  114.53,  380.67,  114.56,  381.24,   84.20,  381.95,   83.97,  382.60,   83.76,  382.63,  595.20, 2289.80,     18700, 2885.00,   31.68,   41.81,   31.20,   41.52,   31.82,   42.11,   30.59,   41.66,   31.02,   41.67,   30.48,   41.06,  186.79,  249.83,     18680,  436.62,    781.99,   2539.63,   3321.62
2026-06-02,06:54:25.527,   78.89,  331.04,   78.43,  330.13,   79.38,  330.73,   52.44,  329.55,   52.64,  329.41,   51.98,  328.37,  393.77, 1979.23,     18740, 2372.99,   32.59,   44.40,   32.13,   44.30,   32.91,   45.13,   31.00,   44.26,   31.34,   44.49,   30.89,   43.90,  190.87,  266.47,     18660,  457.34,    584.64,   2245.70,   2830.33
2026-06-02,06:54:25.577,  128.08,  395.45,  128.25,  394.32,  127.87,  394.80,   95.34,  394.09,   95.40,  394.44,   96.00,  393.99,  670.94, 2367.10,     18800, 3038.04,   37.05,   47.13,   36.51,   46.48,   37.90,   47.78,   35.48,   46.36,   36.12,   46.85,   35.56,   46.08,  218.63,  280.68,     18760,  499.31,    889.57,   2647.78,   3537.35
2026-06-02,06:54:25.627,  152.86,  344.26,  153.04,  343.93,  153.15,  344.18,  122.77,  342.98,  123.03,  343.45,  122.99,  342.80,  827.84, 2061.61,     18800, 2889.45,   34.45,   34.96,   34.56,   35.40,   34.90,   35.50,   33.67,   34.69,   34.04,   35.01,   33.47,   34.16,  205.08,  209.72,     18740,  414.80,   1032.92,   2271.33,   3304.25
2026-06-02,06:54:25.677,  120.04,  391.56,  118.69,  389.57,  119.88,  391.10,   91.30,  391.39,   90.71,  391.17,   90.89,  390.74,  631.52, 2345.53,     18680, 2977.05,   31.29,   30.55,   31.48,   30.52,   32.36,   31.34,   29.28,   29.39,   29.61,   29.78,   29.22,   29.09,  183.24,  180.67,     18680,  363.91,    814.76,   2526.20,   3340.96
2026-06-02,06:54:25.727,   84.56,  368.57,   83.71,  367.79,   83.60,  367.63,   52.72,  367.98,   52.88,  368.25,   52.35,  367.96,  409.81, 2208.17,     18720, 2617.98,   16.86,   13.27,   16.54,   13.40,   17.05,   13.70,   15.39,   12.82,   15.94,   13.39,   15.51,   13.11,   97.31,   79.70,     18720,  177.00,    507.12,   2287.87,   2794.98
2026-06-02,06:54:25.777,   84.26,  379.52,   84.36,  378.98,   84.11,  379.86,   58.54,  380.68,   59.25,  381.21,   58.59,  379.61,  429.10, 2279.85,     18760, 2708.95,   21.17,   17.80,   20.93,   17.89,   21.29,   18.04,   20.20,   17.16,   20.39,   17.53,   19.87,   17.18,  123.86,  105.61,     18780,  229.47,    552.96,   2385.46,   2938.42
2026-06-02,06:54:25.827,  177.40,  392.90,  176.55,  391.77,  176.75,  391.94,  143.72,  390.73,  143.27,  390.54,  142.77,  390.46,  960.45, 2348.33,     18680, 3308.78,   19.15,   13.73,   18.98,   13.52,   19.61,   14.09,   18.19,   13.17,   18.55,   13.44,   18.11,   13.10,  112.59,   81.04,     18640,  193.63,   1073.04,   2429.37,   3502.41
2026-06-02,06:54:25.877,   68.26,  390.55,   67.26,  389.52,   67.93,  390.43,   37.04,  390.25,   37.81,  390.94,   37.47,  390.30,  315.76, 2341.99,     18700, 2657.75,   19.81,   18.48,   19.83,   18.46,   20.09,   18.68,   18.35,   17.83,   18.38,   18.00,   18.54,   17.95,  115.00,  109.41,     18700,  224.41,    430.76,   2451.39,   2882.16
2026-06-02,06:54:25.927,  141.75,  418.40,  140.39,  417.79,  141.62,  418.87,  112.92,  418.16,  113.57,  418.87,  112.29,  418.54,  762.55, 2510.63,     18740, 3273.19,   23.15,   15.58,   22.67,   15.12,   23.24,   15.79,   21.69,   14.74,   22.25,   15.29,   21.60,   14.76,  134.60,   91.29,     18640,  225.88,    897.15,   2601.92,   3499.07
2026-06-02,06:54:25.977,  239.72,  405.76,  239.95,  404.88,  240.15,  405.76,  208.79,  404.00,  209.12,  404.62,  209.03,  403.74, 1346.75, 2428.76,     18720, 3775.51,   27.49,   18.82,   27.22,   18.71,   27.13,   18.86,   25.78,   17.70,   26.68,   18.42,   26.66,   18.26,  160.97,  110.78,     18720,  271.75,   1507.71,   2539.54,   4047.25
2026-06-02,06:54:26.027,  123.52,  364.61,  123.40,  364.13,  123.56,  364.45,   94.23,  364.03,   93.88,  363.99,   94.68,  364.08,  653.28, 2185.30,     18680, 2838.57,   18.87,   15.57,   18.59,   15.57,   18.91,   15.76,   17.15,   14.60,   17.61,   15.05,   17.02,   14.73,  108.16,   91.27,     18680,  199.43,    761.43,   2276.57,   3038.00
2026-06-02,06:54:26.077,  102.51,  330.63,  100.95,  328.91,  102.12,  329.90,   74.89,  329.29,   74.81,  329.38,   74.44,  329.32,  529.72, 1977.43,     18660, 2507.15,   16.04,   15.42,   16.02,   15.54,   16.68,   16.00,   14.94,   14.82,   14.78,   15.06,   14.98,   14.89,   93.44,   91.72,     18680,  185.17,    623.17,   2069.15,   2692.32
2026-06-02,06:54:26.127,  112.24,  385.84,  112.67,  385.74,  112.80,  385.89,   80.65,  382.67,   81.85,  382.97,   81.34,  382.48,  581.54, 2305.59,     18700, 2887.13,   18.36,   12.46,   17.89,   12.31,   18.38,   12.53,   17.77,   12.24,   18.17,   12.58,   17.76,   12.30,  108.33,   74.42,     18680,  182.75,    689.88,   2380.01,   3069.89
2026-06-02,06:54:26.178,  153.01,  370.29,  153.26,  369.67,  153.54,  370.15,  126.29,  364.69,  125.25,  364.66,  125.91,  364.41,  837.26, 2203.86,     18704, 3041.12,   19.79,   14.24,   19.38,   13.81,   20.11,   14.38,   18.46,   13.34,   18.96,   13.63,   18.49,   13.26,  115.18,   82.66,     18645,  197.85,    952.44,   2286.53,   3238.97
2026-06-02,06:54:26.230,  150.06,  430.91,  150.26,  429.79,  149.73,  430.42,  120.80,  427.82,  120.44,  427.66,  121.15,  427.54,  812.44, 2574.14,     19040, 3386.57,   20.10,   15.02,   20.03,   15.28,   20.49,   15.45,   18.86,   14.40,   19.09,   14.55,   18.88,   14.42,  117.44,   89.11,     19060,  206.55,    929.88,   2663.25,   3593.12
2026-06-02,06:54:26.280,   62.71,  334.18,   62.51,  334.13,   62.82,  334.79,   34.45,  331.65,   34.96,  332.44,   34.85,  332.21,  292.30, 1999.40,     18680, 2291.70,   21.23,   19.51,   21.10,   19.52,   21.34,   19.71,   19.75,   18.99,   19.82,   18.98,   19.68,   18.95,  122.92,  115.65,     18680,  238.57,    415.22,   2115.05,   2530.27
2026-06-02,06:54:26.330,   91.63,  401.35,   91.01,  400.52,   91.76,  401.01,   63.58,  397.99,   63.81,  398.34,   62.69,  397.72,  464.47, 2396.92,     18680, 2861.40,   18.73,   16.50,   18.59,   16.49,   19.00,   16.91,   17.94,   16.26,   18.13,   16.33,   17.90,   16.04,  110.30,   98.52,     18680,  208.81,    574.77,   2495.44,   3070.21
2026-06-02,06:54:26.379,   98.55,  363.94,   97.97,  363.29,   98.31,  364.36,   66.46,  358.49,   66.34,  358.09,   66.15,  358.21,  493.78, 2166.39,     18660, 2660.17,   15.04,    9.63,   14.21,    9.12,   14.96,    9.47,   13.61,    8.77,   14.40,    9.38,   13.97,    8.95,   86.18,   55.32,     18640,  141.50,    579.96,   2221.71,   2801.67
2026-06-02,06:54:26.430,  199.70,  415.58,  199.25,  414.47,  199.92,  415.08,  167.20,  411.45,  168.02,  412.09,  167.89,  411.95, 1101.98, 2480.62,     18700, 3582.61,   30.37,   22.93,   29.64,   22.24,   30.41,   23.35,   28.21,   21.85,   28.95,   22.65,   28.49,   22.27,  176.08,  135.29,     18680,  311.37,   1278.06,   2615.91,   3893.97
2026-06-02,06:54:26.480,  147.99,  406.51,  149.06,  405.80,  149.13,  406.33,  120.27,  406.11,  120.56,  406.87,  121.45,  406.16,  808.46, 2437.78,     18720, 3246.24,   21.34,   15.27,   21.58,   15.51,   21.67,   15.70,   20.81,   15.12,   21.19,   15.46,   20.94,   15.05,  127.55,   92.12,     18660,  219.67,    936.01,   2529.90,   3465.90
2026-06-02,06:54:26.530,   68.09,  404.27,   67.21,  403.56,   67.20,  403.98,   35.49,  403.83,   35.30,  403.84,   34.84,  403.46,  308.12, 2422.94,     18700, 2731.07,   15.41,   14.17,   15.17,   14.17,   15.81,   14.60,   13.76,   13.40,   14.12,   13.89,   13.93,   13.52,   88.20,   83.76,     18720,  171.96,    396.33,   2506.71,   2903.03
2026-06-02,06:54:26.580,  135.97,  345.15,  134.64,  343.66,  135.57,  344.67,  106.58,  342.75,  106.62,  342.89,  106.79,  342.46,  726.16, 2061.58,     18700, 2787.74,   34.62,   29.41,   34.24,   28.79,   35.69,   30.25,   32.58,   28.40,   32.84,   29.00,   32.79,   28.69,  202.76,  174.54,     18680,  377.30,    928.92,   2236.13,   3165.05
2026-06-02,06:54:26.630,  153.68,  376.75,  153.52,  375.50,  153.12,  376.31,  123.65,  375.03,  123.53,  375.84,  123.93,  375.26,  831.43, 2254.69,     18760, 3086.12,   29.93,   25.38,   29.56,   25.11,   30.56,   25.69,   28.02,   24.49,   28.62,   25.02,   28.21,   24.65,  174.90,  150.34,     18720,  325.24,   1006.33,   2405.03,   3411.36
2026-06-02,06:54:26.680,   82.86,  397.40,   82.42,  397.05,   83.11,  397.35,   53.13,  398.03,   52.98,  397.84,   52.66,  397.53,  407.17, 2385.19,     18680, 2792.36,   20.12,   15.98,   20.38,   16.41,   20.44,   16.55,   18.91,   15.54,   19.07,   15.96,   18.88,   15.51,  117.80,   95.95,     18560,  213.76,    524.97,   2481.14,   3006.11
2026-06-02,06:54:26.730,   92.77,  383.16,   91.69,  381.91,   92.38,  382.42,   66.28,  382.67,   67.18,  383.45,   66.50,  383.04,  476.80, 2296.65,     18900, 2773.46,   23.58,   18.53,   22.95,   18.40,   23.65,   18.85,   21.74,   17.70,   22.28,   17.97,   21.97,   17.75,  136.17,  109.20,     19020,  245.37,    612.97,   2405.85,   3018.82
2026-06-02,06:54:26.781,  142.05,  365.32,  141.73,  364.04,  141.72,  364.68,  109.20,  362.31,  109.71,  362.53,  110.03,  362.29,  754.44, 2181.18,     18720, 2935.62,   27.54,   21.62,   27.39,   21.57,   27.65,   21.96,   26.15,   20.82,   26.45,   21.19,   26.02,   20.99,  161.21,  128.14,     18680,  289.35,    915.64,   2309.32,   3224.97
2026-06-02,06:54:26.831,  128.99,  375.10,  129.43,  374.28,  129.42,  375.45,  101.57,  375.35,  101.15,  375.26,  101.25,  374.88,  691.82, 2250.32,     18680, 2942.14,   20.35,   18.57,   20.82,   18.93,   20.77,   18.46,   19.64,   18.10,   19.88,   18.53,   19.82,   18.47,  121.29,  111.06,     18660,  232.34,    813.11,   2361.37,   3174.48
2026-06-02,06:54:26.881,  165.20,  427.37,  164.75,  426.26,  165.45,  427.48,  135.29,  425.92,  135.05,  426.26,  135.59,  425.70,  901.33, 2558.98,     18700, 3460.31,   28.22,   20.80,   27.84,   20.62,   28.90,   21.17,   26.84,   20.48,   27.04,   20.50,   26.84,   20.39,  165.68,  123.96,     18680,  289.64,   1067.01,   2682.94,   3749.95
2026-06-02,06:54:26.931,  124.82,  349.92,  124.03,  349.15,  124.47,  349.71,   94.35,  349.26,   94.94,  349.93,   93.90,  350.36,  656.51, 2098.33,     18720, 2754.84,   18.05,   10.64,   17.84,   10.41,   18.26,   10.51,   16.79,    9.92,   17.36,   10.31,   16.78,   10.19,  105.07,   61.97,     18680,  167.05,    761.58,   2160.31,   2921.89
2026-06-02,06:54:26.981,  227.99,  417.26,  228.63,  416.93,  228.33,  417.58,  197.02,  416.41,  196.90,  415.90,  196.93,  414.69, 1275.80, 2498.76,     18720, 3774.56,   27.60,   20.36,   27.52,   20.24,   27.60,   20.45,   25.94,   19.54,   26.51,   19.88,   26.16,   19.40,  161.34,  119.87,     18700,  281.20,   1437.13,   2618.63,   4055.76
2026-06-02,06:54:27.031,  146.21,  360.09,  146.30,  359.38,  145.81,  359.96,  115.42,  358.54,  114.69,  358.58,  115.44,  358.39,  783.86, 2154.95,     18700, 2938.81,   19.43,   15.71,   19.28,   15.50,   19.40,   15.71,   17.91,   14.69,   18.46,   15.38,   17.98,   14.92,  112.47,   91.91,     18680,  204.37,    896.33,   2246.85,   3143.18
2026-06-02,06:54:27.081,  121.17,  390.14,  120.50,  388.80,  120.71,  389.75,   93.49,  390.50,   93.04,  390.55,   93.24,  390.58,  642.16, 2340.32,     18700, 2982.48,   23.46,   18.59,   23.57,   19.04,   23.87,   19.33,   21.90,   18.17,   22.07,   18.12,   21.94,   17.71,  136.81,  110.96,     18720,  247.77,    778.97,   2451.28,   3230.25
2026-06-02,06:54:27.131,  100.25,  403.97,  100.24,  403.53,  100.05,  404.09,   72.38,  404.18,   72.89,  404.90,   72.44,  404.12,  518.25, 2424.79,     18660, 2943.04,   24.13,   19.47,   24.04,   19.50,   24.49,   19.72,   22.90,   19.12,   23.42,   19.45,   22.59,   18.84,  141.56,  116.11,     18720,  257.67,    659.81,   2540.90,   3200.71
2026-06-02,06:54:27.182,  143.29,  410.29,  143.93,  410.14,  143.59,  410.34,  110.61,  409.22,  110.85,  409.31,  111.86,  409.33,  764.12, 2458.62,     18723, 3222.75,   19.66,   13.26,   19.92,   13.58,   20.04,   13.86,   19.28,   13.17,   19.52,   13.48,   19.16,   12.99,  117.58,   80.34,     18704,  197.92,    881.70,   2538.96,   3420.67
2026-06-02,06:54:27.233,  153.27,  376.91,  153.04,  375.81,  153.06,  376.47,  122.25,  375.69,  122.01,  375.83,  122.72,  375.56,  826.34, 2256.28,     19080, 3082.62,   22.84,   14.24,   22.74,   14.52,   23.02,   14.56,   21.71,   13.71,   22.25,   14.21,   21.77,   13.70,  134.33,   84.94,     19060,  219.27,    960.67,   2341.21,   3301.88
2026-06-02,06:54:27.283,  140.58,  369.46,  140.37,  368.34,  140.33,  369.46,  113.20,  368.78,  113.09,  368.77,  113.22,  368.26,  760.77, 2213.07,     18740, 2973.84,   23.22,   20.13,   23.37,   20.65,   23.73,   20.63,   21.62,   19.49,   21.71,   19.72,   21.22,   18.91,  134.87,  119.55,     18700,  254.41,    895.64,   2332.62,   3228.26
2026-06-02,06:54:27.333,  118.68,  353.37,  119.81,  353.09,  119.02,  353.30,   89.50,  351.64,   89.16,  352.10,   89.32,  351.84,  625.49, 2115.35,     18700, 2740.84,   21.69,   14.77,   21.41,   15.28,   21.78,   14.98,   20.82,   14.64,   21.43,   15.12,   20.99,   14.65,  128.11,   89.44,     18740,  217.55,    753.60,   2204.79,   2958.39
2026-06-02,06:54:27.383,   99.26,  403.70,   98.40,  403.18,   98.99,  403.86,   70.17,  404.91,   69.95,  404.68,   69.48,  404.82,  506.25, 2425.15,     18720, 2931.40,   22.99,   20.15,   22.83,   19.90,   23.03,   20.19,   21.04,   19.01,   21.34,   19.64,   21.20,   19.09,  132.42,  117.98,     18680,  250.40,    638.67,   2543.13,   3181.80
2026-06-02,06:54:27.433,   90.23,  381.73,   88.98,  380.23,   89.44,  380.89,   63.97,  382.59,   64.28,  382.83,   63.52,  381.83,  460.42, 2290.11,     18680, 2750.53,   20.71,   16.91,   20.79,   17.14,   21.12,   17.43,   19.60,   16.53,   19.41,   16.41,   19.31,   16.20,  120.94,  100.62,     18680,  221.56,    581.36,   2390.73,   2972.09
2026-06-02,06:54:27.483,  132.30,  357.10,  133.66,  357.08,  132.44,  357.17,  100.25,  354.35,  100.12,  354.47,  100.96,  354.55,  699.73, 2134.71,     18740, 2834.44,   19.72,   15.79,   19.29,   15.67,   19.64,   15.30,   18.21,   14.75,   19.13,   15.54,   18.25,   15.25,  114.24,   92.29,     18700,  206.54,    813.98,   2227.00,   3040.98
2026-06-02,06:54:27.533,  106.62,  387.66,  106.54,  387.49,  106.99,  387.86,   79.62,  389.35,   79.38,  389.17,   79.55,  388.77,  558.70, 2330.30,     18760, 2889.01,   19.12,   15.66,   19.29,   15.99,   19.51,   16.13,   18.40,   15.38,   18.75,   15.82,   18.43,   15.38,  113.51,   94.35,     18700,  207.85,    672.21,   2424.65,   3096.86
2026-06-02,06:54:27.583,   99.82,  408.17,   99.22,  407.54,   99.70,  408.06,   71.76,  408.14,   71.58,  408.00,   71.60,  407.76,  513.69, 2447.68,     18660, 2961.37,   23.24,   19.09,   23.35,   18.87,   23.78,   19.13,   21.76,   18.36,   21.95,   18.74,   21.74,   18.63,  135.81,  112.82,     18660,  248.63,    649.50,   2560.49,   3210.00
2026-06-02,06:54:27.634,  177.12,  390.09,  176.31,  388.43,  177.10,  389.86,  144.79,  387.94,  144.77,  388.65,  144.38,  387.49,  964.47, 2332.46,     18720, 3296.93,   31.21,   26.29,   30.76,   25.96,   31.24,   26.36,   28.86,   25.13,   29.46,   25.70,   29.42,   25.41,  180.96,  154.86,     18740,  335.82,   1145.43,   2487.32,   3632.75
2026-06-02,06:54:27.684,  124.13,  359.08,  125.22,  359.25,  124.54,  359.49,   99.85,  359.98,   99.47,  359.99,  100.70,  359.93,  673.90, 2157.71,     18660, 2831.61,   18.43,   13.58,   18.49,   13.72,   18.70,   13.75,   18.00,   13.43,   18.26,   13.44,   18.06,   13.29,  109.94,   81.22,     18660,  191.16,    783.83,   2238.93,   3022.77
2026-06-02,06:54:27.738,   79.33,  369.86,   78.79,  369.19,   79.20,  369.75,   48.40,  369.63,   48.07,  369.34,   48.16,  369.62,  381.95, 2217.38,     18740, 2599.33,   17.57,   16.66,   17.26,   16.55,   18.08,   17.06,   15.42,   15.51,   16.09,   16.11,   15.76,   15.69,  100.18,   97.58,     18700,  197.76,    482.12,   2314.97,   2797.09
2026-06-02,06:54:27.784,  128.00,  391.26,  127.56,  389.84,  128.15,  390.83,   99.31,  390.64,   99.07,  391.11,   98.43,  390.70,  680.52, 2344.38,     18800, 3024.90,   24.30,   20.08,   23.82,   19.74,   24.87,   20.55,   22.83,   19.08,   22.94,   19.57,   22.57,   19.31,  141.33,  118.32,     18740,  259.65,    821.85,   2462.70,   3284.55
2026-06-02,06:54:27.834,  184.58,  401.82,  185.99,  401.64,  184.90,  401.36,  155.45,  400.87,  154.82,  401.08,  155.54,  400.35, 1021.29, 2407.12,     18680, 3428.40,   20.64,   16.25,   20.70,   16.39,   21.29,   16.62,   19.97,   16.00,   20.14,   16.12,   19.71,   15.61,  122.44,   96.99,     18700,  219.43,   1143.73,   2504.11,   3647.83
2026-06-02,06:54:27.884,  125.90,  396.79,  125.71,  395.45,  125.77,  396.44,   97.49,  396.90,   97.28,  396.87,   98.32,  396.55,  670.48, 2379.02,     18680, 3049.49,   21.51,   17.84,   21.49,   17.94,   21.77,   18.13,   20.33,   17.23,   20.50,   17.50,   20.55,   17.36,  126.14,  106.00,     18640,  232.14,    796.61,   2485.02,   3281.63
2026-06-02,06:54:27.934,  168.31,  406.65,  167.16,  405.61,  167.72,  406.09,  138.81,  406.01,  139.45,  406.63,  137.91,  406.80,  919.36, 2437.78,     18620, 3357.14,   31.12,   17.50,   30.75,   17.53,   31.62,   17.75,   29.74,   16.78,   30.09,   17.43,   29.75,   16.80,  183.06,  103.79,     18580,  286.85,   1102.43,   2541.57,   3644.00
2026-06-02,06:54:27.985,  191.81,  376.68,  191.70,  375.50,  191.47,  376.55,  161.72,  374.26,  161.37,  374.15,  162.23,  374.10, 1060.30, 2251.24,     18980, 3311.54,   27.35,   21.15,   27.24,   20.93,   27.59,   21.37,   25.92,   20.37,   26.13,   20.68,   25.64,   19.93,  159.85,  124.43,     19020,  284.28,   1220.15,   2375.67,   3595.82
2026-06-02,06:54:28.035,  117.49,  406.69,  117.61,  406.87,  117.35,  406.80,   88.25,  408.20,   87.60,  408.04,   88.21,  407.95,  616.51, 2444.55,     18680, 3061.06,   17.89,   13.05,   17.79,   13.20,   17.86,   13.37,   17.17,   12.78,   17.25,   12.75,   17.16,   12.54,  105.11,   77.69,     18680,  182.80,    721.63,   2522.23,   3243.86
2026-06-02,06:54:28.085,   86.32,  366.88,   85.56,  365.64,   85.28,  365.69,   55.52,  364.80,   55.37,  365.09,   54.98,  364.73,  423.03, 2192.84,     18680, 2615.86,   19.03,   14.83,   18.25,   14.48,   18.98,   15.13,   17.09,   13.71,   17.55,   14.47,   17.26,   14.07,  108.16,   86.69,     18680,  194.85,    531.18,   2279.53,   2810.71
2026-06-02,06:54:28.135,  114.83,  368.24,  114.53,  367.38,  114.33,  368.59,   87.22,  367.94,   87.90,  368.60,   87.89,  367.70,  606.70, 2208.45,     18660, 2815.16,   25.20,   21.11,   24.67,   20.66,   25.38,   21.18,   23.43,   20.16,   23.65,   20.40,   23.43,   20.11,  145.75,  123.62,     18680,  269.37,    752.45,   2332.08,   3084.53
2026-06-02,06:54:28.185,  183.33,  425.41,  183.97,  424.94,  182.66,  424.90,  151.54,  424.83,  150.69,  424.37,  151.99,  424.56, 1004.18, 2549.01,     18720, 3553.19,   23.97,   16.00,   23.55,   15.80,   24.24,   16.03,   23.35,   15.34,   23.48,   15.58,   23.68,   15.80,  142.28,   94.56,     18720,  236.84,   1146.46,   2643.57,   3790.03
2026-06-02,06:54:28.235,  155.85,  362.09,  155.45,  361.02,  154.67,  361.63,  124.65,  360.18,  123.98,  360.20,  124.76,  360.14,  839.37, 2165.26,     18700, 3004.63,   18.42,   11.95,   18.13,   11.99,   18.91,   12.70,   17.27,   11.32,   17.64,   11.93,   17.11,   11.13,  107.47,   71.02,     18680,  178.49,    946.84,   2236.27,   3183.11
2026-06-02,06:54:28.285,  125.26,  383.25,  123.96,  382.04,  125.35,  383.19,   99.35,  383.67,   98.81,  383.61,   99.38,  383.64,  672.10, 2299.40,     18700, 2971.50,   25.82,   20.90,   25.51,   20.73,   26.45,   21.58,   23.94,   19.88,   24.37,   20.73,   23.99,   19.92,  150.08,  123.75,     18660,  273.84,    822.18,   2423.15,   3245.33
2026-06-02,06:54:28.335,   94.51,  411.07,   94.14,  409.77,   94.33,  410.45,   65.90,  411.29,   65.58,  411.19,   65.36,  410.92,  479.82, 2464.70,     18740, 2944.51,   20.11,   19.13,   19.81,   18.72,   20.57,   19.56,   19.02,   18.69,   18.93,   18.82,   18.68,   18.36,  117.12,  113.27,     18680,  230.39,    596.93,   2577.96,   3174.90
2026-06-02,06:54:28.385,  128.04,  355.42,  129.07,  355.34,  127.97,  355.42,   95.14,  353.38,   95.14,  353.53,   95.85,  354.10,  671.21, 2127.20,     18720, 2798.41,   15.91,   13.79,   15.90,   13.76,   16.11,   13.86,   14.74,   13.07,   15.24,   13.60,   14.70,   13.11,   92.60,   81.20,     18680,  173.80,    763.81,   2208.40,   2972.21
2026-06-02,06:54:28.436,  122.12,  381.50,  121.75,  380.10,  122.34,  380.94,   95.74,  381.32,   95.31,  381.40,   95.65,  380.89,  652.91, 2286.15,     18704, 2939.06,   41.18,   31.38,   41.27,   31.76,   41.72,   32.36,   38.97,   31.11,   39.04,   31.21,   39.04,   30.73,  241.22,  188.56,     18684,  429.78,    894.13,   2474.70,   3368.83
2026-06-02,06:54:28.486,   86.02,  344.25,   85.87,  344.73,   85.74,  345.32,   57.19,  344.71,   57.57,  345.35,   57.21,  345.92,  429.59, 2070.28,     18760, 2499.87,   21.35,   18.27,   21.16,   18.10,   21.89,   18.32,   19.77,   17.38,   19.97,   17.82,   19.23,   17.28,  123.37,  107.18,     18800,  230.55,    552.96,   2177.46,   2730.42
2026-06-02,06:54:28.536,   78.66,  371.63,   78.22,  370.21,   78.74,  370.12,   51.21,  369.98,   51.55,  369.58,   51.42,  369.14,  389.82, 2220.67,     18720, 2610.49,   15.46,   11.53,   15.81,   11.85,   15.77,   11.85,   15.32,   11.51,   15.16,   11.58,   14.99,   11.29,   92.52,   69.60,     18800,  162.12,    482.33,   2290.27,   2772.61
2026-06-02,06:54:28.586,   89.25,  414.23,   88.43,  412.87,   89.03,  414.05,   58.85,  414.04,   58.96,  413.98,   58.90,  413.50,  443.42, 2482.68,     18680, 2926.10,   20.48,   17.04,   20.38,   16.96,   21.05,   17.63,   19.06,   16.32,   19.03,   16.25,   18.94,   16.02,  118.95,  100.22,     18640,  219.17,    562.37,   2582.90,   3145.26
2026-06-02,06:54:28.637,  151.33,  332.44,  151.79,  331.80,  151.06,  332.76,  120.10,  326.57,  120.53,  327.24,  121.22,  326.43,  816.04, 1977.24,     19120, 2793.28,   20.95,   17.72,   20.16,   16.91,   20.93,   17.76,   19.33,   16.80,   19.80,   17.49,   19.02,   16.72,  120.19,  103.39,     19080,  223.58,    936.23,   2080.64,   3016.86
2026-06-02,06:54:28.687,  105.47,  394.58,  104.82,  393.98,  104.84,  393.73,   77.18,  393.80,   76.64,  393.23,   77.13,  393.90,  546.07, 2363.23,     18700, 2909.30,   21.73,   17.17,   21.62,   17.25,   22.06,   17.73,   20.71,   16.76,   20.93,   16.95,   20.81,   16.53,  127.86,  102.40,     18640,  230.26,    673.93,   2465.63,   3139.56
2026-06-02,06:54:28.737,   92.09,  375.31,   91.82,  374.27,   91.73,  375.10,   61.58,  373.16,   61.67,  373.62,   61.27,  373.21,  460.16, 2244.68,     18680, 2704.83,   19.04,   13.86,   18.72,   13.87,   19.04,   14.06,   17.75,   13.45,   17.98,   13.58,   17.96,   13.26,  110.50,   82.08,     18680,  192.58,    570.66,   2326.76,   2897.42
2026-06-02,06:54:28.787,  151.38,  381.26,  151.21,  381.30,  152.08,  382.90,  123.71,  382.68,  123.25,  381.88,  123.68,  381.75,  825.31, 2291.77,     18700, 3117.08,   23.92,   19.35,   23.80,   19.39,   24.29,   19.96,   22.51,   18.69,   22.77,   19.01,   22.32,   18.69,  139.60,  115.08,     18660,  254.68,    964.91,   2406.85,   3371.76
2026-06-02,06:54:28.837,  168.01,  414.03,  167.45,  412.25,  167.80,  412.34,  139.34,  411.81,  138.98,  412.79,  138.86,  412.01,  920.44, 2475.23,     18700, 3395.67,   27.07,   20.92,   26.40,   20.64,   27.39,   21.26,   25.38,   20.31,   26.19,   21.15,   25.57,   20.51,  158.00,  124.79,     18700,  282.78,   1078.43,   2600.02,   3678.45
2026-06-02,06:54:28.887,  151.50,  416.04,  152.19,  415.42,  152.17,  416.01,  119.27,  414.96,  118.94,  414.84,  119.57,  414.46,  813.63, 2491.72,     18660, 3305.36,   19.27,   14.50,   19.04,   14.65,   19.64,   14.78,   18.15,   13.94,   18.72,   14.37,   18.37,   14.03,  113.20,   86.27,     18660,  199.47,    926.83,   2577.99,   3504.82
2026-06-02,06:54:28.938,  189.58,  374.68,  189.08,  373.53,  190.54,  374.93,  160.19,  373.62,  160.40,  374.43,  159.40,  373.80, 1049.20, 2244.98,     18720, 3294.18,   26.66,   17.18,   26.36,   16.72,   26.58,   17.37,   24.53,   15.99,   25.04,   16.59,   24.83,   15.91,  154.00,   99.76,     18760,  253.77,   1203.20,   2344.75,   3547.95
2026-06-02,06:54:28.988,  248.89,  413.82,  248.69,  412.64,  248.49,  413.34,  217.09,  411.75,  216.92,  411.78,  217.78,  411.17, 1397.86, 2474.49,     18720, 3872.35,   29.94,   22.81,   29.34,   22.09,   30.44,   23.26,   28.14,   21.84,   28.47,   22.26,   28.28,   22.07,  174.61,  134.33,     18640,  308.94,   1572.47,   2608.82,   4181.29
2026-06-02,06:54:29.038,   66.37,  365.42,   66.16,  365.04,   65.72,  365.14,   35.14,  364.80,   35.16,  364.64,   35.12,  365.39,  303.67, 2190.43,     18680, 2494.10,   15.28,   11.57,   15.04,   11.48,   15.45,   11.80,   14.99,   11.59,   15.24,   11.89,   15.06,   11.88,   91.06,   70.22,     18700,  161.27,    394.73,   2260.65,   2655.38
2026-06-02,06:54:29.088,   90.94,  369.97,   89.73,  369.04,   90.64,  370.34,   64.01,  370.82,   64.02,  370.65,   63.62,  370.10,  462.97, 2220.91,     18720, 2683.88,   18.96,   14.82,   18.61,   14.85,   19.08,   15.12,   17.66,   14.37,   17.85,   14.53,   17.85,   14.60,  110.02,   88.29,     18680,  198.31,    572.99,   2309.20,   2882.19
2026-06-02,06:54:29.138,  179.55,  408.37,  179.46,  406.78,  179.64,  407.90,  148.09,  405.64,  147.53,  405.44,  148.67,  404.92,  982.94, 2439.05,     18700, 3421.99,   25.34,   19.18,   24.68,   18.80,   25.74,   19.57,   24.12,   18.65,   24.64,   19.13,   24.35,   18.97,  148.87,  114.30,     18700,  263.17,   1131.81,   2553.35,   3685.16
2026-06-02,06:54:29.189,   71.14,  338.79,   70.55,  338.16,   70.55,  338.59,   41.85,  338.56,   42.09,  338.55,   41.54,  337.88,  337.72, 2030.53,     18684, 2368.25,   11.95,   10.40,   11.93,   10.50,   11.82,   10.45,   10.55,    9.59,   10.71,    9.78,   10.52,    9.62,   67.48,   60.34,     18684,  127.82,    405.19,   2090.87,   2496.06
2026-06-02,06:54:29.239,   93.93,  414.86,   93.53,  414.33,   93.48,  414.52,   65.10,  415.26,   65.64,  415.19,   65.22,  415.23,  476.90, 2489.39,     18680, 2966.29,   18.66,   14.04,   18.88,   14.32,   18.88,   14.44,   18.04,   13.85,   18.11,   13.84,   18.11,   13.83,  110.68,   84.32,     18680,  195.00,    587.57,   2573.71,   3161.29
2026-06-02,06:54:29.290,  152.79,  415.29,  152.34,  413.97,  152.69,  414.98,  119.34,  414.17,  119.17,  414.20,  120.15,  414.51,  816.48, 2487.13,     19060, 3303.61,   28.11,   21.42,   28.32,   21.82,   28.75,   22.03,   26.79,   20.82,   26.62,   21.04,   26.96,   21.32,  165.54,  128.45,     19080,  293.98,    982.02,   2615.58,   3597.59
2026-06-02,06:54:29.340,  169.65,  375.18,  169.83,  374.30,  169.21,  375.34,  138.37,  373.51,  137.56,  373.63,  138.72,  373.38,  923.34, 2245.33,     18740, 3168.67,   19.31,   14.84,   19.08,   15.13,   19.71,   15.25,   17.74,   14.18,   18.66,   14.91,   18.09,   14.27,  112.59,   88.59,     18680,  201.18,   1035.93,   2333.92,   3369.85
2026-06-02,06:54:29.390,   97.23,  375.13,   97.18,  374.11,   97.98,  374.72,   70.76,  374.83,   70.67,  375.10,   70.40,  375.15,  504.21, 2249.05,     18700, 2753.26,   19.58,   13.74,   19.40,   13.69,   19.72,   13.75,   19.07,   13.33,   19.60,   13.98,   19.33,   13.73,  116.69,   82.21,     18700,  198.90,    620.90,   2331.26,   2952.17
2026-06-02,06:54:29.440,   97.70,  416.48,   96.58,  415.31,   97.81,  416.38,   67.54,  415.35,   67.17,  415.27,   67.30,  415.06,  494.10, 2493.85,     18700, 2987.95,   20.45,   19.25,   20.27,   19.00,   20.96,   19.89,   18.68,   18.42,   18.76,   18.60,   18.86,   18.68,  117.98,  113.84,     18700,  231.82,    612.08,   2607.69,   3219.77
2026-06-02,06:54:29.490,  202.16,  356.89,  202.52,  355.86,  202.60,  356.61,  169.81,  354.71,  170.70,  355.03,  171.05,  355.05, 1118.85, 2134.15,     18680, 3253.00,   18.96,   14.38,   18.39,   14.25,   19.31,   14.75,   17.38,   13.77,   18.11,   14.08,   17.23,   13.73,  109.39,   84.95,     18660,  194.34,   1228.24,   2219.11,   3447.35
2026-06-02,06:54:29.540,  128.70,  367.84,  128.97,  367.17,  128.02,  367.21,  100.47,  366.49,   99.66,  366.66,  100.82,  366.54,  686.64, 2201.91,     18700, 2888.55,   20.84,   17.73,   20.86,   17.60,   21.40,   18.04,   19.74,   17.07,   20.22,   17.55,   19.98,   17.23,  123.04,  105.22,     18700,  228.26,    809.68,   2307.13,   3116.81
2026-06-02,06:54:29.590,   88.24,  411.95,   87.67,  410.75,   87.97,  411.78,   57.69,  411.92,   57.52,  411.83,   57.37,  411.80,  436.45, 2470.02,     18680, 2906.47,   18.63,   15.61,   18.56,   15.42,   19.03,   15.91,   17.40,   14.83,   17.42,   14.99,   17.73,   15.06,  108.78,   91.82,     18740,  200.60,    545.23,   2561.84,   3107.07
2026-06-02,06:54:29.640,   99.28,  415.84,   98.46,  414.49,   99.20,  415.39,   68.45,  414.58,   68.38,  414.58,   68.23,  414.43,  501.99, 2489.30,     18740, 2991.29,   22.34,   19.26,   21.88,   19.08,   22.78,   19.55,   20.73,   18.68,   20.99,   19.01,   20.93,   19.03,  129.65,  114.60,     18680,  244.25,    631.64,   2603.90,   3235.54
2026-06-02,06:54:29.690,  172.46,  355.37,  172.74,  354.95,  172.39,  355.84,  142.26,  354.36,  141.98,  354.76,  142.90,  354.97,  944.72, 2130.25,     18680, 3074.97,   21.92,   18.41,   21.89,   18.33,   22.01,   18.36,   20.10,   17.64,   20.64,   17.73,   20.46,   17.46,  127.02,  107.93,     18680,  234.95,   1071.74,   2238.18,   3309.92
2026-06-02,06:54:29.740,  122.31,  367.21,  122.90,  366.59,  122.47,  366.20,   94.75,  365.53,   94.69,  365.29,   96.05,  364.99,  653.17, 2195.81,     18720, 2848.98,   19.03,   12.85,   19.13,   13.16,   19.47,   13.26,   18.83,   12.67,   18.83,   12.80,   18.58,   12.69,  113.87,   77.43,     18700,  191.30,    767.04,   2273.25,   3040.29
2026-06-02,06:54:29.790,   97.97,  336.97,   97.20,  336.01,   97.34,  336.41,   71.06,  336.13,   70.52,  336.17,   70.26,  336.08,  504.34, 2017.77,     18660, 2522.11,   17.74,   14.15,   17.32,   14.45,   17.73,   14.41,   15.90,   13.18,   16.08,   13.61,   15.74,   13.34,  100.51,   83.14,     18780,  183.65,    604.84,   2100.92,   2705.76
2026-06-02,06:54:29.840,  135.38,  400.67,  135.76,  399.26,  134.69,  399.36,  104.60,  399.38,  104.41,  399.13,  105.41,  399.05,  720.25, 2396.85,     18700, 3117.10,   22.50,   19.46,   22.22,   19.45,   22.72,   19.65,   20.99,   18.53,   21.44,   19.30,   21.26,   19.06,  131.14,  115.45,     18660,  246.59,    851.39,   2512.30,   3363.69
2026-06-02,06:54:29.891,  125.70,  407.85,  125.40,  407.51,  125.44,  408.49,   94.01,  408.81,   93.80,  409.64,   94.50,  410.18,  658.85, 2452.49,     19120, 3111.34,   22.25,   16.57,   22.45,   16.87,   22.40,   16.66,   21.45,   16.15,   21.83,   16.38,   21.58,   16.40,  131.96,   99.03,     19040,  230.98,    790.81,   2551.52,   3342.33
2026-06-02,06:54:29.942,  146.58,  376.98,  145.67,  375.84,  146.57,  376.31,  119.85,  375.66,  120.20,  375.06,  119.21,  374.62,  798.07, 2254.47,     18700, 3052.55,   25.42,   14.78,   25.45,   14.88,   25.54,   14.72,   24.36,   14.03,   24.55,   14.21,   24.30,   14.06,  149.63,   86.68,     18740,  236.31,    947.70,   2341.16,   3288.86
2026-06-02,06:54:29.992,  202.28,  415.69,  202.78,  414.96,  203.47,  416.27,  170.09,  413.93,  169.64,  414.23,  170.75,  414.08, 1119.01, 2489.16,     18760, 3608.17,   26.40,   18.89,   26.45,   18.97,   26.92,   18.99,   24.99,   18.05,   25.34,   18.09,   25.44,   18.52,  155.55,  111.51,     18680,  267.06,   1274.56,   2600.67,   3875.23
2026-06-02,06:54:30.041,  164.59,  348.57,  163.49,  347.58,  162.87,  347.46,  135.46,  346.37,  134.84,  346.67,  135.34,  346.53,  896.59, 2083.19,     18460, 2979.79,   21.51,   16.65,   20.92,   16.74,   21.48,   16.78,   19.54,   15.65,   20.11,   16.10,   19.60,   15.94,  123.17,   97.87,     18420,  221.04,   1019.76,   2181.06,   3200.82
2026-06-02,06:54:30.091,  154.35,  393.55,  155.06,  393.06,  154.52,  393.40,  125.85,  393.49,  125.42,  393.63,  125.86,  393.35,  841.07, 2360.49,     18700, 3201.55,   22.43,   16.50,   22.78,   17.13,   22.75,   17.10,   21.38,   16.03,   21.65,   16.31,   21.87,   16.33,  132.87,   99.40,     18660,  232.27,    973.94,   2459.88,   3433.83
2026-06-02,06:54:30.141,  162.89,  421.11,  162.73,  419.86,  163.16,  420.76,  133.10,  421.31,  132.09,  421.16,  133.07,  421.43,  887.04, 2525.64,     18860, 3412.68,   26.93,   20.41,   26.24,   20.17,   27.49,   20.99,   25.27,   19.60,   25.89,   19.93,   25.30,   19.68,  157.12,  120.79,     18820,  277.90,   1044.16,   2646.43,   3690.59
2026-06-02,06:54:30.191,   86.01,  364.38,   85.41,  363.75,   85.35,  363.96,   55.97,  363.82,   56.06,  364.25,   55.65,  363.70,  424.45, 2183.87,     18680, 2608.32,   14.18,   12.88,   13.90,   12.70,   14.48,   12.98,   12.55,   11.90,   12.68,   11.92,   12.55,   12.14,   80.34,   74.52,     18680,  154.86,    504.79,   2258.39,   2763.18
2026-06-02,06:54:30.241,  103.37,  383.29,  103.87,  382.60,  103.60,  383.29,   74.42,  383.14,   74.70,  382.65,   74.95,  382.63,  534.91, 2297.59,     18700, 2832.50,   20.33,   14.85,   20.16,   15.11,   20.77,   15.40,   19.99,   14.87,   19.87,   14.68,   20.10,   14.83,  121.21,   89.74,     18660,  210.96,    656.12,   2387.33,   3043.45
2026-06-02,06:54:30.292,  180.14,  418.41,  180.38,  417.22,  180.56,  418.17,  149.20,  417.05,  148.48,  416.98,  149.86,  416.99,  988.63, 2504.83,     19040, 3493.45,   26.53,   22.34,   26.39,   22.46,   26.76,   22.50,   24.40,   21.15,   24.49,   21.23,   24.60,   21.16,  153.16,  130.85,     19040,  284.01,   1141.78,   2635.68,   3777.46
2026-06-02,06:54:30.342,  115.25,  348.04,  114.48,  347.38,  114.64,  347.43,   84.41,  346.74,   84.25,  347.18,   84.21,  347.23,  597.24, 2084.01,     18700, 2681.25,   19.35,   15.63,   18.96,   15.35,   19.59,   15.86,   17.73,   14.87,   18.39,   15.31,   17.78,   15.11,  111.82,   92.14,     18680,  203.96,    709.06,   2176.15,   2885.21
2026-06-02,06:54:30.393,   93.11,  392.20,   92.47,  391.20,   92.81,  391.50,   65.90,  392.25,   66.31,  392.38,   65.83,  391.82,  476.42, 2351.36,     18700, 2827.78,   20.97,   16.33,   21.02,   16.34,   21.44,   16.37,   20.11,   15.85,   20.69,   16.13,   20.46,   15.99,  124.69,   97.00,     18700,  221.69,    601.11,   2448.36,   3049.47
2026-06-02,06:54:30.443,   76.06,  369.37,   76.55,  368.75,   76.48,  369.54,   46.81,  370.01,   46.62,  369.88,   47.02,  370.06,  369.55, 2217.60,     18680, 2587.15,   14.83,   11.59,   14.82,   11.84,   15.32,   11.85,   14.13,   11.14,   14.37,   11.25,   14.24,   11.26,   87.70,   68.92,     18680,  156.63,    457.25,   2286.53,   2743.78
2026-06-02,06:54:30.493,  160.00,  396.34,  159.65,  395.08,  159.40,  395.93,  126.55,  392.64,  126.26,  392.91,  127.19,  392.17,  859.05, 2365.07,     18780, 3224.11,   26.86,   22.18,   26.40,   21.82,   26.97,   22.33,   24.53,   21.25,   24.94,   21.37,   24.54,   21.24,  154.24,  130.18,     18720,  284.42,   1013.28,   2495.25,   3508.53
2026-06-02,06:54:30.543,  125.56,  237.22,  124.63,  235.91,  125.37,  236.48,  117.71,  239.04,  117.44,  238.73,  117.48,  238.55,  728.18, 1425.92,    152560, 2154.10,   24.28,   18.67,   23.92,   18.59,   24.75,   19.30,   22.75,   17.96,   23.25,   18.47,   22.93,   17.82,  141.88,  110.80,     18680,  252.69,    870.06,   1536.73,   2406.79
2026-06-02,06:54:30.593,  133.06,  252.12,  132.55,  251.86,  132.65,  251.96,  120.61,  252.44,  120.51,  252.98,  120.17,  252.62,  759.56, 1513.98,    256580, 2273.55,   16.89,    9.29,   16.83,    9.35,   16.90,    9.30,   16.45,    8.86,   16.59,    9.13,   16.41,    8.98,  100.07,   54.91,     18700,  154.98,    859.63,   1568.90,   2428.53
2026-06-02,06:54:30.643,  315.86,  324.69,  315.24,  324.79,  313.82,  323.33,  295.46,  320.02,  295.94,  321.79,  297.34,  322.30, 1833.66, 1936.93,    697580, 3770.59,   20.15,   14.62,   19.86,   14.87,   20.55,   14.92,   18.27,   13.66,   19.07,   14.41,   18.30,   13.77,  116.22,   86.24,     18800,  202.46,   1949.87,   2023.17,   3973.04
2026-06-02,06:54:30.693,  161.15,  419.94,  162.38,  419.45,  161.46,  420.58,  128.98,  419.74,  128.23,  420.06,  129.54,  419.21,  871.73, 2518.98,     18840, 3390.71,   22.51,   20.22,   22.39,   20.32,   22.23,   20.09,   20.51,   19.31,   20.93,   19.86,   20.63,   19.52,  129.19,  119.33,     18700,  248.52,   1000.93,   2638.30,   3639.23
2026-06-02,06:54:30.743,  105.01,  417.56,  104.96,  417.01,  105.00,  417.38,   71.05,  417.58,   71.32,  417.52,   71.01,  417.43,  528.34, 2504.48,     18660, 3032.82,   20.99,   16.26,   20.58,   16.23,   20.84,   16.13,   20.00,   15.70,   20.61,   16.17,   20.32,   15.79,  123.34,   96.27,     18640,  219.61,    651.69,   2600.75,   3252.43
2026-06-02,06:54:30.793,  135.74,  420.96,  136.44,  421.48,  136.39,  421.57,  103.89,  420.56,  103.95,  421.51,  104.28,  421.00,  720.69, 2527.08,     18680, 3247.78,   19.30,   12.91,   19.18,   12.90,   19.43,   12.93,   18.38,   12.34,   18.64,   12.64,   18.48,   12.34,  113.41,   76.05,     18680,  189.46,    834.10,   2603.13,   3437.24
2026-06-02,06:54:30.846,  130.78,  399.01,  131.22,  397.40,  130.33,  397.75,   98.06,  397.97,   97.76,  397.94,   97.89,  397.54,  686.04, 2387.61,     18660, 3073.65,   16.53,   14.69,   16.26,   14.77,   16.31,   14.80,   14.54,   14.05,   15.12,   14.17,   14.70,   14.18,   93.46,   86.66,     18660,  180.13,    779.50,   2474.27,   3253.78
2026-06-02,06:54:30.894,   96.87,  408.73,   97.36,  408.88,   97.55,  409.41,   66.97,  410.09,   67.53,  411.40,   67.40,  410.99,  493.68, 2459.51,     18565, 2953.18,   20.93,   18.21,   20.81,   18.28,   21.02,   17.99,   19.50,   17.44,   19.83,   18.00,   19.95,   17.80,  122.03,  107.72,     18586,  229.74,    615.70,   2567.22,   3182.93
2026-06-02,06:54:30.944,  215.10,  427.52,  216.39,  427.40,  215.65,  427.94,  178.78,  425.97,  178.22,  425.49,  178.45,  424.76, 1182.59, 2559.08,     18780, 3741.67,   27.22,   13.52,   27.05,   13.60,   27.25,   13.56,   26.39,   12.78,   27.19,   13.43,   26.79,   13.19,  161.89,   80.08,     18720,  241.98,   1344.48,   2639.16,   3983.65
2026-06-02,06:54:30.995,  220.58,  458.95,  221.56,  458.15,  220.90,  458.45,  184.86,  456.57,  184.03,  457.19,  184.12,  457.06, 1216.05, 2746.37,     19080, 3962.42,   26.64,   19.57,   26.41,   19.24,   27.06,   19.61,   24.95,   18.43,   24.96,   18.79,   24.89,   18.86,  154.91,  114.50,     19020,  269.40,   1370.96,   2860.86,   4231.82
2026-06-02,06:54:31.045,  130.12,  413.32,  130.22,  412.51,  130.63,  413.70,  100.60,  413.25,  100.30,  413.34,   99.87,  412.78,  691.74, 2478.90,     18740, 3170.64,   23.94,   20.74,   23.64,   20.59,   24.34,   21.17,   22.38,   20.12,   22.50,   20.67,   22.20,   20.06,  138.99,  123.34,     18680,  262.34,    830.73,   2602.24,   3432.97
2026-06-02,06:54:31.095,   79.09,  406.00,   79.78,  406.48,   79.49,  406.51,   45.81,  407.48,   45.71,  407.32,   45.50,  407.19,  375.38, 2440.99,     18660, 2816.37,   14.90,   11.31,   14.80,   11.59,   14.97,   11.44,   14.02,   10.98,   14.71,   11.38,   14.42,   11.13,   87.82,   67.83,     18680,  155.65,    463.20,   2508.82,   2972.02
2026-06-02,06:54:31.145,  135.02,  426.31,  135.44,  425.65,  136.20,  426.23,  103.27,  425.99,  103.40,  426.08,  102.96,  425.86,  716.29, 2556.13,     18720, 3272.42,   20.61,   14.66,   20.15,   14.41,   20.54,   14.51,   18.90,   13.59,   19.84,   14.34,   19.23,   13.80,  119.27,   85.31,     18700,  204.58,    835.56,   2641.44,   3477.00
2026-06-02,06:54:31.195,  149.20,  393.26,  150.26,  393.00,  149.03,  393.19,  115.35,  392.05,  114.75,  392.30,  115.92,  392.01,  794.50, 2355.81,     18640, 3150.31,   17.90,   15.43,   17.61,   15.21,   17.87,   15.45,   16.33,   14.66,   17.01,   15.42,   16.28,   14.50,  102.99,   90.66,     18640,  193.66,    897.49,   2446.47,   3343.97
2026-06-02,06:54:31.245,  163.24,  443.93,  162.54,  443.02,  163.52,  443.54,  132.14,  445.39,  131.79,  445.72,  131.08,  445.78,  884.33, 2667.38,     18700, 3551.70,   27.02,   20.50,   26.52,   20.49,   26.60,   20.51,   25.44,   19.62,   25.89,   20.08,   25.59,   19.89,  157.06,  121.09,     18680,  278.16,   1041.39,   2788.47,   3829.86
2026-06-02,06:54:31.295,  160.90,  453.52,  161.91,  452.91,  161.39,  453.15,  124.25,  451.35,  124.38,  451.77,  124.55,  451.30,  857.38, 2714.01,     18700, 3571.39,   29.68,   22.07,   29.14,   21.79,   29.82,   21.85,   28.36,   21.05,   28.72,   21.61,   28.42,   21.33,  174.13,  129.70,     18680,  303.83,   1031.51,   2843.71,   3875.22
2026-06-02,06:54:31.345,  164.14,  420.14,  165.28,  420.29,  165.36,  421.04,  131.80,  420.89,  131.55,  421.11,  132.50,  421.16,  890.62, 2524.63,     18700, 3415.25,   20.55,   16.26,   20.18,   16.15,   20.59,   16.39,   18.63,   15.22,   19.39,   15.82,   19.09,   15.73,  118.43,   95.58,     18660,  214.01,   1009.05,   2620.21,   3629.26
2026-06-02,06:54:31.395,   88.98,  419.69,   88.46,  419.32,   88.40,  419.76,   56.27,  419.78,   55.35,  419.54,   55.61,  419.05,  433.07, 2517.14,     18680, 2950.21,   23.00,   21.95,   22.94,   22.07,   23.39,   22.17,   21.19,   21.11,   21.66,   21.38,   21.56,   21.56,  133.74,  130.24,     18660,  263.98,    566.81,   2647.38,   3214.19
2026-06-02,06:54:31.446,  118.96,  433.32,  119.84,  433.13,  119.01,  433.21,   81.63,  432.20,   81.81,  432.46,   82.14,  433.05,  603.38, 2597.37,     19140, 3200.76,   15.99,   10.19,   15.60,   10.12,   15.94,   10.34,   15.39,    9.57,   15.94,   10.20,   15.51,    9.87,   94.37,   60.30,     19040,  154.67,    697.76,   2657.67,   3355.43
2026-06-02,06:54:31.496,  191.89,  473.90,  192.54,  473.32,  192.29,  473.48,  155.16,  473.26,  154.34,  473.18,  154.81,  472.80, 1041.04, 2839.94,     18680, 3880.98,   28.46,   23.15,   28.21,   23.09,   29.00,   23.35,   26.73,   22.30,   26.94,   22.75,   26.61,   22.15,  165.94,  136.80,     18700,  302.74,   1206.98,   2976.74,   4183.72
2026-06-02,06:54:31.546,  124.05,  430.01,  124.25,  429.61,  124.85,  430.26,   93.83,  429.78,   93.74,  430.55,   93.48,  430.16,  654.22, 2580.38,     18660, 3234.59,   23.61,   21.13,   23.64,   21.25,   24.05,   21.46,   22.29,   20.64,   22.68,   20.94,   22.25,   20.82,  138.52,  126.23,     18660,  264.75,    792.74,   2706.61,   3499.35
2026-06-02,06:54:31.596,   98.16,  395.00,   98.26,  395.07,   98.67,  395.39,   66.04,  396.06,   65.84,  395.82,   65.39,  396.10,  492.37, 2373.43,     18660, 2865.80,   28.84,   25.91,   28.93,   25.88,   28.99,   25.84,   27.32,   25.14,   27.73,   25.56,   27.71,   25.04,  169.51,  153.36,     18680,  322.87,    661.89,   2526.79,   3188.67
2026-06-02,06:54:31.646,  150.23,  465.51,  150.38,  465.01,  151.55,  466.30,  115.41,  465.26,  115.02,  464.46,  114.85,  464.34,  797.44, 2790.88,     18720, 3588.32,   26.56,   21.53,   26.11,   21.31,   26.80,   22.29,   24.74,   20.67,   24.92,   21.14,   24.82,   21.25,  153.95,  128.19,     18700,  282.14,    951.39,   2919.07,   3870.46
2026-06-02,06:54:31.696,  121.68,  410.92,  121.99,  410.77,  121.72,  410.84,   87.47,  410.10,   88.09,  410.81,   87.29,  410.07,  628.23, 2463.51,     18820, 3091.74,   20.92,   16.61,   20.60,   16.42,   21.18,   17.03,   19.35,   16.14,   19.69,   16.37,   19.21,   15.78,  120.94,   98.35,     18680,  219.29,    749.17,   2561.86,   3311.03
2026-06-02,06:54:31.746,  151.80,  425.98,  152.12,  425.31,  151.61,  425.80,  121.53,  425.76,  120.89,  425.46,  121.23,  425.08,  819.19, 2553.38,     18760, 3372.57,   22.25,   19.22,   22.48,   19.51,   22.82,   19.82,   20.79,   18.89,   21.31,   19.16,   20.76,   18.38,  130.42,  114.97,     18700,  245.39,    949.60,   2668.35,   3617.95
2026-06-02,06:54:31.796,   82.94,  418.92,   83.38,  419.27,   83.45,  418.85,   48.41,  419.86,   48.18,  419.92,   48.09,  419.66,  394.46, 2516.49,     18740, 2910.95,   17.00,   12.93,   16.83,   13.04,   17.15,   13.33,   15.99,   12.43,   16.61,   13.02,   16.20,   12.52,   99.79,   77.27,     18700,  177.06,    494.24,   2593.76,   3088.01
2026-06-02,06:54:31.849,  164.33,  429.15,  165.09,  428.70,  165.16,  430.02,  131.96,  428.49,  131.59,  428.62,  132.80,  428.72,  890.92, 2573.72,     18720, 3464.64,   22.29,   17.38,   22.46,   17.46,   22.90,   17.62,   21.01,   16.41,   21.54,   17.06,   21.44,   16.66,  131.64,  102.59,     18660,  234.23,   1022.56,   2676.31,   3698.86
2026-06-02,06:54:31.897,   98.46,  422.21,   98.57,  421.98,   98.48,  422.26,   62.69,  421.95,   62.67,  421.80,   62.74,  422.04,  483.61, 2532.24,     18740, 3015.85,   18.47,   15.98,   18.03,   15.30,   18.21,   15.75,   16.71,   15.06,   17.34,   15.66,   17.09,   15.30,  105.85,   93.04,     18700,  198.89,    589.47,   2625.28,   3214.74
2026-06-02,06:54:31.947,  165.27,  470.91,  165.61,  471.68,  165.86,  472.02,  132.33,  472.24,  132.17,  471.86,  130.87,  472.06,  892.11, 2830.76,     18720, 3722.86,   24.60,   13.22,   25.02,   13.57,   25.00,   13.69,   24.41,   12.94,   24.52,   13.27,   24.20,   12.83,  147.75,   79.53,     18700,  227.28,   1039.86,   2910.28,   3950.14
2026-06-02,06:54:31.997,  218.40,  455.21,  218.70,  454.84,  219.10,  455.43,  182.10,  454.06,  182.06,  453.83,  182.27,  453.80, 1202.63, 2727.16,     18780, 3929.79,   25.63,   19.76,   25.23,   19.72,   25.96,   20.20,   24.03,   19.03,   24.81,   19.62,   24.10,   19.11,  149.76,  117.45,     18680,  267.20,   1352.39,   2844.61,   4196.99
2026-06-02,06:54:32.047,  130.09,  417.64,  131.35,  417.36,  130.51,  417.79,   97.31,  417.79,   96.69,  417.52,   97.47,  417.29,  683.42, 2505.38,     18680, 3188.80,   18.62,   15.33,   18.20,   15.21,   18.98,   15.86,   17.12,   14.64,   17.63,   15.12,   17.16,   14.58,  107.72,   90.75,     18640,  198.46,    791.13,   2596.13,   3387.26
2026-06-02,06:54:32.098,  114.61,  419.87,  114.11,  419.83,  114.94,  420.96,   80.52,  421.25,   80.41,  421.74,   80.04,  421.81,  584.63, 2525.46,     19160, 3110.10,   18.23,   16.45,   18.17,   16.36,   18.53,   16.85,   17.02,   15.73,   17.75,   16.01,   17.61,   15.85,  107.31,   97.24,     19080,  204.54,    691.94,   2622.70,   3314.64
2026-06-02,06:54:32.148,  141.11,  450.18,  141.68,  449.25,  141.55,  449.44,  105.50,  447.94,  105.73,  447.74,  105.48,  447.09,  741.05, 2691.63,     18780, 3432.69,   20.76,   14.71,   20.54,   14.82,   21.13,   15.39,   19.73,   14.45,   19.93,   14.79,   19.41,   14.56,  121.50,   88.72,     18700,  210.22,    862.55,   2780.36,   3642.91
2026-06-02,06:54:32.198,  145.51,  416.06,  145.97,  416.13,  145.96,  416.60,  111.72,  415.83,  111.03,  415.08,  111.31,  415.30,  771.51, 2495.00,     18720, 3266.51,   19.31,   15.31,   18.77,   15.48,   19.15,   15.45,   17.35,   14.52,   18.26,   15.14,   17.44,   14.56,  110.28,   90.46,     18680,  200.74,    881.79,   2585.46,   3467.25
2026-06-02,06:54:32.248,  158.12,  435.78,  157.87,  434.90,  158.60,  436.02,  127.74,  436.39,  127.64,  436.07,  127.72,  436.01,  857.69, 2615.17,     18700, 3472.87,   23.80,   17.77,   23.81,   18.17,   24.02,   18.13,   22.47,   17.40,   22.80,   17.67,   22.17,   16.97,  139.07,  106.10,     18700,  245.18,    996.77,   2721.27,   3718.04
2026-06-02,06:54:32.298,   73.67,  455.46,   73.99,  455.75,   73.99,  455.78,   38.18,  456.94,   38.90,  457.41,   38.95,  457.82,  337.68, 2739.16,     18680, 3076.84,   16.49,   11.97,   16.44,   12.33,   16.39,   11.99,   16.16,   12.00,   16.45,   12.06,   16.07,   11.91,   98.00,   72.26,     18700,  170.26,    435.68,   2811.42,   3247.10
2026-06-02,06:54:32.348,   92.97,  399.38,   92.17,  399.05,   92.31,  399.90,   58.70,  398.44,   58.75,  398.09,   58.11,  397.14,  453.00, 2392.01,     18720, 2845.01,   16.73,   14.39,   16.11,   14.16,   16.47,   14.42,   14.88,   13.40,   15.34,   13.78,   14.89,   13.25,   94.43,   83.41,     18680,  177.84,    547.43,   2475.42,   3022.85
2026-06-02,06:54:32.398,  125.08,  456.09,  125.42,  455.78,  125.82,  456.07,   91.30,  456.18,   91.67,  456.50,   91.85,  455.92,  651.13, 2736.54,     18700, 3387.67,   25.06,   20.33,   25.11,   20.83,   25.20,   20.82,   24.17,   20.25,   24.26,   20.31,   23.99,   20.26,  147.78,  122.78,     18720,  270.57,    798.91,   2859.33,   3658.24
2026-06-02,06:54:32.448,  174.12, 1161.36,  175.94, 1161.61,  174.64, 1162.55,  159.52, 1164.32,  159.16, 1165.15,  159.48, 1165.55, 1002.86, 6980.54,     18680, 7983.40,   29.92,   21.49,   30.03,   22.05,   30.78,   22.42,   28.35,   20.60,   28.51,   20.82,   28.40,   20.68,  175.99,  128.05,     18660,  304.04,   1178.85,   7108.59,   8287.44
2026-06-02,06:54:32.498,  172.02, 1312.42,  173.38, 1311.93,  172.76, 1311.58,  161.44, 1310.87,  161.40, 1310.61,  161.67, 1310.85, 1002.66, 7868.26,     18700, 8870.92,   37.39,   26.52,   37.17,   26.36,   38.05,   26.76,   34.93,   25.10,   35.13,   25.59,   35.33,   25.43,  218.00,  155.77,     18540,  373.77,   1220.66,   8024.02,   9244.69
2026-06-02,06:54:32.549,  152.64, 1278.44,  154.26, 1278.05,  153.24, 1278.77,  144.32, 1277.84,  144.38, 1277.90,  144.98, 1278.48,  893.81, 7669.48,     18546, 8563.29,   32.76,   29.09,   33.30,   29.07,   33.71,   29.89,   30.20,   27.73,   30.54,   28.39,   30.58,   27.67,  191.08,  171.85,     18684,  362.93,   1084.89,   7841.33,   8926.22
2026-06-02,06:54:32.600,   78.53, 1362.75,   79.01, 1362.29,   78.53, 1362.60,   72.04, 1361.30,   72.40, 1361.47,   72.03, 1360.80,  452.54, 8171.21,     19020, 8623.75,   30.48,   25.05,   30.52,   25.47,   30.76,   25.73,   28.18,   24.14,   28.42,   24.34,   28.85,   24.28,  177.21,  149.01,     18940,  326.22,    629.75,   8320.22,   8949.96
2026-06-02,06:54:32.650,   56.66, 1262.68,   56.49, 1263.09,   56.42, 1263.69,   51.45, 1262.83,   51.86, 1263.52,   51.09, 1263.50,  323.96, 7579.31,     18600, 7903.27,   24.36,   19.78,   24.09,   19.77,   24.51,   20.36,   21.91,   18.66,   22.50,   19.30,   22.42,   18.48,  139.79,  116.36,     18660,  256.15,    463.76,   7695.67,   8159.43
2026-06-02,06:54:32.700,  200.14, 1328.50,  201.26, 1327.92,  200.67, 1327.73,  188.13, 1326.60,  188.59, 1326.62,  189.27, 1326.50, 1168.07, 7963.86,     18720, 9131.93,   42.09,   31.56,   41.92,   31.47,   42.14,   32.03,   38.84,   30.16,   39.09,   30.33,   39.62,   30.34,  243.70,  185.88,     18700,  429.58,   1411.76,   8149.74,   9561.51
2026-06-02,06:54:32.750,  116.35, 1294.13,  118.39, 1294.00,  117.25, 1294.98,  106.86, 1293.75,  106.73, 1293.59,  107.31, 1293.11,  672.90, 7763.56,     18720, 8436.45,   30.41,   24.48,   29.87,   24.16,   30.66,   25.03,   27.64,   23.18,   28.48,   24.18,   28.16,   23.48,  175.22,  144.50,     18700,  319.72,    848.12,   7908.06,   8756.18
2026-06-02,06:54:32.800,   69.11, 1304.29,   69.91, 1304.02,   69.59, 1304.39,   66.04, 1304.06,   66.19, 1304.38,   66.08, 1304.32,  406.93, 7825.45,     18680, 8232.38,   25.05,   20.72,   24.60,   20.15,   25.07,   20.79,   23.28,   19.65,   23.92,   20.10,   23.70,   19.53,  145.62,  120.94,     18680,  266.56,    552.55,   7946.39,   8498.94
2026-06-02,06:54:32.850,  184.08, 1341.44,  185.51, 1340.79,  185.34, 1340.98,  171.94, 1339.35,  172.29, 1339.76,  172.86, 1339.65, 1072.02, 8041.97,     18740, 9113.99,   34.87,   26.82,   34.63,   26.51,   35.18,   27.15,   32.14,   25.21,   32.73,   25.80,   32.69,   25.57,  202.24,  157.07,     18720,  359.31,   1274.26,   8199.04,   9473.30
2026-06-02,06:54:32.900,  104.33, 1293.16,  105.22, 1292.85,  104.18, 1293.19,   96.62, 1291.98,   96.32, 1292.73,   96.81, 1292.15,  603.48, 7756.07,     18680, 8359.55,   32.83,   26.58,   33.03,   26.89,   32.95,   26.93,   29.89,   25.37,   30.58,   26.10,   30.71,   25.99,  189.98,  157.86,     18680,  347.84,    793.46,   7913.93,   8707.39
2026-06-02,06:54:32.950,  177.36, 1279.14,  177.81, 1278.14,  178.51, 1279.64,  175.58, 1278.47,  174.78, 1278.51,  174.50, 1277.85, 1058.54, 7671.75,     18800, 8730.30,   39.09,   23.45,   38.94,   23.35,   38.97,   23.50,   37.37,   22.56,   37.70,   23.15,   38.09,   23.21,  230.17,  139.23,     18720,  369.39,   1288.71,   7810.98,   9099.69
2026-06-02,06:54:33.000,  180.82, 1297.37,  182.56, 1297.67,  180.94, 1298.17,  167.05, 1295.73,  166.24, 1295.75,  167.80, 1295.88, 1045.41, 7780.57,     18740, 8825.98,   23.02,   15.15,   22.80,   14.88,   22.91,   15.00,   21.46,   14.29,   22.28,   15.07,   22.10,   14.68,  134.57,   89.08,     18680,  223.65,   1179.98,   7869.65,   9049.63
2026-06-02,06:54:33.051,   60.46, 1304.87,   60.88, 1304.52,   61.07, 1305.18,   58.71, 1304.37,   58.92, 1304.55,   58.47, 1304.37,  358.52, 7827.86,     18780, 8186.38,   26.97,   23.93,   26.61,   23.62,   26.74,   23.96,   24.97,   22.85,   25.42,   23.43,   25.29,   23.31,  155.99,  141.10,     18760,  297.09,    514.51,   7968.96,   8483.47
2026-06-02,06:54:33.101,  135.30, 1355.44,  136.55, 1354.80,  135.71, 1354.99,  125.73, 1353.43,  125.85, 1353.56,  126.03, 1353.45,  785.17, 8125.68,     18700, 8910.85,   36.74,   30.09,   37.05,   30.18,   37.02,   30.45,   34.29,   28.79,   34.47,   29.38,   34.86,   29.27,  214.42,  178.17,     18760,  392.59,    999.59,   8303.85,   9303.44
2026-06-02,06:54:33.151,  157.24, 1351.83,  159.41, 1351.63,  158.00, 1351.11,  145.59, 1349.82,  145.78, 1350.50,  146.32, 1350.37,  912.34, 8105.26,     18800, 9017.60,   31.10,   20.04,   30.98,   19.91,   30.91,   20.04,   28.97,   18.59,   29.50,   19.21,   29.58,   18.95,  181.04,  116.74,     18720,  297.78,   1093.38,   8221.99,   9315.38
2026-06-02,06:54:33.201,  124.60, 1253.72,  125.53, 1253.79,  125.12, 1254.38,  121.00, 1253.74,  120.75, 1253.88,  121.86, 1254.11,  738.87, 7523.62,     18740, 8262.49,   25.40,   20.37,   25.09,   19.83,   25.06,   19.89,   22.93,   18.86,   24.07,   19.84,   24.15,   19.70,  146.70,  118.49,     18680,  265.19,    885.57,   7642.12,   8527.68
2026-06-02,06:54:33.251,   54.96, 1335.85,   56.56, 1335.98,   55.34, 1337.15,   49.46, 1335.49,   49.78, 1335.80,   50.10, 1335.07,  316.20, 8015.35,     18680, 8331.55,   27.91,   23.45,   27.45,   23.53,   27.85,   23.71,   25.69,   22.76,   26.41,   23.30,   26.43,   23.37,  161.75,  140.12,     18680,  301.88,    477.95,   8155.48,   8633.43
2026-06-02,06:54:33.301,  140.11, 1243.62,  141.06, 1243.50,  140.22, 1244.48,  131.64, 1243.45,  131.84, 1244.47,  132.72, 1244.77,  817.59, 7464.29,     18840, 8281.89,   32.63,   26.10,   32.41,   25.80,   32.77,   26.03,   30.16,   24.36,   30.82,   25.47,   30.79,   24.90,  189.58,  152.65,     18700,  342.23,   1007.17,   7616.94,   8624.12
2026-06-02,06:54:33.352,  122.17, 1330.54,  123.64, 1329.60,  123.59, 1329.90,  116.20, 1328.11,  115.83, 1328.09,  116.35, 1327.13,  717.77, 7973.37,     18700, 8691.14,   34.36,   26.51,   34.72,   26.84,   34.37,   26.82,   32.17,   25.33,   31.79,   25.37,   32.60,   25.56,  200.02,  156.44,     18680,  356.45,    917.79,   8129.80,   9047.59
2026-06-02,06:54:33.402,   79.73, 1308.81,   80.20, 1308.79,   80.01, 1308.99,   72.71, 1307.86,   73.70, 1308.00,   73.70, 1308.22,  460.04, 7850.66,     19000, 8310.71,   37.26,   33.24,   37.71,   33.89,   37.65,   33.82,   36.07,   32.80,   36.44,   33.20,   36.10,   32.57,  221.23,  199.52,     18980,  420.75,    681.28,   8050.18,   8731.46
2026-06-02,06:54:33.452,  127.00, 1328.19,  127.94, 1327.72,  127.27, 1328.28,  118.95, 1327.11,  119.12, 1327.33,  119.37, 1327.18,  739.65, 7965.79,     18720, 8705.44,   36.42,   29.21,   36.27,   29.09,   36.78,   29.61,   33.90,   27.81,   34.07,   28.17,   34.49,   28.21,  211.94,  172.10,     18700,  384.04,    951.59,   8137.89,   9089.49
2026-06-02,06:54:33.502,  172.92, 1334.68,  175.12, 1334.29,  172.89, 1334.69,  160.21, 1332.82,  160.37, 1333.31,  161.69, 1333.26, 1003.19, 8003.07,     18720, 9006.26,   35.45,   27.26,   35.91,   27.48,   36.02,   27.30,   33.36,   25.51,   33.90,   26.27,   34.25,   26.10,  208.89,  159.91,     18680,  368.80,   1212.08,   8162.98,   9375.06
2026-06-02,06:54:33.552,   91.27, 1296.36,   92.13, 1296.15,   91.45, 1296.74,   83.36, 1296.31,   83.88, 1297.95,   83.46, 1296.70,  525.56, 7780.21,     18680, 8305.77,   26.63,   22.64,   26.90,   22.79,   26.46,   22.38,   23.69,   21.02,   23.99,   21.44,   24.14,   21.50,  151.81,  131.77,     18680,  283.57,    677.37,   7911.98,   8589.34
2026-06-02,06:54:33.602,   78.11, 1295.97,   78.70, 1296.00,   78.30, 1296.22,   75.69, 1294.17,   76.00, 1293.11,   76.46, 1292.55,  463.27, 7768.01,     18680, 8231.28,   28.79,   24.44,   29.01,   24.79,   28.98,   24.72,   26.41,   23.08,   26.88,   23.71,   27.09,   23.77,  167.17,  144.51,     18680,  311.68,    630.43,   7912.52,   8542.96
2026-06-02,06:54:33.652,   53.16, 1292.90,   52.84, 1292.23,   52.57, 1292.51,   46.81, 1291.68,   47.30, 1291.51,   46.60, 1291.51,  299.27, 7752.34,     18740, 8051.61,   16.87,   13.09,   16.92,   13.13,   16.90,   13.11,   16.12,   12.59,   16.39,   13.02,   16.59,   12.97,   99.80,   77.92,     18740,  177.72,    399.07,   7830.26,   8229.33
2026-06-02,06:54:33.702,  115.76, 1306.40,  116.18, 1305.93,  116.03, 1306.46,  110.36, 1304.23,  110.71, 1304.39,  111.22, 1304.24,  680.24, 7831.65,     18660, 8511.89,   38.07,   29.12,   38.09,   29.07,   37.88,   29.25,   35.40,   27.51,   35.55,   27.78,   36.15,   28.47,  221.14,  171.20,     18700,  392.34,    901.38,   8002.86,   8904.23
2026-06-02,06:54:33.753,  164.92, 1301.54,  166.21, 1301.08,  165.03, 1301.17,  154.27, 1301.00,  154.25, 1301.39,  154.21, 1301.04,  958.89, 7807.23,     18700, 8766.12,   32.46,   23.58,   32.71,   23.72,   33.07,   24.04,   30.48,   22.69,   30.56,   23.09,   30.54,   22.73,  189.82,  139.84,     18740,  329.67,   1148.71,   7947.08,   9095.79
2026-06-02,06:54:33.803,  135.65, 1272.63,  136.86, 1272.56,  136.93, 1273.78,  129.87, 1271.99,  129.38, 1272.50,  130.09, 1272.41,  798.79, 7635.87,     18780, 8434.66,   28.38,   22.57,   28.73,   22.92,   28.57,   22.81,   25.97,   20.97,   26.79,   21.90,   26.85,   21.55,  165.29,  132.72,     18800,  298.02,    964.08,   7768.60,   8732.68
2026-06-02,06:54:33.853,  166.49, 1319.07,  168.04, 1318.33,  167.20, 1318.86,  155.67, 1317.54,  155.75, 1318.06,  156.57, 1316.90,  969.73, 7908.77,     18467, 8878.50,   27.97,   18.89,   28.27,   19.44,   28.35,   19.48,   26.41,   17.96,   26.79,   18.32,   26.96,   18.44,  164.75,  112.53,     18348,  277.29,   1134.48,   8021.30,   9155.78
2026-06-02,06:54:33.904,  140.56, 1280.19,  142.28, 1280.15,  140.88, 1280.05,  133.14, 1279.60,  132.96, 1279.78,  133.18, 1279.41,  823.00, 7679.18,     18684, 8502.18,   30.75,   22.51,   30.68,   22.47,   31.09,   22.30,   28.79,   21.10,   29.40,   22.05,   29.01,   21.47,  179.72,  131.91,     18704,  311.63,   1002.72,   7811.10,   8813.81
2026-06-02,06:54:33.954,  276.58, 1384.99,  278.55, 1385.06,  278.14, 1385.94,  266.24, 1383.67,  265.58, 1383.35,  265.91, 1383.24, 1631.01, 8306.25,     19139, 9937.27,   48.68,   33.38,   48.73,   33.19,   48.72,   33.04,   44.96,   31.24,   45.37,   32.23,   45.55,   32.02,  282.01,  195.11,     19098,  477.12,   1913.03,   8501.36,  10414.39
2026-06-02,06:54:34.004,  199.25, 1341.78,  201.12, 1341.58,  199.72, 1341.84,  187.83, 1341.03,  187.37, 1340.89,  188.64, 1341.24, 1163.94, 8048.36,     18660, 9212.29,   34.19,   25.15,   34.27,   25.36,   34.01,   25.04,   32.26,   24.01,   32.78,   24.42,   32.96,   24.52,  200.47,  148.50,     18660,  348.97,   1364.40,   8196.86,   9561.26
2026-06-02,06:54:34.055,   84.71, 1350.96,   84.88, 1350.00,   84.66, 1350.76,   77.64, 1350.23,   77.67, 1350.95,   77.46, 1350.71,  487.02, 8103.62,     18720, 8590.64,   32.26,   27.26,   32.74,   27.35,   32.77,   27.87,   30.47,   26.17,   29.91,   26.18,   30.13,   26.26,  188.29,  161.08,     18800,  349.37,    675.30,   8264.70,   8940.01
2026-06-02,06:54:34.104,   75.70, 1276.78,   75.81, 1276.33,   75.80, 1276.77,   69.32, 1275.76,   69.60, 1275.39,   69.20, 1274.64,  435.43, 7655.67,     18400, 8091.10,   25.97,   20.43,   26.01,   20.43,   25.83,   20.40,   23.58,   19.10,   23.72,   19.56,   24.06,   19.53,  149.16,  119.45,     18300,  268.61,    584.59,   7775.11,   8359.71
2026-06-02,06:54:34.155,  172.89, 1340.63,  174.63, 1340.69,  173.86, 1341.02,  162.47, 1340.18,  162.44, 1340.29,  163.32, 1340.62, 1009.61, 8043.44,     19040, 9053.05,   31.58,   22.00,   31.53,   21.76,   31.70,   21.96,   29.42,   20.82,   29.82,   21.05,   29.84,   20.69,  183.90,  128.29,     19100,  312.18,   1193.51,   8171.72,   9365.23
2026-06-02,06:54:34.205,   49.50, 1314.23,   50.05, 1313.56,   50.17, 1315.14,   44.62, 1313.17,   44.96, 1313.13,   45.40, 1312.59,  284.71, 7881.81,     18720, 8166.52,   25.07,   21.80,   25.30,   21.65,   25.37,   22.03,   23.63,   21.06,   23.47,   21.02,   23.97,   21.01,  146.81,  128.57,     18680,  275.38,    431.51,   8010.39,   8441.90
2026-06-02,06:54:34.255,   77.73, 1337.96,   78.13, 1337.68,   77.82, 1337.85,   71.51, 1337.17,   71.49, 1337.20,   71.37, 1337.15,  448.05, 8025.02,     18680, 8473.07,   26.74,   22.35,   26.96,   22.50,   26.92,   22.68,   24.34,   21.34,   24.65,   21.99,   25.06,   21.46,  154.66,  132.33,     18660,  286.99,    602.72,   8157.34,   8760.06
2026-06-02,06:54:34.305,  175.68, 1357.08,  176.78, 1356.47,  176.33, 1356.74,  162.13, 1355.26,  162.50, 1356.37,  162.59, 1356.17, 1016.01, 8138.10,     18700, 9154.11,   39.18,   31.59,   39.42,   31.84,   39.66,   31.88,   36.53,   30.22,   36.50,   30.54,   36.85,   30.46,  228.14,  186.54,     18680,  414.69,   1244.15,   8324.64,   9568.79
2026-06-02,06:54:34.355,  143.36, 1301.22,  144.31, 1300.89,  143.48, 1301.22,  132.77, 1300.35,  133.30, 1300.50,  133.99, 1300.00,  831.22, 7804.19,     18680, 8635.40,   29.64,   19.16,   30.05,   19.61,   29.79,   19.25,   28.42,   18.45,   28.18,   18.46,   28.82,   18.68,  174.91,  113.60,     18680,  288.50,   1006.12,   7917.79,   8923.91
2026-06-02,06:54:34.405,   61.67, 1314.13,   62.48, 1313.33,   62.81, 1314.50,   58.38, 1312.98,   58.28, 1313.59,   58.48, 1312.87,  362.10, 7881.41,     18740, 8243.51,   29.37,   27.18,   29.48,   27.06,   29.63,   27.30,   26.99,   25.66,   27.13,   25.80,   27.35,   26.08,  169.95,  159.08,     18760,  329.03,    532.05,   8040.48,   8572.54
2026-06-02,06:54:34.455,  156.85, 1328.03,  159.13, 1328.18,  157.78, 1329.65,  146.60, 1328.81,  146.54, 1328.23,  147.63, 1328.08,  914.54, 7970.98,     18700, 8885.52,   35.95,   31.97,   35.98,   31.76,   36.35,   32.21,   33.02,   30.27,   33.72,   31.21,   33.34,   30.22,  208.35,  187.63,     18640,  395.99,   1122.89,   8158.61,   9281.51
2026-06-02,06:54:34.505,  114.50,  742.46,  114.23,  741.41,  114.54,  741.56,   88.16,  738.99,   88.31,  738.62,   88.95,  738.39,  608.69, 4441.42,     18680, 5050.11,   22.96,   16.08,   23.38,   16.23,   23.37,   16.09,   21.99,   15.27,   22.54,   15.97,   22.42,   15.52,  136.65,   95.17,     18680,  231.82,    745.34,   4536.59,   5281.93
2026-06-02,06:54:34.555,   86.64,  407.56,   86.23,  406.89,   87.27,  407.28,   55.22,  405.40,   55.50,  406.00,   54.54,  404.71,  425.39, 2437.83,     18700, 2863.22,   17.23,   17.33,   17.07,   17.34,   17.32,   17.46,   15.95,   16.86,   16.06,   16.86,   15.83,   16.42,   99.45,  102.25,     18700,  201.71,    524.84,   2540.08,   3064.93
2026-06-02,06:54:34.605,  123.13,  475.43,  123.39,  474.73,  123.16,  475.73,   85.78,  475.93,   85.51,  475.63,   85.99,  475.43,  626.97, 2852.89,     18700, 3479.86,   20.26,   17.29,   19.70,   17.21,   20.24,   17.21,   18.49,   16.43,   19.09,   16.88,   18.84,   16.96,  116.63,  101.98,     18680,  218.60,    743.60,   2954.87,   3698.47
2026-06-02,06:54:34.655,  202.42,  423.37,  202.76,  422.50,  202.73,  423.78,  167.70,  421.91,  167.53,  422.39,  168.20,  422.07, 1111.34, 2536.03,     18720, 3647.38,   24.33,   19.59,   24.00,   19.38,   24.48,   19.51,   22.74,   18.66,   23.31,   19.19,   23.11,   18.86,  141.97,  115.19,     18680,  257.16,   1253.32,   2651.22,   3904.54
2026-06-02,06:54:34.706,   89.47,  453.88,   89.25,  453.09,   89.43,  453.58,   53.94,  453.01,   53.98,  453.45,   53.94,  452.82,  430.01, 2719.83,     18760, 3149.84,   17.50,   15.16,   17.66,   15.15,   17.78,   15.52,   16.77,   14.90,   17.13,   15.39,   16.84,   15.00,  103.68,   91.13,     18720,  194.81,    533.69,   2810.96,   3344.65
2026-06-02,06:54:34.756,  103.58,  441.10,  103.28,  440.54,  103.86,  441.71,   73.24,  443.06,   73.05,  442.91,   72.82,  442.27,  529.83, 2651.59,     18780, 3181.41,   23.11,   19.95,   22.77,   19.80,   22.62,   19.67,   21.23,   19.05,   21.54,   19.34,   21.50,   19.26,  132.77,  117.07,     18760,  249.84,    662.60,   2768.65,   3431.25
2026-06-02,06:54:34.806,   96.38,  466.18,   95.78,  465.25,   96.35,  466.59,   60.66,  466.39,   60.64,  466.49,   60.70,  466.32,  470.50, 2797.22,     18860, 3267.72,   19.37,   15.11,   19.33,   15.36,   19.66,   15.45,   18.38,   14.98,   18.83,   15.24,   18.49,   14.74,  114.05,   90.89,     18860,  204.93,    584.55,   2888.11,   3472.66
2026-06-02,06:54:34.856,  157.56,  419.19,  157.75,  418.10,  157.33,  418.49,  121.62,  416.86,  121.59,  416.90,  122.63,  416.18,  838.48, 2505.71,     18800, 3344.18,   15.97,   11.70,   16.25,   12.04,   16.31,   11.95,   15.86,   11.63,   15.99,   11.74,   15.86,   11.63,   96.24,   70.70,     18720,  166.94,    934.71,   2576.41,   3511.12
2026-06-02,06:54:34.906,  131.56,  690.51,  130.60,  690.17,  131.14,  691.29,  107.43,  693.65,  108.52,  694.56,  108.11,  694.60,  717.37, 4154.78,     18680, 4872.14,   29.45,   24.39,   29.04,   24.10,   29.38,   24.27,   27.37,   23.03,   27.95,   23.84,   27.33,   23.56,  170.52,  143.19,     18680,  313.72,    887.89,   4297.97,   5185.86
2026-06-02,06:54:34.956,  304.10, 1387.17,  306.63, 1386.02,  305.51, 1386.98,  289.43, 1385.31,  288.93, 1385.01,  288.99, 1384.07, 1783.59, 8314.56,     18720,10098.15,   50.41,   28.82,   50.36,   28.68,   50.20,   28.50,   47.51,   27.26,   48.35,   27.91,   47.78,   27.47,  294.62,  168.64,     18680,  463.26,   2078.21,   8483.21,  10561.42
2026-06-02,06:54:35.007,  113.82, 1266.62,  113.89, 1266.60,  113.89, 1267.57,  107.81, 1266.70,  107.21, 1266.84,  107.54, 1266.62,  664.16, 7600.95,     18740, 8265.11,   27.44,   20.32,   27.58,   20.13,   27.44,   20.03,   25.41,   18.98,   25.89,   19.56,   25.38,   19.06,  159.15,  118.08,     18700,  277.23,    823.31,   7719.03,   8542.34
2026-06-02,06:54:35.057,  167.87, 1334.41,  170.74, 1333.70,  168.70, 1334.17,  156.50, 1332.33,  156.48, 1332.88,  158.12, 1332.15,  978.41, 7999.64,     18680, 8978.05,   33.96,   23.88,   33.82,   24.22,   34.61,   24.23,   32.38,   22.96,   32.95,   23.39,   32.46,   23.06,  200.19,  141.75,     18740,  341.94,   1178.60,   8141.39,   9319.99
2026-06-02,06:54:35.107,   89.30, 1344.62,   89.96, 1343.80,   89.98, 1344.80,   83.10, 1343.30,   83.13, 1343.95,   82.94, 1343.52,  518.40, 8063.98,     18700, 8582.38,   31.52,   27.72,   31.63,   28.26,   31.64,   28.45,   28.81,   26.60,   29.43,   27.29,   29.64,   27.45,  182.66,  165.77,     18720,  348.43,    701.06,   8229.75,   8930.81
2026-06-02,06:54:35.157,   66.22, 1293.79,   65.95, 1293.14,   67.28, 1294.51,   59.72, 1292.83,   59.79, 1292.53,   59.70, 1292.42,  378.67, 7759.22,     18780, 8137.88,   26.82,   25.49,   27.15,   25.93,   27.27,   25.74,   24.55,   24.75,   24.86,   24.90,   24.63,   24.57,  155.28,  151.39,     18680,  306.67,    533.95,   7910.60,   8444.56
2026-06-02,06:54:35.207,  188.28, 1315.05,  190.71, 1314.89,  189.32, 1314.76,  179.33, 1312.79,  179.50, 1314.06,  180.89, 1314.13, 1108.03, 7885.68,     18700, 8993.71,   34.60,   21.55,   34.97,   22.07,   34.85,   21.51,   32.88,   20.62,   33.69,   21.18,   33.55,   20.96,  204.54,  127.90,     18680,  332.44,   1312.57,   8013.57,   9326.15
2026-06-02,06:54:35.257,  109.18, 1333.99,  110.11, 1333.57,  109.40, 1334.50,  100.81, 1333.62,  100.45, 1333.87,  100.86, 1332.70,  630.80, 8002.24,     18700, 8633.04,   30.24,   25.50,   30.39,   25.79,   30.32,   25.58,   27.98,   24.63,   28.19,   24.95,   28.25,   24.79,  175.37,  151.25,     18720,  326.62,    806.17,   8153.49,   8959.66
2026-06-02,06:54:35.307,   50.20, 1262.10,   50.34, 1261.20,   50.73, 1262.48,   46.38, 1261.70,   46.38, 1261.75,   46.78, 1261.02,  290.81, 7570.26,     18680, 7861.07,   28.49,   23.52,   28.76,   23.95,   28.82,   23.49,   26.27,   22.07,   26.59,   22.61,   26.69,   22.69,  165.62,  138.34,     18680,  303.95,    456.43,   7708.59,   8165.02
2026-06-02,06:54:35.357,  123.41, 1331.73,  123.81, 1330.84,  123.42, 1332.02,  113.90, 1330.48,  114.78, 1331.27,  115.44, 1331.44,  714.76, 7987.78,     18740, 8702.55,   35.40,   25.69,   35.18,   25.96,   35.33,   25.51,   33.14,   24.37,   33.71,   24.86,   34.16,   25.12,  206.92,  151.51,     18780,  358.43,    921.69,   8139.30,   9060.98
2026-06-02,06:54:35.407,  206.49, 1313.99,  209.00, 1314.13,  207.26, 1314.31,  192.97, 1312.67,  190.99, 1312.11,  192.67, 1311.94, 1199.39, 7879.16,     18820, 9078.55,   38.13,   26.98,   37.94,   26.99,   38.50,   26.76,   35.64,   25.17,   35.72,   25.63,   35.72,   25.45,  221.65,  156.98,     18720,  378.63,   1421.04,   8036.15,   9457.18
2026-06-02,06:54:35.458,  140.28, 1302.70,  141.24, 1301.99,  141.46, 1303.62,  134.56, 1301.76,  133.98, 1302.02,  134.95, 1301.90,  826.46, 7814.00,     18740, 8640.46,   32.54,   27.97,   32.83,   28.53,   32.80,   28.33,   29.75,   26.57,   30.22,   27.14,   30.36,   27.20,  188.49,  165.73,     18720,  354.23,   1014.96,   7979.73,   8994.69
2026-06-02,06:54:35.508,   92.28, 1305.54,   93.28, 1304.94,   93.13, 1305.85,   86.37, 1304.75,   86.24, 1304.97,   86.27, 1304.72,  537.56, 7830.78,     18700, 8368.33,   30.28,   26.11,   30.12,   25.96,   30.25,   26.29,   28.34,   25.08,   28.54,   25.18,   28.88,   25.20,  176.41,  153.82,     18680,  330.23,    713.96,   7984.60,   8698.56
2026-06-02,06:54:35.558,  151.06, 1330.31,  152.22, 1330.88,  151.58, 1332.39,  138.89, 1330.46,  138.54, 1330.49,  139.87, 1330.78,  872.16, 7985.31,     18680, 8857.48,   30.72,   21.64,   30.93,   22.07,   31.18,   21.90,   29.83,   20.95,   29.89,   21.23,   29.96,   21.23,  182.50,  129.01,     18680,  311.51,   1054.66,   8114.32,   9168.98
2026-06-02,06:54:35.608,  166.14, 1260.08,  167.81, 1259.30,  166.66, 1259.42,  156.47, 1256.93,  155.07, 1257.15,  156.21, 1256.10,  968.35, 7548.98,     18700, 8517.33,   26.53,   19.70,   26.47,   19.90,   26.84,   20.09,   24.81,   18.93,   25.38,   19.45,   25.24,   19.33,  155.27,  117.42,     18680,  272.69,   1123.63,   7666.40,   8790.02
2026-06-02,06:54:35.658,   67.53, 1315.16,   67.72, 1314.93,   67.94, 1315.82,   63.43, 1314.93,   63.45, 1314.39,   63.11, 1314.47,  393.19, 7889.70,     18700, 8282.88,   29.46,   26.05,   29.30,   25.97,   29.37,   26.12,   27.31,   25.15,   28.19,   25.89,   27.97,   25.62,  171.60,  154.80,     18680,  326.40,    564.79,   8044.50,   8609.29
2026-06-02,06:54:35.708,   70.83, 1298.31,   71.30, 1298.23,   70.11, 1298.40,   64.97, 1297.45,   65.26, 1297.57,   65.18, 1297.73,  407.65, 7787.70,     18780, 8195.35,   23.86,   16.80,   23.64,   16.84,   23.95,   16.96,   23.10,   16.58,   23.32,   16.61,   23.46,   16.67,  141.34,  100.46,     18700,  241.80,    548.98,   7888.16,   8437.14
2026-06-02,06:54:35.758,  138.62, 1299.19,  140.92, 1298.64,  140.02, 1299.23,  130.92, 1296.56,  130.81, 1296.76,  132.37, 1296.76,  813.66, 7787.15,     18700, 8600.81,   29.28,   24.40,   29.23,   24.66,   29.48,   24.88,   27.31,   23.75,   28.04,   24.17,   27.59,   23.86,  170.93,  145.72,     18680,  316.65,    984.59,   7932.87,   8917.46
2026-06-02,06:54:35.808,  139.17, 1349.68,  139.84, 1348.76,  139.38, 1349.90,  128.77, 1348.89,  127.99, 1348.48,  129.57, 1348.19,  804.72, 8093.90,     18700, 8898.62,   29.11,   23.59,   28.56,   23.17,   29.01,   23.69,   26.69,   22.42,   27.56,   23.29,   27.41,   22.88,  168.34,  139.04,     18680,  307.38,    973.06,   8232.94,   9206.00
2026-06-02,06:54:35.859,  134.82, 1321.18,  135.15, 1320.86,  134.95, 1321.08,  124.69, 1320.41,  124.42, 1320.08,  124.76, 1320.57,  778.79, 7924.19,     19080, 8702.98,   29.70,   21.17,   29.70,   21.07,   29.92,   21.41,   28.11,   20.26,   28.47,   20.63,   29.06,   20.94,  174.97,  125.48,     19060,  300.45,    953.76,   8049.67,   9003.43
2026-06-02,06:54:35.908,  118.72, 1325.99,  118.97, 1325.40,  118.79, 1326.03,  109.86, 1324.30,  110.14, 1324.81,  110.52, 1324.87,  687.00, 7951.39,     18380, 8638.39,   29.44,   22.90,   29.11,   22.78,   29.66,   22.92,   27.76,   21.96,   27.82,   22.12,   27.83,   22.16,  171.62,  134.84,     18360,  306.46,    858.63,   8086.23,   8944.86
2026-06-02,06:54:35.959,  141.45, 1313.83,  141.98, 1313.42,  142.39, 1314.43,  139.51, 1313.40,  140.06, 1313.01,  138.43, 1312.73,  843.81, 7880.82,     18684, 8724.63,   37.60,   26.68,   37.54,   26.63,   37.46,   26.97,   35.15,   25.81,   35.49,   25.73,   35.63,   25.62,  218.87,  157.44,     18685,  376.31,   1062.68,   8038.25,   9100.94
2026-06-02,06:54:36.010,  197.08, 1330.36,  197.99, 1330.35,  196.81, 1331.29,  182.19, 1329.32,  182.26, 1329.13,  183.32, 1329.25, 1139.66, 7979.69,     19120, 9119.35,   31.11,   22.12,   30.51,   21.84,   30.54,   22.00,   28.18,   20.53,   28.89,   21.21,   28.92,   20.87,  178.15,  128.57,     19100,  306.72,   1317.80,   8108.26,   9426.07
2026-06-02,06:54:36.060,   61.99, 1297.41,   62.35, 1297.13,   62.01, 1297.40,   59.94, 1296.36,   59.62, 1296.80,   59.75, 1296.29,  365.66, 7781.40,     18660, 8147.06,   21.56,   16.65,   21.55,   16.74,   21.29,   16.58,   20.50,   16.16,   20.58,   16.07,   20.90,   16.44,  126.39,   98.65,     18680,  225.04,    492.05,   7880.05,   8372.10
2026-06-02,06:54:36.110,  123.86, 1303.24,  124.47, 1302.56,  124.01, 1303.29,  115.18, 1302.15,  114.79, 1302.15,  114.95, 1302.29,  717.26, 7815.68,     18680, 8532.95,   28.72,   22.62,   29.07,   23.13,   29.06,   22.86,   26.05,   21.45,   26.67,   21.95,   26.59,   21.61,  166.15,  133.62,     18680,  299.77,    883.42,   7949.30,   8832.72
2026-06-02,06:54:36.160,  185.93, 1322.86,  187.32, 1323.05,  187.09, 1323.23,  176.04, 1321.58,  175.69, 1321.06,  176.91, 1321.33, 1088.98, 7933.11,     18680, 9022.09,   39.73,   30.21,   39.78,   30.34,   39.89,   30.76,   36.92,   28.83,   37.48,   29.71,   37.44,   29.55,  231.25,  179.39,     18680,  410.63,   1320.23,   8112.49,   9432.72
2026-06-02,06:54:36.210,  148.87, 1328.71,  150.32, 1328.34,  148.81, 1328.57,  138.65, 1328.47,  138.06, 1328.48,  139.39, 1328.76,  864.11, 7971.33,     18820, 8835.43,   27.57,   19.74,   28.15,   20.34,   28.09,   20.37,   26.52,   19.26,   26.70,   19.69,   27.13,   19.53,  164.16,  118.95,     18660,  283.11,   1028.27,   8090.27,   9118.54
2026-06-02,06:54:36.260,   56.95, 1268.86,   57.22, 1268.55,   56.79, 1268.39,   53.20, 1267.98,   52.77, 1268.22,   51.88, 1267.51,  328.82, 7609.50,     18680, 7938.32,   20.03,   17.54,   19.94,   17.79,   19.75,   17.79,   18.15,   16.84,   18.20,   16.71,   18.07,   16.25,  114.13,  102.91,     18680,  217.04,    442.95,   7712.41,   8155.36
2026-06-02,06:54:36.311,  122.84, 1321.77,  123.74, 1321.11,  123.47, 1322.45,  115.82, 1321.01,  115.57, 1321.17,  117.01, 1321.65,  718.44, 7929.16,     18720, 8647.61,   38.63,   30.19,   38.80,   30.52,   39.53,   31.15,   36.45,   29.15,   36.34,   29.11,   36.38,   28.93,  226.12,  179.06,     18740,  405.18,    944.57,   8108.22,   9052.79
2026-06-02,06:54:36.361,  157.11, 1264.70,  158.15, 1264.18,  156.46, 1263.84,  147.50, 1262.82,  146.74, 1262.10,  146.32, 1261.77,  912.29, 7579.41,     18760, 8491.69,   28.96,   20.77,   28.80,   20.77,   29.20,   20.76,   26.94,   19.42,   27.13,   19.84,   27.11,   19.62,  168.14,  121.18,     18700,  289.31,   1080.42,   7700.58,   8781.00
2026-06-02,06:54:36.411,  303.92,  899.93,  304.61,  900.23,  302.03,  898.61,  295.99,  897.97,  297.43,  898.99,  298.13,  899.69, 1802.13, 5395.41,    841240, 7197.54,   24.38,   17.85,   24.59,   17.91,   24.65,   18.25,   23.51,   17.45,   23.54,   17.60,   23.58,   17.58,  144.25,  106.64,     18720,  250.89,   1946.38,   5502.05,   7448.43
2026-06-02,06:54:36.461,   83.41, 1305.08,   83.50, 1303.99,   83.57, 1304.92,   81.11, 1303.11,   81.05, 1304.25,   80.97, 1302.76,  493.62, 7824.12,     18700, 8317.73,   31.60,   30.01,   31.13,   29.77,   32.02,   30.33,   29.16,   29.00,   29.58,   29.57,   29.11,   28.93,  182.60,  177.61,     18720,  360.21,    676.22,   8001.73,   8677.94
2026-06-02,06:54:36.511,  158.49, 1336.83,  160.33, 1336.59,  159.01, 1336.93,  145.71, 1335.69,  145.36, 1335.29,  146.56, 1335.38,  915.46, 8016.72,     18720, 8932.17,   32.98,   27.02,   32.52,   26.72,   33.01,   26.55,   30.83,   25.87,   31.42,   26.44,   31.20,   26.45,  191.96,  159.04,     18680,  351.00,   1107.41,   8175.75,   9283.17
2026-06-02,06:54:36.561,   81.27, 1300.71,   81.59, 1299.89,   82.17, 1301.32,   73.57, 1299.32,   73.77, 1299.48,   73.52, 1298.96,  465.90, 7799.68,     18720, 8265.58,   30.86,   26.46,   30.97,   26.44,   30.90,   26.73,   28.84,   25.28,   29.06,   25.55,   29.21,   25.58,  179.85,  156.04,     18700,  335.89,    645.75,   7955.72,   8601.46
2026-06-02,06:54:36.611,  115.93, 1324.40,  116.51, 1323.31,  118.17, 1325.87,  113.11, 1323.64,  113.46, 1323.16,  112.58, 1322.55,  689.76, 7942.93,     18700, 8632.70,   94.71,   78.43,   95.17,   78.36,   95.48,   79.04,   89.49,   77.07,   89.67,   76.83,   90.31,   77.35,  554.82,  467.07,     18700, 1021.89,   1244.58,   8410.01,   9654.59
2026-06-02,06:54:36.661,  159.87, 1326.99,  161.32, 1327.72,  159.72, 1327.00,  147.35, 1324.85,  147.39, 1324.89,  147.64, 1325.01,  923.29, 7956.46,     18740, 8879.74,  126.29,   57.52,  126.08,   57.32,  126.44,   57.80,  122.94,   56.04,  122.69,   56.56,  123.05,   56.36,  747.50,  341.60,     18700, 1089.10,   1670.78,   8298.06,   9968.84
2026-06-02,06:54:36.712,  115.01, 1297.06,  116.13, 1296.38,  115.50, 1297.43,  109.14, 1295.91,  108.93, 1296.39,  109.88, 1296.19,  674.59, 7779.37,     18780, 8453.95,   31.61,   22.40,   31.85,   22.31,   32.05,   22.73,   30.52,   21.85,   30.87,   22.37,   30.89,   22.15,  187.78,  133.80,     18800,  321.59,    862.37,   7913.17,   8775.54
2026-06-02,06:54:36.762,  108.56, 1291.75,  108.76, 1291.80,  108.28, 1292.95,  100.46, 1292.50,  100.14, 1292.42,  100.69, 1292.85,  626.88, 7754.27,     18680, 8381.16,   28.63,   18.03,   28.72,   18.18,   28.78,   18.24,   27.24,   17.37,   27.65,   17.78,   27.74,   17.69,  168.76,  107.29,     18720,  276.05,    795.64,   7861.57,   8657.21
2026-06-02,06:54:36.812,  124.15, 1336.00,  124.24, 1334.72,  124.90, 1336.64,  113.91, 1333.29,  113.61, 1332.41,  113.64, 1331.24,  714.45, 8004.29,     18840, 8718.75,   39.98,   29.90,   39.66,   29.85,   39.90,   29.91,   37.14,   28.80,   37.16,   28.62,   37.30,   28.94,  231.13,  176.00,     18740,  407.13,    945.58,   8180.30,   9125.88
2026-06-02,06:54:36.862,  152.57, 1304.81,  153.41, 1304.33,  153.14, 1304.48,  145.42, 1303.18,  145.25, 1303.09,  145.96, 1303.16,  895.74, 7823.05,     18760, 8718.78,   35.51,   24.35,   35.47,   24.44,   35.92,   24.95,   33.40,   23.35,   33.95,   23.92,   33.71,   23.52,  207.96,  144.52,     18700,  352.48,   1103.69,   7967.57,   9071.27
2026-06-02,06:54:36.912,  108.62, 1306.47,  109.04, 1306.04,  108.14, 1306.46,   99.36, 1305.77,   99.43, 1305.86,   99.62, 1305.74,  624.21, 7836.34,     18680, 8460.55,   26.15,   16.47,   26.37,   16.75,   26.01,   16.45,   24.95,   15.89,   25.45,   16.09,   25.68,   16.09,  154.60,   97.74,     18700,  252.34,    778.81,   7934.08,   8712.89
2026-06-02,06:54:36.962,  244.09, 1325.73,  245.45, 1326.17,  246.20, 1326.62,  235.57, 1324.35,  234.96, 1324.51,  235.48, 1326.23, 1441.75, 7953.62,     18880, 9395.36,   47.91,   29.73,   47.96,   29.57,   48.73,   30.12,   45.20,   28.17,   45.92,   29.16,   45.38,   28.46,  281.10,  175.21,     18720,  456.31,   1722.85,   8128.83,   9851.68
2026-06-02,06:54:37.012,  203.45,  742.36,  204.53,  741.58,  203.16,  741.75,  172.45,  738.47,  172.23,  737.90,  171.94,  735.40, 1127.75, 4437.47,     18680, 5565.22,   29.45,   20.32,   29.24,   20.22,   29.65,   20.54,   27.28,   19.43,   28.16,   20.07,   27.60,   19.49,  171.38,  120.07,     18680,  291.44,   1299.13,   4557.53,   5856.66
2026-06-02,06:54:37.062,  130.54,  388.80,  130.19,  387.50,  129.61,  387.69,   98.11,  387.11,   98.60,  387.15,   99.02,  386.50,  686.07, 2324.76,     18720, 3010.82,   63.26,   59.03,   63.42,   59.06,   63.08,   58.27,   59.00,   55.98,   59.83,   57.26,   59.20,   56.58,  367.79,  346.18,     18680,  713.97,   1053.86,   2670.94,   3724.80
2026-06-02,06:54:37.113,  190.39,  439.23,  190.42,  438.80,  189.41,  439.31,  154.80,  439.43,  154.86,  439.70,  155.16,  439.10, 1035.04, 2635.56,     18605, 3670.60,   55.43,   66.62,   54.66,   66.11,   54.98,   66.97,   47.84,   64.51,   48.53,   64.61,   48.03,   64.01,  309.46,  392.83,     18566,  702.30,   1344.50,   3028.40,   4372.90
2026-06-02,06:54:37.164,  131.47,  442.21,  132.08,  441.91,  132.29,  442.23,   96.78,  441.20,   97.10,  441.60,   97.32,  441.72,  687.04, 2650.86,     18960, 3337.90,   36.16,   37.16,   36.13,   37.18,   36.79,   37.73,   34.58,   36.98,   34.77,   37.63,   34.23,   36.51,  212.66,  223.18,     18960,  435.85,    899.71,   2874.04,   3773.74
2026-06-02,06:54:37.214,  132.03,  445.20,  131.89,  444.16,  132.40,  445.70,   99.50,  446.35,   98.56,  446.32,   98.79,  445.45,  693.18, 2673.18,     18600, 3366.36,   21.97,   18.10,   21.70,   18.06,   22.24,   18.51,   20.86,   18.04,   21.34,   18.19,   21.06,   17.83,  129.18,  108.73,     18660,  237.91,    822.35,   2781.92,   3604.27
2026-06-02,06:54:37.264,  141.12,  471.27,  141.15,  471.15,  141.23,  471.81,  105.52,  472.49,  106.26,  472.37,  106.16,  472.03,  741.45, 2831.13,     18700, 3572.57,   24.00,   15.87,   23.93,   16.00,   24.01,   16.07,   23.33,   15.77,   24.06,   16.17,   23.86,   16.13,  143.20,   96.01,     18680,  239.21,    884.65,   2927.14,   3811.79
2026-06-02,06:54:37.314,  161.53,  426.63,  161.34,  425.30,  161.58,  426.37,  126.80,  424.97,  126.85,  425.81,  127.37,  424.98,  865.48, 2554.07,     18700, 3419.54,   24.32,   19.64,   24.39,   19.66,   24.84,   19.97,   22.82,   18.96,   23.53,   19.51,   22.71,   18.97,  142.60,  116.72,     18680,  259.32,   1008.08,   2670.78,   3678.87
2026-06-02,06:54:37.364,  214.18,  447.68,  214.57,  447.19,  214.69,  447.71,  179.06,  447.46,  179.58,  447.70,  179.13,  447.38, 1181.21, 2685.13,     18720, 3866.34,   35.82,   27.90,   35.56,   27.91,   36.17,   28.27,   33.53,   26.95,   34.35,   27.76,   33.54,   26.78,  208.96,  165.57,     18740,  374.53,   1390.18,   2850.69,   4240.87
2026-06-02,06:54:37.414,  126.77,  755.58,  127.56,  755.71,  126.94,  756.19,  103.92,  758.90,  103.60,  759.49,  104.81,  760.27,  693.60, 4546.13,     18720, 5239.73,   22.05,   16.13,   22.70,   16.64,   22.76,   16.74,   21.67,   15.90,   21.98,   16.39,   21.67,   15.86,  132.84,   97.66,     18680,  230.49,    826.44,   4643.78,   5470.22
2026-06-02,06:54:37.464,  136.76, 1299.18,  136.95, 1298.86,  135.89, 1298.90,  124.56, 1297.41,  124.89, 1298.01,  124.97, 1297.26,  784.03, 7789.62,     18760, 8573.66,   28.07,   22.10,   28.36,   22.36,   28.90,   22.90,   26.30,   21.39,   26.52,   21.75,   26.05,   21.43,  164.22,  131.93,     18740,  296.15,    948.25,   7921.56,   8869.80
2026-06-02,06:54:37.514,  161.15, 1312.32,  161.97, 1312.26,  161.26, 1312.57,  153.12, 1311.67,  153.43, 1311.15,  154.57, 1311.75,  945.52, 7871.72,     18680, 8817.23,   37.39,   28.21,   37.40,   28.35,   37.35,   28.18,   35.31,   27.48,   35.23,   27.16,   35.20,   27.28,  217.89,  166.67,     18740,  384.55,   1163.40,   8038.38,   9201.79
2026-06-02,06:54:37.565,  129.46, 1338.11,  130.61, 1337.24,  129.64, 1338.06,  119.34, 1337.47,  119.39, 1338.04,  120.04, 1337.27,  748.48, 8026.18,     18684, 8774.66,   32.19,   23.15,   31.83,   23.44,   32.50,   23.72,   30.06,   22.34,   30.58,   22.53,   30.23,   22.30,  187.39,  137.46,     18684,  324.85,    935.87,   8163.64,   9099.51
2026-06-02,06:54:37.616,   75.69, 1303.30,   75.85, 1302.72,   75.36, 1302.98,   70.30, 1301.64,   70.59, 1302.58,   70.67, 1302.60,  438.45, 7815.83,     19060, 8254.28,   28.66,   22.07,   28.85,   22.04,   28.80,   22.17,   27.11,   20.63,   26.94,   21.04,   27.05,   20.82,  167.41,  128.77,     19040,  296.18,    605.86,   7944.61,   8550.46
2026-06-02,06:54:37.666,  159.87, 1328.81,  161.39, 1328.29,  161.25, 1329.45,  149.01, 1326.65,  149.25, 1326.60,  149.44, 1326.23,  930.21, 7966.04,     18680, 8896.25,   40.77,   32.41,   40.32,   32.15,   40.66,   32.56,   38.48,   31.06,   38.52,   31.33,   38.96,   31.76,  237.72,  191.28,     18720,  428.99,   1167.93,   8157.31,   9325.24
2026-06-02,06:54:37.716,   82.94, 1339.29,   83.31, 1338.20,   82.47, 1339.38,   75.57, 1338.55,   75.48, 1338.59,   75.03, 1337.12,  474.81, 8031.13,     18820, 8505.94,   25.45,   22.60,   25.42,   22.86,   25.68,   23.10,   23.43,   22.13,   23.83,   22.54,   23.87,   22.16,  147.68,  135.39,     18700,  283.07,    622.49,   8166.52,   8789.00
2026-06-02,06:54:37.766,  122.56, 1305.29,  123.11, 1305.09,  122.73, 1305.15,  113.16, 1303.39,  113.59, 1304.02,  113.37, 1303.89,  708.52, 7826.84,     18700, 8535.35,   30.28,   20.72,   30.39,   20.97,   30.26,   20.91,   28.98,   19.93,   29.16,   20.18,   29.48,   20.34,  178.56,  123.05,     18680,  301.61,    887.08,   7949.89,   8836.96
2026-06-02,06:54:37.816,  174.82, 1340.47,  175.65, 1339.66,  175.75, 1340.99,  163.16, 1339.90,  162.74, 1339.97,  163.80, 1340.02, 1015.93, 8041.01,     18720, 9056.94,   36.13,   29.90,   36.40,   30.21,   36.86,   30.31,   33.55,   28.29,   33.86,   29.14,   34.07,   28.82,  210.88,  176.67,     18720,  387.55,   1226.80,   8217.68,   9444.48
2026-06-02,06:54:37.866,   65.91, 1298.90,   66.23, 1297.70,   66.72, 1299.35,   62.99, 1297.35,   63.14, 1298.00,   63.21, 1296.80,  388.21, 7788.10,     18700, 8176.30,   31.48,   28.21,   31.86,   28.54,   32.21,   28.93,   29.50,   27.05,   29.34,   27.32,   29.78,   27.70,  184.17,  167.75,     18680,  351.92,    572.38,   7955.84,   8528.22
2026-06-02,06:54:37.917,  132.42, 1296.68,  133.85, 1296.50,  132.57, 1296.30,  122.42, 1295.46,  122.27, 1295.80,  123.03, 1296.11,  766.55, 7776.84,     18700, 8543.40,   27.18,   19.17,   27.63,   19.49,   27.33,   19.34,   25.44,   18.01,   26.11,   18.94,   26.18,   18.64,  159.88,  113.59,     18720,  273.47,    926.43,   7890.43,   8816.86
2026-06-02,06:54:37.967,  259.69, 1360.40,  260.99, 1360.03,  260.82, 1360.39,  247.75, 1358.72,  248.38, 1358.86,  248.07, 1359.36, 1525.69, 8157.77,     18680, 9683.46,   48.70,   32.07,   49.00,   32.25,   49.14,   32.08,   46.11,   30.54,   46.75,   31.14,   46.93,   31.08,  286.62,  189.16,     18680,  475.78,   1812.31,   8346.93,  10159.24
2026-06-02,06:54:38.017,  153.11, 1304.95,  152.53, 1304.41,  153.11, 1306.01,  144.93, 1305.54,  145.49, 1305.80,  145.63, 1305.96,  894.79, 7832.67,     18760, 8727.46,   37.10,   29.58,   37.33,   29.59,   37.10,   29.50,   34.39,   28.38,   34.60,   28.43,   34.61,   28.15,  215.13,  173.63,     18760,  388.76,   1109.92,   8006.30,   9116.22
2026-06-02,06:54:38.067,  181.50, 1230.53,  182.94, 1230.25,  182.06, 1230.07,  171.79, 1228.68,  170.21, 1228.20,  170.62, 1227.76, 1059.13, 7375.49,     18740, 8434.62,   22.22,   14.88,   22.53,   15.12,   22.49,   15.21,   20.51,   14.10,   20.73,   14.32,   20.67,   13.80,  129.15,   87.42,     18720,  216.57,   1188.28,   7462.91,   8651.19
2026-06-02,06:54:38.117,  104.85, 1321.21,  105.40, 1321.50,  105.10, 1321.87,   96.23, 1319.16,   96.66, 1319.24,   97.17, 1319.75,  605.41, 7922.73,     18720, 8528.14,   30.43,   22.83,   30.33,   23.19,   30.50,   23.18,   29.37,   22.34,   29.48,   22.63,   29.73,   22.55,  179.84,  136.71,     18680,  316.55,    785.25,   8059.44,   8844.69
2026-06-02,06:54:38.167,  124.58, 1340.66,  125.18, 1340.13,  125.24, 1340.99,  115.27, 1339.66,  115.07, 1339.53,  115.22, 1339.88,  720.57, 8040.85,     18700, 8761.42,   34.11,   26.46,   33.79,   26.47,   34.06,   26.45,   31.50,   25.05,   32.05,   25.63,   32.26,   25.32,  197.78,  155.38,     18660,  353.15,    918.35,   8196.23,   9114.57
2026-06-02,06:54:38.217,  151.28, 1308.12,  152.40, 1308.04,  151.47, 1307.66,  141.44, 1306.59,  141.22, 1306.60,  141.79, 1306.98,  879.60, 7843.97,     18700, 8723.58,   31.79,   21.89,   31.26,   21.75,   31.61,   22.19,   28.98,   20.45,   29.42,   20.84,   29.15,   20.35,  182.21,  127.47,     18700,  309.69,   1061.82,   7971.45,   9033.26
2026-06-02,06:54:38.267,  162.08, 1330.32,  162.49, 1330.36,  162.46, 1330.87,  152.71, 1330.39,  152.13, 1330.49,  152.82, 1331.11,  944.68, 7983.54,     18740, 8928.22,   27.95,   19.13,   27.87,   19.04,   28.08,   19.44,   26.75,   18.37,   27.05,   18.78,   27.23,   18.74,  164.92,  113.50,     18660,  278.42,   1109.60,   8097.04,   9206.64
2026-06-02,06:54:38.317,   65.79, 1303.42,   65.96, 1302.72,   66.08, 1303.66,   62.50, 1302.05,   62.86, 1301.86,   62.85, 1301.72,  386.05, 7815.43,     18640, 8201.48,   32.12,   27.56,   32.00,   27.17,   32.28,   27.61,   29.82,   26.09,   30.63,   26.99,   30.69,   26.78,  187.54,  162.20,     18680,  349.75,    573.59,   7977.64,   8551.23
2026-06-02,06:54:38.367,  151.55, 1300.89,  152.51, 1300.51,  151.85, 1300.26,  140.59, 1298.67,  140.50, 1299.07,  140.31, 1299.13,  877.31, 7798.54,     18680, 8675.86,   33.64,   23.83,   33.41,   24.04,   34.45,   24.39,   31.41,   22.94,   32.02,   23.37,   31.86,   23.32,  196.79,  141.89,     18640,  338.68,   1074.11,   7940.43,   9014.53
2026-06-02,06:54:38.418,  135.10, 1318.36,  135.87, 1318.37,  135.67, 1318.80,  128.71, 1317.75,  128.18, 1317.54,  129.12, 1318.48,  792.65, 7909.29,     19040, 8701.94,   30.33,   24.30,   30.44,   24.24,   30.59,   24.33,   28.12,   22.70,   28.34,   22.85,   28.31,   22.79,  176.14,  141.21,     19080,  317.35,    968.79,   8050.51,   9019.30
2026-06-02,06:54:38.468,  120.31, 1346.40,  121.74, 1346.21,  120.98, 1346.15,  112.95, 1344.95,  112.31, 1345.60,  112.77, 1345.54,  701.05, 8074.85,     18740, 8775.90,   40.50,   32.55,   40.88,   33.11,   41.04,   32.97,   38.00,   31.44,   38.37,   31.74,   38.42,   31.71,  237.22,  193.52,     18680,  430.74,    938.27,   8268.37,   9206.65
2026-06-02,06:54:38.518,  166.48, 1297.72,  167.54, 1297.79,  166.94, 1298.17,  154.41, 1296.50,  153.82, 1296.50,  154.63, 1297.17,  963.82, 7783.85,     18800, 8747.67,   31.03,   24.53,   30.79,   24.55,   30.88,   24.35,   28.13,   22.91,   28.90,   23.61,   28.71,   23.50,  178.44,  143.46,     18660,  321.90,   1142.26,   7927.31,   9069.57
2026-06-02,06:54:38.568,  168.55, 1305.07,  169.56, 1304.49,  169.63, 1305.14,  161.10, 1303.33,  161.21, 1303.59,  162.11, 1304.01,  992.15, 7825.62,     18680, 8817.77,   38.35,   28.16,   38.29,   28.47,   39.12,   29.04,   35.88,   27.16,   35.85,   27.20,   36.13,   27.34,  223.63,  167.37,     18680,  391.00,   1215.78,   7992.99,   9208.77
2026-06-02,06:54:38.618,  174.17, 1335.07,  176.70, 1335.98,  174.84, 1335.70,  163.10, 1335.39,  162.50, 1335.67,  164.55, 1336.01, 1015.85, 8013.82,     18760, 9029.67,   33.06,   21.47,   32.96,   21.24,   33.15,   21.18,   31.32,   20.02,   31.66,   20.61,   31.30,   19.93,  193.46,  124.44,     18700,  317.90,   1209.31,   8138.26,   9347.58
2026-06-02,06:54:38.668,   70.37, 1261.71,   70.51, 1260.69,   70.86, 1261.56,   66.68, 1260.28,   66.22, 1260.51,   65.79, 1259.97,  410.43, 7564.73,     18680, 7975.16,   31.26,   28.58,   31.31,   29.04,   31.68,   28.93,   28.68,   27.43,   28.85,   27.43,   29.51,   28.04,  181.28,  169.45,     18720,  350.73,    591.71,   7734.18,   8325.89
2026-06-02,06:54:38.718,   84.16, 1334.59,   84.63, 1334.81,   85.06, 1335.84,   78.89, 1334.37,   78.00, 1333.62,   79.29, 1334.57,  490.04, 8007.81,     18720, 8497.85,   32.34,   26.31,   31.65,   25.82,   32.34,   26.24,   29.22,   24.44,   29.41,   24.91,   29.42,   24.76,  184.39,  152.49,     18720,  336.87,    674.43,   8160.30,   8834.73
2026-06-02,06:54:38.768,  171.52, 1177.28,  172.39, 1175.85,  172.10, 1176.13,  158.18, 1173.03,  158.21, 1172.75,  159.11, 1172.08,  991.51, 7047.12,     18680, 8038.63,   36.33,   25.45,   35.95,   25.60,   36.35,   25.84,   33.43,   23.80,   34.13,   24.64,   34.21,   24.55,  210.39,  149.87,     18700,  360.26,   1201.90,   7196.99,   8398.89
2026-06-02,06:54:38.818,  107.50,   97.90,  108.82,   97.68,  107.35,   97.93,  103.30,   97.61,  102.61,   98.06,  103.42,   97.49,  633.01,  586.65,     18680, 1219.67,   14.85,   13.09,   14.91,   13.33,   15.29,   13.40,   13.37,   12.42,   13.85,   12.77,   13.59,   12.36,   85.87,   77.36,     18680,  163.23,    718.88,    664.01,   1382.90
2026-06-02,06:54:38.869,   42.76,   85.46,   42.26,   85.13,   43.32,   85.88,   41.79,   85.99,   41.47,   85.79,   41.03,   85.77,  252.64,  514.02,     18700,  766.66,   13.83,   11.86,   13.71,   11.95,   13.79,   12.14,   12.14,   11.30,   12.42,   11.35,   12.24,   11.11,   78.14,   69.70,     18720,  147.84,    330.78,    583.72,    914.50
2026-06-02,06:54:38.919,   67.83,  125.08,   67.55,  124.01,   67.81,  124.53,   61.40,  122.17,   61.36,  122.07,   61.52,  122.00,  387.48,  739.87,     18740, 1127.34,   18.60,   13.72,   18.10,   13.45,   18.36,   13.49,   16.47,   12.71,   16.90,   13.10,   16.61,   12.63,  105.05,   79.09,     18740,  184.14,    492.52,    818.96,   1311.48
2026-06-02,06:54:38.969,  206.80,  128.80,  207.65,  129.11,  207.66,  129.62,  197.86,  128.28,  197.50,  128.64,  197.59,  128.19, 1215.06,  772.64,     18780, 1987.70,   20.69,   11.92,   20.65,   12.15,   20.75,   11.86,   19.46,   11.32,   20.04,   11.66,   19.77,   11.51,  121.36,   70.42,     18740,  191.78,   1336.43,    843.06,   2179.49
2026-06-02,06:54:39.019,  116.04,   97.38,  116.54,   97.14,  116.63,   97.76,  111.54,   96.49,  110.52,   96.26,  111.39,   96.66,  682.65,  581.70,     18760, 1264.35,   17.52,   18.08,   17.66,   18.25,   17.98,   18.64,   15.71,   17.48,   15.85,   17.72,   15.56,   17.44,  100.28,  107.60,     18720,  207.88,    782.93,    689.30,   1472.23
2026-06-02,06:54:39.070,   84.27,  119.77,   83.35,  118.80,   84.20,  119.42,   76.88,  118.06,   77.20,  117.81,   76.99,  117.66,  482.89,  711.50,     18760, 1194.39,   16.08,   14.81,   15.71,   14.53,   16.34,   14.89,   14.69,   14.16,   14.59,   14.47,   14.38,   14.15,   91.79,   87.01,     18780,  178.80,    574.68,    798.52,   1373.20
2026-06-02,06:54:39.120,  103.10,   84.07,  102.68,   84.00,  103.06,   84.34,   96.72,   82.09,   96.76,   82.36,   96.69,   81.91,  599.00,  498.76,     21820, 1097.76,   13.24,    7.87,   13.37,    7.87,   13.47,    8.04,   12.38,    7.19,   12.48,    7.44,   12.24,    7.22,   77.18,   45.63,     18780,  122.81,    676.18,    544.39,   1220.57
2026-06-02,06:54:39.170,  111.35,  170.15,  111.38,  169.62,  111.61,  169.95,  102.52,  170.39,  102.76,  170.51,  102.75,  170.26,  642.38, 1020.88,     18840, 1663.25,   23.92,   17.84,   23.36,   17.47,   24.22,   17.94,   21.90,   16.66,   22.23,   16.97,   21.76,   16.61,  137.39,  103.49,     18740,  240.88,    779.77,   1124.36,   1904.13
2026-06-02,06:54:39.219,  198.29,  270.59,  198.48,  269.90,  197.51,  270.40,  179.34,  269.53,  178.93,  270.18,  179.17,  269.93, 1131.72, 1620.55,    369300, 2752.27,   21.80,   14.23,   21.30,   14.31,   21.95,   14.54,   20.23,   13.79,   20.61,   13.79,   20.44,   13.81,  126.33,   84.46,     18500,  210.79,   1258.05,   1705.01,   2963.06
2026-06-02,06:54:39.269,  367.04,  316.34,  369.20,  316.26,  366.55,  315.33,  355.90,  314.16,  356.16,  315.38,  357.20,  315.09, 2172.06, 1892.56,    929800, 4064.62,   23.68,   15.88,   23.47,   15.38,   24.05,   15.78,   22.40,   15.10,   22.48,   15.32,   22.37,   15.12,  138.45,   92.58,     18640,  231.03,   2310.51,   1985.14,   4295.65
2026-06-02,06:54:39.320,  586.31,  358.00,  587.25,  358.79,  583.46,  355.81,  577.91,  354.71,  582.61,  357.98,  583.23,  357.93, 3500.77, 2143.22,   1798520, 5644.00,   21.74,   16.26,   21.46,   15.97,   22.34,   16.38,   20.13,   15.17,   20.64,   15.73,   20.18,   15.43,  126.48,   94.95,     19100,  221.43,   3627.26,   2238.17,   5865.42
2026-06-02,06:54:39.370,  537.66,  311.35,  538.22,  311.61,  533.68,  307.35,  527.17,  305.76,  528.95,  309.05,  529.79,  309.33, 3195.47, 1854.46,   1842600, 5049.92,   17.63,   14.22,   17.79,   14.32,   17.91,   14.25,   15.61,   13.03,   16.08,   13.72,   15.51,   13.02,  100.54,   82.58,     18700,  183.11,   3296.00,   1937.03,   5233.03
2026-06-02,06:54:39.420,  640.01,  371.01,  642.25,  371.06,  639.05,  368.87,  631.12,  368.36,  634.11,  371.67,  635.21,  371.53, 3821.74, 2222.50,   1875420, 6044.24,   26.21,   17.93,   26.22,   17.71,   26.60,   18.01,   24.47,   16.90,   24.83,   17.28,   24.23,   16.51,  152.56,  104.33,     18720,  256.90,   3974.31,   2326.83,   6301.14
2026-06-02,06:54:39.470,  555.25,  319.05,  555.97,  319.31,  550.75,  315.86,  542.38,  314.37,  545.41,  317.70,  546.71,  317.94, 3296.47, 1904.23,   1878780, 5200.70,   11.34,    7.71,   11.38,    7.62,   11.61,    7.95,   10.57,    7.22,   10.99,    7.55,   10.62,    7.27,   66.50,   45.33,     18680,  111.83,   3362.97,   1949.56,   5312.53
2026-06-02,06:54:39.520,  573.54,  348.57,  575.43,  349.26,  571.94,  347.24,  566.07,  346.09,  569.65,  349.74,  571.00,  349.49, 3427.62, 2090.39,   1822380, 5518.01,   21.88,   17.66,   22.02,   17.78,   22.59,   18.10,   20.19,   17.06,   20.88,   17.37,   20.56,   16.84,  128.11,  104.81,     18720,  232.93,   3555.74,   2195.20,   5750.94
2026-06-02,06:54:39.571,  570.90,  353.57,  572.60,  353.09,  567.07,  349.37,  559.82,  348.04,  561.64,  350.86,  561.55,  351.27, 3393.59, 2106.19,   1883320, 5499.78,   16.16,   13.72,   16.05,   13.47,   16.58,   13.93,   14.55,   13.18,   14.94,   13.57,   14.40,   13.15,   92.68,   81.02,     18700,  173.71,   3486.27,   2187.21,   5673.48
2026-06-02,06:54:39.621,  556.92,  325.84,  557.85,  326.21,  553.68,  322.62,  550.26,  321.73,  552.19,  325.24,  553.78,  325.85, 3324.68, 1947.50,   1872280, 5272.18,   18.00,   12.96,   18.10,   13.11,   18.48,   13.35,   16.67,   12.36,   17.19,   12.94,   16.72,   12.54,  105.16,   77.26,     18700,  182.42,   3429.84,   2024.76,   5454.60
2026-06-02,06:54:39.671,  580.23,  345.25,  582.54,  345.66,  577.81,  342.21,  569.57,  341.28,  571.91,  344.55,  572.87,  344.05, 3454.93, 2062.99,   1820000, 5517.91,   14.35,    9.22,   14.21,    9.23,   14.43,    9.39,   13.41,    8.83,   13.91,    9.15,   13.48,    9.02,   83.80,   54.84,     18660,  138.63,   3538.72,   2117.83,   5656.55
2026-06-02,06:54:39.721,  561.86,  313.30,  563.36,  313.75,  558.79,  310.77,  553.49,  308.99,  555.55,  311.87,  557.41,  312.24, 3350.45, 1870.92,   1899220, 5221.37,   16.42,   12.86,   16.29,   12.61,   16.40,   12.95,   14.63,   12.16,   15.02,   12.30,   14.93,   12.37,   93.69,   75.27,     18680,  168.96,   3444.14,   1946.19,   5390.33
2026-06-02,06:54:39.771,  633.86,  399.17,  635.44,  398.95,  630.96,  395.74,  622.24,  393.80,  625.23,  397.82,  626.38,  397.91, 3774.11, 2383.40,   1892480, 6157.51,   26.55,   19.66,   26.39,   19.85,   27.10,   20.20,   24.23,   19.06,   24.46,   19.23,   24.45,   19.15,  153.18,  117.14,     18680,  270.32,   3927.29,   2500.54,   6427.83
2026-06-02,06:54:39.821,  612.83,  326.38,  615.59,  327.73,  611.19,  324.14,  605.30,  322.55,  608.54,  326.11,  609.36,  326.44, 3662.82, 1953.36,   1908820, 5616.18,   12.28,    7.50,   12.38,    7.61,   12.36,    7.57,   11.46,    7.28,   12.04,    7.45,   11.89,    7.33,   72.42,   44.74,     18680,  117.15,   3735.23,   1998.10,   5733.33
2026-06-02,06:54:39.871,  504.93,  298.48,  505.52,  299.10,  501.05,  296.27,  498.91,  296.33,  503.33,  299.89,  503.65,  300.58, 3017.38, 1790.64,   1842860, 4808.02,   16.03,   11.35,   15.89,   11.80,   16.40,   11.67,   14.42,   10.77,   15.03,   11.39,   14.68,   11.03,   92.45,   68.01,     18680,  160.46,   3109.83,   1858.66,   4968.49
2026-06-02,06:54:39.921,  623.82,  373.94,  624.68,  373.21,  620.76,  370.38,  608.79,  367.50,  610.39,  369.72,  610.64,  369.40, 3699.07, 2224.15,   1892120, 5923.23,   21.47,   14.59,   21.35,   14.29,   21.74,   14.68,   19.98,   13.75,   20.23,   14.20,   20.01,   13.78,  124.78,   85.27,     18700,  210.06,   3823.86,   2309.43,   6133.28
2026-06-02,06:54:39.971,  673.67,  370.79,  674.87,  371.30,  673.35,  368.71,  664.98,  366.59,  668.77,  370.30,  670.25,  370.89, 4025.89, 2218.58,   1891580, 6244.47,   34.96,   15.88,   34.92,   15.75,   35.24,   15.99,   33.34,   15.03,   33.49,   15.28,   33.70,   15.27,  205.65,   93.20,     18680,  298.85,   4231.54,   2311.78,   6543.33
2026-06-02,06:54:40.022,  640.90,  380.48,  643.13,  381.02,  637.61,  377.66,  628.52,  375.94,  630.17,  379.07,  631.56,  379.37, 3811.89, 2273.54,   1819860, 6085.44,   19.92,   13.31,   20.17,   13.35,   20.51,   13.65,   18.38,   12.26,   18.76,   12.86,   18.69,   12.56,  116.43,   77.98,     18724,  194.41,   3928.32,   2351.52,   6279.84
2026-06-02,06:54:40.072,  564.02,  331.49,  564.13,  332.69,  559.84,  328.60,  553.48,  327.28,  555.43,  329.64,  556.41,  329.78, 3353.31, 1979.49,   1918120, 5332.80,   13.61,    9.41,   13.74,    9.45,   13.65,    9.63,   12.46,    9.02,   12.80,    9.58,   12.48,    8.95,   78.74,   56.05,     18700,  134.78,   3432.05,   2035.54,   5467.59
2026-06-02,06:54:40.123,  602.81,  351.49,  603.02,  351.75,  599.83,  349.07,  594.57,  348.42,  596.71,  351.92,  598.96,  353.27, 3595.90, 2105.92,   1920240, 5701.82,   20.43,   14.01,   19.97,   13.82,   20.36,   13.94,   18.70,   13.12,   19.22,   13.70,   18.96,   13.43,  117.65,   82.01,     19080,  199.66,   3713.55,   2187.93,   5901.48
2026-06-02,06:54:40.173,  590.64,  377.28,  591.72,  377.72,  587.34,  374.34,  576.95,  371.60,  578.98,  373.87,  579.97,  374.19, 3505.60, 2249.00,   1797200, 5754.60,   19.29,   11.78,   19.16,   11.74,   19.57,   12.19,   18.42,   11.37,   18.63,   11.55,   18.53,   11.49,  113.59,   70.13,     18660,  183.73,   3619.19,   2319.14,   5938.33
2026-06-02,06:54:40.223,  499.57,  344.95,  500.85,  346.23,  498.25,  343.72,  492.75,  342.36,  496.42,  345.02,  496.75,  346.03, 2984.58, 2068.31,   1818360, 5052.89,   15.27,   12.55,   14.88,   12.08,   15.42,   12.61,   13.57,   11.76,   14.13,   12.31,   13.81,   11.77,   87.09,   73.08,     18660,  160.17,   3071.67,   2141.39,   5213.06
2026-06-02,06:54:40.273,  571.89,  313.36,  572.39,  313.43,  567.93,  309.78,  560.91,  308.19,  563.77,  312.45,  564.46,  313.22, 3401.36, 1870.43,   1887840, 5271.79,   18.93,   13.94,   18.78,   13.74,   19.49,   14.20,   17.45,   13.13,   17.40,   13.39,   17.03,   12.93,  109.08,   81.33,     18680,  190.41,   3510.45,   1951.75,   5462.20
2026-06-02,06:54:40.323,  601.33,  376.43,  603.36,  377.07,  599.15,  373.64,  593.07,  372.92,  594.94,  375.03,  594.99,  374.87, 3586.84, 2249.95,   1898860, 5836.80,   20.91,   13.16,   20.51,   12.85,   21.04,   13.35,   19.49,   12.13,   19.90,   12.55,   19.53,   12.50,  121.37,   76.54,     18700,  197.91,   3708.21,   2326.49,   6034.70
2026-06-02,06:54:40.373,  595.76,  385.22,  597.00,  385.23,  594.44,  382.83,  584.85,  380.64,  587.55,  384.50,  588.55,  383.96, 3548.15, 2302.39,   1818220, 5850.53,   23.40,   16.57,   23.36,   16.76,   24.18,   17.28,   22.09,   16.14,   22.22,   16.22,   22.01,   16.20,  137.26,   99.17,     18680,  236.44,   3685.41,   2401.56,   6086.97
2026-06-02,06:54:40.423,  558.58,  317.95,  560.72,  319.11,  557.07,  315.67,  547.98,  313.97,  550.87,  316.85,  552.53,  317.32, 3327.75, 1900.85,   1893860, 5228.60,   16.44,   12.58,   15.96,   12.19,   16.39,   12.55,   14.58,   11.68,   15.16,   11.94,   14.55,   11.64,   93.06,   72.59,     18680,  165.65,   3420.81,   1973.44,   5394.25
2026-06-02,06:54:40.473,  621.74,  377.85,  622.96,  378.27,  618.73,  375.02,  609.25,  372.52,  612.21,  375.33,  611.84,  376.03, 3696.73, 2255.03,   1904520, 5951.75,   21.81,   15.12,   21.83,   15.11,   22.36,   15.08,   20.33,   14.22,   20.95,   14.62,   20.15,   14.17,  127.43,   88.32,     18680,  215.75,   3824.15,   2343.35,   6167.50
2026-06-02,06:54:40.524,  561.25,  362.93,  562.33,  364.02,  560.32,  360.77,  556.12,  360.55,  560.10,  364.49,  559.28,  364.65, 3359.41, 2177.41,   1891860, 5536.82,   19.05,   14.18,   19.06,   14.21,   19.40,   14.34,   17.58,   13.24,   17.71,   13.65,   17.61,   13.33,  110.41,   82.95,     18720,  193.36,   3469.82,   2260.36,   5730.18
2026-06-02,06:54:40.574,  511.10,  347.74,  510.76,  347.43,  507.37,  344.75,  500.04,  344.01,  503.61,  346.53,  503.31,  346.45, 3036.19, 2076.90,   1821420, 5113.09,   19.49,   17.16,   19.36,   17.11,   19.64,   17.00,   17.25,   15.94,   17.75,   16.48,   17.25,   16.18,  110.74,   99.87,     18700,  210.61,   3146.93,   2176.76,   5323.70
2026-06-02,06:54:40.624,  624.04,  365.11,  625.08,  365.44,  622.98,  363.32,  612.58,  361.11,  616.27,  364.28,  617.01,  364.75, 3717.96, 2184.01,   1884940, 5901.97,   23.59,   19.78,   23.46,   19.53,   23.73,   19.78,   21.28,   18.27,   21.47,   18.78,   21.41,   18.49,  134.94,  114.63,     18680,  249.57,   3852.90,   2298.65,   6151.54
2026-06-02,06:54:40.674,  554.98,  336.92,  555.89,  336.47,  550.41,  333.93,  546.33,  332.53,  549.32,  336.13,  549.57,  335.50, 3306.49, 2011.48,   1891480, 5317.98,   12.69,    9.40,   12.92,    9.58,   13.21,    9.73,   12.33,    9.14,   12.53,    9.37,   11.98,    8.86,   75.65,   56.07,     18700,  131.72,   3382.15,   2067.55,   5449.70
2026-06-02,06:54:40.724,  553.18,  328.14,  554.01,  328.17,  549.22,  324.41,  540.90,  322.72,  543.95,  325.37,  543.64,  325.41, 3284.89, 1954.22,   1820780, 5239.11,   17.87,   11.58,   17.31,   11.03,   18.27,   11.62,   16.33,   10.56,   16.83,   11.28,   16.49,   10.88,  103.09,   66.93,     18720,  170.02,   3387.98,   2021.15,   5409.14
2026-06-02,06:54:40.774,  647.05,  356.70,  649.50,  356.60,  644.97,  354.33,  636.66,  352.60,  639.98,  356.68,  641.48,  357.37, 3859.64, 2134.28,   1872780, 5993.92,   78.54,   61.75,   77.35,   61.72,   77.41,   61.77,   72.42,   60.62,   73.41,   60.99,   72.42,   60.75,  451.56,  367.60,     18720,  819.16,   4311.20,   2501.88,   6813.08
2026-06-02,06:54:40.824,  587.73,  374.31,  589.00,  374.46,  585.31,  371.30,  576.53,  369.60,  579.71,  372.17,  580.08,  372.66, 3498.36, 2234.50,   1898440, 5732.86,   41.92,   28.15,   41.83,   27.80,   42.46,   28.19,   39.12,   26.88,   39.24,   27.44,   39.00,   26.72,  243.57,  165.17,     18720,  408.74,   3741.93,   2399.68,   6141.61
2026-06-02,06:54:40.875,  514.00,  294.34,  514.56,  295.41,  511.62,  292.49,  509.52,  292.34,  513.64,  295.39,  514.61,  295.80, 3077.94, 1765.77,   1934900, 4843.72,   43.56,   33.25,   42.95,   33.02,   43.26,   33.19,   38.63,   31.29,   39.87,   31.92,   38.28,   31.12,  246.55,  193.79,     18960,  440.34,   3324.49,   1959.56,   5284.06
2026-06-02,06:54:40.925,  585.01,  379.40,  584.51,  378.80,  581.79,  376.66,  572.22,  375.23,  574.85,  378.16,  575.56,  378.24, 3473.94, 2266.49,   1800020, 5740.43,   37.61,   25.50,   37.23,   25.35,   38.21,   25.74,   35.28,   24.31,   35.29,   24.60,   35.11,   24.25,  218.73,  149.74,     18560,  368.47,   3692.67,   2416.24,   6108.90
2026-06-02,06:54:40.975,  668.35,  398.38,  669.13,  398.50,  665.91,  395.61,  655.38,  393.23,  658.73,  396.93,  658.20,  397.73, 3975.69, 2380.38,   1872980, 6356.07,   40.85,   20.15,   40.78,   20.06,   41.56,   20.17,   38.96,   19.07,   39.08,   19.39,   38.46,   18.69,  239.68,  117.53,     18680,  357.21,   4215.37,   2497.91,   6713.28
2026-06-02,06:54:41.025,  639.80,  350.20,  640.79,  350.84,  636.11,  347.70,  626.78,  345.59,  630.31,  348.31,  630.77,  347.72, 3804.55, 2090.37,   1793160, 5894.93,   18.20,   10.20,   18.13,   10.41,   18.09,   10.36,   16.99,    9.74,   17.41,    9.88,   17.12,    9.56,  105.94,   60.15,     18720,  166.09,   3910.49,   2150.52,   6061.01
2026-06-02,06:54:41.075,  575.90,  377.84,  576.64,  377.19,  573.45,  375.01,  565.48,  373.82,  568.79,  377.52,  569.20,  377.00, 3429.47, 2258.38,   1902580, 5687.85,   18.75,   13.09,   18.51,   12.73,   18.92,   13.35,   17.09,   12.15,   17.29,   12.66,   17.01,   12.16,  107.56,   76.14,     18680,  183.71,   3537.03,   2334.52,   5871.56
2026-06-02,06:54:41.125,  506.97,  333.55,  506.31,  333.47,  502.94,  330.85,  499.55,  329.88,  503.67,  333.11,  503.97,  333.24, 3023.40, 1994.09,   1818980, 5017.50,   16.13,   13.67,   15.68,   13.07,   16.33,   13.67,   14.52,   12.69,   14.73,   13.04,   14.32,   12.68,   91.71,   78.82,     18680,  170.53,   3115.12,   2072.91,   5188.03
2026-06-02,06:54:41.175,  547.16,  372.21,  548.71,  372.95,  545.04,  370.32,  536.91,  368.21,  540.22,  371.00,  540.66,  370.79, 3258.70, 2225.49,   1887880, 5484.19,   19.95,   13.19,   19.81,   13.27,   20.38,   13.27,   19.03,   12.76,   19.36,   13.19,   19.17,   12.94,  117.69,   78.63,     18680,  196.32,   3376.39,   2304.12,   5680.51
2026-06-02,06:54:41.225,  611.19,  349.12,  613.09,  349.50,  608.58,  346.76,  600.09,  345.54,  603.67,  349.27,  603.82,  349.60, 3640.44, 2089.78,   1866440, 5730.22,   21.42,   15.81,   20.79,   15.55,   21.45,   16.08,   19.26,   14.70,   19.57,   15.28,   19.13,   14.84,  121.62,   92.26,     18700,  213.88,   3762.06,   2182.04,   5944.10
2026-06-02,06:54:41.276,  577.41,  353.35,  579.00,  352.97,  576.33,  350.24,  571.23,  349.97,  573.80,  352.23,  574.56,  352.24, 3452.33, 2110.99,   1831429, 5563.32,   19.42,   14.76,   19.33,   14.68,   19.86,   14.88,   17.73,   13.74,   17.97,   14.13,   17.57,   14.09,  111.88,   86.28,     18684,  198.16,   3564.21,   2197.27,   5761.48
2026-06-02,06:54:41.327,  531.84,  309.45,  531.67,  310.16,  526.54,  306.58,  523.71,  305.14,  528.32,  309.14,  528.24,  310.00, 3170.33, 1850.48,   1921520, 5020.81,   27.25,   76.96,   27.84,   77.16,   27.22,   76.60,   22.29,   75.59,   22.55,   76.38,   22.80,   76.02,  149.95,  458.71,     19060,  608.67,   3320.29,   2309.19,   5629.47
2026-06-02,06:54:41.377,  507.35,  366.47,  508.31,  366.99,  504.74,  364.26,  498.74,  362.87,  503.02,  365.99,  503.92,  366.88, 3026.09, 2193.45,   1854565, 5219.54,   20.97,   20.90,   20.90,   20.70,   21.47,   21.02,   19.52,   19.91,   19.74,   20.13,   19.22,   19.34,  121.82,  122.00,     18368,  243.82,   3147.91,   2315.45,   5463.36
2026-06-02,06:54:41.428,  517.73,  372.26,  517.81,  371.92,  514.79,  370.59,  507.54,  369.02,  510.71,  371.42,  509.22,  370.79, 3077.81, 2226.00,   1863700, 5303.81,   18.00,   17.63,   17.76,   17.28,   18.39,   17.92,   16.55,   16.80,   16.80,   17.35,   16.17,   16.82,  103.67,  103.81,     19040,  207.48,   3181.48,   2329.80,   5511.29
2026-06-02,06:54:41.478,  552.98,  299.61,  553.86,  299.37,  550.23,  296.46,  545.17,  293.98,  549.59,  297.06,  550.03,  297.59, 3301.86, 1784.07,   1897940, 5085.94,   18.91,   14.32,   18.76,   14.20,   19.53,   14.63,   17.50,   13.59,   17.62,   14.01,   17.40,   13.54,  109.72,   84.30,     18660,  194.02,   3411.58,   1868.37,   5279.96
2026-06-02,06:54:41.528,  562.85,  356.76,  564.41,  357.58,  561.72,  354.49,  554.44,  354.33,  557.62,  357.44,  558.33,  359.29, 3359.36, 2139.89,   1879740, 5499.25,   13.69,    8.55,   13.73,    8.77,   14.01,    8.87,   12.94,    8.23,   13.19,    8.37,   13.12,    8.33,   80.69,   51.12,     18700,  131.81,   3440.05,   2191.01,   5631.06
2026-06-02,06:54:41.579,  552.44,  368.43,  551.02,  368.52,  547.72,  365.92,  539.62,  363.85,  542.93,  366.13,  543.13,  366.11, 3276.86, 2198.95,   1868000, 5475.81,   28.39,   26.52,   28.06,   25.95,   28.85,   26.25,   26.11,   25.23,   26.17,   25.56,   26.00,   25.32,  163.59,  154.83,     18740,  318.42,   3440.45,   2353.78,   5794.24
2026-06-02,06:54:41.629,  550.76,  352.68,  551.34,  352.14,  548.28,  350.61,  538.57,  347.17,  542.25,  350.72,  542.30,  350.93, 3273.50, 2104.25,   1843360, 5377.75,   32.13,   27.67,   32.23,   27.78,   32.73,   28.30,   29.15,   26.66,   29.39,   27.03,   29.34,   27.03,  184.98,  164.48,     18680,  349.45,   3458.48,   2268.73,   5727.21
2026-06-02,06:54:41.679,  604.02,  354.53,  606.12,  355.33,  602.63,  353.15,  598.93,  352.40,  600.88,  355.62,  602.97,  356.38, 3615.55, 2127.41,   1883980, 5742.95,   22.28,   14.62,   22.12,   14.38,   22.57,   14.87,   20.84,   13.80,   21.00,   13.99,   20.80,   13.87,  129.61,   85.52,     18680,  215.13,   3745.16,   2212.93,   5958.08
2026-06-02,06:54:41.729,  543.46,  370.73,  544.18,  370.51,  539.55,  367.75,  532.12,  367.00,  534.41,  369.39,  535.14,  369.88, 3228.87, 2215.26,   1887120, 5444.13,   20.10,   14.20,   20.25,   13.98,   20.63,   14.55,   18.79,   13.41,   19.13,   13.68,   18.86,   13.23,  117.77,   83.05,     18680,  200.82,   3346.63,   2298.31,   5644.95
2026-06-02,06:54:41.779,  522.34,  371.77,  523.48,  371.90,  521.31,  369.13,  515.52,  368.36,  518.75,  371.60,  518.93,  371.63, 3120.33, 2224.39,   1834880, 5344.72,   17.64,   12.94,   16.96,   12.64,   17.27,   12.96,   15.97,   12.49,   16.44,   13.03,   15.99,   12.75,  100.28,   76.80,     18680,  177.08,   3220.61,   2301.19,   5521.80
2026-06-02,06:54:41.829,  600.74,  325.27,  601.41,  325.84,  596.33,  322.49,  587.10,  319.64,  589.76,  322.54,  589.94,  322.14, 3565.27, 1937.93,   1878780, 5503.19,   17.52,   10.55,   17.36,   10.31,   17.67,   10.41,   16.43,    9.82,   16.89,   10.54,   16.36,    9.95,  102.24,   61.59,     18700,  163.83,   3667.50,   1999.52,   5667.02
2026-06-02,06:54:41.879,  505.17,  341.77,  504.90,  341.61,  501.95,  339.13,  495.96,  338.38,  500.56,  342.18,  500.92,  342.54, 3009.46, 2045.62,   1811020, 5055.08,   13.08,    9.91,   12.74,    9.82,   13.30,   10.23,   12.52,    9.61,   12.35,    9.58,   12.33,    9.55,   76.32,   58.71,     18680,  135.03,   3085.78,   2104.33,   5190.11
2026-06-02,06:54:41.929,  553.37,  379.34,  553.97,  379.80,  550.75,  376.51,  543.75,  374.95,  547.12,  377.96,  546.34,  377.52, 3295.30, 2266.07,   1891520, 5561.37,   23.16,   17.73,   22.77,   17.42,   23.43,   17.93,   21.46,   16.62,   21.55,   17.19,   21.35,   16.95,  133.71,  103.83,     18720,  237.54,   3429.01,   2369.90,   5798.91
2026-06-02,06:54:41.979,  682.25,  337.80,  683.99,  338.63,  679.11,  335.18,  668.89,  332.81,  671.19,  336.17,  671.12,  336.54, 4056.55, 2017.13,   1833600, 6073.67,   24.43,   15.55,   24.06,   15.04,   24.54,   15.25,   22.32,   14.42,   22.77,   14.91,   22.26,   14.68,  140.38,   89.86,     18680,  230.24,   4196.92,   2106.98,   6303.91
2026-06-02,06:54:42.029,  625.04,  375.03,  626.60,  375.89,  623.34,  373.12,  615.23,  371.13,  618.26,  374.37,  619.67,  375.57, 3728.14, 2245.11,   1880760, 5973.25,   20.86,   13.90,   21.02,   13.81,   20.97,   13.96,   19.87,   13.28,   19.93,   13.38,   20.21,   13.23,  122.86,   81.55,     18720,  204.41,   3851.00,   2326.66,   6177.66
2026-06-02,06:54:42.079,  599.49,  376.26,  601.74,  376.96,  597.76,  373.70,  590.43,  372.78,  593.68,  376.27,  594.42,  376.37, 3577.52, 2252.33,   1883460, 5829.85,   18.98,   14.98,   18.58,   14.76,   19.22,   15.11,   17.27,   14.04,   17.25,   14.55,   17.36,   14.03,  108.67,   87.47,     18660,  196.14,   3686.19,   2339.79,   6025.99
2026-06-02,06:54:42.129,  551.97,  294.26,  553.22,  294.69,  547.97,  291.29,  543.29,  290.79,  545.29,  293.27,  545.24,  293.25, 3286.99, 1757.54,   1850820, 5044.53,   18.72,   13.20,   18.58,   12.97,   19.02,   13.29,   16.94,   12.19,   17.23,   12.73,   16.88,   12.34,  107.35,   76.72,     18700,  184.07,   3394.34,   1834.26,   5228.60
2026-06-02,06:54:42.180,  572.18,  366.09,  574.13,  367.22,  570.42,  363.82,  563.86,  362.60,  567.49,  366.05,  568.89,  366.76, 3416.96, 2192.55,   1873017, 5609.51,   18.38,   14.60,   18.42,   14.55,   18.68,   14.91,   16.94,   13.81,   17.30,   14.03,   17.08,   13.83,  106.79,   85.73,     18685,  192.52,   3523.76,   2278.28,   5802.03
2026-06-02,06:54:42.230,  684.33,  412.71,  685.18,  412.61,  680.43,  408.99,  667.90,  408.41,  669.93,  410.89,  670.56,  411.67, 4058.32, 2465.28,   1917487, 6523.60,   26.11,   15.02,   26.01,   15.26,   26.81,   15.58,   24.66,   14.15,   25.08,   14.62,   24.58,   13.95,  153.25,   88.56,     19058,  241.81,   4211.56,   2553.84,   6765.41
2026-06-02,06:54:42.280,  576.73,  367.00,  578.66,  367.36,  573.90,  364.21,  567.83,  364.03,  569.99,  367.06,  571.49,  367.36, 3438.59, 2197.02,   1899380, 5635.62,   17.28,   12.61,   17.03,   12.47,   17.82,   12.73,   15.89,   11.92,   15.87,   11.77,   15.52,   11.39,   99.41,   72.89,     18720,  172.30,   3538.01,   2269.91,   5807.92
2026-06-02,06:54:42.330,  574.49,  339.89,  573.72,  339.95,  570.27,  336.89,  560.95,  334.58,  562.92,  337.93,  564.49,  338.45, 3406.84, 2027.69,   1818040, 5434.53,   20.04,   16.05,   19.60,   15.60,   20.10,   16.17,   17.66,   14.70,   17.90,   15.33,   17.25,   14.53,  112.54,   92.38,     18660,  204.92,   3519.38,   2120.07,   5639.45
2026-06-02,06:54:42.380,  617.76,  380.84,  619.20,  380.95,  615.59,  377.48,  604.59,  375.21,  608.43,  380.12,  609.37,  380.02, 3674.93, 2274.60,   1880520, 5949.54,   23.91,   13.91,   23.79,   13.78,   24.51,   14.17,   23.02,   13.02,   22.91,   13.13,   22.95,   13.08,  141.09,   81.09,     18540,  222.17,   3816.02,   2355.69,   6171.71
2026-06-02,06:54:42.430,  584.02,  360.14,  584.93,  360.64,  581.75,  357.22,  576.21,  357.14,  578.26,  359.78,  579.95,  360.98, 3485.12, 2155.91,   1874380, 5641.03,   19.44,   14.67,   19.62,   14.62,   20.05,   14.94,   17.55,   13.54,   17.43,   13.74,   17.28,   13.25,  111.38,   84.75,     18660,  196.13,   3596.50,   2240.66,   5837.16
2026-06-02,06:54:42.480,  599.07,  374.61,  599.65,  374.23,  595.84,  371.37,  588.73,  371.01,  591.19,  374.16,  592.51,  374.11, 3566.99, 2239.49,   1877680, 5806.48,   20.89,   14.82,   20.45,   14.34,   21.40,   15.03,   19.17,   13.68,   19.23,   13.98,   19.13,   13.69,  120.27,   85.53,     18680,  205.80,   3687.26,   2325.02,   6012.28
2026-06-02,06:54:42.530,  595.95,  367.34,  597.72,  367.75,  594.07,  364.92,  584.83,  363.54,  588.40,  367.30,  589.65,  367.79, 3550.61, 2198.65,   1820660, 5749.26,   22.22,   18.32,   21.59,   17.89,   22.59,   18.19,   20.56,   17.02,   20.50,   17.37,   20.16,   16.94,  127.62,  105.74,     18720,  233.36,   3678.23,   2304.39,   5982.63
2026-06-02,06:54:42.580,  533.97,  372.36,  534.06,  371.81,  530.72,  368.79,  523.63,  366.79,  526.44,  369.76,  526.44,  370.01, 3175.26, 2219.53,   1890900, 5394.79,   17.53,   14.38,   17.32,   14.15,   17.76,   14.78,   15.98,   13.63,   16.18,   13.60,   16.14,   13.45,  100.91,   83.99,     18540,  184.90,   3276.17,   2303.53,   5579.69
2026-06-02,06:54:42.631,  582.33,  384.38,  583.58,  384.63,  580.03,  381.85,  571.22,  380.99,  574.29,  384.24,  574.51,  384.16, 3465.96, 2300.25,   1932560, 5766.21,   21.59,   15.56,   21.21,   15.28,   21.58,   15.86,   19.50,   14.49,   19.63,   14.79,   19.17,   14.16,  122.69,   90.15,     19140,  212.84,   3588.65,   2390.40,   5979.05
2026-06-02,06:54:42.681,  556.85,  309.70,  558.54,  310.36,  554.45,  307.61,  548.79,  307.11,  552.65,  309.99,  553.43,  309.99, 3324.72, 1854.75,   1819640, 5179.48,   22.96,   19.18,   22.54,   18.91,   22.90,   19.27,   20.73,   18.06,   21.23,   18.59,   20.70,   18.16,  131.07,  112.17,     18740,  243.23,   3455.79,   1966.92,   5422.71
2026-06-02,06:54:42.731,  532.19,  351.04,  531.99,  351.61,  528.12,  348.09,  522.12,  346.81,  525.91,  351.05,  524.57,  351.02, 3164.91, 2099.63,   1836220, 5264.54,   16.62,   11.56,   16.75,   11.40,   16.85,   11.48,   15.66,   10.59,   15.42,   10.77,   15.37,   10.47,   96.66,   66.27,     18700,  162.93,   3261.57,   2165.90,   5427.47
2026-06-02,06:54:42.782,  556.33,  312.49,  557.65,  312.42,  553.46,  308.84,  546.00,  307.50,  549.51,  310.72,  551.13,  311.10, 3314.08, 1863.06,   1877780, 5177.14,   13.45,   10.40,   13.42,   10.51,   14.01,   10.74,   12.20,    9.70,   12.53,    9.98,   12.13,    9.61,   77.73,   60.94,     18700,  138.67,   3391.81,   1924.00,   5315.81
2026-06-02,06:54:42.832,  619.79,  356.18,  621.76,  356.51,  616.77,  353.46,  609.94,  352.79,  612.99,  355.79,  614.29,  355.87, 3695.54, 2130.60,   1894140, 5826.14,   22.57,   16.25,   22.32,   16.13,   22.86,   16.40,   20.41,   15.07,   20.47,   15.49,   20.10,   15.04,  128.73,   94.38,     18660,  223.11,   3824.27,   2224.99,   6049.25
2026-06-02,06:54:42.882,  522.51,  353.40,  522.47,  353.18,  518.01,  349.65,  511.06,  348.22,  514.48,  351.86,  513.20,  352.13, 3101.73, 2108.44,   1665880, 5210.17,   18.41,   11.51,   18.58,   11.95,   18.74,   12.05,   17.66,   11.37,   17.52,   11.44,   17.49,   11.05,  108.40,   69.38,     18700,  177.78,   3210.13,   2177.82,   5387.95
2026-06-02,06:54:42.932,  385.47,  278.53,  386.15,  278.21,  385.10,  277.74,  376.23,  277.10,  376.17,  277.87,  376.99,  278.07, 2286.10, 1667.53,    615400, 3953.63,   23.07,   14.22,   22.95,   14.65,   23.33,   14.64,   21.56,   13.68,   21.85,   13.79,   21.37,   13.52,  134.13,   84.48,     18680,  218.61,   2420.23,   1752.01,   4172.24
2026-06-02,06:54:42.982,  568.71,  415.67,  568.54,  415.45,  569.34,  416.56,  557.48,  414.29,  556.88,  415.17,  556.49,  414.80, 3377.44, 2491.93,   1031660, 5869.38,   43.34,   24.08,   43.14,   24.21,   43.65,   24.79,   41.14,   22.98,   41.46,   23.57,   40.83,   22.93,  253.55,  142.57,     18720,  396.11,   3630.99,   2634.50,   6265.49
2026-06-02,06:54:43.032,  854.58,  477.61,  855.26,  477.15,  853.02,  475.33,  845.52,  472.63,  848.39,  475.23,  849.56,  474.28, 5106.33, 2852.23,   2676120, 7958.56,   20.95,   14.58,   20.90,   14.65,   20.94,   14.74,   19.57,   13.74,   19.57,   14.12,   19.37,   13.55,  121.30,   85.38,     18680,  206.68,   5227.63,   2937.60,   8165.24
2026-06-02,06:54:43.082,  772.60,  474.46,  771.51,  473.63,  769.37,  471.60,  760.12,  470.85,  761.18,  472.40,  760.99,  473.24, 4595.77, 2836.18,   2578320, 7431.95,   21.47,   13.89,   21.50,   14.26,   21.83,   14.39,   20.48,   13.33,   20.46,   13.46,   20.44,   13.41,  126.18,   82.74,     18720,  208.92,   4721.95,   2918.92,   7640.87
2026-06-02,06:54:43.132,  822.69,  438.75,  824.23,  439.21,  822.13,  437.72,  815.20,  435.79,  816.93,  438.01,  818.72,  437.69, 4919.89, 2627.17,   2670060, 7547.06,   15.63,   11.35,   15.72,   11.47,   15.99,   11.83,   13.99,   10.70,   14.75,   11.22,   14.40,   10.84,   90.48,   67.41,     18680,  157.89,   5010.37,   2694.58,   7704.95
2026-06-02,06:54:43.182,  778.90,  477.52,  778.69,  476.65,  777.39,  475.84,  767.01,  474.48,  767.90,  476.25,  767.59,  476.91, 4637.48, 2857.66,   2563040, 7495.14,   23.00,   16.66,   22.71,   16.12,   23.57,   16.89,   21.42,   15.75,   22.10,   16.36,   21.45,   16.16,  134.25,   97.94,     18660,  232.19,   4771.73,   2955.60,   7727.33
2026-06-02,06:54:43.232,  781.52,  452.61,  782.84,  452.29,  780.67,  450.52,  772.72,  448.17,  773.94,  450.25,  775.12,  449.98, 4666.80, 2703.82,   2550680, 7370.62,   13.62,   12.76,   13.94,   12.68,   14.00,   12.77,   12.64,   11.92,   12.87,   12.34,   12.63,   12.03,   79.70,   74.50,     18660,  154.19,   4746.50,   2778.32,   7524.81
2026-06-02,06:54:43.282,  743.18,  458.16,  742.69,  458.56,  740.31,  457.60,  736.82,  457.34,  738.65,  458.55,  738.57,  458.94, 4440.21, 2749.14,   2678680, 7189.35,   18.44,   15.18,   18.82,   15.30,   18.73,   15.50,   16.86,   14.38,   16.99,   14.48,   16.80,   14.09,  106.63,   88.93,     18760,  195.56,   4546.85,   2838.07,   7384.92
2026-06-02,06:54:43.332,  735.61,  465.02,  735.12,  464.54,  733.53,  462.68,  728.15,  461.61,  730.35,  463.25,  730.35,  463.46, 4393.09, 2780.56,   2611620, 7173.65,   20.93,   14.71,   20.84,   15.00,   21.58,   15.40,   19.48,   14.26,   19.93,   14.58,   19.29,   14.18,  122.05,   88.13,     18680,  210.19,   4515.14,   2868.70,   7383.84
2026-06-02,06:54:43.382,  812.29,  415.58,  813.11,  415.91,  810.20,  414.40,  801.21,  413.02,  801.44,  414.70,  802.08,  415.37, 4840.33, 2488.97,   2549700, 7329.30,   18.06,   13.30,   18.11,   13.60,   18.38,   13.81,   16.08,   12.46,   16.88,   12.97,   16.08,   12.39,  103.58,   78.54,     18680,  182.12,   4943.92,   2567.50,   7511.42
2026-06-02,06:54:43.432,  837.31,  484.23,  838.14,  484.87,  835.92,  483.14,  826.48,  481.84,  827.82,  483.65,  828.77,  483.91, 4994.43, 2901.64,   2650100, 7896.07,   22.56,   15.29,   22.58,   15.59,   22.98,   15.98,   21.47,   14.90,   21.37,   14.90,   20.96,   14.50,  131.91,   91.15,     18700,  223.07,   5126.34,   2992.79,   8119.13
2026-06-02,06:54:43.483,  780.27,  398.08,  780.95,  398.37,  778.75,  396.36,  771.77,  394.26,  773.49,  396.08,  773.57,  396.14, 4658.79, 2379.28,   2622880, 7038.07,   14.50,   10.54,   14.55,   10.84,   14.37,   10.69,   12.71,    9.83,   13.24,   10.00,   12.63,    9.43,   82.00,   61.32,     19040,  143.32,   4740.79,   2440.60,   7181.39
2026-06-02,06:54:43.533,  755.35,  460.51,  755.15,  459.82,  753.08,  457.68,  746.99,  456.06,  748.16,  457.62,  748.41,  458.17, 4507.14, 2749.86,   2600220, 7257.00,   22.66,   17.95,   22.79,   18.11,   23.25,   18.63,   20.86,   17.18,   21.38,   17.71,   20.89,   17.13,  131.83,  106.71,     18700,  238.53,   4638.96,   2856.57,   7495.54
2026-06-02,06:54:43.583,  736.48,  438.65,  737.79,  439.25,  734.70,  437.64,  730.47,  437.79,  732.66,  440.04,  732.62,  440.01, 4404.73, 2633.38,   2666820, 7038.11,   11.12,    6.77,   11.37,    7.20,   11.15,    6.99,   10.27,    6.36,   10.63,    6.68,   10.12,    6.21,   64.66,   40.21,     18660,  104.88,   4469.39,   2673.59,   7142.98
2026-06-02,06:54:43.633,  816.11,  475.30,  817.25,  474.86,  816.15,  473.74,  805.22,  470.93,  806.43,  472.41,  806.51,  471.78, 4867.67, 2839.01,   2550500, 7706.68,   24.21,   17.87,   24.14,   17.99,   25.05,   18.78,   22.34,   16.76,   22.61,   17.25,   22.15,   16.63,  140.50,  105.28,     18580,  245.78,   5008.16,   2944.29,   7952.46
2026-06-02,06:54:43.683,  774.77,  436.61,  774.70,  436.88,  772.11,  435.71,  767.97,  434.78,  769.15,  436.33,  769.41,  435.88, 4628.12, 2616.20,   2651680, 7244.32,   16.91,   12.95,   16.91,   12.97,   17.08,   13.15,   15.55,   12.24,   15.54,   12.38,   15.30,   11.81,   97.28,   75.50,     18660,  172.77,   4725.39,   2691.70,   7417.09
2026-06-02,06:54:43.733,  786.64,  470.89,  787.96,  471.22,  786.07,  469.74,  775.78,  467.42,  777.82,  469.72,  778.38,  469.83, 4692.65, 2818.82,   2574880, 7511.47,   17.94,   13.94,   17.52,   13.75,   18.47,   14.33,   16.30,   13.02,   16.98,   13.38,   16.45,   13.01,  103.65,   81.42,     18680,  185.07,   4796.30,   2900.24,   7696.54
2026-06-02,06:54:43.783,  762.68,  428.57,  764.14,  428.33,  761.87,  426.19,  755.84,  425.23,  757.09,  427.32,  758.72,  427.10, 4560.34, 2562.74,   2583960, 7123.08,   23.07,   19.26,   23.13,   18.81,   23.64,   19.40,   21.29,   18.20,   21.87,   18.59,   21.20,   18.02,  134.20,  112.29,     18680,  246.49,   4694.54,   2675.04,   7369.58
2026-06-02,06:54:43.834,  829.23,  453.05,  829.11,  453.05,  825.95,  451.80,  820.66,  451.29,  821.62,  453.57,  823.09,  453.88, 4949.67, 2716.63,   2729160, 7666.30,   17.05,   12.94,   16.70,   12.73,   17.21,   13.02,   14.99,   11.79,   15.63,   12.45,   14.90,   11.60,   96.47,   74.55,     19080,  171.02,   5046.15,   2791.18,   7837.32
2026-06-02,06:54:43.884,  735.16,  467.97,  735.60,  467.64,  733.37,  466.09,  726.43,  464.42,  728.63,  466.53,  729.05,  466.47, 4388.24, 2799.12,   2594700, 7187.37,   16.81,   11.74,   16.68,   11.70,   17.16,   12.09,   15.81,   11.25,   15.75,   11.11,   15.33,   10.78,   97.54,   68.68,     18640,  166.22,   4485.78,   2867.80,   7353.58
2026-06-02,06:54:43.934,  758.64,  375.31,  759.66,  375.70,  756.97,  373.98,  751.45,  371.52,  753.93,  373.28,  756.92,  373.40, 4537.57, 2243.18,   2575660, 6780.75,   14.04,    9.93,   14.01,    9.73,   14.46,   10.16,   12.87,    9.15,   13.34,    9.43,   12.88,    8.88,   81.60,   57.26,     18700,  138.86,   4619.16,   2300.45,   6919.61
2026-06-02,06:54:43.984,  886.81,  504.37,  887.07,  503.23,  885.75,  502.01,  875.01,  501.11,  875.63,  503.37,  874.35,  503.88, 5284.61, 3017.97,   2682240, 8302.58,   28.07,   21.55,   27.90,   21.20,   28.31,   21.55,   25.51,   20.10,   25.91,   20.65,   25.32,   20.23,  161.02,  125.28,     18680,  286.30,   5445.63,   3143.26,   8588.89
2026-06-02,06:54:44.034,  794.94,  425.70,  795.66,  425.72,  793.94,  423.90,  785.55,  420.37,  785.72,  421.73,  786.38,  421.30, 4742.19, 2538.72,   2589580, 7280.91,   27.41,   19.12,   27.50,   19.05,   27.39,   19.38,   25.09,   18.28,   25.63,   18.81,   25.13,   18.13,  158.15,  112.77,     18720,  270.92,   4900.34,   2651.49,   7551.83
2026-06-02,06:54:44.085,  823.33,  465.96,  825.04,  466.07,  822.36,  464.54,  813.25,  463.92,  815.09,  466.47,  817.06,  466.98, 4916.13, 2793.94,   2574940, 7710.07,   21.26,   13.44,   21.04,   13.35,   21.39,   13.77,   20.06,   12.80,   20.61,   13.05,   20.02,   12.67,  124.37,   79.08,     18780,  203.45,   5040.50,   2873.02,   7913.52
2026-06-02,06:54:44.135,  818.08,  480.96,  819.39,  481.66,  816.34,  480.50,  809.06,  479.91,  810.83,  481.09,  812.64,  481.59, 4886.34, 2885.71,   2682920, 7772.05,   21.35,   15.76,   21.60,   15.99,   21.64,   16.34,   19.40,   14.86,   20.07,   15.27,   19.42,   14.79,  123.48,   93.01,     18720,  216.49,   5009.82,   2978.72,   7988.54
2026-06-02,06:54:44.185,  754.64,  426.40,  755.67,  427.18,  752.26,  425.08,  744.97,  423.20,  747.22,  425.18,  748.51,  425.65, 4503.27, 2552.68,   2573840, 7055.96,   14.36,   11.18,   14.33,   11.34,   14.50,   11.50,   12.55,   10.39,   13.19,   10.98,   12.35,   10.14,   81.28,   65.54,     18660,  146.82,   4584.55,   2618.22,   7202.77
2026-06-02,06:54:44.235,  793.67,  469.67,  793.98,  469.66,  791.68,  467.83,  782.05,  465.56,  782.28,  467.58,  782.97,  467.41, 4726.63, 2807.71,   2676900, 7534.33,   19.96,   13.22,   20.03,   13.33,   20.06,   13.35,   18.65,   12.45,   19.23,   13.13,   18.61,   12.46,  116.54,   77.94,     18720,  194.48,   4843.17,   2885.64,   7728.81
2026-06-02,06:54:44.285,  815.75,  475.95,  816.59,  475.74,  813.52,  473.74,  805.86,  473.02,  806.62,  474.21,  808.04,  475.04, 4866.39, 2847.70,   2568740, 7714.09,   18.42,   13.19,   18.55,   13.15,   18.44,   13.45,   16.69,   12.17,   17.05,   12.43,   16.71,   12.05,  105.85,   76.44,     18540,  182.28,   4972.23,   2924.14,   7896.37
2026-06-02,06:54:44.335,  824.35,  459.90,  825.46,  460.14,  822.85,  458.68,  816.68,  457.43,  817.73,  459.13,  818.89,  459.83, 4925.95, 2755.11,   2540800, 7681.06,   29.20,   47.51,   28.78,   47.11,   29.08,   47.44,   25.36,   45.97,   26.31,   47.08,   25.20,   46.10,  163.93,  281.22,     18640,  445.14,   5089.88,   3036.32,   8126.20
2026-06-02,06:54:44.385,  780.59,  411.71,  781.91,  412.29,  778.59,  410.07,  771.81,  407.84,  773.29,  409.75,  774.10,  410.22, 4660.28, 2461.87,   2682300, 7122.15,   15.91,   11.16,   15.76,   11.21,   15.91,   11.28,   13.50,    9.82,   14.19,   10.65,   13.65,    9.95,   88.90,   64.06,     18720,  152.97,   4749.19,   2525.93,   7275.12
2026-06-02,06:54:44.435,  773.76,  466.17,  775.38,  465.98,  772.89,  463.85,  765.01,  462.85,  766.99,  464.17,  767.37,  464.19, 4621.42, 2787.21,   2531420, 7408.62,   19.70,   11.84,   19.74,   12.03,   20.18,   12.24,   18.80,   11.27,   19.30,   11.69,   18.96,   11.39,  116.68,   70.46,     18840,  187.14,   4738.09,   2857.67,   7595.76
2026-06-02,06:54:44.485,  813.10,  470.70,  813.64,  470.32,  811.16,  469.08,  801.65,  467.97,  802.78,  469.83,  803.22,  470.20, 4845.56, 2818.10,   2539240, 7663.66,   24.89,   18.16,   24.92,   18.08,   25.72,   18.96,   22.51,   16.95,   23.08,   17.26,   22.68,   16.75,  143.80,  106.16,     18720,  249.95,   4989.35,   2924.26,   7913.61
2026-06-02,06:54:44.536,  781.52,  486.53,  782.15,  487.10,  779.84,  485.43,  773.71,  484.70,  776.42,  486.04,  778.37,  486.57, 4672.02, 2916.37,   2660020, 7588.39,   34.46,   30.74,   34.08,   30.33,   34.60,   30.76,   31.70,   29.36,   32.41,   30.03,   31.92,   29.47,  199.17,  180.68,     18680,  379.85,   4871.19,   3097.05,   7968.24
2026-06-02,06:54:44.586,  733.82,  463.88,  733.22,  463.49,  730.67,  462.30,  723.89,  460.76,  724.87,  462.57,  723.93,  462.55, 4370.40, 2775.55,   2599080, 7145.95,   56.44,   39.13,   55.38,   38.63,   55.41,   38.66,   51.32,   37.04,   52.73,   37.77,   51.85,   37.23,  323.14,  228.46,     18760,  551.60,   4693.54,   3004.01,   7697.55
2026-06-02,06:54:44.636,  802.69,  418.10,  803.91,  418.98,  802.17,  416.96,  795.99,  416.39,  798.36,  419.06,  799.61,  420.05, 4802.72, 2509.54,   2694100, 7312.26,   44.59,   27.69,   44.21,   27.55,   44.37,   28.10,   41.26,   26.43,   41.93,   27.12,   41.00,   26.45,  257.36,  163.34,     18680,  420.70,   5060.08,   2672.88,   7732.96
2026-06-02,06:54:44.686,  834.84,  476.67,  835.46,  475.73,  833.62,  475.53,  824.86,  473.29,  824.70,  473.91,  827.18,  474.76, 4980.65, 2849.89,   2594500, 7830.54,   56.65,   42.36,   56.03,   41.99,   56.36,   42.74,   51.00,   40.27,   52.45,   40.98,   51.05,   39.90,  323.54,  248.24,     18720,  571.78,   5304.19,   3098.13,   8402.32
2026-06-02,06:54:44.735,  755.59,  432.46,  756.50,  432.53,  753.32,  430.78,  745.29,  428.98,  746.47,  430.87,  746.40,  430.09, 4503.57, 2585.71,   2549660, 7089.28,   33.92,   25.82,   34.07,   26.30,   34.54,   26.50,   32.58,   25.38,   32.87,   25.69,   32.37,   25.66,  200.36,  155.34,     18500,  355.70,   4703.93,   2741.05,   7444.98
2026-06-02,06:54:44.786,  833.61,  475.31,  835.17,  475.67,  832.20,  473.45,  824.59,  472.09,  824.87,  473.42,  827.58,  474.57, 4978.01, 2844.51,   2701360, 7822.52,   19.18,   13.15,   18.89,   13.04,   19.31,   13.15,   17.92,   12.36,   18.14,   12.57,   17.73,   11.96,  111.17,   76.23,     18920,  187.40,   5089.19,   2920.73,   8009.92
2026-06-02,06:54:44.836,  737.01,  440.90,  736.86,  440.39,  734.25,  438.63,  727.17,  436.65,  729.32,  438.17,  729.62,  438.07, 4394.24, 2632.81,   2537820, 7027.05,   18.73,   13.53,   18.46,   13.08,   19.12,   13.75,   16.83,   12.44,   17.22,   12.72,   16.67,   12.39,  107.02,   77.90,     18660,  184.93,   4501.26,   2710.72,   7211.98
2026-06-02,06:54:44.886,  821.52,  467.23,  822.82,  467.48,  819.81,  466.20,  811.85,  465.08,  813.91,  467.53,  816.05,  468.10, 4905.97, 2801.62,   2587100, 7707.59,   19.09,   12.87,   18.21,   12.59,   18.69,   12.96,   16.52,   11.66,   17.37,   12.32,   16.65,   11.88,  106.53,   74.29,     18680,  180.82,   5012.50,   2875.91,   7888.41
2026-06-02,06:54:44.936,  793.91,  455.84,  794.30,  455.55,  792.08,  453.86,  783.29,  452.41,  785.34,  454.65,  785.90,  454.73, 4734.81, 2727.03,   2677900, 7461.84,   20.86,   12.82,   20.71,   12.83,   21.10,   13.14,   19.99,   12.25,   20.05,   12.57,   19.79,   12.15,  122.50,   75.76,     18740,  198.26,   4857.31,   2802.79,   7660.10
2026-06-02,06:54:44.986,  901.34,  504.43,  901.81,  504.64,  898.81,  502.87,  885.86,  500.83,  886.90,  502.15,  887.18,  502.11, 5361.90, 3017.02,   2572940, 8378.92,   26.96,   15.91,   26.34,   15.53,   27.22,   16.17,   24.67,   14.76,   25.09,   14.99,   24.61,   14.54,  154.90,   91.90,     18520,  246.80,   5516.80,   3108.92,   8625.72
2026-06-02,06:54:45.037,  833.01,  454.06,  833.54,  453.96,  831.23,  452.82,  825.48,  452.08,  826.87,  453.48,  828.52,  453.85, 4978.65, 2720.25,   2637280, 7698.90,   22.91,   16.55,   22.57,   16.12,   23.26,   17.06,   20.65,   15.29,   21.06,   15.70,   20.75,   15.30,  131.20,   96.02,     19040,  227.22,   5109.85,   2816.26,   7926.11
2026-06-02,06:54:45.087,  772.79,  422.23,  774.11,  422.81,  771.33,  421.14,  762.90,  420.06,  764.61,  422.26,  765.86,  423.48, 4611.59, 2531.98,   2646860, 7143.57,   15.50,   10.81,   15.22,   10.71,   15.49,   10.88,   13.99,   10.01,   14.62,   10.45,   13.86,    9.88,   88.68,   62.73,     18740,  151.41,   4700.28,   2594.71,   7294.99
2026-06-02,06:54:45.137,  787.67,  436.71,  788.58,  436.52,  786.82,  434.91,  780.72,  434.65,  782.74,  436.39,  782.91,  436.37, 4709.46, 2615.56,   2591200, 7325.02,   19.40,   13.57,   19.79,   13.66,   19.84,   13.68,   17.96,   12.73,   18.51,   13.12,   18.09,   12.57,  113.59,   79.32,     18700,  192.90,   4823.04,   2694.88,   7517.92
2026-06-02,06:54:45.187,  797.75,  459.05,  798.33,  459.23,  795.48,  457.37,  788.06,  456.28,  789.56,  457.58,  790.35,  457.24, 4759.52, 2746.75,   2682480, 7506.27,   15.14,   13.19,   15.04,   13.38,   15.36,   13.65,   13.26,   12.30,   13.47,   12.61,   13.23,   12.64,   85.50,   77.76,     18680,  163.26,   4845.02,   2824.51,   7669.53
2026-06-02,06:54:45.237,  794.95,  462.51,  797.35,  461.92,  794.61,  460.72,  785.74,  458.45,  787.88,  460.32,  788.22,  459.90, 4748.76, 2763.81,   2561000, 7512.57,   25.83,   20.77,   25.67,   20.44,   26.79,   21.32,   23.88,   19.52,   24.45,   19.86,   24.04,   19.47,  150.65,  121.38,     18700,  272.03,   4899.41,   2885.19,   7784.60
2026-06-02,06:54:45.287,  771.99,  453.34,  772.27,  453.61,  768.86,  452.29,  758.06,  449.76,  759.40,  451.30,  760.72,  450.88, 4591.29, 2711.18,   2518300, 7302.47,   17.05,   10.63,   16.97,   10.54,   17.13,   10.73,   15.92,    9.86,   16.25,   10.19,   16.14,    9.83,   99.46,   61.77,     18700,  161.23,   4690.75,   2772.96,   7463.71
2026-06-02,06:54:45.337,  772.42,  452.05,  772.84,  451.96,  770.35,  451.19,  765.49,  451.01,  768.30,  453.56,  768.52,  453.63, 4617.91, 2713.40,   2604780, 7331.32,   21.46,   17.28,   21.30,   17.30,   22.00,   18.04,   19.40,   16.45,   19.57,   16.81,   19.24,   16.37,  122.98,  102.26,     18680,  225.24,   4740.89,   2815.66,   7556.56
2026-06-02,06:54:45.387,  808.09,  468.32,  808.25,  467.69,  805.46,  466.36,  795.38,  464.20,  797.53,  466.26,  797.75,  466.44, 4812.47, 2799.27,   2571920, 7611.74,   25.75,   20.11,   25.77,   20.04,   26.84,   21.04,   23.47,   19.07,   23.87,   19.25,   23.56,   18.91,  149.26,  118.41,     18660,  267.67,   4961.73,   2917.68,   7879.41
2026-06-02,06:54:45.437,  784.39,  418.37,  784.73,  418.35,  780.78,  415.85,  773.67,  414.35,  774.51,  416.00,  774.84,  415.55, 4672.92, 2498.48,   2614620, 7171.40,   12.22,    7.44,   12.22,    7.64,   12.55,    7.84,   10.89,    6.70,   11.57,    7.21,   11.22,    6.78,   70.67,   43.61,     18720,  114.28,   4743.60,   2542.08,   7285.68
2026-06-02,06:54:45.487,  808.15,  467.20,  809.92,  467.20,  806.49,  465.65,  799.90,  465.24,  801.18,  466.89,  803.39,  467.06, 4829.02, 2799.24,   2626160, 7628.26,   19.14,   14.16,   19.33,   14.34,   19.72,   14.92,   17.61,   13.49,   18.01,   13.55,   17.52,   13.24,  111.33,   83.70,     18680,  195.03,   4940.35,   2882.94,   7823.29
2026-06-02,06:54:45.537,  750.34,  408.32,  751.06,  408.31,  748.30,  406.90,  740.88,  404.83,  743.00,  407.84,  744.32,  407.59, 4477.90, 2443.79,   2582220, 6921.70,   19.33,   14.95,   19.25,   15.27,   19.99,   15.71,   17.33,   14.10,   17.94,   15.03,   17.30,   14.05,  111.14,   89.11,     18680,  200.25,   4589.05,   2532.90,   7121.95
2026-06-02,06:54:45.588,  772.11,  462.16,  771.81,  461.02,  769.60,  459.98,  764.76,  458.94,  765.54,  460.34,  765.82,  459.97, 4609.64, 2762.41,   2676194, 7372.05,   18.64,   16.31,   18.39,   16.13,   18.85,   16.93,   16.47,   15.08,   16.68,   15.56,   16.28,   15.08,  105.32,   95.10,     18685,  200.41,   4714.95,   2857.51,   7572.46
2026-06-02,06:54:45.640,  748.39,  474.71,  750.22,  474.92,  748.17,  473.54,  743.80,  474.05,  746.63,  476.81,  747.84,  476.93, 4485.04, 2850.97,   2642600, 7336.01,   19.41,   13.07,   19.22,   12.85,   19.77,   13.37,   18.29,   12.26,   18.35,   12.29,   17.93,   12.15,  112.97,   76.00,     19120,  188.97,   4598.01,   2926.96,   7524.98
2026-06-02,06:54:45.689,  787.78,  427.51,  789.57,  427.03,  785.92,  424.85,  777.58,  422.61,  779.36,  424.61,  779.25,  424.10, 4699.46, 2550.71,   2542900, 7250.18,   15.93,   13.25,   15.45,   13.01,   16.24,   13.50,   13.81,   12.16,   14.20,   12.55,   14.21,   12.29,   89.85,   76.75,     18360,  166.59,   4789.31,   2627.46,   7416.77
2026-06-02,06:54:45.739,  743.01,  465.74,  742.58,  465.11,  739.64,  463.67,  731.12,  461.38,  732.31,  463.93,  733.75,  463.61, 4422.41, 2783.43,   2678560, 7205.84,   21.65,   17.99,   21.78,   18.12,   22.37,   18.70,   19.63,   17.24,   20.21,   17.52,   19.70,   17.09,  125.33,  106.67,     18680,  232.00,   4547.74,   2890.10,   7437.84
2026-06-02,06:54:45.789,  781.07,  447.08,  781.64,  446.64,  779.29,  445.35,  774.08,  444.60,  774.76,  446.10,  775.80,  446.67, 4666.65, 2676.44,   2589220, 7343.09,   16.90,   11.67,   17.06,   11.83,   17.29,   12.12,   15.90,   11.00,   16.00,   11.21,   16.02,   10.91,   99.17,   68.74,     18680,  167.91,   4765.82,   2745.19,   7511.01
2026-06-02,06:54:45.840,  797.25,  472.32,  797.77,  471.77,  795.59,  470.54,  788.33,  469.45,  789.31,  471.53,  790.17,  471.45, 4758.42, 2827.06,   2578370, 7585.48,   20.19,   16.78,   19.60,   16.63,   20.79,   17.38,   17.94,   15.61,   18.16,   15.85,   17.76,   15.49,  114.45,   97.74,     18704,  212.20,   4872.87,   2924.80,   7797.67
2026-06-02,06:54:45.891,  846.70,  449.85,  847.21,  450.05,  845.85,  448.19,  834.81,  445.65,  836.76,  447.56,  836.42,  448.19, 5047.75, 2689.48,   2736480, 7737.23,   21.37,   16.20,   20.97,   15.98,   21.12,   16.28,   18.74,   14.94,   19.17,   15.45,   18.94,   14.98,  120.31,   93.84,     19060,  214.15,   5168.06,   2783.32,   7951.38
2026-06-02,06:54:45.941,  792.77,  462.10,  794.14,  462.39,  792.28,  461.16,  785.11,  459.63,  786.47,  461.36,  787.84,  461.79, 4738.61, 2768.43,   2580200, 7507.04,   21.53,   15.63,   21.10,   15.21,   21.50,   15.82,   19.56,   14.57,   19.80,   14.76,   19.76,   14.47,  123.27,   90.47,     18700,  213.73,   4861.88,   2858.90,   7720.77
2026-06-02,06:54:45.991,  898.01,  493.51,  899.37,  493.53,  897.38,  492.26,  886.27,  491.20,  887.71,  492.90,  887.19,  493.06, 5355.93, 2956.46,   2577760, 8312.39,   27.49,   16.13,   27.56,   15.90,   27.89,   16.44,   25.99,   15.07,   26.08,   15.26,   25.88,   14.62,  160.88,   93.42,     18700,  254.30,   5516.81,   3049.88,   8566.69
2026-06-02,06:54:46.042,  814.62,  462.87,  816.20,  462.53,  814.44,  461.00,  807.04,  458.78,  809.00,  460.96,  810.24,  461.42, 4871.54, 2767.56,   2696100, 7639.10,   16.17,   13.42,   15.92,   13.24,   16.54,   14.03,   14.27,   12.49,   14.75,   13.04,   14.50,   12.58,   92.16,   78.81,     18700,  170.97,   4963.70,   2846.37,   7810.07
2026-06-02,06:54:46.091,  749.04,  398.24,  748.86,  398.67,  746.88,  397.97,  741.22,  396.87,  743.64,  397.92,  745.39,  398.15, 4475.04, 2387.81,   2553080, 6862.85,   18.50,   15.66,   17.76,   15.35,   18.09,   15.46,   15.96,   14.50,   16.72,   15.26,   16.15,   15.08,  103.18,   91.32,     18400,  194.50,   4578.21,   2479.13,   7057.34
2026-06-02,06:54:46.142,  806.17,  462.46,  807.37,  462.57,  804.07,  460.28,  794.05,  458.67,  795.02,  461.35,  794.90,  461.92, 4801.58, 2767.26,   2615114, 7568.84,   16.20,    9.92,   16.27,   10.06,   16.56,   10.33,   15.33,    9.48,   15.92,    9.85,   15.58,    9.48,   95.86,   59.11,     18685,  154.97,   4897.44,   2826.37,   7723.81
2026-06-02,06:54:46.192,  782.76,  426.13,  782.31,  426.26,  780.82,  424.94,  774.38,  424.34,  776.77,  425.86,  777.87,  426.59, 4674.90, 2554.12,   2591466, 7229.02,   18.82,   15.79,   18.57,   15.68,   18.86,   15.85,   16.56,   14.58,   16.96,   14.93,   16.37,   14.63,  106.14,   91.46,     19078,  197.60,   4781.04,   2645.58,   7426.62
2026-06-02,06:54:46.242,  786.35,  449.98,  787.54,  449.75,  784.85,  448.44,  777.65,  446.48,  780.13,  447.07,  782.60,  447.41, 4699.12, 2689.12,   2579500, 7388.24,   19.73,   15.88,   19.61,   15.79,   20.36,   16.47,   17.90,   15.06,   18.43,   15.59,   18.05,   14.88,  114.08,   93.67,     18700,  207.75,   4813.20,   2782.79,   7595.99
2026-06-02,06:54:46.292,  736.93,  459.60,  736.93,  459.38,  734.41,  457.99,  727.85,  457.78,  729.74,  459.60,  729.63,  459.19, 4395.48, 2753.53,   2692460, 7149.02,   10.25,    8.50,   10.34,    8.57,   10.38,    8.68,    9.13,    7.89,    9.73,    8.33,    9.51,    8.15,   59.34,   50.12,     18680,  109.46,   4454.82,   2803.65,   7258.48
2026-06-02,06:54:46.342,  768.96,  442.17,  769.59,  441.96,  766.81,  439.84,  757.62,  438.80,  759.26,  441.11,  758.83,  440.90, 4581.08, 2644.78,   2572620, 7225.86,   24.09,   15.84,   23.73,   15.77,   24.34,   16.13,   22.17,   14.77,   22.80,   15.28,   22.22,   14.75,  139.36,   92.54,     18760,  231.89,   4720.44,   2737.32,   7457.75
2026-06-02,06:54:46.392,  797.75,  483.58,  798.78,  483.57,  797.18,  482.81,  788.53,  481.62,  789.16,  483.20,  790.66,  483.45, 4762.06, 2898.23,   2583020, 7660.29,   19.57,   15.20,   19.15,   14.52,   19.77,   15.31,   17.62,   14.02,   17.86,   14.19,   17.49,   14.10,  111.46,   87.34,     18680,  198.80,   4873.52,   2985.57,   7859.09
2026-06-02,06:54:46.442,  793.14,  432.67,  793.68,  431.99,  790.48,  430.27,  784.19,  428.88,  785.84,  430.63,  786.29,  431.08, 4733.61, 2585.51,   2633720, 7319.12,   15.99,   13.00,   15.77,   12.74,   16.64,   13.43,   14.50,   12.01,   14.73,   12.33,   14.30,   11.91,   91.92,   75.42,     18700,  167.34,   4825.53,   2660.93,   7486.46
2026-06-02,06:54:46.492,  810.88,  467.58,  812.26,  467.73,  809.10,  465.82,  798.61,  462.77,  800.46,  464.74,  800.50,  464.32, 4831.81, 2792.96,   2577080, 7624.77,   20.20,   14.93,   19.91,   14.74,   20.64,   15.31,   18.76,   14.01,   18.86,   14.09,   18.48,   13.84,  116.86,   86.92,     18660,  203.78,   4948.67,   2879.88,   7828.55
2026-06-02,06:54:46.542,  729.06,  447.85,  728.71,  447.05,  727.18,  446.07,  719.90,  443.95,  722.50,  445.96,  721.37,  445.82, 4348.71, 2676.70,   2630000, 7025.41,   15.84,   16.03,   15.56,   15.76,   15.95,   16.03,   13.60,   14.88,   14.15,   15.26,   14.01,   14.93,   89.11,   92.88,     18680,  181.99,   4437.81,   2769.58,   7207.40
2026-06-02,06:54:46.593,  775.32,  460.24,  774.71,  459.71,  773.01,  458.91,  764.57,  456.46,  766.61,  458.90,  767.16,  459.57, 4621.38, 2753.79,   2608320, 7375.17,   36.94,   30.12,   36.85,   29.91,   37.09,   30.35,   34.00,   28.92,   34.30,   29.47,   34.23,   29.36,  213.40,  178.14,     18780,  391.54,   4834.78,   2931.92,   7766.70
2026-06-02,06:54:46.643,  818.72,  475.83,  820.96,  476.24,  819.40,  475.81,  809.78,  473.26,  810.52,  475.47,  811.06,  474.82, 4890.44, 2851.43,   2596940, 7741.87,   21.55,   17.86,   21.38,   17.83,   21.70,   18.14,   19.54,   16.69,   20.38,   17.32,   19.74,   16.64,  124.29,  104.49,     18680,  228.77,   5014.73,   2955.91,   7970.64
2026-06-02,06:54:46.693,  779.55,  463.86,  780.19,  463.46,  777.12,  461.71,  769.76,  459.42,  771.18,  461.35,  771.79,  460.72, 4649.60, 2770.53,   2676800, 7420.13,   16.96,   12.97,   16.73,   12.71,   17.01,   12.94,   15.02,   12.13,   15.38,   12.17,   14.94,   11.94,   96.03,   74.86,     18700,  170.89,   4745.63,   2845.39,   7591.01
2026-06-02,06:54:46.743,  775.14,  467.38,  776.14,  467.58,  775.15,  466.71,  767.83,  466.46,  770.16,  468.89,  770.77,  469.33, 4635.18, 2806.34,   2580380, 7441.53,   23.15,   15.36,   23.21,   15.45,   23.70,   15.91,   20.89,   14.31,   21.43,   14.68,   21.48,   14.39,  133.86,   90.08,     18760,  223.94,   4769.04,   2896.43,   7665.47
2026-06-02,06:54:46.793,  818.50,  457.74,  819.63,  456.93,  817.84,  454.79,  809.72,  453.12,  811.16,  455.53,  811.54,  455.65, 4888.39, 2733.76,   2581640, 7622.15,   27.15,   16.88,   26.81,   16.46,   27.66,   17.12,   25.61,   16.11,   26.24,   16.31,   25.99,   15.91,  159.47,   98.79,     18660,  258.26,   5047.85,   2832.55,   7880.40
2026-06-02,06:54:46.843,  785.47,  448.38,  786.19,  449.14,  782.12,  447.52,  775.19,  445.88,  775.89,  447.38,  777.03,  447.97, 4681.89, 2686.26,   2660740, 7368.15,   16.29,   11.36,   16.43,   11.50,   16.35,   11.91,   14.87,   10.65,   14.94,   10.82,   15.01,   10.56,   93.90,   66.79,     18700,  160.69,   4775.79,   2753.05,   7528.84
2026-06-02,06:54:46.893,  722.81,  431.67,  722.72,  431.21,  719.93,  429.42,  716.91,  428.68,  719.00,  430.44,  718.33,  430.05, 4319.70, 2581.46,   2606180, 6901.17,   16.41,   13.10,   16.51,   13.31,   16.61,   13.40,   14.65,   12.50,   15.01,   12.62,   14.71,   12.45,   93.90,   77.38,     18780,  171.28,   4413.60,   2658.84,   7072.44
2026-06-02,06:54:46.943,  798.50,  486.52,  797.97,  485.93,  795.32,  484.58,  784.78,  482.79,  786.87,  484.88,  787.73,  484.60, 4751.16, 2909.30,   2555120, 7660.46,   34.37,   28.08,   34.11,   27.86,   34.75,   28.58,   31.12,   26.27,   32.05,   27.47,   31.55,   26.56,  197.96,  164.83,     18660,  362.79,   4949.12,   3074.13,   8023.25
2026-06-02,06:54:46.994, 1139.08,  612.13, 1139.84,  612.46, 1136.49,  608.63, 1123.01,  606.91, 1127.29,  611.61, 1126.82,  612.11, 6792.53, 3663.85,   3482280,10456.38,   24.72,   13.58,   24.54,   13.41,   24.71,   13.70,   22.98,   12.56,   23.67,   13.13,   23.51,   12.47,  144.15,   78.86,     18700,  223.01,   6936.68,   3742.71,  10679.38
2026-06-02,06:54:47.044,  996.39,  513.17,  997.13,  512.79,  992.35,  508.49,  987.05,  506.60,  991.09,  510.50,  991.54,  510.47, 5955.55, 3062.01,   3438780, 9017.56,   17.04,   14.97,   16.94,   15.21,   16.90,   15.07,   14.66,   13.85,   15.00,   14.51,   14.68,   13.94,   95.23,   87.55,     18700,  182.78,   6050.77,   3149.57,   9200.34
2026-06-02,06:54:47.094, 1053.62,  570.75, 1052.44,  569.21, 1046.51,  565.55, 1036.73,  565.49, 1039.87,  569.06, 1039.60,  568.32, 6268.77, 3408.38,   3432640, 9677.14,   27.93,   19.13,   27.89,   19.19,   28.31,   19.64,   25.86,   18.35,   25.99,   18.38,   25.46,   17.96,  161.44,  112.65,     18700,  274.09,   6430.21,   3521.02,   9951.23
2026-06-02,06:54:47.144,  994.30,  568.34,  994.98,  568.46,  990.32,  564.82,  984.03,  564.44,  989.18,  569.48,  989.84,  569.57, 5942.64, 3405.11,   3582480, 9347.75,   16.85,   13.04,   16.92,   13.10,   17.22,   13.33,   15.70,   12.55,   16.02,   13.10,   15.71,   12.35,   98.43,   77.46,     18680,  175.89,   6041.07,   3482.57,   9523.64
2026-06-02,06:54:47.194, 1000.70,  554.08, 1003.05,  554.26,  999.55,  550.43,  990.89,  549.77,  996.61,  554.25,  998.29,  553.99, 5989.08, 3316.77,   3497520, 9305.85,   17.84,   13.11,   17.57,   13.08,   18.09,   13.37,   15.92,   12.11,   16.51,   12.53,   16.01,   12.05,  101.95,   76.25,     18760,  178.20,   6091.03,   3393.02,   9484.05
2026-06-02,06:54:47.244, 1708.84,  768.12, 1709.09,  767.37, 1701.18,  762.11, 1675.48,  743.01, 1680.08,  747.59, 1678.39,  747.29,10153.05, 4535.49,   3600600,14688.54,   26.10,   18.93,   26.09,   18.76,   26.12,   19.49,   23.10,   17.36,   23.74,   17.76,   22.92,   17.02,  148.07,  109.33,     18540,  257.40,  10301.12,   4644.82,  14945.94
2026-06-02,06:54:47.295,  991.59,  532.81,  992.32,  532.19,  986.54,  528.05,  980.73,  527.43,  985.29,  532.36,  985.82,  533.33, 5922.30, 3186.16,   3436017, 9108.46,   21.36,   15.47,   20.83,   15.14,   21.53,   15.71,   19.48,   14.50,   20.24,   15.11,   19.27,   14.18,  122.72,   90.11,     18644,  212.83,   6045.02,   3276.27,   9321.29
2026-06-02,06:54:47.345, 1039.74,  554.81, 1040.89,  554.89, 1035.46,  549.92, 1030.73,  548.50, 1035.86,  553.50, 1036.30,  553.48, 6218.98, 3315.08,   3681466, 9534.06,   18.51,   11.04,   18.67,   11.34,   18.81,   11.34,   17.23,   10.53,   17.83,   10.94,   17.33,   10.35,  108.38,   65.54,     19078,  173.92,   6327.36,   3380.63,   9707.98
2026-06-02,06:54:47.395, 1010.21,  565.63, 1011.75,  565.47, 1004.86,  561.02,  996.65,  560.39, 1000.27,  564.20, 1001.34,  564.87, 6025.07, 3381.58,   3596440, 9406.65,   18.35,   15.00,   18.21,   14.63,   18.71,   15.19,   16.30,   13.70,   16.82,   13.98,   16.23,   13.28,  104.61,   85.79,     18700,  190.40,   6129.68,   3467.37,   9597.05
2026-06-02,06:54:47.445, 1000.35,  516.74, 1000.62,  516.65,  994.58,  512.10,  986.48,  509.74,  990.94,  513.85,  991.13,  513.71, 5964.10, 3082.78,   3461760, 9046.88,   16.03,   15.23,   16.04,   14.84,   16.18,   15.32,   13.69,   13.94,   14.06,   14.61,   13.85,   13.80,   89.86,   87.73,     18660,  177.58,   6053.96,   3170.51,   9224.47
2026-06-02,06:54:47.495,  975.88,  573.47,  975.57,  573.09,  972.33,  569.62,  966.57,  568.87,  971.22,  573.38,  971.71,  574.40, 5833.27, 3432.84,   3604400, 9266.11,   20.57,   14.74,   20.53,   14.46,   20.59,   14.61,   19.30,   13.68,   19.95,   14.15,   19.48,   13.82,  120.43,   85.47,     18700,  205.90,   5953.70,   3518.31,   9472.01
2026-06-02,06:54:47.545,  937.48,  531.74,  938.98,  532.11,  934.18,  527.86,  927.91,  526.41,  933.41,  530.94,  933.20,  530.70, 5605.16, 3179.77,   3508720, 8784.93,   15.66,   13.49,   15.53,   13.35,   15.47,   13.42,   13.59,   12.40,   14.08,   12.83,   13.65,   12.34,   87.98,   77.83,     18680,  165.82,   5693.14,   3257.60,   8950.74
2026-06-02,06:54:47.595,  985.52,  559.73,  986.74,  559.37,  981.19,  555.89,  976.17,  553.71,  981.27,  558.84,  981.95,  558.77, 5892.85, 3346.31,   3603760, 9239.16,   19.87,   17.06,   19.92,   17.12,   20.20,   17.37,   17.73,   15.81,   18.35,   16.73,   18.00,   15.76,  114.06,   99.86,     18720,  213.93,   6006.91,   3446.18,   9453.09
2026-06-02,06:54:47.645,  989.16,  546.16,  989.27,  546.50,  984.59,  543.17,  975.44,  541.76,  979.87,  546.73,  981.07,  546.61, 5899.41, 3270.94,   3484820, 9170.35,   21.60,   18.30,   21.35,   17.97,   22.11,   18.50,   19.53,   17.03,   19.95,   17.65,   19.76,   17.18,  124.29,  106.62,     18680,  230.91,   6023.71,   3377.56,   9401.26
2026-06-02,06:54:47.695, 1046.52,  567.65, 1046.57,  566.32, 1041.06,  560.94, 1031.14,  558.19, 1035.18,  561.80, 1034.42,  561.31, 6234.90, 3376.21,   3615920, 9611.10,   19.13,   12.86,   19.38,   13.28,   19.25,   13.31,   17.81,   12.04,   17.99,   12.32,   17.53,   11.94,  111.07,   75.75,     18680,  186.82,   6345.97,   3451.96,   9797.93
2026-06-02,06:54:47.745,  977.07,  574.54,  977.44,  574.14,  973.37,  571.17,  966.85,  570.34,  972.40,  576.19,  972.11,  575.45, 5839.25, 3441.83,   3473160, 9281.07,   21.90,   17.59,   21.74,   17.11,   22.29,   18.00,   19.91,   16.46,   20.45,   17.23,   19.68,   16.19,  125.96,  102.58,     18680,  228.54,   5965.21,   3544.41,   9509.62
2026-06-02,06:54:47.795,  956.77,  561.93,  957.36,  560.87,  952.81,  556.46,  950.80,  557.30,  955.47,  561.98,  954.91,  561.35, 5728.11, 3359.90,   3590880, 9088.01,   20.98,   17.34,   20.55,   17.02,   21.09,   17.48,   18.50,   15.70,   19.39,   16.67,   18.89,   16.02,  119.39,  100.22,     18720,  219.61,   5847.50,   3460.12,   9307.62
2026-06-02,06:54:47.845, 1021.47,  570.39, 1022.29,  571.04, 1016.53,  566.83, 1007.94,  564.80, 1012.93,  569.38, 1013.79,  569.71, 6094.96, 3412.15,   3594920, 9507.11,   13.70,    8.15,   13.60,    8.06,   13.85,    8.18,   12.99,    7.53,   13.11,    7.73,   13.07,    7.58,   80.32,   47.22,     18700,  127.53,   6175.28,   3459.37,   9634.64
2026-06-02,06:54:47.895,  913.59,  478.84,  913.53,  478.41,  909.66,  475.39,  906.02,  474.61,  910.04,  479.11,  910.44,  478.65, 5463.28, 2865.01,   3317840, 8328.29,   17.69,   16.03,   17.96,   16.18,   18.29,   16.64,   15.54,   14.90,   16.13,   15.79,   15.36,   14.98,  100.97,   94.52,     18680,  195.49,   5564.25,   2959.53,   8523.78
2026-06-02,06:54:47.945,  962.18,  576.04,  961.60,  575.59,  956.67,  571.51,  951.41,  570.38,  955.98,  575.17,  956.17,  574.99, 5744.01, 3443.68,   3626740, 9187.69,   19.03,   19.54,   18.91,   19.51,   19.46,   19.80,   16.84,   18.46,   17.56,   19.29,   17.04,   18.41,  108.84,  115.01,     18700,  223.85,   5852.85,   3558.70,   9411.55
2026-06-02,06:54:47.995,  994.99,  557.54,  994.62,  557.57,  989.75,  553.27,  980.97,  551.63,  986.94,  555.44,  987.51,  556.08, 5934.78, 3331.53,   3467600, 9266.31,   23.76,   11.43,   23.91,   11.38,   24.18,   11.61,   22.70,   10.33,   23.25,   11.31,   23.00,   10.61,  140.80,   66.67,     18660,  207.47,   6075.58,   3398.20,   9473.78
2026-06-02,06:54:48.046, 1164.10,  599.51, 1163.99,  598.95, 1160.51,  595.88, 1148.72,  594.59, 1152.29,  598.41, 1152.09,  598.69, 6941.70, 3586.03,   3619840,10527.73,   27.88,   17.65,   27.50,   17.45,   28.03,   18.18,   25.35,   16.49,   26.16,   17.03,   25.72,   16.14,  160.64,  102.95,     18700,  263.59,   7102.34,   3688.98,  10791.32
2026-06-02,06:54:48.096,  999.26,  568.64,  999.80,  568.76,  995.51,  564.35,  987.53,  562.64,  992.55,  566.58,  993.85,  567.38, 5968.51, 3398.34,   3476260, 9366.84,   19.65,   16.40,   19.03,   15.69,   19.83,   16.61,   17.38,   15.04,   17.88,   15.72,   17.43,   14.98,  111.21,   94.45,     18700,  205.66,   6079.71,   3492.79,   9572.51
2026-06-02,06:54:48.146,  967.00,  521.32,  967.82,  521.39,  961.91,  517.62,  955.83,  515.49,  959.79,  520.66,  959.00,  520.34, 5771.35, 3116.81,   3624740, 8888.16,   17.06,   14.95,   17.09,   15.18,   17.17,   15.07,   15.11,   13.88,   15.92,   14.86,   15.47,   14.23,   97.82,   88.18,     18800,  186.00,   5869.17,   3204.99,   9074.16
2026-06-02,06:54:48.196,  956.14,  571.27,  955.75,  570.72,  950.50,  566.11,  945.44,  564.93,  950.39,  568.77,  949.42,  568.83, 5707.65, 3410.63,   3563300, 9118.28,   16.22,   11.49,   16.07,   11.46,   16.31,   11.63,   14.93,   10.63,   15.37,   11.25,   15.09,   10.78,   94.00,   67.25,     18700,  161.25,   5801.65,   3477.88,   9279.53
2026-06-02,06:54:48.246, 1003.55,  589.62, 1005.12,  589.16, 1001.13,  585.63,  991.17,  583.61,  996.59,  588.54,  996.28,  588.28, 5993.84, 3524.84,   3499800, 9518.68,   21.64,   15.80,   21.57,   15.73,   22.06,   16.36,   19.77,   14.64,   20.12,   15.11,   19.44,   14.29,  124.61,   91.93,     18780,  216.54,   6118.45,   3616.77,   9735.22
2026-06-02,06:54:48.296, 1048.17,  562.34, 1048.60,  562.34, 1043.18,  558.75, 1032.45,  556.68, 1037.82,  561.45, 1038.48,  561.47, 6248.69, 3363.03,   3608440, 9611.72,   18.29,   14.02,   17.85,   14.06,   18.43,   14.14,   15.84,   12.81,   16.62,   13.52,   16.22,   12.84,  103.25,   81.38,     18720,  184.63,   6351.95,   3444.41,   9796.36
2026-06-02,06:54:48.347, 1043.32,  566.43, 1044.51,  566.32, 1040.38,  563.25, 1031.55,  560.77, 1035.85,  565.73, 1037.73,  565.48, 6233.34, 3387.99,   3467900, 9621.33,   64.26,   49.96,   62.86,   49.51,   63.11,   50.24,   59.31,   48.69,   60.47,   49.00,   59.50,   48.28,  369.50,  295.68,     18700,  665.18,   6602.84,   3683.67,  10286.51
2026-06-02,06:54:48.396,  987.81,  583.24,  988.45,  582.79,  983.46,  579.73,  975.70,  578.47,  979.50,  582.55,  979.62,  582.64, 5894.54, 3489.41,   3592880, 9383.95,   46.26,   28.01,   46.41,   27.70,   46.73,   28.39,   43.24,   26.94,   43.80,   27.92,   43.26,   27.13,  269.70,  166.10,     18720,  435.80,   6164.23,   3655.51,   9819.74
2026-06-02,06:54:48.447,  974.56,  560.83,  973.76,  559.59,  969.82,  555.87,  965.36,  554.64,  969.84,  558.40,  970.07,  558.25, 5823.41, 3347.58,   3523940, 9170.99,   57.37,   42.18,   56.75,   41.72,   57.17,   42.07,   51.84,   39.82,   52.69,   40.40,   51.95,   39.74,  327.77,  245.93,     18940,  573.70,   6151.18,   3593.52,   9744.70
2026-06-02,06:54:48.497, 1043.28,  538.75, 1044.73,  538.92, 1039.37,  535.13, 1029.99,  533.01, 1034.23,  537.84, 1035.01,  537.57, 6226.61, 3221.22,   3598040, 9447.82,   29.51,   19.16,   29.02,   19.08,   29.91,   19.59,   27.55,   18.56,   28.57,   19.20,   27.53,   18.62,  172.09,  114.20,     18640,  286.30,   6398.70,   3335.42,   9734.12
2026-06-02,06:54:48.547,  961.29,  530.00,  962.93,  530.45,  957.78,  527.23,  953.21,  526.15,  957.84,  530.44,  959.60,  530.93, 5752.64, 3175.19,   3474380, 8927.83,   19.33,   13.89,   19.73,   14.19,   19.74,   14.16,   17.95,   13.14,   18.16,   13.51,   17.72,   13.01,  112.62,   81.90,     18660,  194.52,   5865.26,   3257.09,   9122.35
2026-06-02,06:54:48.597,  979.90,  589.20,  980.24,  588.67,  977.69,  585.11,  970.80,  583.85,  976.15,  587.98,  977.54,  587.69, 5862.32, 3522.50,   3611860, 9384.82,   20.66,   15.80,   20.30,   15.64,   20.83,   15.99,   18.57,   14.71,   18.89,   15.05,   18.55,   14.66,  117.79,   91.84,     18680,  209.63,   5980.11,   3614.34,   9594.45
2026-06-02,06:54:48.647,  930.18,  518.34,  929.10,  518.37,  922.52,  513.73,  916.55,  512.54,  920.25,  516.31,  919.42,  516.73, 5538.01, 3096.02,   3513440, 8634.03,   16.13,   11.72,   15.92,   11.60,   16.69,   12.02,   14.54,   10.66,   15.09,   11.27,   14.79,   10.79,   93.17,   68.06,     18720,  161.23,   5631.17,   3164.08,   8795.25
2026-06-02,06:54:48.697, 1013.70,  574.54, 1015.55,  575.47, 1010.01,  571.05, 1004.75,  570.54, 1009.27,  575.53, 1010.20,  575.84, 6063.48, 3442.97,   3544820, 9506.45,   15.97,   12.26,   15.85,   12.38,   15.95,   12.29,   14.42,   11.38,   14.76,   11.86,   14.54,   11.38,   91.49,   71.55,     18680,  163.04,   6154.97,   3514.52,   9669.50
2026-06-02,06:54:48.747, 1005.43,  550.35, 1006.15,  549.54, 1000.57,  545.89,  992.73,  544.69,  997.57,  549.13, 1000.86,  549.45, 6003.31, 3289.05,   3399540, 9292.36,   24.55,   18.65,   24.48,   18.85,   25.47,   19.36,   22.65,   18.04,   22.63,   18.02,   22.82,   17.72,  142.59,  110.64,     18640,  253.23,   6145.90,   3399.69,   9545.59
2026-06-02,06:54:48.798,  943.51,  555.52,  942.63,  554.47,  936.88,  549.84,  930.74,  548.55,  932.96,  552.52,  931.43,  552.27, 5618.14, 3313.16,   3479160, 8931.30,   15.31,   11.78,   15.13,   11.28,   15.42,   11.75,   13.70,   10.73,   14.16,   11.00,   14.16,   10.62,   87.88,   67.16,     18720,  155.04,   5706.02,   3380.32,   9086.35
2026-06-02,06:54:48.848, 1028.90,  547.14, 1030.26,  547.27, 1023.77,  542.31, 1014.54,  539.96, 1018.39,  544.64, 1019.89,  545.05, 6135.76, 3266.39,   3591100, 9402.15,   20.85,   15.06,   20.54,   14.98,   21.31,   15.60,   19.28,   14.42,   19.37,   14.35,   19.41,   14.22,  120.77,   88.63,     18680,  209.40,   6256.52,   3355.02,   9611.55
2026-06-02,06:54:48.898, 1013.64,  578.20, 1014.78,  578.42, 1010.06,  575.08, 1000.57,  574.68, 1006.06,  579.91, 1008.97,  580.42, 6054.07, 3466.70,   3437060, 9520.77,   25.32,   19.48,   24.77,   18.92,   25.29,   19.73,   23.29,   18.38,   23.70,   19.12,   23.03,   18.34,  145.41,  113.98,     18680,  259.39,   6199.48,   3580.68,   9780.16
2026-06-02,06:54:48.948, 1025.30,  572.03, 1025.90,  571.63, 1021.53,  567.24, 1020.26,  568.15, 1024.31,  572.48, 1024.88,  572.01, 6142.17, 3423.53,   3621980, 9565.70,   21.17,   16.64,   21.01,   16.23,   21.40,   16.84,   18.80,   15.33,   19.14,   15.70,   19.05,   15.17,  120.57,   95.92,     18720,  216.49,   6262.75,   3519.45,   9782.19
2026-06-02,06:54:48.999, 1016.13,  590.95, 1016.81,  590.88, 1011.31,  587.72, 1004.89,  586.08, 1009.07,  590.03, 1009.51,  590.55, 6067.71, 3536.21,   3496997, 9603.92,   28.84,   17.07,   28.38,   16.95,   28.87,   17.34,   26.39,   15.78,   27.13,   16.47,   26.79,   15.93,  166.40,   99.55,     18782,  265.95,   6234.12,   3635.76,   9869.87
2026-06-02,06:54:49.049, 1061.34,  573.08, 1060.85,  572.62, 1054.47,  567.51, 1042.44,  565.94, 1044.72,  570.39, 1045.11,  570.55, 6308.93, 3420.09,   3606040, 9729.02,   17.23,   10.98,   17.19,   11.03,   17.26,   11.01,   16.17,   10.21,   16.57,   10.61,   16.22,   10.21,  100.64,   64.04,     18720,  164.68,   6409.57,   3484.13,   9893.69
2026-06-02,06:54:49.099,  969.47,  545.88,  969.42,  545.73,  965.69,  541.72,  961.95,  540.28,  966.00,  544.26,  965.60,  543.71, 5798.13, 3261.57,   3594220, 9059.71,   17.27,   14.31,   17.47,   14.29,   17.42,   14.60,   15.34,   13.07,   15.55,   13.57,   15.21,   13.26,   98.27,   83.11,     18660,  181.37,   5896.40,   3344.68,   9241.08
2026-06-02,06:54:49.149,  944.54,  575.04,  945.14,  575.03,  941.19,  571.02,  936.37,  570.95,  941.69,  575.82,  943.16,  576.96, 5652.09, 3444.82,   3480860, 9096.91,   22.89,   20.92,   22.74,   20.48,   23.14,   20.94,   20.31,   19.33,   20.97,   20.24,   20.45,   19.82,  130.50,  121.74,     18720,  252.24,   5782.59,   3566.56,   9349.15
2026-06-02,06:54:49.199, 1004.54,  579.09, 1006.32,  578.87, 1001.12,  574.20,  992.11,  573.29,  996.56,  577.67,  998.80,  577.86, 5999.45, 3460.98,   3571060, 9460.42,   17.39,   11.67,   17.16,   11.73,   17.73,   12.07,   16.08,   10.70,   16.73,   11.26,   16.14,   10.65,  101.23,   68.08,     18680,  169.32,   6100.68,   3529.06,   9629.74
2026-06-02,06:54:49.251, 1016.26,  574.98, 1015.98,  574.08, 1010.63,  570.33, 1001.57,  568.97, 1005.49,  574.08, 1008.36,  573.94, 6058.28, 3436.38,   3537320, 9494.67,   18.52,   13.24,   18.39,   13.39,   18.85,   13.81,   16.69,   12.42,   16.93,   12.69,   16.62,   12.09,  106.01,   77.64,     19140,  183.65,   6164.29,   3514.03,   9678.32
2026-06-02,06:54:49.300,  983.18,  526.16,  984.18,  525.88,  977.81,  521.03,  973.34,  519.16,  976.83,  523.37,  975.50,  523.47, 5870.84, 3139.07,   3529400, 9009.91,   19.96,   15.77,   19.63,   15.19,   19.96,   15.69,   17.84,   14.39,   18.26,   14.85,   17.74,   14.23,  113.38,   90.12,     18340,  203.50,   5984.22,   3229.19,   9213.42
2026-06-02,06:54:49.350,  946.23,  572.53,  947.40,  572.66,  943.56,  569.14,  940.34,  568.99,  946.19,  573.25,  946.53,  573.50, 5670.25, 3430.08,   3488640, 9100.33,   20.52,   16.61,   20.29,   16.45,   20.87,   16.89,   18.75,   15.56,   19.16,   15.84,   18.78,   15.58,  118.37,   96.94,     18720,  215.30,   5788.62,   3527.01,   9315.63
2026-06-02,06:54:49.400,  949.54,  557.60,  948.54,  557.37,  942.06,  552.54,  936.20,  551.55,  939.87,  556.32,  939.12,  556.14, 5655.33, 3331.51,   3600540, 8986.84,   12.95,    9.86,   12.88,    9.88,   12.78,   10.07,   11.50,    9.09,   12.14,    9.50,   11.64,    9.10,   73.89,   57.50,     18680,  131.39,   5729.22,   3389.01,   9118.23
2026-06-02,06:54:49.450,  915.46,  510.33,  915.63,  510.65,  912.58,  507.14,  910.17,  505.92,  916.72,  510.75,  917.94,  511.18, 5488.51, 3055.97,   3479280, 8544.48,   15.42,   12.94,   15.29,   12.85,   15.45,   12.85,   13.78,   11.91,   14.22,   12.33,   13.55,   11.92,   87.70,   74.80,     18660,  162.50,   5576.21,   3130.78,   8706.98
2026-06-02,06:54:49.501, 1045.64,  605.89, 1045.85,  605.00, 1040.32,  601.38, 1028.49,  600.09, 1032.45,  604.94, 1031.26,  604.53, 6224.01, 3621.82,   3597663, 9845.83,   25.71,   24.21,   25.21,   23.89,   25.88,   24.35,   22.66,   22.62,   23.20,   23.19,   23.23,   22.75,  145.89,  141.01,     18684,  286.90,   6369.90,   3762.83,  10132.74
2026-06-02,06:54:49.551, 1050.24,  537.70, 1051.86,  537.61, 1045.40,  533.13, 1038.74,  531.21, 1042.14,  535.06, 1044.63,  535.74, 6273.01, 3210.45,   3683242, 9483.46,   18.01,   12.44,   18.19,   12.46,   18.06,   12.69,   16.40,   11.39,   17.36,   12.38,   17.05,   11.74,  105.07,   73.09,     18896,  178.16,   6378.08,   3283.54,   9661.62
2026-06-02,06:54:49.601,  929.89,  552.07,  931.44,  551.82,  928.32,  548.80,  921.79,  547.54,  926.89,  551.80,  927.53,  551.75, 5565.85, 3303.77,   3253580, 8869.62,   23.84,   19.72,   23.14,   18.73,   24.05,   19.77,   21.44,   18.14,   21.74,   18.70,   21.11,   17.93,  135.32,  113.00,     18680,  248.32,   5701.17,   3416.77,   9117.94
2026-06-02,06:54:49.651,  959.42,  550.51,  958.07,  549.71,  951.36,  545.73,  948.13,  543.78,  952.26,  548.29,  951.34,  548.09, 5720.60, 3286.11,   3594980, 9006.71,   15.26,   13.15,   15.30,   13.22,   15.40,   13.58,   13.42,   12.45,   14.11,   12.80,   13.35,   12.28,   86.84,   77.48,     18680,  164.32,   5807.44,   3363.59,   9171.03
2026-06-02,06:54:49.701,  972.12,  563.41,  973.51,  563.34,  968.04,  560.40,  958.91,  559.14,  963.43,  564.04,  966.12,  564.34, 5802.14, 3374.67,   3431660, 9176.81,   20.16,   14.43,   19.95,   14.14,   20.34,   14.54,   18.37,   13.28,   18.92,   13.79,   18.71,   13.63,  116.45,   83.81,     18660,  200.26,   5918.59,   3458.48,   9377.07
2026-06-02,06:54:49.750,  991.61,  573.16,  992.15,  572.72,  986.21,  567.53,  978.70,  566.69,  982.86,  571.47,  983.77,  571.14, 5915.30, 3422.70,   3587740, 9338.00,   16.18,   11.82,   16.07,   11.71,   16.41,   12.20,   14.47,   10.68,   14.98,   11.15,   14.55,   10.56,   92.66,   68.12,     18620,  160.79,   6007.96,   3490.82,   9498.78
2026-06-02,06:54:49.801,  989.73,  527.54,  990.61,  528.18,  985.05,  524.50,  980.67,  522.78,  986.61,  527.49,  987.89,  527.77, 5920.56, 3158.26,   3531140, 9078.82,   19.17,   13.88,   18.94,   13.37,   19.31,   13.93,   17.18,   12.59,   17.85,   13.12,   17.20,   12.49,  109.65,   79.38,     19020,  189.04,   6030.21,   3237.65,   9267.86
2026-06-02,06:54:49.851, 1016.77,  566.15, 1018.00,  565.99, 1011.13,  561.44, 1004.16,  560.87, 1008.76,  565.55, 1007.31,  565.20, 6066.12, 3385.20,   3578300, 9451.32,   16.22,   12.90,   15.97,   12.91,   16.31,   13.09,   14.09,   11.89,   14.63,   12.22,   14.28,   11.81,   91.50,   74.83,     18660,  166.34,   6157.63,   3460.03,   9617.66
2026-06-02,06:54:49.902, 1007.39,  558.10, 1009.54,  558.26, 1003.16,  553.33,  995.61,  552.31,  998.86,  555.87, 1000.28,  556.75, 6014.84, 3334.61,   3589500, 9349.45,   17.66,   10.22,   17.76,   10.35,   17.86,   10.28,   16.63,    9.44,   16.95,    9.89,   16.68,    9.45,  103.54,   59.63,     18760,  163.17,   6118.38,   3394.24,   9512.62
2026-06-02,06:54:49.952,  291.48,  254.01,  291.65,  254.36,  290.86,  253.67,  284.04,  252.43,  286.14,  253.97,  285.93,  254.72, 1730.10, 1523.16,    934660, 3253.26,   20.60,   16.84,   20.40,   16.51,   20.73,   17.10,   18.50,   15.75,   18.45,   16.10,   18.50,   15.68,  117.17,   97.99,     18660,  215.15,   1847.27,   1621.15,   3468.41
2026-06-02,06:54:50.002,  625.38,  405.08,  625.43,  405.15,  622.58,  402.80,  617.40,  402.10,  622.30,  404.85,  621.56,  404.94, 3734.65, 2424.92,   1906440, 6159.57,   26.58,   20.94,   26.77,   20.77,   27.00,   21.08,   24.56,   19.88,   24.36,   20.08,   24.58,   20.02,  153.85,  122.77,     18700,  276.61,   3888.50,   2547.69,   6436.19
2026-06-02,06:54:50.052,  603.03,  331.91,  604.57,  332.66,  600.94,  329.08,  589.98,  327.29,  592.30,  330.91,  591.97,  331.82, 3582.78, 1983.65,   1897020, 5566.43,   14.21,    8.15,   13.93,    7.98,   14.07,    8.03,   12.91,    7.49,   13.20,    7.76,   12.90,    7.42,   81.20,   46.83,     18660,  128.04,   3663.98,   2030.48,   5694.46
2026-06-02,06:54:50.102,  595.69,  287.42,  597.74,  288.06,  592.55,  284.56,  589.19,  284.67,  591.59,  287.26,  593.76,  287.37, 3560.52, 1719.34,   1904720, 5279.86,   15.58,   10.85,   15.54,   11.19,   15.82,   11.21,   13.91,    9.92,   14.34,   10.40,   14.01,    9.98,   89.20,   63.53,     18700,  152.73,   3649.71,   1782.88,   5432.59
2026-06-02,06:54:50.152,  540.99,  318.60,  543.25,  318.98,  539.41,  315.73,  535.21,  314.24,  537.51,  317.18,  537.92,  318.42, 3234.31, 1903.16,   1819020, 5137.47,   19.40,   22.60,   19.47,   22.27,   19.75,   22.66,   16.91,   21.14,   17.37,   22.12,   17.07,   21.11,  109.97,  131.90,     18700,  241.86,   3344.27,   2035.06,   5379.33
2026-06-02,06:54:50.202,  515.74,  323.30,  516.63,  324.26,  512.77,  320.32,  507.11,  319.14,  510.59,  322.70,  509.29,  322.84, 3072.13, 1932.57,   1892640, 5004.70,   15.57,   12.14,   15.66,   12.23,   15.66,   12.16,   14.02,   11.09,   14.45,   11.78,   14.29,   11.36,   89.64,   70.75,     18720,  160.40,   3161.77,   2003.32,   5165.10
2026-06-02,06:54:50.252,  532.75,  349.20,  532.43,  349.49,  528.84,  346.11,  524.81,  345.04,  529.11,  348.30,  527.90,  348.67, 3175.84, 2086.81,   1896840, 5262.65,   13.08,    9.79,   13.13,    9.88,   13.18,   10.10,   11.94,    8.98,   11.99,    9.17,   12.02,    9.09,   75.32,   57.00,     18680,  132.32,   3251.16,   2143.81,   5394.97
2026-06-02,06:54:50.302,  597.75,  385.66,  599.10,  385.51,  596.54,  382.49,  584.46,  380.52,  586.90,  383.81,  587.50,  384.10, 3552.26, 2302.10,   1809360, 5854.36,   25.19,   17.37,   24.65,   17.02,   25.64,   17.71,   22.73,   15.88,   22.96,   16.12,   23.01,   16.03,  144.19,  100.13,     18680,  244.32,   3696.44,   2402.23,   6098.67
2026-06-02,06:54:50.352,  560.88,  292.50,  562.97,  293.42,  558.46,  290.47,  555.84,  290.05,  559.65,  293.40,  560.99,  293.16, 3358.80, 1752.99,   1902500, 5111.78,   18.15,   15.40,   17.94,   15.41,   18.49,   15.69,   15.86,   14.31,   16.49,   14.80,   16.14,   14.63,  103.07,   90.23,     18720,  193.31,   3461.87,   1843.22,   5305.09
2026-06-02,06:54:50.402,  511.67,  360.02,  513.14,  359.64,  509.59,  355.61,  502.85,  354.69,  506.28,  359.09,  506.87,  360.08, 3050.41, 2149.13,   1888920, 5199.53,   14.51,   11.40,   14.49,   11.49,   14.47,   11.57,   13.14,   10.52,   13.50,   10.82,   13.44,   10.82,   83.56,   66.62,     18680,  150.17,   3133.96,   2215.74,   5349.71
2026-06-02,06:54:50.453,  607.70,  391.28,  608.54,  391.48,  603.70,  387.83,  594.11,  385.75,  596.65,  388.79,  597.18,  388.56, 3607.88, 2333.69,   1906920, 5941.57,   22.52,   17.14,   22.18,   16.83,   23.08,   17.68,   20.61,   15.78,   20.57,   16.14,   20.17,   15.73,  129.13,   99.30,     18980,  228.43,   3737.00,   2432.99,   6170.00
2026-06-02,06:54:50.503,  576.80,  318.31,  578.09,  318.20,  574.62,  315.47,  566.10,  313.83,  568.38,  316.86,  569.88,  317.56, 3433.88, 1900.22,   1816940, 5334.10,   20.08,   15.96,   19.66,   15.53,   20.34,   15.91,   17.91,   14.45,   18.39,   15.58,   17.79,   14.68,  114.17,   92.11,     18680,  206.28,   3548.04,   1992.34,   5540.38
2026-06-02,06:54:50.553,  555.05,  360.57,  555.96,  360.83,  552.97,  357.79,  548.94,  358.09,  551.58,  361.03,  551.61,  360.86, 3316.10, 2159.18,   1903780, 5475.28,   18.73,   14.65,   18.86,   14.72,   19.31,   15.30,   17.66,   14.27,   17.95,   14.41,   17.56,   14.18,  110.07,   87.53,     18680,  197.59,   3426.16,   2246.70,   5672.87
2026-06-02,06:54:50.603,  515.25,  369.83,  516.89,  370.29,  514.74,  367.30,  510.30,  366.83,  513.42,  369.69,  514.28,  370.45, 3084.88, 2214.39,   1891700, 5299.27,   18.38,   13.67,   18.38,   13.72,   18.84,   14.12,   17.52,   13.00,   17.54,   13.35,   17.32,   12.93,  107.98,   80.79,     18700,  188.77,   3192.85,   2295.18,   5488.03
2026-06-02,06:54:50.653,  539.70,  322.98,  539.59,  322.96,  535.39,  320.37,  526.13,  318.54,  529.10,  321.54,  529.34,  321.65, 3199.24, 1928.06,   1816700, 5127.30,   15.81,   11.80,   15.50,   11.58,   16.29,   12.16,   14.19,   10.98,   14.55,   11.35,   14.42,   10.99,   90.76,   68.87,     18680,  159.63,   3290.00,   1996.93,   5286.93
2026-06-02,06:54:50.703,  638.48,  359.59,  640.67,  360.60,  637.83,  357.64,  632.73,  356.87,  634.57,  360.05,  635.77,  360.26, 3820.05, 2155.01,   1896180, 5975.07,   21.58,   14.70,   21.39,   14.31,   22.03,   14.76,   19.80,   13.53,   19.68,   13.75,   19.64,   13.30,  124.12,   84.36,     18680,  208.48,   3944.17,   2239.38,   6183.54
2026-06-02,06:54:50.753,  600.19,  384.39,  602.11,  383.99,  596.53,  380.00,  588.03,  379.81,  590.17,  382.70,  590.82,  383.23, 3567.85, 2294.12,   1869480, 5861.97,   21.47,   12.86,   21.26,   12.74,   21.96,   13.23,   20.41,   12.13,   20.74,   12.41,   20.20,   11.89,  126.04,   75.25,     18680,  201.30,   3693.89,   2369.38,   6063.27
2026-06-02,06:54:50.804,  591.14,  379.03,  593.32,  379.07,  590.85,  376.90,  582.50,  375.89,  585.59,  379.40,  585.99,  379.81, 3529.40, 2270.10,   1886360, 5799.50,   22.65,   17.19,   22.51,   17.27,   23.02,   17.62,   20.50,   15.85,   20.53,   15.92,   20.26,   15.57,  129.46,   99.41,     18720,  228.87,   3658.86,   2369.51,   6028.37
2026-06-02,06:54:50.854,  551.69,  283.50,  553.21,  283.89,  548.57,  280.19,  545.33,  279.36,  547.77,  281.59,  547.99,  281.66, 3294.55, 1690.19,   1825860, 4984.74,   12.99,   10.98,   13.14,   11.10,   13.40,   11.15,   10.98,   10.01,   11.71,   10.69,   11.18,   10.11,   73.40,   64.03,     18720,  137.43,   3367.95,   1754.22,   5122.17
2026-06-02,06:54:50.904,  529.91,  369.46,  529.83,  370.03,  526.01,  366.75,  521.95,  366.01,  525.06,  369.32,  526.00,  370.75, 3158.76, 2212.32,   1885480, 5371.08,   15.94,   12.17,   15.91,   12.23,   16.27,   12.60,   15.00,   11.77,   15.18,   12.02,   15.02,   11.60,   93.33,   72.39,     18700,  165.72,   3252.09,   2284.71,   5536.80
2026-06-02,06:54:50.954,  527.10,  375.27,  526.48,  375.37,  523.10,  373.15,  517.24,  372.23,  520.70,  374.54,  520.49,  374.62, 3135.11, 2245.17,   1894700, 5380.28,   19.75,   17.60,   19.64,   17.43,   20.97,   18.42,   18.25,   16.66,   18.45,   17.25,   18.32,   16.70,  115.37,  104.07,     18700,  219.44,   3250.48,   2349.24,   5599.72
2026-06-02,06:54:51.004,  592.98,  398.21,  592.92,  397.58,  588.93,  394.80,  582.40,  394.05,  583.59,  396.95,  583.67,  397.63, 3524.49, 2379.23,   1798560, 5903.72,   32.30,   18.58,   32.49,   18.28,   32.66,   18.74,   30.80,   17.43,   30.72,   18.05,   30.48,   17.55,  189.45,  108.63,     18680,  298.08,   3713.94,   2487.86,   6201.80
2026-06-02,06:54:51.054,  641.46,  352.15,  642.61,  351.97,  638.79,  349.73,  630.51,  348.73,  632.37,  351.27,  632.74,  351.69, 3818.47, 2105.54,   1896020, 5924.01,   18.15,   11.90,   18.27,   12.18,   18.70,   12.35,   16.76,   11.26,   17.06,   11.42,   16.72,   11.06,  105.65,   70.16,     18680,  175.82,   3924.13,   2175.70,   6099.83
2026-06-02,06:54:51.105,  526.68,  357.84,  526.36,  358.45,  523.15,  355.54,  517.17,  354.70,  521.01,  357.80,  521.87,  357.94, 3136.25, 2142.28,   1885704, 5278.53,   17.15,   12.45,   17.25,   12.62,   17.48,   12.78,   16.05,   11.72,   16.14,   11.85,   15.86,   11.82,   99.93,   73.23,     18684,  173.16,   3236.17,   2215.51,   5451.69
2026-06-02,06:54:51.157,  530.20,  363.43,  529.36,  363.22,  525.47,  359.56,  519.82,  358.80,  522.40,  361.34,  521.72,  361.56, 3148.98, 2167.92,   1879860, 5316.89,   16.99,   15.28,   17.35,   15.27,   17.56,   15.72,   15.50,   14.49,   15.46,   14.50,   15.20,   14.08,   98.06,   89.34,     19100,  187.40,   3247.04,   2257.25,   5504.29
2026-06-02,06:54:51.206,  614.12,  359.14,  616.07,  359.06,  612.72,  355.97,  603.29,  354.72,  607.28,  358.27,  608.83,  359.30, 3662.31, 2146.46,   1853380, 5808.77,   23.78,   15.63,   23.09,   15.28,   24.06,   15.97,   21.35,   14.21,   21.91,   14.98,   21.50,   14.10,  135.70,   90.17,     18600,  225.87,   3798.01,   2236.62,   6034.64
2026-06-02,06:54:51.256,  568.71,  367.63,  570.13,  368.23,  565.92,  364.72,  558.40,  364.38,  561.91,  367.07,  561.37,  366.69, 3386.44, 2198.71,   1885420, 5585.16,   15.75,   10.53,   15.43,   10.40,   15.90,   10.73,   14.55,    9.69,   15.01,   10.08,   14.83,    9.89,   91.48,   61.32,     18780,  152.81,   3477.92,   2260.04,   5737.96
2026-06-02,06:54:51.306,  504.07,  299.33,  504.67,  299.80,  500.84,  296.94,  495.34,  295.44,  499.29,  298.68,  500.23,  299.34, 3004.44, 1789.53,   1826720, 4793.97,   11.11,    8.67,   11.09,    8.43,   11.54,    8.67,   10.15,    7.84,   10.07,    7.92,    9.79,    7.62,   63.75,   49.16,     18740,  112.91,   3068.19,   1838.69,   4906.88
2026-06-02,06:54:51.356,  554.19,  354.06,  554.75,  353.69,  551.36,  350.96,  545.27,  350.46,  547.54,  353.13,  548.50,  353.30, 3301.61, 2115.59,   1807240, 5417.20,   21.28,   16.89,   21.14,   16.91,   21.88,   17.22,   19.20,   15.91,   19.36,   16.23,   19.37,   15.69,  122.24,   98.86,     18720,  221.09,   3423.85,   2214.45,   5638.29
2026-06-02,06:54:51.406,  609.11,  358.94,  612.33,  360.06,  607.47,  356.87,  599.63,  356.42,  602.47,  359.87,  604.50,  360.96, 3635.50, 2153.12,   1896980, 5788.62,   18.22,   11.32,   18.41,   11.49,   18.76,   11.77,   16.93,   10.43,   17.50,   11.10,   16.74,   10.25,  106.56,   66.35,     18700,  172.91,   3742.06,   2219.47,   5961.53
2026-06-02,06:54:51.457,  584.47,  361.50,  584.65,  361.37,  580.82,  357.63,  572.47,  356.62,  575.46,  359.43,  575.85,  359.64, 3473.73, 2156.19,   1883600, 5629.92,   19.04,   11.79,   18.87,   11.58,   19.61,   12.25,   17.78,   10.98,   17.89,   11.33,   17.50,   10.81,  110.69,   68.73,     18700,  179.42,   3584.42,   2224.93,   5809.34
2026-06-02,06:54:51.507,  522.62,  339.27,  522.50,  340.09,  519.63,  336.75,  517.12,  336.79,  521.08,  340.13,  521.13,  340.51, 3124.08, 2033.53,   1895760, 5157.61,   16.55,   15.58,   16.71,   15.90,   17.06,   15.95,   14.70,   14.74,   14.89,   14.78,   14.51,   14.80,   94.42,   91.75,     18680,  186.17,   3218.49,   2125.29,   5343.78
2026-06-02,06:54:51.557,  527.24,  365.47,  527.69,  366.10,  524.23,  363.22,  515.54,  361.51,  518.31,  363.67,  518.74,  364.01, 3131.76, 2183.98,   1790212, 5315.74,   24.41,   23.68,   23.95,   23.76,   25.27,   24.77,   22.47,   22.91,   22.32,   23.30,   22.12,   22.96,  140.54,  141.37,     18468,  281.91,   3272.30,   2325.35,   5597.66
2026-06-02,06:54:51.606,  618.93,  381.33,  619.71,  380.94,  617.06,  378.87,  608.43,  377.57,  611.02,  380.71,  610.85,  380.57, 3685.99, 2280.00,   1877140, 5965.99,   37.11,   28.65,   37.36,   28.77,   38.22,   29.41,   35.50,   27.77,   35.75,   28.35,   35.95,   28.29,  219.89,  171.24,     18713,  391.13,   3905.88,   2451.24,   6357.12
2026-06-02,06:54:51.657,  601.81,  326.37,  603.46,  326.89,  599.97,  323.57,  592.59,  321.68,  595.42,  324.92,  596.35,  325.30, 3589.60, 1948.73,   1896360, 5538.33,   19.56,   12.57,   19.57,   13.01,   20.12,   13.27,   17.49,   11.91,   17.89,   12.33,   17.31,   11.72,  111.94,   74.81,     18700,  186.75,   3701.53,   2023.54,   5725.08
2026-06-02,06:54:51.707,  577.46,  356.64,  578.36,  357.06,  575.88,  354.55,  570.99,  354.75,  573.74,  357.75,  574.80,  357.98, 3451.23, 2138.72,   1813193, 5589.95,   23.13,   16.84,   23.42,   17.37,   23.76,   17.47,   21.01,   16.13,   21.66,   16.51,   20.83,   15.90,  133.82,  100.22,     18664,  234.04,   3585.04,   2238.95,   5823.99
2026-06-02,06:54:51.759,  536.55,  368.94,  537.07,  368.97,  533.89,  365.69,  527.11,  364.53,  530.17,  366.86,  530.24,  367.84, 3195.02, 2202.83,   1903585, 5397.86,   21.71,   16.16,   21.22,   15.93,   21.71,   16.22,   20.02,   15.03,   20.80,   15.43,   20.24,   15.05,  125.69,   93.83,     18744,  219.52,   3320.72,   2296.66,   5617.38
2026-06-02,06:54:51.808,  572.78,  308.11,  572.27,  308.39,  568.08,  304.72,  560.57,  303.11,  562.97,  305.84,  564.47,  306.45, 3401.15, 1836.61,   1878589, 5237.76,   13.33,    9.87,   13.39,   10.00,   13.54,    9.92,   11.73,    8.84,   12.13,    9.18,   11.70,    8.91,   75.82,   56.72,     18692,  132.54,   3476.97,   1893.33,   5370.30
2026-06-02,06:54:51.858,  556.46,  369.00,  556.69,  369.30,  553.08,  365.78,  548.95,  366.13,  551.37,  368.85,  551.86,  368.72, 3318.40, 2207.79,   1896960, 5526.19,   23.05,   18.53,   22.91,   18.19,   23.62,   18.95,   21.22,   17.39,   21.65,   18.11,   20.90,   17.10,  133.36,  108.28,     18740,  241.63,   3451.76,   2316.06,   5767.82
2026-06-02,06:54:51.908,  532.10,  371.74,  532.97,  372.25,  530.67,  369.76,  525.69,  369.66,  529.16,  373.26,  529.57,  373.57, 3180.16, 2230.25,   1828220, 5410.40,   19.59,   14.06,   19.33,   13.95,   19.64,   14.05,   17.79,   13.05,   18.38,   13.48,   17.82,   12.96,  112.54,   81.57,     18720,  194.10,   3292.69,   2311.81,   5604.50
2026-06-02,06:54:51.959,  642.08,  407.64,  642.48,  407.06,  638.73,  403.46,  628.15,  402.81,  630.23,  404.89,  630.30,  405.39, 3811.98, 2431.25,   1923340, 6243.23,   22.86,   13.74,   22.78,   13.92,   23.18,   14.05,   21.60,   13.19,   21.95,   13.59,   21.25,   12.75,  133.63,   81.25,     19020,  214.88,   3945.61,   2512.51,   6458.12
2026-06-02,06:54:52.009,  684.75,  323.97,  687.09,  324.93,  682.74,  321.49,  675.93,  320.43,  678.20,  322.89,  678.68,  323.19, 4087.39, 1936.90,   1899500, 6024.29,   25.85,   14.48,   26.24,   14.57,   25.95,   14.44,   23.62,   13.42,   23.91,   13.59,   23.48,   13.13,  149.05,   83.62,     18680,  232.67,   4236.44,   2020.52,   6256.96
2026-06-02,06:54:52.059,  588.88,  368.37,  589.17,  368.39,  585.19,  365.87,  578.56,  364.62,  582.47,  367.36,  583.71,  367.19, 3507.97, 2201.80,   1817120, 5709.77,   19.65,   16.66,   19.55,   16.60,   20.26,   16.98,   17.60,   15.52,   17.89,   15.91,   17.81,   15.41,  112.76,   97.08,     18720,  209.84,   3620.73,   2298.87,   5919.61
2026-06-02,06:54:52.109,  557.85,  370.51,  558.13,  370.85,  555.14,  368.02,  549.95,  367.40,  552.92,  371.55,  552.91,  372.13, 3326.91, 2220.46,   1894420, 5547.37,   47.68,   39.10,   47.08,   38.68,   47.17,   39.02,   44.92,   37.98,   45.67,   38.85,   45.40,   38.53,  277.91,  232.15,     18780,  510.07,   3604.82,   2452.61,   6057.43
2026-06-02,06:54:52.159,  524.64,  300.93,  524.86,  300.70,  520.74,  297.09,  517.45,  296.52,  518.73,  298.69,  518.34,  298.77, 3124.76, 1792.68,   1776996, 4917.44,   47.68,   33.74,   48.25,   34.33,   47.52,   33.92,   43.57,   32.53,   44.37,   32.90,   43.51,   32.50,  274.90,  199.91,     18329,  474.81,   3399.66,   1992.59,   5392.25
2026-06-02,06:54:52.210,  602.85,  397.39,  603.74,  397.09,  600.58,  394.01,  590.07,  392.77,  594.02,  396.14,  593.63,  395.95, 3584.89, 2373.35,   1887380, 5958.23,   46.93,   32.51,   47.17,   32.47,   48.25,   33.28,   44.38,   31.10,   44.61,   31.77,   44.34,   31.23,  275.67,  192.36,     18720,  468.04,   3860.56,   2565.71,   6426.27
2026-06-02,06:54:52.261,  599.11,  371.61,  599.31,  370.99,  596.98,  369.80,  588.55,  368.34,  591.28,  370.94,  591.81,  371.28, 3567.04, 2222.96,   1847180, 5790.00,   58.76,   41.75,   57.74,   41.55,   58.00,   41.64,   53.90,   39.32,   54.58,   40.16,   53.67,   39.33,  336.65,  243.76,     19100,  580.41,   3903.69,   2466.72,   6370.41
2026-06-02,06:54:52.311,  536.41,  361.32,  537.71,  361.81,  535.26,  359.24,  529.97,  358.89,  532.25,  361.95,  532.44,  362.42, 3204.05, 2165.63,   1909700, 5369.68,   21.88,   17.46,   22.02,   17.83,   21.99,   17.59,   19.54,   16.55,   19.74,   16.93,   19.40,   16.54,  124.58,  102.89,     18700,  227.47,   3328.63,   2268.52,   5597.15
2026-06-02,06:54:52.361,  524.36,  315.50,  523.71,  315.18,  521.16,  312.49,  519.54,  311.56,  523.58,  315.00,  523.41,  315.67, 3135.77, 1885.40,   1890120, 5021.16,   19.96,   14.37,   20.47,   14.37,   20.86,   14.73,   18.41,   13.27,   18.75,   13.85,   18.49,   13.29,  116.94,   83.88,     18700,  200.82,   3252.70,   1969.28,   5221.98
2026-06-02,06:54:52.411,  521.01,  366.22,  521.53,  366.71,  517.79,  363.49,  512.44,  362.70,  515.94,  366.08,  516.74,  366.10, 3105.44, 2191.29,   1820660, 5296.74,   22.73,   17.65,   22.91,   18.04,   23.43,   18.25,   20.70,   16.70,   20.67,   16.94,   20.79,   17.12,  131.22,  104.70,     18680,  235.92,   3236.67,   2295.99,   5532.66
2026-06-02,06:54:52.461,  590.34,  337.04,  592.49,  337.03,  586.57,  332.96,  576.35,  331.39,  579.27,  334.42,  578.04,  334.55, 3503.06, 2007.38,   1870460, 5510.45,   15.61,    7.38,   15.67,    7.45,   16.06,    7.59,   14.94,    6.89,   14.88,    7.07,   14.83,    6.60,   91.98,   42.97,     18760,  134.95,   3595.04,   2050.35,   5645.40
2026-06-02,06:54:52.511,  591.70,  335.30,  592.99,  335.35,  588.86,  331.97,  584.40,  331.73,  586.69,  334.57,  587.94,  334.95, 3532.58, 2003.87,   1892980, 5536.45,   20.91,   19.95,   21.19,   19.83,   21.56,   20.12,   18.59,   18.48,   18.70,   18.78,   18.62,   18.55,  119.57,  115.70,     18680,  235.27,   3652.15,   2119.57,   5771.72
2026-06-02,06:54:52.561,  524.71,  322.48,  524.65,  322.69,  521.16,  319.87,  515.93,  318.95,  517.93,  321.97,  518.19,  322.66, 3122.58, 1928.61,   1888220, 5051.19,   15.85,   14.04,   15.78,   14.00,   16.21,   14.08,   14.23,   13.01,   14.23,   13.44,   13.81,   13.05,   90.10,   81.61,     18680,  171.71,   3212.67,   2010.23,   5222.90
2026-06-02,06:54:52.611,  519.67,  357.68,  521.29,  357.99,  518.17,  354.75,  513.02,  353.85,  516.26,  357.02,  517.64,  357.76, 3106.07, 2139.06,   1814840, 5245.13,   17.24,   12.12,   17.43,   12.14,   17.56,   12.51,   16.28,   11.48,   16.07,   11.72,   16.14,   11.35,  100.72,   71.32,     18700,  172.05,   3206.79,   2210.39,   5417.18
2026-06-02,06:54:52.661,  610.25,  362.60,  609.73,  362.31,  606.66,  359.44,  599.58,  358.81,  601.24,  361.60,  600.86,  361.20, 3628.32, 2165.96,   1883480, 5794.28,   25.52,   19.53,   25.40,   19.84,   26.01,   20.09,   23.21,   18.61,   23.65,   19.33,   23.21,   18.47,  147.00,  115.88,     18700,  262.88,   3775.33,   2281.84,   6057.16
2026-06-02,06:54:52.711,  575.32,  372.23,  575.98,  372.22,  572.41,  369.68,  565.24,  368.59,  567.22,  371.42,  568.40,  372.11, 3424.57, 2226.26,   1872880, 5650.82,   23.09,   17.79,   22.69,   17.52,   23.29,   18.04,   21.03,   16.45,   21.12,   16.81,   20.97,   16.47,  132.19,  103.09,     18660,  235.29,   3556.76,   2329.35,   5886.11
2026-06-02,06:54:52.761,  545.10,  314.25,  546.63,  314.16,  543.78,  310.97,  536.07,  309.30,  538.65,  312.91,  540.04,  313.23, 3250.27, 1874.83,   1825440, 5125.10,   16.03,   12.87,   15.72,   12.55,   16.29,   12.77,   14.81,   11.87,   14.85,   12.20,   14.53,   11.92,   92.23,   74.19,     18700,  166.41,   3342.50,   1949.02,   5291.51
2026-06-02,06:54:52.811,  587.99,  357.57,  588.14,  357.74,  583.14,  354.53,  577.94,  354.38,  580.34,  356.75,  580.91,  356.61, 3498.46, 2137.58,   1884260, 5636.04,   20.95,   14.23,   20.84,   13.93,   21.39,   14.57,   19.46,   13.23,   19.83,   13.74,   19.49,   13.22,  121.96,   82.91,     18680,  204.88,   3620.42,   2220.50,   5840.92
2026-06-02,06:54:52.861,  574.31,  381.62,  574.68,  381.37,  571.76,  378.61,  563.43,  377.88,  565.80,  380.94,  566.06,  380.69, 3416.03, 2281.12,   1892820, 5697.15,   21.09,   15.70,   20.71,   15.53,   21.52,   16.49,   19.21,   14.85,   19.53,   15.56,   19.22,   14.83,  121.27,   92.97,     18660,  214.24,   3537.31,   2374.09,   5911.39
2026-06-02,06:54:52.912,  577.08,  358.29,  579.05,  358.77,  575.23,  355.69,  568.40,  355.41,  571.65,  359.06,  572.39,  359.41, 3443.80, 2146.62,   1895720, 5590.42,   18.28,   15.72,   17.72,   15.30,   18.43,   15.90,   15.84,   14.69,   16.36,   15.05,   15.99,   14.68,  102.62,   91.35,     18680,  193.97,   3546.41,   2237.97,   5784.38
2026-06-02,06:54:52.962,  608.82,  354.52,  609.61,  354.95,  606.45,  351.69,  597.46,  349.71,  600.13,  352.70,  601.29,  352.68, 3623.76, 2116.25,   1812520, 5740.01,   22.77,   13.18,   22.59,   12.85,   23.10,   13.41,   21.94,   12.31,   22.11,   12.77,   21.27,   11.96,  133.79,   76.47,     18720,  210.26,   3757.55,   2192.72,   5950.27
2026-06-02,06:54:53.012,  686.66,  403.38,  685.20,  403.12,  684.54,  401.43,  671.73,  399.93,  675.95,  402.96,  674.65,  401.88, 4078.73, 2412.71,   1810660, 6491.44,   33.88,   17.45,   33.76,   16.90,   34.06,   17.64,   31.92,   16.02,   32.22,   16.60,   32.02,   16.02,  197.85,  100.64,     18640,  298.49,   4276.59,   2513.35,   6789.94
2026-06-02,06:54:53.062,  618.63,  372.90,  618.87,  371.69,  614.72,  368.67,  606.16,  366.26,  606.58,  369.17,  606.56,  369.56, 3671.51, 2218.25,   1878620, 5889.76,   18.86,   12.48,   18.76,   12.45,   19.37,   12.89,   17.35,   11.64,   17.68,   11.91,   17.22,   11.74,  109.23,   73.10,     18700,  182.33,   3780.75,   2291.35,   6072.10
2026-06-02,06:54:53.113,  574.37,  363.69,  576.69,  364.31,  572.84,  361.25,  567.63,  360.91,  570.42,  363.38,  571.32,  363.92, 3433.26, 2177.45,   1866918, 5610.71,   18.66,   16.44,   18.63,   16.71,   19.15,   16.81,   17.18,   15.48,   17.53,   15.88,   17.04,   15.47,  108.18,   96.79,     18684,  204.97,   3541.44,   2274.24,   5815.68
2026-06-02,06:54:53.164,  573.94,  389.88,  573.73,  389.79,  570.91,  386.90,  566.34,  386.25,  568.25,  388.74,  567.98,  389.37, 3421.15, 2330.92,   1905220, 5752.07,   19.90,   14.56,   19.54,   14.66,   20.01,   15.08,   18.44,   14.31,   18.75,   14.61,   18.53,   14.28,  115.18,   87.50,     19060,  202.68,   3536.33,   2418.43,   5954.76
2026-06-02,06:54:53.214,  538.21,  354.12,  538.15,  354.05,  534.88,  350.96,  526.51,  349.67,  528.97,  352.73,  529.92,  353.08, 3196.64, 2114.62,   1889520, 5311.25,   12.53,    9.68,   12.31,    9.23,   12.71,    9.66,   11.22,    9.04,   11.60,    9.47,   11.15,    9.04,   71.53,   56.11,     18680,  127.64,   3268.17,   2170.73,   5438.89
2026-06-02,06:54:53.264,  597.79,  322.84,  599.25,  323.42,  596.45,  321.32,  590.89,  319.66,  593.76,  323.08,  595.78,  323.15, 3573.92, 1933.48,   1881680, 5507.40,   24.88,   20.86,   24.78,   21.10,   25.30,   21.37,   22.49,   19.99,   23.31,   20.54,   22.91,   20.15,  143.66,  124.00,     18780,  267.66,   3717.58,   2057.47,   5775.06
2026-06-02,06:54:53.314,  562.99,  357.94,  564.70,  358.39,  560.59,  355.08,  553.79,  354.13,  555.84,  356.68,  554.12,  356.68, 3352.03, 2138.90,   1814440, 5490.94,   17.03,   10.41,   16.73,   10.50,   16.96,   10.58,   15.98,    9.89,   16.06,    9.99,   15.78,    9.63,   98.53,   61.00,     18720,  159.54,   3450.57,   2199.91,   5650.47
2026-06-02,06:54:53.364,  532.70,  354.33,  533.90,  354.21,  530.89,  351.38,  524.94,  350.44,  528.84,  354.10,  528.13,  354.13, 3179.39, 2118.60,   1895480, 5298.00,   19.14,   14.46,   18.98,   14.16,   19.53,   14.90,   17.59,   13.69,   17.46,   13.66,   17.10,   13.23,  109.81,   84.11,     18680,  193.92,   3289.21,   2202.71,   5491.92
2026-06-02,06:54:53.414,  556.55,  371.67,  557.55,  371.62,  554.31,  368.46,  545.50,  366.52,  550.33,  370.41,  550.34,  370.26, 3314.59, 2218.93,   1886040, 5533.52,   19.26,   14.99,   18.73,   14.53,   19.82,   15.60,   17.57,   14.00,   17.74,   14.14,   17.20,   13.78,  110.32,   87.05,     18780,  197.37,   3424.91,   2305.98,   5730.89
2026-06-02,06:54:53.464,  612.72,  372.13,  615.05,  372.60,  611.19,  369.78,  602.15,  368.61,  605.68,  371.78,  605.24,  371.83, 3652.03, 2226.73,   1816680, 5878.75,   22.97,   13.54,   22.35,   13.05,   23.46,   13.82,   21.51,   12.55,   21.99,   13.05,   21.51,   12.70,  133.79,   78.70,     18700,  212.50,   3785.82,   2305.43,   6091.25
2026-06-02,06:54:53.514,  542.20,  343.94,  541.36,  343.46,  537.14,  339.55,  533.92,  339.19,  537.21,  343.35,  535.57,  343.09, 3227.40, 2052.59,   1874680, 5279.99,   17.65,   12.64,   17.81,   12.71,   18.24,   13.06,   16.38,   11.84,   16.58,   11.96,   16.20,   11.69,  102.85,   73.90,     18640,  176.76,   3330.25,   2126.49,   5456.74
2026-06-02,06:54:53.565,  518.47,  364.21,  519.19,  364.37,  514.82,  362.11,  510.50,  361.61,  514.79,  365.86,  513.73,  365.52, 3091.52, 2183.68,   1908820, 5275.19,   16.58,   15.60,   16.18,   15.24,   16.69,   15.59,   14.61,   14.65,   14.89,   14.92,   14.78,   14.80,   93.73,   90.79,     18680,  184.52,   3185.24,   2274.47,   5459.71
2026-06-02,06:54:53.615,  601.92,  357.17,  602.33,  357.05,  598.04,  352.96,  589.82,  351.62,  593.22,  354.63,  593.12,  354.55, 3578.44, 2127.98,   1877420, 5706.43,   24.25,   18.54,   24.34,   18.68,   25.07,   19.14,   22.59,   17.75,   22.59,   18.27,   22.16,   17.61,  141.00,  110.00,     18700,  250.99,   3719.44,   2237.98,   5957.42
2026-06-02,06:54:53.665,  591.68,  376.25,  592.41,  375.19,  588.76,  372.59,  577.41,  369.89,  579.96,  373.34,  580.61,  372.44, 3510.84, 2239.70,   1818200, 5750.54,   22.49,   14.48,   21.82,   14.29,   22.73,   14.86,   20.61,   13.33,   21.08,   13.86,   20.71,   13.39,  129.45,   84.21,     18720,  213.66,   3640.29,   2323.92,   5964.20
2026-06-02,06:54:53.715,  585.39,  352.19,  586.89,  351.84,  582.93,  349.42,  576.54,  348.50,  579.72,  352.50,  580.92,  352.67, 3492.40, 2107.12,   1883040, 5599.51,   18.79,   15.69,   18.81,   15.64,   19.49,   16.12,   16.86,   14.62,   17.09,   14.92,   17.05,   14.51,  108.10,   91.50,     18680,  199.60,   3600.49,   2198.62,   5799.11
2026-06-02,06:54:53.765,  568.77,  356.93,  571.56,  356.99,  567.15,  353.48,  563.15,  352.72,  565.43,  355.91,  566.11,  354.89, 3402.17, 2130.93,   1893620, 5533.09,   21.04,   16.60,   21.09,   16.78,   21.89,   17.35,   19.18,   15.55,   19.63,   16.09,   19.62,   15.86,  122.46,   98.23,     18640,  220.69,   3524.62,   2229.16,   5753.78
2026-06-02,06:54:53.815,  543.88,  350.30,  543.90,  350.85,  539.63,  348.22,  530.47,  346.65,  533.29,  350.20,  534.01,  350.69, 3225.18, 2096.92,   1810700, 5322.09,   15.98,   10.45,   16.24,   10.54,   16.60,   10.66,   15.29,    9.81,   15.53,   10.15,   15.20,    9.81,   94.85,   61.42,     18720,  156.27,   3320.02,   2158.34,   5478.36
2026-06-02,06:54:53.865,  564.66,  324.94,  566.81,  324.43,  562.76,  321.83,  555.27,  320.03,  558.39,  323.97,  559.88,  323.36, 3367.77, 1938.55,   1825660, 5306.33,   15.75,   12.19,   15.85,   12.31,   15.98,   12.56,   14.45,   11.60,   14.40,   11.69,   14.21,   11.62,   90.64,   71.97,     18720,  162.60,   3458.41,   2010.52,   5468.93
2026-06-02,06:54:53.915,  536.52,  376.14,  536.96,  375.58,  533.72,  372.59,  526.91,  370.76,  530.17,  374.44,  529.53,  373.72, 3193.82, 2243.24,   1885700, 5437.06,   19.01,   16.46,   18.67,   16.11,   19.29,   16.86,   16.95,   15.37,   17.19,   15.68,   16.95,   15.26,  108.05,   95.73,     18720,  203.79,   3301.87,   2338.97,   5640.84
2026-06-02,06:54:53.965,  569.31,  362.32,  571.37,  362.09,  568.62,  359.27,  564.36,  359.40,  566.78,  362.89,  567.44,  362.51, 3407.87, 2168.47,   1898380, 5576.34,   23.23,   16.42,   22.69,   16.38,   23.54,   16.63,   21.51,   15.22,   21.74,   15.69,   21.59,   15.59,  134.29,   95.92,     18680,  230.21,   3542.16,   2264.39,   5806.55
2026-06-02,06:54:54.015,  699.22,  409.07,  700.20,  409.19,  695.76,  407.08,  684.71,  404.84,  687.41,  408.94,  686.61,  407.78, 4153.91, 2446.91,   1812300, 6600.82,   66.04,   34.17,   65.56,   34.13,   66.57,   34.92,   60.89,   32.87,   61.69,   32.81,   61.03,   32.38,  381.79,  201.30,     18700,  583.08,   4535.69,   2648.21,   7183.90
2026-06-02,06:54:54.065,  586.82,  295.67,  588.40,  297.16,  584.74,  294.21,  580.44,  293.60,  583.62,  296.44,  585.57,  296.59, 3509.59, 1773.67,   1895280, 5283.26,   15.77,   11.77,   15.81,   11.78,   15.92,   11.71,   13.84,   10.84,   14.50,   11.53,   13.84,   10.87,   89.68,   68.50,     18680,  158.18,   3599.27,   1842.17,   5441.44
2026-06-02,06:54:54.115,  521.64,  364.61,  522.45,  364.24,  519.42,  361.19,  513.45,  360.04,  517.51,  363.63,  517.37,  363.53, 3111.83, 2177.23,   1889180, 5289.06,   20.39,   15.22,   20.10,   15.03,   20.71,   15.55,   18.71,   14.60,   19.00,   14.92,   18.60,   14.30,  117.51,   89.62,     18680,  207.13,   3229.34,   2266.85,   5496.19
2026-06-02,06:54:54.165,  530.63,  367.55,  531.27,  367.28,  527.28,  363.57,  521.32,  362.06,  523.68,  365.51,  522.92,  365.38, 3157.10, 2191.35,   1885920, 5348.44,   14.01,    9.58,   13.88,    9.25,   14.05,    9.72,   13.38,    9.19,   13.62,    9.35,   13.27,    9.08,   82.22,   56.18,     18680,  138.40,   3239.31,   2247.53,   5486.84
2026-06-02,06:54:54.216,  617.58,  376.30,  619.15,  376.29,  616.86,  374.02,  605.35,  372.49,  607.43,  375.00,  609.58,  375.63, 3675.95, 2249.73,   1835291, 5925.68,   22.00,   13.61,   21.90,   13.23,   23.05,   14.18,   20.37,   12.55,   20.64,   12.97,   19.88,   12.44,  127.83,   78.99,     18684,  206.83,   3803.79,   2328.72,   6132.51
2026-06-02,06:54:54.267,  564.63,  327.22,  565.09,  327.60,  562.04,  324.78,  556.50,  323.77,  559.64,  327.50,  560.55,  327.84, 3368.45, 1958.72,   1927160, 5327.17,   18.11,   13.91,   18.01,   14.07,   18.41,   14.23,   16.17,   12.87,   16.54,   13.55,   16.24,   13.16,  103.48,   81.79,     19060,  185.27,   3471.93,   2040.51,   5512.43
2026-06-02,06:54:54.318,  513.96,  359.01,  514.80,  359.39,  511.70,  356.47,  507.32,  356.54,  510.57,  359.17,  511.07,  359.95, 3069.42, 2150.53,   1882240, 5219.95,   14.98,   11.03,   14.80,   10.96,   15.27,   11.29,   13.85,   10.59,   14.05,   10.69,   13.96,   10.31,   86.92,   64.88,     18700,  151.79,   3156.34,   2215.41,   5371.75
2026-06-02,06:54:54.368,  559.57,  367.12,  561.51,  367.25,  557.90,  364.52,  549.09,  363.10,  551.90,  366.19,  552.65,  365.97, 3332.62, 2194.15,   1830660, 5526.77,   23.15,   16.21,   22.99,   16.19,   23.69,   16.54,   21.50,   15.19,   21.79,   15.87,   21.30,   15.04,  134.42,   95.04,     18660,  229.46,   3467.04,   2289.19,   5756.23
2026-06-02,06:54:54.418,  618.13,  321.67,  619.31,  321.65,  614.17,  317.74,  609.01,  316.55,  610.91,  319.75,  611.26,  320.11, 3682.79, 1917.46,   1894960, 5600.25,   18.01,   14.60,   17.97,   14.85,   18.43,   14.98,   16.12,   13.75,   16.52,   14.22,   15.88,   13.49,  102.93,   85.90,     18720,  188.83,   3785.72,   2003.35,   5789.07
2026-06-02,06:54:54.468,  548.86,  375.33,  549.70,  375.17,  546.49,  372.23,  540.77,  371.36,  543.21,  373.97,  543.85,  374.20, 3272.88, 2242.26,   1882420, 5515.14,   21.56,   16.67,   20.99,   16.27,   21.82,   16.95,   19.90,   15.68,   19.63,   15.86,   19.72,   15.53,  123.62,   96.95,     18640,  220.57,   3396.50,   2339.20,   5735.70
2026-06-02,06:54:54.518,  508.92,  354.29,  510.66,  355.36,  507.96,  352.03,  502.64,  352.01,  506.42,  355.59,  506.76,  356.43, 3043.37, 2125.70,   1817220, 5169.07,   15.49,   11.16,   15.45,   10.95,   16.07,   11.47,   14.69,   10.25,   15.01,   10.84,   14.47,   10.39,   91.19,   65.06,     18700,  156.24,   3134.56,   2190.76,   5325.31
2026-06-02,06:54:54.568,  569.26,  296.61,  570.62,  298.25,  566.47,  294.89,  561.49,  293.48,  564.73,  296.18,  566.75,  296.25, 3399.32, 1775.65,   1883500, 5174.97,   15.34,   14.31,   15.62,   14.42,   15.66,   14.47,   13.56,   13.42,   13.84,   13.87,   13.59,   13.53,   87.61,   84.02,     18640,  171.62,   3486.93,   1859.67,   5346.60
2026-06-02,06:54:54.618,  541.47,  374.76,  540.71,  373.87,  537.25,  370.82,  529.34,  369.88,  531.81,  373.20,  530.71,  373.75, 3211.29, 2236.27,   1885780, 5447.56,   20.59,   17.42,   20.32,   17.20,   20.78,   17.90,   18.68,   16.70,   18.65,   16.70,   18.68,   16.53,  117.69,  102.46,     18720,  220.16,   3328.98,   2338.74,   5667.72
2026-06-02,06:54:54.668,  354.78,  229.16,  355.22,  229.66,  352.40,  227.43,  348.97,  227.13,  351.85,  228.84,  351.19,  228.57, 2114.41, 1370.79,   1230420, 3485.20,   15.90,    8.79,   15.64,    8.77,   16.00,    8.97,   15.21,    8.34,   15.37,    8.65,   15.34,    8.35,   93.47,   51.86,     18660,  145.32,   2207.87,   1422.65,   3630.52
2026-06-02,06:54:54.718,  560.02,  376.80,  562.40,  377.33,  560.46,  375.40,  549.16,  373.29,  551.80,  375.49,  552.72,  375.88, 3336.55, 2254.20,   1619080, 5590.75,   23.09,   13.88,   22.86,   13.70,   23.57,   14.49,   21.85,   13.30,   21.73,   13.47,   21.39,   12.74,  134.50,   81.58,     18700,  216.09,   3471.05,   2335.79,   5806.84
2026-06-02,06:54:54.768,  557.48,  316.54,  558.98,  316.34,  553.48,  313.25,  546.29,  311.74,  550.12,  315.89,  551.45,  316.07, 3317.80, 1889.83,   1884060, 5207.64,   19.91,   17.15,   19.37,   17.20,   19.89,   17.52,   17.88,   16.65,   17.89,   16.88,   17.73,   16.34,  112.66,  101.73,     18680,  214.39,   3430.46,   1991.56,   5422.03
2026-06-02,06:54:54.819,  584.52,  352.39,  585.26,  352.44,  581.80,  348.95,  576.82,  348.69,  580.07,  352.31,  579.52,  351.47, 3487.99, 2106.26,   1940240, 5594.25,   18.96,   13.92,   18.81,   13.84,   19.16,   14.20,   17.78,   13.27,   18.04,   13.69,   17.57,   13.08,  110.31,   82.01,     19040,  192.32,   3598.30,   2188.27,   5786.57
2026-06-02,06:54:54.869,  564.96,  366.19,  565.74,  366.07,  561.94,  363.46,  553.15,  362.30,  554.52,  365.11,  555.35,  365.30, 3355.66, 2188.42,   1810460, 5544.08,   15.89,   11.05,   15.53,   10.64,   16.27,   11.41,   14.70,   10.10,   14.81,   10.57,   14.61,   10.06,   91.81,   63.82,     18720,  155.63,   3447.47,   2252.24,   5699.71
2026-06-02,06:54:54.919,  558.07,  313.94,  558.76,  314.19,  554.38,  310.38,  549.33,  309.77,  551.35,  312.63,  552.35,  313.48, 3324.24, 1874.39,   1899500, 5198.63,   18.06,   14.13,   17.98,   14.06,   18.20,   14.35,   16.18,   13.33,   16.56,   13.55,   16.37,   13.29,  103.35,   82.71,     18640,  186.05,   3427.59,   1957.10,   5384.69
2026-06-02,06:54:54.969,  540.67,  364.66,  541.25,  364.90,  539.10,  362.45,  536.00,  361.31,  539.81,  364.54,  538.98,  364.56, 3235.79, 2182.42,   1886340, 5418.22,   20.28,   15.50,   20.22,   15.60,   20.90,   16.10,   19.06,   14.90,   19.29,   15.05,   18.97,   14.69,  118.74,   91.83,     18700,  210.57,   3354.53,   2274.26,   5628.79
2026-06-02,06:54:55.019,  702.59,  372.27,  704.26,  373.52,  698.82,  370.11,  686.81,  369.38,  688.29,  372.15,  688.46,  373.42, 4169.22, 2230.85,   1885160, 6400.06,   26.53,   10.77,   26.76,   10.76,   26.92,   11.04,   25.94,   10.17,   26.06,   10.61,   25.71,    9.89,  157.92,   63.25,     18680,  221.17,   4327.14,   2294.10,   6621.23
2026-06-02,06:54:55.069,  571.36,  312.65,  571.89,  312.29,  568.54,  309.32,  562.48,  307.24,  564.60,  310.32,  565.25,  310.13, 3404.11, 1861.96,   1816880, 5266.06,   16.46,   13.84,   16.25,   13.68,   16.53,   14.30,   14.78,   13.32,   15.29,   13.64,   14.77,   13.04,   94.08,   81.83,     18680,  175.91,   3498.19,   1943.78,   5441.97
2026-06-02,06:54:55.119,  532.64,  364.80,  533.54,  364.95,  529.89,  361.65,  524.02,  360.43,  527.29,  363.49,  527.16,  363.33, 3174.53, 2178.65,   1893520, 5353.19,   23.97,   21.66,   24.15,   21.45,   24.37,   21.69,   21.96,   20.73,   21.96,   21.21,   21.73,   20.81,  138.13,  127.55,     18720,  265.68,   3312.67,   2306.21,   5618.87
2026-06-02,06:54:55.169,  543.37,  382.56,  544.38,  382.46,  540.51,  379.59,  534.99,  379.17,  537.89,  382.15,  537.82,  382.12, 3238.96, 2288.05,   1902480, 5527.01,   20.07,   14.79,   19.65,   14.73,   19.97,   14.92,   18.70,   14.08,   18.82,   14.22,   18.74,   14.10,  115.96,   86.85,     18720,  202.80,   3354.92,   2374.90,   5729.82
2026-06-02,06:54:55.219,  592.10,  367.62,  593.71,  367.58,  589.39,  364.73,  580.24,  362.80,  581.96,  365.99,  584.18,  366.78, 3521.58, 2195.50,   1809660, 5717.08,   17.64,   12.58,   17.45,   12.19,   18.09,   12.72,   16.27,   12.00,   16.29,   12.05,   16.02,   11.73,  101.76,   73.26,     18680,  175.02,   3623.35,   2268.76,   5892.10
2026-06-02,06:54:55.269,  518.48,  302.46,  518.51,  302.83,  515.73,  299.82,  514.03,  299.46,  517.49,  303.04,  517.95,  302.87, 3102.19, 1810.47,   1904400, 4912.66,   14.05,   12.61,   14.03,   12.35,   14.44,   12.66,   12.66,   11.89,   12.98,   12.19,   12.56,   11.72,   80.73,   73.41,     18680,  154.14,   3182.91,   1883.88,   5066.79
2026-06-02,06:54:55.319,  577.19,  367.50,  578.37,  367.94,  575.28,  364.96,  567.60,  363.52,  570.62,  366.17,  570.81,  366.42, 3439.87, 2196.51,   1886720, 5636.38,   21.19,   15.65,   20.65,   15.31,   21.62,   15.77,   19.63,   14.97,   19.64,   15.17,   19.06,   14.52,  121.79,   91.39,     18660,  213.18,   3561.66,   2287.89,   5849.55
2026-06-02,06:54:55.370,  578.60,  346.01,  580.11,  346.26,  575.99,  342.85,  567.54,  341.43,  570.10,  345.09,  571.08,  345.54, 3443.41, 2067.17,   1883040, 5510.58,   16.67,   12.73,   16.72,   12.89,   17.05,   13.09,   15.50,   12.32,   15.76,   12.69,   15.71,   12.22,   97.42,   75.93,     18680,  173.35,   3540.83,   2143.10,   5683.93
2026-06-02,06:54:55.420,  527.75,  371.80,  528.35,  372.39,  526.29,  369.55,  519.40,  369.06,  522.40,  371.00,  523.19,  371.35, 3147.38, 2225.14,   1829000, 5372.53,   18.21,   13.58,   17.91,   13.54,   18.53,   13.97,   16.79,   13.13,   16.44,   13.09,   16.61,   12.77,  104.49,   80.09,     18720,  184.58,   3251.87,   2305.23,   5557.10
2026-06-02,06:54:55.470,  517.26,  345.76,  519.01,  345.99,  516.37,  342.77,  514.29,  342.98,  516.70,  346.48,  516.10,  346.98, 3099.74, 2070.96,   1886660, 5170.70,   17.81,   13.50,   17.85,   13.50,   18.22,   14.20,   16.76,   12.95,   16.89,   13.34,   16.68,   12.59,  104.20,   80.07,     18720,  184.28,   3203.95,   2151.03,   5354.98
2026-06-02,06:54:55.520,  596.37,  378.43,  596.37,  378.70,  592.01,  374.90,  582.10,  373.27,  584.57,  375.91,  584.57,  375.99, 3535.98, 2257.22,   1872900, 5793.20,   18.16,   11.29,   18.01,   11.34,   18.60,   11.74,   17.08,   10.83,   17.20,   10.79,   17.26,   10.88,  106.31,   66.88,     18680,  173.19,   3642.29,   2324.10,   5966.39
2026-06-02,06:54:55.570,  571.34,  354.34,  574.55,  356.16,  569.52,  352.67,  562.28,  352.08,  564.44,  355.67,  566.44,  356.21, 3408.58, 2127.13,   1819920, 5535.71,   17.05,   12.56,   17.10,   12.73,   17.82,   13.10,   15.46,   12.10,   15.55,   12.10,   15.42,   11.83,   98.41,   74.43,     18680,  172.83,   3506.98,   2201.56,   5708.54
2026-06-02,06:54:55.620,  639.74,  342.10,  642.02,  341.40,  637.69,  337.55,  629.05,  335.68,  631.79,  338.26,  631.88,  339.33, 3812.18, 2034.30,   1890860, 5846.48,   25.04,   16.91,   24.59,   16.40,   25.42,   17.18,   22.95,   15.68,   23.37,   16.13,   22.60,   15.38,  143.97,   97.68,     18700,  241.65,   3956.15,   2131.98,   6088.13
2026-06-02,06:54:55.670,  563.31,  371.88,  563.58,  372.80,  559.58,  369.63,  555.65,  369.11,  557.73,  372.24,  558.98,  373.33, 3358.84, 2228.98,   1878300, 5587.82,   17.58,   12.61,   17.74,   12.76,   18.47,   13.51,   16.62,   12.15,   16.68,   12.33,   16.73,   12.29,  103.83,   75.65,     18700,  179.48,   3462.67,   2304.63,   5767.30
2026-06-02,06:54:55.721,  507.44,  343.73,  508.24,  344.28,  503.79,  341.10,  498.94,  341.27,  499.56,  343.97,  500.67,  344.50, 3018.63, 2058.84,   1898819, 5077.47,   14.27,    8.96,   14.13,    8.97,   14.69,    9.25,   13.51,    8.43,   13.67,    8.91,   13.55,    8.67,   83.82,   53.19,     18684,  137.01,   3102.45,   2112.03,   5214.48
2026-06-02,06:54:55.772,  555.72,  320.57,  557.11,  321.13,  554.82,  318.36,  549.56,  315.69,  553.10,  318.72,  553.47,  318.69, 3323.78, 1913.15,   1875240, 5236.93,   19.93,   14.62,   19.66,   14.70,   20.46,   15.23,   18.33,   13.87,   18.70,   14.42,   18.39,   13.89,  115.47,   86.72,     19020,  202.19,   3439.25,   1999.87,   5439.12
2026-06-02,06:54:55.822,  588.50,  363.24,  590.11,  363.45,  585.27,  359.56,  577.76,  358.36,  578.80,  361.73,  578.97,  362.30, 3499.40, 2168.64,   1868780, 5668.04,   16.49,   12.53,   16.01,   12.26,   16.73,   12.68,   14.84,   11.87,   15.23,   12.22,   14.93,   11.89,   94.23,   73.44,     18720,  167.67,   3593.63,   2242.08,   5835.71
2026-06-02,06:54:55.872,  532.78,  338.32,  533.85,  339.00,  530.53,  335.70,  524.54,  334.38,  527.11,  337.47,  527.60,  338.10, 3176.42, 2022.96,   1893520, 5199.38,   13.96,    8.16,   13.94,    8.16,   14.13,    8.41,   13.53,    7.83,   13.68,    8.01,   13.44,    7.68,   82.68,   48.25,     18680,  130.93,   3259.10,   2071.21,   5330.32
2026-06-02,06:54:55.922,  521.66,  332.69,  521.85,  333.25,  520.19,  331.46,  516.90,  330.81,  519.75,  334.18,  520.73,  334.72, 3121.08, 1997.12,   1811820, 5118.20,   68.94,   57.90,   68.12,   57.96,   68.07,   57.67,   63.00,   55.75,   63.93,   56.65,   63.07,   56.30,  395.14,  342.22,     18720,  737.36,   3516.22,   2339.34,   5855.56
2026-06-02,06:54:55.972,  587.23,  357.77,  589.19,  357.86,  583.59,  354.59,  574.46,  353.66,  576.78,  357.38,  578.41,  358.13, 3489.66, 2139.40,   1880620, 5629.06,   40.96,   27.21,   41.07,   27.52,   41.45,   27.64,   37.34,   26.00,   38.24,   26.98,   37.92,   26.38,  236.98,  161.73,     18740,  398.72,   3726.64,   2301.13,   6027.77
2026-06-02,06:54:56.023,  621.88,  346.40,  622.76,  346.65,  620.25,  344.44,  614.91,  342.61,  618.86,  345.29,  618.96,  344.76, 3717.61, 2070.15,   1907880, 5787.77,   64.43,   39.57,   64.60,   39.60,   63.87,   39.44,   59.80,   37.05,   60.93,   37.63,   60.71,   38.12,  374.34,  231.41,     18780,  605.75,   4091.95,   2301.56,   6393.51
2026-06-02,06:54:56.073,  634.27,  388.61,  635.61,  388.76,  632.16,  385.66,  621.07,  383.42,  622.86,  385.41,  622.44,  386.34, 3768.41, 2318.19,   1838800, 6086.60,   41.85,   27.67,   41.75,   27.69,   42.39,   28.09,   38.92,   26.16,   39.48,   26.99,   39.48,   26.72,  243.87,  163.32,     18720,  407.19,   4012.28,   2481.51,   6493.79
2026-06-02,06:54:56.123,  591.59,  313.61,  594.01,  314.14,  589.54,  311.03,  582.37,  309.42,  584.94,  312.74,  585.89,  313.11, 3528.35, 1874.07,   1871160, 5402.42,   16.38,    9.63,   16.29,    9.51,   16.36,    9.24,   14.49,    8.28,   14.77,    8.89,   14.44,    8.64,   92.72,   54.20,     18680,  146.92,   3621.07,   1928.26,   5549.34
2026-06-02,06:54:56.173,  527.00,  355.06,  527.01,  354.99,  523.89,  351.88,  519.28,  350.52,  522.47,  353.69,  522.66,  354.11, 3142.31, 2120.25,   1899000, 5262.56,   19.58,   14.86,   19.57,   14.70,   19.78,   15.13,   18.11,   13.95,   18.19,   14.29,   18.18,   14.07,  113.41,   87.00,     18680,  200.40,   3255.72,   2207.24,   5462.96
2026-06-02,06:54:56.223,  540.41,  370.20,  541.84,  370.70,  538.68,  368.07,  533.38,  367.11,  536.87,  370.98,  538.40,  372.09, 3229.58, 2219.15,   1887580, 5448.73,   20.95,   13.71,   20.99,   13.83,   21.45,   14.08,   20.15,   13.03,   20.27,   13.48,   20.24,   13.28,  124.05,   81.41,     18680,  205.46,   3353.63,   2300.56,   5654.20
2026-06-02,06:54:56.273,  592.11,  330.39,  592.92,  331.18,  589.17,  327.58,  581.03,  326.42,  583.78,  329.40,  584.94,  329.86, 3523.95, 1974.83,   1824080, 5498.78,   16.89,   11.20,   16.91,   11.35,   17.30,   11.68,   14.96,   10.21,   15.36,   10.89,   15.42,   10.33,   96.83,   65.65,     18680,  162.48,   3620.78,   2040.48,   5661.26
2026-06-02,06:54:56.323,  530.11,  276.83,  531.08,  276.59,  526.58,  272.90,  523.84,  272.64,  525.20,  275.44,  526.80,  276.06, 3163.62, 1650.47,   1871520, 4814.09,   13.23,   10.52,   13.21,   10.60,   13.19,   10.79,   11.17,    9.68,   11.56,   10.34,   11.00,    9.84,   73.35,   61.76,     18680,  135.12,   3236.97,   1712.24,   4949.20
2026-06-02,06:54:56.373,  528.99,  338.80,  530.30,  339.34,  526.01,  335.25,  522.16,  334.29,  524.33,  337.06,  524.59,  337.14, 3156.39, 2021.88,   1879360, 5178.27,   20.13,   13.73,   20.38,   13.86,   20.77,   13.83,   19.39,   13.23,   19.49,   13.18,   19.31,   12.99,  119.47,   80.82,     18680,  200.29,   3275.86,   2102.70,   5378.56
2026-06-02,06:54:56.423,  555.84,  368.14,  557.92,  369.07,  555.00,  366.08,  546.80,  364.10,  550.25,  367.91,  551.45,  367.81, 3317.26, 2203.12,   1799180, 5520.37,   20.78,   15.67,   20.62,   15.65,   20.85,   15.79,   18.88,   14.65,   19.18,   15.16,   19.28,   14.94,  119.60,   91.86,     18660,  211.46,   3436.86,   2294.97,   5731.83
2026-06-02,06:54:56.473,  595.50,  328.57,  597.36,  328.40,  591.90,  325.45,  583.14,  323.97,  584.05,  326.93,  586.02,  327.73, 3537.99, 1961.05,   1821080, 5499.04,   15.96,   12.15,   15.92,   12.15,   16.20,   12.51,   14.39,   11.50,   14.69,   11.98,   14.56,   11.73,   91.72,   72.02,     18680,  163.74,   3629.70,   2033.07,   5662.77
2026-06-02,06:54:56.523,  528.77,  346.18,  530.45,  346.82,  527.07,  343.42,  523.46,  342.64,  525.39,  345.20,  526.32,  345.37, 3161.46, 2069.64,   1896200, 5231.10,   18.49,   14.37,   18.55,   14.34,   18.77,   14.53,   16.94,   13.59,   17.30,   14.01,   17.20,   13.79,  107.25,   84.64,     18720,  191.89,   3268.71,   2154.28,   5422.98
2026-06-02,06:54:56.573,  544.19,  382.57,  546.55,  383.11,  543.41,  380.02,  537.38,  378.95,  540.38,  381.80,  540.78,  382.40, 3252.69, 2288.86,   1887680, 5541.55,   27.54,   24.22,   27.49,   24.48,   27.96,   25.01,   25.55,   23.74,   25.60,   23.68,   25.42,   23.30,  159.56,  144.43,     18720,  303.99,   3412.25,   2433.29,   5845.53
2026-06-02,06:54:56.623,  601.97,  385.37,  601.60,  385.07,  599.76,  383.46,  588.45,  380.82,  590.90,  383.75,  592.22,  384.45, 3574.89, 2302.92,   1799240, 5877.81,   37.87,   30.67,   37.80,   30.31,   39.12,   31.60,   35.26,   29.61,   35.13,   29.93,   35.13,   29.80,  220.30,  181.92,     18660,  402.22,   3795.19,   2484.84,   6280.03
2026-06-02,06:54:56.673,  556.43,  288.93,  557.55,  288.82,  553.27,  286.09,  549.06,  284.50,  551.73,  288.40,  553.27,  289.11, 3321.31, 1725.85,   1875000, 5047.16,   14.94,   10.72,   15.01,   10.72,   15.36,   10.90,   13.36,    9.91,   13.93,   10.60,   13.61,    9.98,   86.22,   62.83,     18680,  149.05,   3407.53,   1788.68,   5196.21
2026-06-02,06:54:56.724,  549.96,  376.79,  550.25,  377.14,  546.96,  373.89,  540.62,  374.25,  543.71,  376.88,  544.14,  377.20, 3275.64, 2256.16,   1920420, 5531.80,   19.13,   11.85,   19.21,   11.93,   19.46,   12.37,   18.36,   11.33,   18.37,   11.44,   18.31,   11.39,  112.83,   70.31,     19060,  183.14,   3388.48,   2326.47,   5714.94
2026-06-02,06:54:56.774,  553.61,  349.28,  553.39,  348.85,  549.99,  345.50,  542.67,  343.60,  545.38,  346.46,  544.01,  346.92, 3289.06, 2080.61,   1884760, 5369.67,   26.87,   15.93,   26.94,   15.60,   27.25,   16.16,   25.55,   15.11,   26.22,   15.90,   25.52,   15.36,  158.34,   94.06,     18680,  252.40,   3447.39,   2174.67,   5622.06
2026-06-02,06:54:56.825,  621.36,  348.60,  623.84,  349.26,  619.45,  346.42,  613.84,  344.70,  615.39,  347.71,  616.71,  347.79, 3710.60, 2084.48,   1812940, 5795.08,   24.72,   18.90,   24.79,   18.86,   25.21,   19.11,   22.93,   18.11,   23.28,   18.67,   22.92,   18.12,  143.86,  111.77,     18700,  255.64,   3854.46,   2196.25,   6050.72
2026-06-02,06:54:56.875,  562.93,  378.41,  563.76,  379.05,  560.64,  376.12,  554.26,  375.49,  558.04,  378.25,  558.69,  378.92, 3358.32, 2266.25,   1887020, 5624.57,   18.87,   13.06,   18.82,   13.06,   19.18,   13.51,   17.84,   12.40,   17.94,   12.77,   17.66,   12.47,  110.30,   77.28,     18680,  187.58,   3468.63,   2343.53,   5812.16
2026-06-02,06:54:56.925,  490.51,  278.99,  491.00,  279.67,  487.14,  276.20,  484.86,  275.42,  488.33,  278.21,  488.69,  279.19, 2930.53, 1667.68,   1901160, 4598.22,   10.13,    7.36,    9.94,    7.30,   10.13,    7.51,    9.11,    7.07,    9.56,    7.23,    9.06,    6.88,   57.93,   43.36,     18680,  101.29,   2988.46,   1711.04,   4699.50
2026-06-02,06:54:56.975,  554.61,  384.24,  555.07,  383.48,  551.89,  380.29,  542.35,  378.43,  543.56,  381.24,  543.81,  381.25, 3291.29, 2288.93,   1805360, 5580.22,   23.45,   18.18,   22.93,   17.85,   23.71,   18.34,   21.68,   17.37,   21.48,   17.60,   21.52,   17.22,  134.76,  106.56,     18680,  241.32,   3426.05,   2395.49,   5821.54
2026-06-02,06:54:57.025,  670.02,  361.26,  671.92,  361.74,  667.57,  358.56,  656.45,  357.53,  659.84,  360.50,  660.18,  361.03, 3985.98, 2160.62,   1869680, 6146.59,   29.16,   16.01,   29.21,   16.16,   29.23,   16.24,   27.91,   15.53,   27.46,   15.28,   27.45,   15.04,  170.42,   94.26,     18800,  264.68,   4156.40,   2254.88,   6411.28
2026-06-02,06:54:57.075,  669.82,  366.88,  672.28,  368.37,  668.00,  364.24,  662.42,  363.53,  665.26,  366.11,  665.72,  366.35, 4003.49, 2195.49,   1912540, 6198.98,   18.97,   10.27,   19.04,   10.26,   19.14,   10.43,   17.94,    9.48,   18.22,    9.85,   17.99,    9.42,  111.30,   59.71,     18700,  171.01,   4114.80,   2255.20,   6369.99
2026-06-02,06:54:57.125,  502.68,  309.97,  502.98,  310.70,  499.21,  307.68,  493.68,  306.36,  496.67,  309.02,  497.33,  309.83, 2992.56, 1853.56,   1894700, 4846.12,   11.91,   10.11,   11.67,    9.86,   12.05,   10.13,   10.80,    9.61,   10.98,    9.93,   10.81,    9.69,   68.23,   59.34,     18640,  127.57,   3060.79,   1912.90,   4973.68
2026-06-02,06:54:57.175,  505.21,  334.91,  506.05,  335.33,  504.24,  333.50,  501.70,  333.01,  504.90,  335.89,  506.28,  337.16, 3028.37, 2009.81,   1813860, 5038.18,   17.81,   14.09,   17.64,   13.85,   18.11,   14.14,   16.59,   13.58,   16.77,   13.92,   16.55,   13.54,  103.47,   83.12,     18700,  186.59,   3131.84,   2092.93,   5224.77
2026-06-02,06:54:57.225,  622.94,  401.13,  626.05,  402.08,  621.94,  399.02,  609.39,  396.74,  612.29,  399.53,  614.15,  399.67, 3706.77, 2398.16,   1881040, 6104.94,   23.87,   14.48,   23.39,   14.19,   23.82,   14.32,   22.49,   13.61,   22.52,   13.87,   22.43,   13.60,  138.52,   84.07,     18720,  222.59,   3845.29,   2482.23,   6327.52
2026-06-02,06:54:57.275,  580.97,  362.34,  581.95,  362.22,  578.17,  358.73,  570.76,  358.58,  573.59,  362.78,  573.82,  365.11, 3459.27, 2169.77,   1802060, 5629.03,   15.72,   10.06,   15.26,   10.14,   16.09,   10.47,   14.42,    9.52,   14.53,    9.48,   14.45,    9.50,   90.47,   59.18,     18660,  149.66,   3549.74,   2228.95,   5778.69
2026-06-02,06:54:57.325,  530.24,  348.57,  530.07,  348.53,  526.02,  344.81,  519.06,  343.13,  522.53,  345.24,  523.02,  344.20, 3150.94, 2074.49,   1853180, 5225.42,   20.39,   19.89,   20.14,   19.86,   20.83,   20.28,   18.47,   19.02,   18.63,   19.34,   18.17,   18.93,  116.63,  117.31,     18680,  233.95,   3267.57,   2191.80,   5459.37
2026-06-02,06:54:57.375,  508.33,  361.53,  508.78,  361.24,  504.88,  358.66,  499.29,  357.46,  502.11,  361.04,  502.82,  361.13, 3026.20, 2161.05,   1848240, 5187.25,   21.53,   18.16,   21.25,   18.23,   21.93,   18.91,   19.93,   17.61,   20.03,   18.00,   19.76,   17.38,  124.44,  108.29,     18500,  232.73,   3150.64,   2269.34,   5419.98
2026-06-02,06:54:57.425,  608.97,  374.58,  611.80,  374.85,  607.65,  371.24,  599.45,  369.64,  601.18,  372.87,  603.48,  373.32, 3632.53, 2236.51,   1911820, 5869.03,   19.61,   12.66,   19.55,   12.75,   20.02,   13.00,   18.19,   11.73,   18.22,   11.95,   17.96,   11.68,  113.55,   73.76,     18900,  187.31,   3746.08,   2310.27,   6056.35
2026-06-02,06:54:57.475,  562.92,  355.96,  563.66,  356.48,  560.63,  354.56,  555.09,  354.17,  559.08,  357.53,  560.75,  357.50, 3362.13, 2136.20,   1870400, 5498.34,   19.35,   14.75,   18.93,   14.43,   19.60,   15.32,   17.92,   14.16,   17.89,   14.17,   17.98,   14.23,  111.67,   87.06,     18620,  198.74,   3473.81,   2223.27,   5697.07
2026-06-02,06:54:57.526,  498.85,  309.65,  500.12,  310.72,  496.61,  307.68,  490.72,  305.97,  493.94,  309.18,  494.81,  309.53, 2975.06, 1852.73,   1821055, 4827.79,   13.21,   10.31,   13.27,   10.58,   13.89,   10.68,   12.31,   10.19,   12.47,   10.32,   12.09,    9.97,   77.24,   62.05,     18646,  139.29,   3052.30,   1914.78,   4967.07
2026-06-02,06:54:57.576,  552.23,  346.24,  553.70,  346.72,  549.46,  342.49,  541.74,  340.23,  544.14,  343.55,  544.83,  343.98, 3286.10, 2063.22,   1908182, 5349.32,   14.10,    8.02,   13.95,    8.10,   14.20,    8.12,   13.53,    7.69,   13.65,    7.82,   13.36,    7.63,   82.78,   47.38,     19058,  130.16,   3368.88,   2110.59,   5479.47
2026-06-02,06:54:57.626,  629.74,  389.24,  631.88,  389.67,  628.49,  387.49,  618.75,  385.18,  622.01,  388.03,  624.21,  389.30, 3755.08, 2328.91,   1895880, 6083.99,   28.80,   21.35,   28.28,   20.82,   29.16,   21.67,   26.25,   20.12,   26.65,   20.60,   26.25,   19.89,  165.40,  124.46,     18680,  289.86,   3920.48,   2453.36,   6373.84
2026-06-02,06:54:57.676,  523.44,  363.32,  523.24,  362.69,  520.62,  359.98,  512.40,  358.04,  514.37,  360.62,  513.73,  361.02, 3107.80, 2165.68,   1837900, 5273.48,   17.67,   15.35,   17.54,   15.20,   18.33,   15.63,   16.24,   14.46,   16.52,   14.77,   16.53,   14.80,  102.82,   90.20,     18700,  193.02,   3210.62,   2255.87,   5466.50
2026-06-02,06:54:57.726,  523.83,  327.76,  525.70,  329.06,  522.39,  325.78,  516.61,  324.07,  519.67,  327.61,  520.79,  328.22, 3128.99, 1962.50,   1861840, 5091.49,   16.08,   10.35,   16.01,   10.39,   16.37,   10.46,   14.74,    9.56,   15.34,   10.38,   14.93,    9.75,   93.46,   60.89,     18700,  154.35,   3222.45,   2023.39,   5245.84
2026-06-02,06:54:57.776,  623.94,  365.14,  626.96,  365.88,  623.32,  362.54,  615.33,  361.70,  617.64,  365.08,  619.50,  365.52, 3726.69, 2185.86,   1878840, 5912.54,   22.52,   13.82,   22.19,   13.95,   23.00,   14.55,   21.04,   13.30,   21.37,   13.77,   21.13,   13.39,  131.24,   82.79,     18660,  214.03,   3857.93,   2268.65,   6126.57
2026-06-02,06:54:57.827,  561.09,  365.07,  561.05,  365.21,  556.75,  361.97,  548.32,  360.21,  551.09,  363.10,  552.54,  363.87, 3330.85, 2179.43,   1886960, 5510.27,   16.71,   13.35,   16.55,   13.02,   16.95,   13.55,   15.45,   12.67,   15.65,   13.00,   15.41,   12.79,   96.71,   78.37,     18680,  175.09,   3427.56,   2257.80,   5685.36
2026-06-02,06:54:57.877,  514.35,  354.80,  515.53,  356.20,  512.39,  352.86,  505.73,  351.63,  509.38,  353.86,  510.20,  354.70, 3067.58, 2124.04,   1821660, 5191.63,   13.51,   10.36,   13.26,   10.24,   13.67,   10.53,   12.26,    9.82,   12.45,   10.25,   12.37,   10.02,   77.53,   61.22,     18700,  138.75,   3145.12,   2185.27,   5330.38
2026-06-02,06:54:57.927,  537.86,  351.33,  539.24,  351.76,  534.26,  347.34,  528.20,  345.38,  531.75,  348.63,  530.98,  348.97, 3202.29, 2093.41,   1900660, 5295.70,   19.07,   13.34,   19.16,   13.47,   19.55,   13.40,   18.32,   12.91,   18.61,   13.24,   18.24,   13.09,  112.96,   79.44,     18740,  192.40,   3315.25,   2172.85,   5488.10
2026-06-02,06:54:57.977,  527.99,  344.17,  528.98,  345.35,  524.90,  341.18,  522.89,  341.10,  526.10,  344.20,  525.63,  344.70, 3156.49, 2060.70,   1903020, 5217.19,   17.65,   14.41,   17.39,   14.24,   18.11,   14.72,   15.97,   13.45,   16.64,   14.10,   16.31,   13.70,  102.06,   84.62,     18700,  186.68,   3258.55,   2145.32,   5403.87
2026-06-02,06:54:58.027,  640.49,  400.07,  640.17,  400.37,  637.54,  397.66,  626.11,  395.74,  628.60,  398.54,  628.73,  398.86, 3801.64, 2391.24,   1818880, 6192.87,   32.41,   16.18,   32.11,   16.10,   32.47,   16.31,   30.73,   15.29,   30.78,   15.59,   30.46,   15.26,  188.96,   94.73,     18720,  283.69,   3990.60,   2485.97,   6476.56
2026-06-02,06:54:58.077,  697.07,  404.01,  698.44,  404.22,  695.08,  401.18,  681.18,  398.21,  682.93,  400.95,  682.37,  401.01, 4137.07, 2409.58,   1880060, 6546.65,   29.77,   14.33,   29.82,   14.02,   30.07,   14.30,   28.62,   13.24,   28.63,   13.66,   28.54,   13.59,  175.44,   83.14,     18680,  258.58,   4312.51,   2492.72,   6805.23
2026-06-02,06:54:58.127,  590.21,  310.26,  591.51,  310.53,  587.12,  307.16,  579.63,  305.55,  582.08,  308.71,  583.07,  308.93, 3513.61, 1851.13,   1813180, 5364.74,   16.18,   12.00,   15.69,   11.92,   16.11,   12.20,   14.02,   11.05,   14.45,   11.64,   14.19,   11.27,   90.65,   70.07,     18680,  160.72,   3604.26,   1921.20,   5525.46
2026-06-02,06:54:58.177,  561.61,  362.19,  562.66,  362.02,  559.31,  359.12,  555.33,  358.69,  557.27,  361.52,  558.51,  362.06, 3354.70, 2165.61,   1904180, 5520.31,   19.07,   15.93,   18.84,   15.82,   19.34,   16.20,   17.41,   15.14,   17.61,   15.23,   17.31,   15.21,  109.58,   93.53,     18680,  203.11,   3464.28,   2259.14,   5723.42
2026-06-02,06:54:58.227,  515.71,  361.47,  516.09,  361.89,  512.07,  358.50,  507.36,  357.96,  509.38,  360.97,  509.92,  361.42, 3070.54, 2162.20,   1804420, 5232.74,   14.27,   10.96,   14.15,   10.85,   14.62,   11.21,   13.11,   10.51,   13.27,   10.81,   13.12,   10.72,   82.53,   65.06,     18660,  147.59,   3153.07,   2227.26,   5380.33
2026-06-02,06:54:58.278,  560.22,  325.40,  561.96,  326.10,  558.12,  322.82,  551.19,  321.48,  554.59,  325.21,  557.25,  325.71, 3343.33, 1946.71,   1947160, 5290.04,   15.45,    9.84,   15.33,    9.73,   15.76,    9.94,   14.55,    8.93,   14.57,    9.22,   14.36,    9.02,   90.01,   56.66,     19060,  146.68,   3433.35,   2003.37,   5436.72
2026-06-02,06:54:58.328,  596.73,  368.02,  598.98,  367.09,  595.40,  364.81,  589.52,  363.74,  589.78,  366.10,  589.89,  365.75, 3560.31, 2195.51,   1889240, 5755.82,   23.41,   16.68,   23.02,   16.64,   23.55,   16.89,   21.46,   15.74,   21.76,   16.05,   21.49,   15.68,  134.68,   97.67,     18640,  232.36,   3694.99,   2293.18,   5988.17
2026-06-02,06:54:58.378,  582.47,  362.58,  583.33,  362.54,  578.06,  359.40,  571.10,  359.00,  573.05,  362.28,  573.67,  361.77, 3461.69, 2167.56,   1864320, 5629.25,   22.18,   17.58,   21.95,   17.33,   22.48,   17.56,   20.05,   16.31,   20.48,   16.86,   20.08,   16.36,  127.23,  101.99,     18720,  229.23,   3588.92,   2269.56,   5858.48
2026-06-02,06:54:58.428,  520.10,  320.53,  521.28,  321.59,  516.90,  318.03,  513.53,  316.64,  516.70,  319.80,  517.39,  320.33, 3105.90, 1916.91,   1831780, 5022.81,   17.27,   11.70,   17.24,   11.62,   17.54,   11.81,   16.56,   11.07,   17.08,   11.77,   16.61,   11.27,  102.28,   69.23,     18700,  171.51,   3208.18,   1986.14,   5194.32
2026-06-02,06:54:58.478,  624.58,  381.57,  626.50,  382.07,  623.21,  379.39,  612.64,  377.43,  615.54,  380.69,  616.36,  380.70, 3718.84, 2281.86,   1874860, 6000.70,   24.62,   17.44,   24.53,   17.21,   25.21,   17.88,   23.15,   16.63,   22.72,   16.55,   22.63,   16.20,  142.86,  101.92,     18680,  244.78,   3861.70,   2383.78,   6245.48
2026-06-02,06:54:58.528,  562.16,  302.90,  564.59,  304.11,  558.50,  299.77,  553.01,  299.06,  554.47,  302.14,  555.52,  301.92, 3348.25, 1809.90,   1902180, 5158.16,   13.00,   10.88,   12.88,   10.89,   13.29,   11.14,   11.24,   10.15,   11.56,   10.48,   11.19,   10.20,   73.16,   63.73,     18680,  136.89,   3421.42,   1873.63,   5295.05
2026-06-02,06:54:58.578,  515.08,  350.37,  516.17,  350.52,  512.10,  347.49,  507.36,  347.23,  510.59,  350.61,  510.46,  350.92, 3071.76, 2097.14,   1806380, 5168.90,   21.62,   16.46,   20.99,   16.08,   21.91,   16.71,   19.79,   15.46,   20.39,   16.12,   20.02,   15.51,  124.71,   96.34,     18700,  221.06,   3196.47,   2193.48,   5389.95
2026-06-02,06:54:58.629,  540.91,  374.79,  542.91,  375.10,  539.27,  371.32,  535.39,  370.55,  538.25,  374.74,  538.73,  374.67, 3235.46, 2241.16,   1882440, 5476.62,   18.84,   13.60,   18.85,   13.58,   19.13,   13.83,   17.78,   12.85,   18.07,   13.25,   17.63,   12.84,  110.31,   79.94,     18680,  190.25,   3345.76,   2321.10,   5666.87
2026-06-02,06:54:58.679,  624.82,  386.47,  626.44,  386.57,  621.03,  383.34,  609.81,  381.94,  611.24,  384.61,  612.35,  384.59, 3705.68, 2307.52,   1870540, 6013.20,   19.75,   13.48,   19.55,   13.09,   20.19,   13.50,   18.45,   12.60,   18.54,   13.04,   18.36,   12.73,  114.84,   78.45,     18700,  193.29,   3820.52,   2385.97,   6206.49
2026-06-02,06:54:58.729,  568.17,  362.83,  570.11,  363.68,  565.72,  360.41,  558.16,  358.99,  560.93,  362.46,  562.01,  362.90, 3385.10, 2171.26,   1900860, 5556.36,   16.43,   13.83,   16.25,   13.42,   16.48,   13.66,   14.75,   12.61,   14.86,   12.95,   14.94,   12.87,   93.71,   79.34,     18700,  173.05,   3478.81,   2250.60,   5729.41
2026-06-02,06:54:58.779,  512.40,  306.44,  513.31,  306.43,  509.94,  302.67,  505.30,  301.77,  508.65,  305.75,  509.58,  306.18, 3059.18, 1829.25,   1811080, 4888.42,   13.93,    8.05,   13.83,    8.37,   14.02,    8.43,   12.94,    7.75,   13.35,    8.07,   12.71,    7.47,   80.77,   48.15,     18680,  128.92,   3139.95,   1877.40,   5017.35
2026-06-02,06:54:58.829,  560.28,  364.82,  562.45,  365.70,  559.29,  362.64,  553.87,  362.94,  557.01,  365.77,  557.69,  365.24, 3350.59, 2187.11,   1890240, 5537.70,   19.29,   19.32,   19.55,   19.30,   19.95,   19.68,   17.48,   18.26,   17.63,   18.86,   17.51,   18.52,  111.41,  113.95,     18680,  225.36,   3462.00,   2301.06,   5763.06
2026-06-02,06:54:58.879,  587.66,  361.93,  589.54,  362.09,  585.23,  358.16,  577.68,  357.76,  579.20,  360.23,  579.67,  361.39, 3498.97, 2161.56,   1870460, 5660.54,   22.81,   17.54,   22.21,   16.91,   23.13,   17.63,   20.68,   16.36,   20.67,   16.65,   20.38,   16.14,  129.87,  101.22,     18700,  231.10,   3628.85,   2262.79,   5891.64
2026-06-02,06:54:58.929,  509.95,  344.43,  510.80,  344.88,  508.38,  341.75,  502.12,  341.05,  505.68,  344.88,  506.85,  345.63, 3043.78, 2062.62,   1823560, 5106.40,   16.15,   10.94,   16.37,   11.16,   16.30,   10.91,   15.06,   10.18,   15.30,   10.52,   15.03,   10.29,   94.22,   63.98,     18700,  158.20,   3138.00,   2126.61,   5264.60
2026-06-02,06:54:58.980,  546.37,  332.15,  545.98,  332.48,  541.58,  329.49,  536.13,  327.85,  538.30,  330.28,  539.45,  330.14, 3247.81, 1982.39,   1847420, 5230.20,   21.56,   17.64,   21.58,   17.98,   21.73,   17.83,   19.22,   16.51,   19.41,   17.06,   19.47,   16.82,  122.97,  103.86,     19020,  226.83,   3370.78,   2086.25,   5457.02
2026-06-02,06:54:59.030,  702.14,  373.95,  703.43,  374.38,  700.22,  371.57,  688.93,  371.59,  692.06,  374.54,  692.84,  376.08, 4179.61, 2242.11,   1877380, 6421.72,   31.49,   16.60,   31.38,   16.59,   31.71,   16.61,   29.28,   15.43,   29.76,   16.09,   29.33,   15.60,  182.95,   96.93,     18700,  279.88,   4362.56,   2339.04,   6701.60
2026-06-02,06:54:59.080,  621.47,  348.65,  623.66,  349.00,  619.06,  345.15,  613.48,  343.38,  615.97,  345.66,  615.93,  345.00, 3709.58, 2076.84,   1886440, 5786.41,   21.33,   16.66,   20.73,   16.07,   21.53,   16.36,   19.34,   15.35,   20.22,   16.19,   19.49,   15.55,  122.63,   96.18,     18700,  218.81,   3832.21,   2173.01,   6005.22
2026-06-02,06:54:59.131,  561.12,  347.94,  562.45,  348.98,  557.70,  345.61,  551.02,  344.62,  553.50,  347.79,  554.92,  349.33, 3340.70, 2084.27,   1811040, 5424.97,   17.20,   12.63,   17.08,   12.24,   17.32,   12.67,   15.87,   12.08,   16.21,   12.41,   15.98,   11.98,   99.65,   74.01,     18680,  173.67,   3440.35,   2158.28,   5598.63
2026-06-02,06:54:59.180,  540.94,  341.99,  541.29,  342.57,  538.28,  339.15,  532.94,  337.97,  535.02,  340.75,  534.96,  340.98, 3223.43, 2043.43,   1864960, 5266.86,   22.62,   16.65,   22.39,   16.87,   23.22,   17.05,   21.34,   15.91,   21.69,   16.06,   21.30,   15.89,  132.56,   98.43,     18480,  230.99,   3356.00,   2141.86,   5497.86
2026-06-02,06:54:59.230,  627.65,  386.50,  628.13,  387.34,  625.19,  384.79,  614.93,  383.41,  616.80,  385.54,  617.58,  386.56, 3730.27, 2314.15,   1874360, 6044.42,   28.63,   21.24,   28.32,   20.78,   29.37,   21.29,   26.48,   19.99,   26.91,   20.68,   26.00,   19.88,  165.70,  123.86,     18680,  289.57,   3895.98,   2438.01,   6333.99
2026-06-02,06:54:59.280,  567.48,  314.87,  570.19,  315.70,  564.81,  311.27,  558.21,  309.90,  560.42,  312.58,  562.38,  313.36, 3383.48, 1877.68,   1831460, 5261.16,   11.34,    7.30,   11.64,    7.15,   11.74,    7.24,   10.90,    6.56,   11.07,    6.90,   10.98,    6.72,   67.66,   41.87,     18680,  109.53,   3451.15,   1919.55,   5370.70
2026-06-02,06:54:59.331,  530.05,  339.87,  529.99,  340.75,  527.47,  337.87,  525.23,  337.93,  529.11,  341.51,  529.70,  342.24, 3171.54, 2040.17,   1870290, 5211.71,   18.19,   13.39,   18.13,   13.45,   18.65,   13.63,   16.31,   12.39,   16.42,   12.67,   16.39,   12.33,  104.08,   77.86,     18704,  181.94,   3275.63,   2118.03,   5393.66
2026-06-02,06:54:59.381,  546.80,  390.05,  546.40,  390.02,  542.89,  386.32,  537.34,  385.81,  539.81,  389.30,  539.85,  390.75, 3253.08, 2332.24,   1920303, 5585.31,   21.65,   16.90,   21.82,   17.03,   22.05,   17.34,   20.03,   15.91,   20.08,   16.31,   20.01,   15.83,  125.64,   99.32,     19058,  224.96,   3378.72,   2431.56,   5810.28
2026-06-02,06:54:59.431,  418.69,  256.66,  420.30,  256.99,  417.67,  254.89,  406.45,  251.41,  408.04,  253.08,  408.21,  252.84, 2479.36, 1525.88,   1134920, 4005.24,   18.35,   10.41,   18.30,   10.45,   18.75,   10.82,   17.34,    9.85,   17.73,   10.39,   17.16,    9.79,  107.64,   61.71,     18700,  169.35,   2587.00,   1587.59,   4174.59
2026-06-02,06:54:59.481,  577.23,  342.76,  578.68,  343.50,  575.65,  340.02,  569.54,  338.36,  573.57,  341.20,  574.26,  342.80, 3448.92, 2048.63,   1770100, 5497.54,   18.68,   12.32,   18.35,   12.19,   18.83,   12.32,   17.45,   11.49,   17.47,   11.77,   17.19,   11.55,  107.96,   71.64,     18660,  179.61,   3556.88,   2120.27,   5677.15
2026-06-02,06:54:59.531,  555.93,  379.40,  554.93,  380.51,  552.13,  376.74,  544.98,  375.57,  548.51,  378.61,  549.06,  379.96, 3305.53, 2270.78,   1904480, 5576.31,   18.10,   14.49,   17.72,   14.13,   18.64,   14.99,   16.11,   13.55,   16.79,   13.93,   16.13,   13.41,  103.50,   84.50,     18720,  187.99,   3409.03,   2355.28,   5764.31
2026-06-02,06:54:59.581,  525.73,  322.19,  526.85,  321.96,  522.73,  318.95,  516.64,  318.14,  520.95,  321.25,  520.52,  321.43, 3133.41, 1923.92,   1893440, 5057.33,   17.27,   13.71,   17.15,   13.72,   17.34,   14.16,   15.53,   13.26,   16.02,   13.49,   15.45,   13.10,   98.77,   81.43,     18680,  180.20,   3232.18,   2005.35,   5237.53
2026-06-02,06:54:59.631,  567.51,  341.81,  568.16,  342.95,  563.06,  338.54,  558.05,  337.75,  560.77,  340.72,  562.00,  342.20, 3379.55, 2043.96,   1824540, 5423.51,   16.19,    8.70,   16.10,    8.85,   16.47,    8.98,   15.06,    8.02,   15.53,    8.25,   15.08,    8.03,   94.42,   50.82,     18680,  145.24,   3473.96,   2094.79,   5568.75
2026-06-02,06:54:59.681,  576.55,  318.94,  577.62,  319.31,  572.94,  315.90,  565.89,  314.17,  569.29,  317.82,  570.12,  317.54, 3432.40, 1903.69,   1896860, 5336.09,   37.41,   35.87,   36.87,   35.77,   37.72,   36.30,   34.45,   35.23,   35.18,   35.55,   34.76,   35.11,  216.39,  213.84,     18720,  430.22,   3648.79,   2117.53,   5766.32
2026-06-02,06:54:59.731,  561.09,  347.94,  561.41,  348.38,  559.16,  345.94,  554.32,  345.03,  557.42,  348.41,  557.43,  349.56, 3350.84, 2085.25,   1905120, 5436.09,   57.88,   41.33,   56.46,   40.65,   56.72,   40.83,   51.79,   39.12,   53.26,   40.33,   51.68,   39.08,  327.80,  241.33,     18680,  569.13,   3678.63,   2326.59,   6005.22
2026-06-02,06:54:59.782,  566.65,  380.64,  566.95,  381.43,  563.19,  377.58,  554.16,  375.93,  559.39,  380.25,  560.00,  381.41, 3370.34, 2277.25,   1896540, 5647.59,   31.04,   21.15,   31.09,   20.91,   31.33,   21.47,   28.63,   20.21,   29.30,   20.76,   28.86,   20.48,  180.26,  124.97,     18840,  305.23,   3550.60,   2402.22,   5952.82
2026-06-02,06:54:59.832,  604.08,  333.78,  606.33,  334.18,  602.80,  331.15,  593.96,  329.69,  596.53,  331.83,  597.06,  331.90, 3600.77, 1992.52,   1831800, 5593.30,   55.52,   35.32,   54.33,   34.82,   54.95,   35.23,   50.02,   32.83,   51.20,   33.82,   50.34,   32.98,  316.37,  205.00,     18680,  521.37,   3917.14,   2197.52,   6114.67
2026-06-02,06:54:59.882,  551.00,  365.29,  549.73,  365.74,  547.02,  362.48,  543.05,  361.70,  547.52,  364.97,  546.93,  365.60, 3285.25, 2185.77,   1898380, 5471.02,   28.65,   22.08,   28.41,   22.26,   29.13,   22.59,   26.41,   21.01,   26.70,   21.47,   26.02,   21.33,  165.33,  130.74,     18760,  296.08,   3450.58,   2316.52,   5767.10
2026-06-02,06:54:59.932,  594.27,  357.28,  595.15,  357.16,  590.84,  353.45,  582.04,  352.18,  584.55,  354.69,  585.66,  355.87, 3532.50, 2130.63,   1863820, 5663.13,   19.22,   13.85,   19.07,   13.68,   19.62,   14.06,   17.87,   13.08,   17.80,   12.91,   17.47,   12.79,  111.07,   80.37,     18640,  191.44,   3643.57,   2211.00,   5854.57
2026-06-02,06:54:59.982,  534.72,  347.61,  535.89,  348.56,  532.34,  345.66,  525.25,  344.90,  529.40,  348.07,  530.64,  348.96, 3188.25, 2083.78,   1835160, 5272.02,   20.06,   12.87,   19.63,   12.52,   20.03,   13.01,   18.55,   11.88,   19.33,   12.79,   18.77,   11.98,  116.38,   75.05,     18760,  191.43,   3304.62,   2158.83,   5463.46
2026-06-02,06:55:00.032,  603.87,  378.83,  602.75,  378.54,  599.31,  374.58,  592.70,  373.22,  596.91,  376.67,  594.57,  377.74, 3590.12, 2259.59,   1871640, 5849.70,   26.53,   15.41,   26.34,   14.76,   26.61,   15.35,   25.19,   14.58,   25.16,   14.94,   24.98,   14.61,  154.80,   89.64,     18700,  244.44,   3744.92,   2349.23,   6094.15
2026-06-02,06:55:00.082,  622.41,  353.98,  623.30,  354.25,  619.34,  351.09,  611.26,  348.64,  614.48,  351.34,  614.81,  351.84, 3705.60, 2111.15,   1905120, 5816.75,   18.50,   12.43,   18.44,   12.34,   18.73,   12.32,   16.98,   11.86,   17.37,   11.90,   16.83,   11.69,  106.87,   72.54,     18680,  179.41,   3812.47,   2183.69,   5996.16
2026-06-02,06:55:00.132,  603.58,  377.78,  605.18,  378.55,  601.66,  375.27,  592.86,  373.67,  595.85,  377.23,  597.56,  378.89, 3596.69, 2261.39,   1877260, 5858.08,   24.19,   15.32,   24.26,   15.52,   24.82,   16.07,   23.30,   14.95,   23.57,   15.28,   23.54,   14.91,  143.70,   92.04,     18700,  235.74,   3740.38,   2353.43,   6093.81
2026-06-02,06:55:00.182,  571.08,  324.88,  571.47,  324.97,  567.90,  322.12,  559.70,  320.15,  563.70,  322.53,  565.10,  323.07, 3398.95, 1937.73,   1821660, 5336.68,   17.38,   13.44,   17.03,   13.07,   17.67,   13.33,   15.39,   12.33,   15.95,   12.71,   15.50,   12.39,   98.92,   77.27,     18680,  176.19,   3497.87,   2015.00,   5512.87
2026-06-02,06:55:00.232,  567.20,  353.10,  566.39,  353.08,  562.84,  349.45,  557.55,  348.39,  560.71,  351.90,  560.34,  352.26, 3375.02, 2108.18,   1875340, 5483.20,   18.84,   14.22,   18.70,   14.25,   18.82,   14.55,   16.75,   13.21,   17.10,   13.86,   16.83,   13.33,  107.05,   83.42,     18660,  190.47,   3482.07,   2191.59,   5673.67
2026-06-02,06:55:00.282,  516.49,  322.72,  517.93,  324.04,  514.87,  321.05,  509.63,  320.72,  513.63,  323.12,  515.05,  324.11, 3087.61, 1935.75,   1892260, 5023.35,   16.16,   12.11,   16.23,   11.96,   16.68,   12.31,   15.12,   11.38,   15.31,   11.69,   14.72,   11.18,   94.22,   70.64,     18680,  164.86,   3181.82,   2006.39,   5188.21
2026-06-02,06:55:00.333,  539.15,  337.13,  539.54,  337.51,  536.02,  333.66,  528.69,  332.48,  531.53,  335.18,  531.78,  336.52, 3206.72, 2012.49,   1820760, 5219.21,   17.04,   12.03,   16.97,   12.03,   17.14,   12.16,   15.77,   11.35,   16.30,   11.89,   15.84,   11.36,   99.05,   70.82,     18720,  169.88,   3305.77,   2083.31,   5389.08
2026-06-02,06:55:00.383,  622.00,  383.88,  622.87,  383.99,  618.07,  380.86,  608.70,  378.95,  611.51,  381.78,  612.79,  382.82, 3695.94, 2292.29,   1862500, 5988.23,   22.62,   18.48,   22.47,   18.38,   23.09,   18.85,   20.56,   17.71,   20.92,   18.36,   20.68,   17.65,  130.34,  109.44,     18700,  239.78,   3826.29,   2401.73,   6228.02
2026-06-02,06:55:00.433,  561.22,  341.51,  560.79,  341.97,  557.52,  338.70,  551.24,  337.64,  554.66,  341.04,  555.45,  341.53, 3340.88, 2042.39,   1897600, 5383.28,   30.38,   20.42,   29.96,   20.29,   30.67,   20.80,   28.10,   19.44,   28.56,   20.20,   28.32,   19.26,  175.98,  120.41,     18700,  296.39,   3516.86,   2162.80,   5679.67
2026-06-02,06:55:00.483,  574.61,  369.80,  575.71,  370.89,  571.93,  368.10,  563.90,  366.23,  569.43,  369.31,  569.90,  370.32, 3425.46, 2214.65,   1903020, 5640.11,   16.13,    9.51,   15.95,    9.28,   16.13,    9.53,   15.51,    8.96,   15.79,    9.22,   15.51,    8.97,   95.03,   55.47,     18680,  150.50,   3520.50,   2270.12,   5790.61
2026-06-02,06:55:00.533,  575.48,  363.87,  577.69,  364.24,  573.98,  360.98,  565.61,  359.51,  567.50,  362.06,  567.95,  362.15, 3428.20, 2172.81,   1809280, 5601.01,   20.45,   16.20,   19.76,   15.05,   20.65,   15.94,   18.14,   14.52,   18.57,   15.05,   18.18,   14.75,  115.75,   91.52,     18700,  207.26,   3543.94,   2264.33,   5808.27
2026-06-02,06:55:00.584,  542.74,  372.33,  541.32,  372.82,  538.38,  370.57,  532.65,  369.44,  536.13,  371.80,  536.16,  372.31, 3227.38, 2229.27,   1897351, 5456.65,   20.86,   15.74,   20.75,   15.74,   21.38,   16.08,   19.17,   14.78,   19.60,   15.68,   19.19,   15.15,  120.96,   93.16,     18685,  214.12,   3348.34,   2322.43,   5670.76
2026-06-02,06:55:00.635,  526.88,  303.12,  527.41,  303.80,  523.43,  299.92,  516.19,  298.07,  521.10,  301.57,  522.11,  302.16, 3137.12, 1808.64,   1889080, 4945.76,   11.23,    8.02,   11.24,    8.22,   11.30,    8.14,   10.28,    7.35,   10.39,    7.72,   10.16,    7.29,   64.60,   46.74,     19020,  111.34,   3201.72,   1855.38,   5057.10
2026-06-02,06:55:00.685,  597.47,  349.49,  598.31,  350.38,  595.05,  347.81,  588.65,  346.90,  591.09,  349.35,  592.78,  350.14, 3563.35, 2094.08,   1760440, 5657.42,   26.14,   19.52,   26.01,   19.58,   26.48,   20.09,   23.72,   18.52,   24.14,   19.02,   23.78,   18.35,  150.27,  115.08,     18680,  265.35,   3713.62,   2209.16,   5922.78
2026-06-02,06:55:00.735,  536.76,  364.92,  537.13,  364.70,  533.38,  362.34,  525.84,  362.54,  529.55,  365.70,  530.62,  366.02, 3193.27, 2186.21,   1897520, 5379.49,   18.30,   14.63,   17.70,   14.40,   18.34,   14.60,   16.38,   13.65,   16.68,   13.88,   16.27,   13.38,  103.67,   84.54,     18720,  188.21,   3296.94,   2270.76,   5567.70
2026-06-02,06:55:00.785,  512.67,  302.33,  512.56,  302.80,  509.11,  299.47,  507.67,  297.47,  510.21,  299.91,  510.79,  300.15, 3063.00, 1802.13,   1895740, 4865.13,   15.92,   12.39,   15.32,   12.03,   15.71,   12.48,   14.44,   11.79,   14.77,   12.19,   14.48,   11.85,   90.63,   72.73,     18680,  163.36,   3153.63,   1874.86,   5028.50
2026-06-02,06:55:00.835,  560.29,  366.28,  561.30,  365.76,  555.76,  363.15,  545.24,  361.90,  548.00,  364.76,  549.53,  365.03, 3320.12, 2186.87,   1877360, 5506.99,   15.66,   11.19,   15.50,   11.01,   16.04,   11.33,   14.43,   10.26,   14.70,   10.64,   14.74,   10.58,   91.08,   65.02,     18680,  156.10,   3411.20,   2251.90,   5663.10
2026-06-02,06:55:00.885,  512.86,  312.44,  513.43,  312.97,  510.90,  309.84,  506.73,  309.39,  509.51,  312.22,  510.71,  312.93, 3064.14, 1869.79,   1843480, 4933.93,   14.83,   10.79,   14.22,   10.36,   14.56,   10.58,   12.66,    9.58,   13.12,    9.91,   12.79,    9.62,   82.18,   60.85,     18680,  143.03,   3146.32,   1930.64,   5076.96
2026-06-02,06:55:00.935,  513.40,  307.08,  512.36,  306.91,  507.39,  303.33,  504.23,  303.09,  506.97,  306.10,  508.56,  306.56, 3052.90, 1833.06,   1892540, 4885.97,   17.79,   13.56,   17.60,   13.30,   18.25,   13.77,   16.18,   12.51,   16.84,   13.25,   16.21,   12.89,  102.87,   79.28,     18720,  182.15,   3155.78,   1912.34,   5068.12
2026-06-02,06:55:00.985,  576.92,  291.15,  578.75,  292.67,  573.61,  289.35,  569.09,  289.16,  572.29,  292.42,  575.61,  292.75, 3446.28, 1747.50,   1882960, 5193.78,   13.83,    8.51,   13.63,    8.26,   13.85,    8.56,   12.92,    7.80,   13.16,    8.26,   12.70,    7.74,   80.09,   49.13,     18660,  129.22,   3526.37,   1796.63,   5323.00
2026-06-02,06:55:01.035,  648.01,  374.11,  647.88,  373.19,  644.39,  370.71,  633.66,  368.70,  637.57,  371.56,  638.76,  372.09, 3850.26, 2230.35,   1799260, 6080.60,   28.00,   18.63,   27.09,   17.70,   27.97,   18.52,   25.45,   17.15,   26.19,   17.93,   25.83,   17.32,  160.53,  107.25,     18660,  267.78,   4010.78,   2337.60,   6348.38
2026-06-02,06:55:01.085,  671.49,  381.46,  672.24,  381.84,  667.01,  378.51,  658.50,  376.23,  660.66,  379.63,  661.68,  380.42, 3991.58, 2278.09,   1886680, 6269.68,   23.75,   18.06,   22.81,   17.71,   23.85,   18.59,   21.26,   17.17,   21.86,   17.71,   21.33,   17.13,  134.86,  106.37,     18660,  241.23,   4126.44,   2384.46,   6510.91
2026-06-02,06:55:01.136,  542.10,  367.42,  541.48,  366.95,  536.76,  363.76,  530.72,  363.32,  534.94,  367.11,  535.32,  367.26, 3221.32, 2195.83,   1885723, 5417.15,   17.21,   12.88,   17.05,   12.62,   17.02,   13.12,   15.73,   12.37,   16.14,   12.53,   15.87,   12.03,   99.01,   75.54,     18684,  174.55,   3320.33,   2271.37,   5591.70
2026-06-02,06:55:01.187,  514.20,  321.48,  514.02,  322.21,  508.97,  318.64,  504.16,  318.00,  508.28,  321.42,  508.34,  322.35, 3057.96, 1924.10,   1866660, 4982.06,   16.17,   12.80,   15.65,   12.44,   16.22,   12.99,   14.48,   11.84,   15.08,   12.59,   14.51,   12.01,   92.12,   74.66,     19080,  166.78,   3150.09,   1998.76,   5148.84
2026-06-02,06:55:01.237,  598.72,  346.89,  599.57,  346.06,  596.28,  342.94,  589.83,  341.51,  593.64,  344.58,  594.46,  344.07, 3572.50, 2066.04,   1907040, 5638.55,   19.15,   15.73,   18.96,   15.24,   19.50,   15.70,   16.88,   14.38,   17.40,   15.01,   16.76,   14.19,  108.65,   90.25,     18680,  198.91,   3681.16,   2156.30,   5837.46
2026-06-02,06:55:01.287,  569.16,  324.88,  569.53,  325.47,  563.93,  322.76,  557.37,  321.91,  560.30,  324.55,  561.83,  325.09, 3382.12, 1944.65,   1858409, 5326.77,   16.46,   13.05,   15.87,   12.65,   16.69,   13.37,   14.31,   11.91,   14.93,   12.43,   14.35,   12.00,   92.62,   75.43,     18291,  168.05,   3474.74,   2020.08,   5494.82
2026-06-02,06:55:01.338,  606.55,  374.73,  606.89,  374.90,  602.41,  371.53,  592.04,  369.08,  595.69,  371.98,  595.48,  372.58, 3599.06, 2234.81,   1905040, 5833.87,   21.24,   16.61,   20.95,   16.40,   21.45,   17.09,   19.60,   15.77,   20.01,   16.12,   19.77,   15.74,  123.02,   97.72,     19020,  220.74,   3722.09,   2332.52,   6054.61
2026-06-02,06:55:01.388,  531.89,  359.30,  531.01,  358.90,  528.00,  356.33,  523.15,  356.04,  526.95,  358.93,  526.51,  359.59, 3167.51, 2149.10,   1820780, 5316.61,   21.24,   16.28,   21.12,   16.47,   21.42,   16.63,   19.41,   15.44,   19.41,   15.58,   19.58,   15.28,  122.17,   95.68,     18680,  217.85,   3289.69,   2244.78,   5534.46
2026-06-02,06:55:01.438,  543.36,  370.28,  542.99,  370.17,  540.54,  368.24,  536.91,  368.61,  540.97,  370.80,  541.46,  371.52, 3246.23, 2219.62,   1892340, 5465.85,   19.63,   15.94,   19.21,   15.80,   19.69,   16.15,   17.31,   14.62,   17.70,   15.24,   17.25,   14.90,  110.79,   92.66,     18680,  203.44,   3357.02,   2312.28,   5669.30
2026-06-02,06:55:01.488,  593.22,  351.67,  595.01,  351.82,  589.56,  348.00,  580.67,  346.90,  582.15,  350.09,  583.38,  350.36, 3524.00, 2098.84,   1860740, 5622.84,   17.41,   12.26,   17.44,   12.22,   18.10,   12.44,   16.41,   11.38,   16.63,   11.90,   16.42,   11.57,  102.41,   71.77,     18680,  174.18,   3626.41,   2170.61,   5797.02
2026-06-02,06:55:01.538,  541.25,  318.60,  541.93,  318.50,  537.62,  315.20,  533.44,  314.04,  536.97,  317.42,  537.27,  317.91, 3228.48, 1901.68,   1804740, 5130.16,   20.65,   15.39,   20.56,   15.36,   20.84,   15.55,   18.67,   14.33,   19.08,   14.77,   18.76,   14.27,  118.57,   89.68,     18700,  208.24,   3347.05,   1991.35,   5338.40
2026-06-02,06:55:01.589,  543.77,  376.38,  543.45,  376.79,  541.25,  374.93,  534.69,  372.62,  538.36,  375.20,  539.80,  375.98, 3241.31, 2251.90,   1823960, 5493.21,   43.39,   33.42,   43.51,   33.40,   44.17,   34.30,   40.92,   32.44,   41.01,   32.64,   41.27,   32.58,  254.27,  198.78,     18700,  453.04,   3495.57,   2450.68,   5946.25
2026-06-02,06:55:01.639,  629.45,  324.80,  630.97,  324.02,  626.67,  320.42,  617.26,  317.91,  619.28,  321.15,  619.25,  321.01, 3742.88, 1929.32,   1887640, 5672.21,   25.83,   20.13,   25.79,   20.54,   25.79,   20.62,   22.89,   18.92,   23.99,   20.01,   23.58,   19.49,  147.88,  119.71,     18680,  267.59,   3890.76,   2049.03,   5939.80
2026-06-02,06:55:01.689,  613.95,  377.24,  613.84,  377.76,  611.69,  375.55,  603.09,  374.55,  607.26,  378.54,  608.24,  379.21, 3658.06, 2262.84,   1882940, 5920.90,   21.34,   13.51,   20.98,   13.30,   21.49,   13.74,   19.80,   12.60,   20.38,   13.09,   20.17,   12.60,  124.15,   78.85,     18700,  203.00,   3782.21,   2341.69,   6123.90
2026-06-02,06:55:01.739,  560.90,  352.31,  562.09,  352.72,  557.54,  349.80,  550.19,  348.62,  553.40,  351.34,  554.40,  351.80, 3338.50, 2106.58,   1801880, 5445.09,   17.18,   11.70,   16.99,   11.27,   17.56,   11.83,   15.46,   10.79,   16.04,   11.63,   15.74,   11.04,   98.98,   68.26,     18640,  167.24,   3437.48,   2174.84,   5612.32
2026-06-02,06:55:01.790,  514.57,  314.88,  515.00,  315.27,  511.24,  312.10,  507.46,  310.60,  510.81,  314.07,  511.80,  314.16, 3070.89, 1881.06,   1941620, 4951.95,   18.54,   15.02,   18.25,   14.77,   18.97,   15.47,   16.81,   14.10,   17.38,   14.80,   16.62,   13.93,  106.57,   88.10,     19060,  194.67,   3177.46,   1969.16,   5146.62
2026-06-02,06:55:01.840,  594.91,  376.64,  595.53,  376.85,  590.48,  372.79,  580.56,  371.24,  583.65,  374.05,  584.06,  373.76, 3529.19, 2245.33,   1872200, 5774.52,   20.61,   11.68,   20.42,   11.64,   21.29,   12.21,   19.72,   11.06,   20.28,   11.51,   19.93,   11.16,  122.26,   69.26,     18640,  191.52,   3651.45,   2314.59,   5966.05
2026-06-02,06:55:01.890,  561.82,  383.45,  562.95,  384.36,  558.49,  380.97,  550.48,  379.74,  554.45,  382.84,  555.03,  383.91, 3343.22, 2295.26,   1862620, 5638.47,   19.11,   13.05,   18.99,   13.04,   19.77,   13.81,   17.68,   12.28,   17.98,   12.66,   17.75,   12.47,  111.28,   77.30,     18720,  188.58,   3454.50,   2372.56,   5827.05
2026-06-02,06:55:01.940,  510.12,  324.06,  510.92,  324.11,  507.19,  321.38,  501.61,  320.36,  505.12,  323.69,  506.72,  324.58, 3041.68, 1938.18,   1837540, 4979.86,   16.62,   13.72,   16.41,   13.56,   16.74,   13.85,   14.82,   12.99,   15.09,   13.33,   14.65,   12.73,   94.33,   80.19,     18680,  174.52,   3136.01,   2018.37,   5154.38
2026-06-02,06:55:01.990,  603.79,  368.61,  604.63,  368.97,  600.16,  365.93,  589.65,  363.87,  591.58,  366.74,  592.82,  366.40, 3582.62, 2200.53,   1896700, 5783.15,   23.34,   18.15,   23.28,   18.04,   23.62,   18.36,   20.84,   17.08,   21.28,   17.57,   21.06,   17.10,  133.43,  106.30,     18720,  239.73,   3716.05,   2306.82,   6022.88
2026-06-02,06:55:02.040,  608.90,  385.83,  609.47,  386.47,  606.07,  383.62,  602.19,  383.26,  606.24,  386.33,  606.74,  387.51, 3639.61, 2313.02,   1877760, 5952.63,   25.70,   15.67,   25.64,   15.14,   26.25,   15.67,   24.09,   14.42,   24.26,   14.51,   24.19,   14.41,  150.13,   89.82,     18700,  239.95,   3789.74,   2402.84,   6192.58
2026-06-02,06:55:02.090,  669.34,  383.95,  669.49,  383.31,  666.20,  381.27,  651.60,  379.21,  654.64,  381.46,  655.71,  381.32, 3966.99, 2290.52,   1809360, 6257.51,   25.89,   17.44,   25.25,   17.05,   25.96,   17.80,   23.36,   16.38,   23.97,   16.87,   23.39,   15.94,  147.83,  101.48,     18700,  249.31,   4114.81,   2392.00,   6506.81
2026-06-02,06:55:02.140,  576.52,  381.49,  576.61,  381.87,  573.96,  379.35,  568.15,  378.84,  571.35,  382.11,  572.72,  383.12, 3439.31, 2286.78,   1894340, 5726.09,   20.89,   15.66,   20.63,   15.51,   21.38,   16.10,   18.95,   14.70,   19.45,   15.22,   19.21,   14.73,  120.50,   91.92,     18700,  212.42,   3559.81,   2378.70,   5938.51
2026-06-02,06:55:02.190,  525.97,  368.54,  525.91,  369.08,  523.38,  366.45,  517.06,  365.04,  520.47,  367.72,  521.98,  368.16, 3134.77, 2205.00,   1882400, 5339.77,   14.50,    9.75,   14.62,    9.83,   14.70,    9.90,   13.92,    9.11,   14.00,    9.38,   13.85,    9.16,   85.60,   57.14,     18720,  142.74,   3220.37,   2262.14,   5482.51
2026-06-02,06:55:02.240,  578.00,  335.18,  578.36,  335.10,  573.63,  332.85,  564.37,  330.80,  566.37,  333.43,  565.52,  333.24, 3426.26, 2000.59,   1882460, 5426.85,   18.36,   11.95,   17.96,   11.57,   18.95,   12.49,   16.78,   11.11,   17.06,   11.36,   17.01,   11.29,  106.12,   69.77,     18660,  175.89,   3532.37,   2070.37,   5602.74
2026-06-02,06:55:02.290,  566.04,  366.56,  565.37,  365.22,  562.07,  362.01,  554.64,  360.97,  557.38,  363.59,  558.25,  364.44, 3363.76, 2182.79,   1809980, 5546.55,   20.83,   14.73,   20.50,   14.48,   21.22,   15.09,   19.25,   14.04,   19.59,   14.38,   19.02,   13.76,  120.41,   86.47,     18720,  206.88,   3484.17,   2269.26,   5753.43
2026-06-02,06:55:02.340,  574.32,  351.58,  575.11,  352.13,  572.16,  350.24,  567.35,  349.30,  570.64,  352.49,  570.79,  351.89, 3430.38, 2107.64,   1898360, 5538.01,   21.14,   13.40,   20.90,   13.37,   21.40,   13.83,   20.09,   12.81,   20.35,   13.00,   20.02,   12.65,  123.90,   79.06,     18680,  202.96,   3554.27,   2186.69,   5740.97
2026-06-02,06:55:02.390,  572.64,  362.11,  573.77,  361.98,  569.32,  359.86,  562.20,  359.45,  564.95,  362.11,  566.98,  362.71, 3409.87, 2168.21,   1819200, 5578.08,   18.32,   13.40,   17.85,   13.35,   18.47,   13.73,   16.42,   12.55,   16.69,   12.98,   16.62,   12.62,  104.37,   78.62,     18700,  182.99,   3514.24,   2246.83,   5761.08
2026-06-02,06:55:02.440,  518.47,  300.51,  516.10,  299.86,  512.10,  296.65,  508.19,  295.13,  511.07,  298.84,  510.55,  299.41, 3076.49, 1790.40,   1842300, 4866.89,   16.25,   18.14,   15.98,   17.85,   16.51,   18.19,   14.30,   17.38,   14.39,   17.22,   14.09,   17.07,   91.51,  105.85,     18700,  197.37,   3168.00,   1896.25,   5064.25
2026-06-02,06:55:02.491,  514.06,  355.55,  513.81,  355.72,  510.50,  352.94,  506.96,  351.21,  511.23,  353.89,  510.51,  353.47, 3067.06, 2122.79,   1875076, 5189.85,   18.18,   15.45,   18.18,   15.40,   18.81,   15.87,   16.54,   14.48,   17.10,   15.06,   16.77,   14.80,  105.57,   91.07,     18644,  196.64,   3172.64,   2213.85,   5386.49
2026-06-02,06:55:02.542,  531.75,  370.69,  531.66,  370.69,  527.40,  367.67,  521.26,  366.25,  524.73,  369.36,  524.51,  370.08, 3161.32, 2214.74,   1910980, 5376.06,   14.55,   11.03,   14.36,   10.78,   14.82,   11.24,   13.39,   10.27,   13.63,   10.56,   13.54,   10.26,   84.28,   64.14,     19040,  148.43,   3245.60,   2278.89,   5524.49
2026-06-02,06:55:02.592,  533.56,  333.99,  533.62,  334.21,  530.04,  331.54,  522.71,  329.89,  526.70,  333.21,  526.08,  333.39, 3172.71, 1996.23,   1872660, 5168.95,   21.55,   16.19,   21.21,   16.13,   21.68,   16.22,   19.77,   15.26,   19.84,   15.42,   19.56,   15.31,  123.61,   94.51,     18520,  218.12,   3296.33,   2090.74,   5387.07
2026-06-02,06:55:02.642,  595.37,  346.16,  595.77,  346.25,  592.56,  343.27,  586.75,  342.97,  589.87,  346.12,  590.49,  346.00, 3550.81, 2070.76,   1813000, 5621.58,   24.62,   19.89,   24.14,   20.25,   25.15,   20.50,   22.32,   18.95,   22.32,   19.37,   22.43,   19.18,  140.97,  118.13,     18640,  259.10,   3691.79,   2188.89,   5880.68
2026-06-02,06:55:02.692,  509.58,  317.81,  510.35,  318.31,  505.85,  315.01,  500.78,  314.05,  504.05,  316.82,  504.30,  317.58, 3034.90, 1899.58,   1884420, 4934.48,   10.97,    6.74,   10.92,    6.75,   11.22,    6.80,   10.36,    6.29,   10.65,    6.48,   10.57,    6.42,   64.68,   39.47,     18680,  104.15,   3099.58,   1939.05,   5038.63
2026-06-02,06:55:02.743,  524.58,  343.82,  523.92,  343.75,  521.48,  341.06,  517.32,  339.92,  521.24,  343.93,  521.70,  344.29, 3130.25, 2056.77,   1921100, 5187.02,   18.28,   15.60,   18.00,   15.51,   18.63,   16.03,   16.25,   14.60,   16.73,   14.96,   16.30,   14.53,  104.19,   91.23,     19060,  195.42,   3234.44,   2148.00,   5382.44
2026-06-02,06:55:02.793,  620.93,  379.90,  622.09,  379.67,  617.16,  376.18,  606.71,  374.71,  609.48,  377.65,  610.85,  377.78, 3687.22, 2265.88,   1821460, 5953.10,   26.19,   18.74,   25.64,   18.28,   26.33,   18.89,   23.52,   17.34,   23.85,   17.69,   23.81,   17.49,  149.34,  108.42,     18640,  257.77,   3836.56,   2374.31,   6210.87
2026-06-02,06:55:02.843,  560.88,  312.58,  561.99,  313.24,  557.58,  309.85,  552.64,  308.74,  555.74,  311.61,  556.36,  311.76, 3345.19, 1867.79,   1906620, 5212.98,   11.88,    8.99,   11.81,    8.93,   11.94,    9.08,   10.31,    7.98,   10.82,    8.56,   10.32,    8.05,   67.09,   51.57,     18680,  118.66,   3412.28,   1919.36,   5331.64
2026-06-02,06:55:02.893,  551.04,  372.91,  552.19,  373.08,  549.46,  370.32,  546.97,  370.67,  551.59,  374.95,  552.10,  376.02, 3303.34, 2237.95,   1891800, 5541.29,   21.15,   14.22,   20.81,   13.90,   21.52,   14.44,   19.92,   13.09,   20.17,   13.75,   20.05,   13.30,  123.62,   82.70,     18720,  206.32,   3426.96,   2320.65,   5747.61
2026-06-02,06:55:02.943,  553.05,  303.46,  552.61,  303.36,  547.60,  299.81,  538.77,  297.08,  541.47,  299.98,  541.40,  299.21, 3274.90, 1802.90,   1851320, 5077.80,   12.97,    9.36,   12.83,    9.27,   13.24,    9.42,   11.25,    8.19,   11.84,    8.90,   11.50,    8.35,   73.62,   53.49,     18660,  127.11,   3348.52,   1856.39,   5204.91
2026-06-02,06:55:02.993,  558.34,  360.54,  559.66,  360.68,  556.69,  358.57,  553.68,  359.00,  556.65,  362.23,  557.27,  363.42, 3342.30, 2164.43,   1862120, 5506.72,   21.70,   16.65,   21.45,   16.46,   22.10,   16.92,   19.54,   15.44,   19.81,   16.01,   19.78,   15.63,  124.37,   97.10,     18720,  221.47,   3466.66,   2261.53,   5728.19
2026-06-02,06:55:03.043,  588.68,  376.27,  588.65,  377.09,  585.22,  373.73,  579.12,  373.34,  583.12,  376.38,  582.19,  377.02, 3506.98, 2253.82,   1880960, 5760.80,   22.22,   10.32,   22.39,   10.13,   22.62,   10.32,   21.67,    9.56,   22.10,   10.18,   21.71,    9.64,  132.70,   60.15,     18660,  192.85,   3639.68,   2313.97,   5953.65
2026-06-02,06:55:03.093,  666.25,  348.29,  665.40,  348.07,  661.75,  345.11,  651.70,  341.95,  653.60,  344.56,  653.45,  344.39, 3952.15, 2072.37,   1897900, 6024.52,   21.03,   14.55,   20.41,   14.07,   20.91,   14.39,   18.52,   13.18,   19.09,   13.56,   18.89,   13.20,  118.85,   82.96,     18700,  201.82,   4071.00,   2155.34,   6226.34
2026-06-02,06:55:03.143,  499.09,  344.52,  499.30,  345.37,  495.79,  343.02,  491.36,  342.35,  494.46,  344.35,  494.99,  345.81, 2974.98, 2065.42,   1805540, 5040.40,   16.41,   13.06,   16.31,   12.98,   16.91,   13.27,   15.06,   12.14,   15.29,   12.49,   15.23,   12.19,   95.22,   76.14,     18680,  171.35,   3070.19,   2141.56,   5211.75
2026-06-02,06:55:03.193,  585.52,  354.42,  586.69,  354.59,  581.62,  350.56,  574.17,  350.54,  577.82,  354.34,  578.41,  354.79, 3484.21, 2119.24,   1887100, 5603.45,   15.21,    9.33,   14.99,    9.18,   15.28,    9.19,   14.08,    8.57,   14.55,    8.87,   14.17,    8.77,   88.28,   53.91,     18700,  142.19,   3572.49,   2173.15,   5745.64
2026-06-02,06:55:03.243,  599.46,  330.79,  601.73,  331.54,  596.73,  327.46,  590.37,  325.63,  592.83,  328.87,  594.03,  329.57, 3575.15, 1973.86,   1805900, 5549.01,   21.91,   13.57,   21.52,   13.41,   22.11,   13.73,   19.81,   12.47,   20.35,   12.96,   20.07,   12.31,  125.77,   78.45,     18660,  204.22,   3700.92,   2052.31,   5753.23
2026-06-02,06:55:03.293,  568.21,  378.97,  569.58,  378.81,  566.16,  375.86,  561.29,  375.28,  564.62,  378.56,  565.42,  379.14, 3395.27, 2266.61,   1898280, 5661.88,   18.95,   15.95,   18.86,   15.71,   19.29,   16.20,   17.13,   14.94,   17.20,   15.22,   16.95,   14.82,  108.38,   92.84,     18720,  201.22,   3503.64,   2359.46,   5863.10
2026-06-02,06:55:03.344,  507.36,  325.35,  506.66,  325.58,  502.36,  323.26,  497.65,  322.48,  501.77,  326.88,  501.47,  326.59, 3017.27, 1950.14,   1834232, 4967.40,   16.09,   11.66,   15.78,   11.37,   16.30,   11.60,   15.02,   10.76,   15.45,   11.35,   15.11,   11.07,   93.75,   67.79,     18684,  161.54,   3111.02,   2017.93,   5128.95
2026-06-02,06:55:03.396,  601.82,  380.20,  602.18,  379.93,  597.82,  376.36,  588.03,  374.29,  591.01,  376.73,  590.60,  376.84, 3571.46, 2264.35,   1906920, 5835.81,   21.42,   14.63,   21.16,   14.60,   21.42,   14.71,   19.65,   13.70,   20.08,   14.11,   19.47,   13.52,  123.20,   85.27,     19020,  208.47,   3694.65,   2349.62,   6044.28
2026-06-02,06:55:03.446,  609.31,  373.19,  610.25,  373.28,  606.74,  371.19,  598.47,  369.55,  602.71,  372.77,  604.32,  373.62, 3631.79, 2233.61,   1903940, 5865.41,   21.66,   16.14,   21.36,   15.85,   21.93,   16.31,   19.61,   14.94,   19.73,   15.19,   19.35,   14.62,  123.64,   93.04,     18680,  216.68,   3755.44,   2326.65,   6082.09
2026-06-02,06:55:03.496,  566.86,  355.30,  566.50,  355.48,  564.45,  353.07,  559.04,  352.10,  561.55,  355.15,  562.02,  355.73, 3380.42, 2126.82,   1800020, 5507.24,   72.84,   57.55,   71.69,   57.26,   71.59,   57.39,   66.79,   56.14,   68.01,   56.81,   66.93,   55.72,  417.84,  340.88,     18700,  758.71,   3798.26,   2467.70,   6265.96
2026-06-02,06:55:03.546,  509.99,  320.00,  510.40,  320.70,  506.05,  317.86,  500.28,  317.48,  505.06,  320.22,  505.35,  320.17, 3037.14, 1916.44,   1884700, 4953.57,   37.45,   24.06,   37.06,   23.86,   37.63,   24.01,   35.59,   22.87,   36.44,   23.92,   35.86,   23.74,  220.03,  142.45,     18720,  362.48,   3257.17,   2058.89,   5316.05
2026-06-02,06:55:03.596,  582.54,  354.29,  583.62,  354.90,  579.68,  351.95,  572.05,  349.74,  574.32,  352.32,  575.18,  352.91, 3467.40, 2116.12,   1882820, 5583.52,   59.85,   45.34,   59.12,   45.02,   59.23,   45.02,   53.70,   42.44,   54.74,   43.68,   53.70,   42.82,  340.33,  264.31,     18740,  604.64,   3807.74,   2380.43,   6188.16
2026-06-02,06:55:03.646,  587.84,  331.06,  588.46,  330.87,  582.74,  327.39,  574.41,  326.31,  576.96,  328.54,  577.71,  329.09, 3488.12, 1973.26,   1841880, 5461.38,   36.79,   25.10,   36.52,   25.26,   37.29,   25.65,   33.95,   23.73,   34.42,   24.92,   34.03,   24.08,  213.00,  148.74,     18720,  361.75,   3701.13,   2122.01,   5823.13
2026-06-02,06:55:03.696,  562.70,  361.76,  562.78,  361.88,  561.16,  360.65,  554.77,  359.88,  558.64,  363.08,  559.43,  363.18, 3359.48, 2170.45,   1887560, 5529.93,   19.62,   12.77,   19.46,   12.61,   19.95,   13.15,   18.19,   11.82,   18.74,   12.68,   18.30,   12.23,  114.27,   75.24,     18700,  189.51,   3473.75,   2245.70,   5719.45
2026-06-02,06:55:03.746,  692.04,  418.84,  692.18,  418.24,  689.71,  416.55,  685.05,  415.20,  685.55,  415.69,  684.74,  416.49, 4129.26, 2501.01,   2405740, 6630.27,   18.77,   12.74,   18.70,   12.56,   18.99,   12.93,   17.33,   11.87,   17.56,   12.06,   17.10,   11.85,  108.45,   74.00,     18700,  182.46,   4237.71,   2575.01,   6812.72
2026-06-02,06:55:03.796,  783.35,  461.45,  783.17,  461.65,  780.56,  459.61,  770.13,  457.14,  771.03,  458.43,  773.86,  459.64, 4662.10, 2757.91,   2572060, 7420.01,   19.39,   13.33,   19.03,   13.30,   19.55,   13.58,   17.52,   12.45,   18.06,   12.66,   17.80,   12.58,  111.35,   77.90,     18680,  189.26,   4773.45,   2835.81,   7609.27
2026-06-02,06:55:03.846,  781.30,  412.00,  782.18,  411.85,  780.04,  410.14,  776.61,  409.35,  778.08,  411.16,  779.81,  411.73, 4678.03, 2466.23,   2674820, 7144.26,   18.23,   12.72,   18.01,   12.30,   18.62,   12.85,   16.87,   11.91,   17.38,   12.52,   17.03,   12.01,  106.13,   74.32,     18680,  180.45,   4784.16,   2540.55,   7324.71
2026-06-02,06:55:03.896,  714.08,  445.62,  712.60,  445.49,  711.34,  444.40,  703.82,  441.95,  705.25,  442.68,  705.85,  443.45, 4252.95, 2663.60,   2565960, 6916.55,   13.96,   10.51,   13.91,   10.34,   14.04,   10.44,   13.03,    9.70,   13.40,   10.18,   13.37,   10.08,   81.71,   61.27,     18700,  142.97,   4334.66,   2724.87,   7059.53
2026-06-02,06:55:03.946,  769.61,  423.76,  771.21,  424.32,  769.48,  423.66,  761.94,  421.39,  763.05,  423.32,  763.71,  423.40, 4599.00, 2539.85,   2582680, 7138.85,   15.36,    9.37,   15.10,    9.19,   15.51,    9.46,   14.17,    8.83,   14.56,    9.27,   14.15,    8.91,   88.86,   55.02,     18700,  143.88,   4687.87,   2594.86,   7282.73
2026-06-02,06:55:03.996,  786.17,  467.52,  786.34,  467.22,  784.24,  465.75,  778.87,  464.82,  779.62,  465.37,  780.18,  465.69, 4695.42, 2796.38,   2667060, 7491.79,   27.19,   24.58,   27.08,   24.21,   27.54,   24.88,   24.94,   23.55,   25.18,   23.79,   24.54,   23.09,  156.47,  144.10,     18680,  300.57,   4851.89,   2940.47,   7792.36
2026-06-02,06:55:04.047,  795.02,  485.50,  794.22,  485.49,  792.66,  484.39,  788.24,  484.30,  790.02,  485.56,  789.23,  486.18, 4749.39, 2911.42,   2570500, 7660.81,   20.99,   12.12,   21.20,   12.15,   21.39,   12.64,   20.31,   11.66,   20.61,   11.94,   20.44,   11.57,  124.94,   72.08,     18700,  197.03,   4874.33,   2983.50,   7857.83
2026-06-02,06:55:04.097,  834.14,  423.70,  835.42,  423.64,  833.21,  422.17,  821.01,  419.87,  821.09,  420.76,  823.53,  422.02, 4968.39, 2532.16,   2446840, 7500.54,   18.23,   11.99,   18.08,   11.85,   18.20,   11.98,   16.63,   10.96,   16.50,   11.35,   16.32,   10.81,  103.97,   68.95,     18720,  172.92,   5072.35,   2601.11,   7673.46
2026-06-02,06:55:04.150,  807.22,  452.48,  808.13,  452.88,  807.23,  452.36,  801.39,  451.91,  803.99,  454.28,  805.76,  453.37, 4833.72, 2717.28,   2648280, 7551.00,   21.14,   17.42,   21.01,   17.36,   21.39,   17.91,   19.14,   16.47,   19.43,   17.00,   19.01,   16.37,  121.13,  102.54,     18860,  223.67,   4954.84,   2819.82,   7774.67
2026-06-02,06:55:04.197,  772.74,  469.23,  772.65,  467.95,  769.68,  466.23,  762.63,  464.82,  763.60,  466.26,  763.52,  466.87, 4604.82, 2801.36,   2565020, 7406.18,   18.65,   14.36,   18.93,   14.39,   19.09,   14.56,   17.23,   13.54,   17.46,   13.65,   17.31,   13.43,  108.66,   83.93,     18440,  192.59,   4713.48,   2885.29,   7598.77
2026-06-02,06:55:04.247,  764.42,  486.28,  764.62,  486.48,  763.06,  485.89,  756.64,  484.63,  757.48,  486.25,  757.73,  485.18, 4563.96, 2914.71,   2675820, 7478.66,   20.87,   15.34,   20.59,   15.47,   21.09,   15.73,   19.82,   14.77,   19.80,   15.01,   19.54,   14.59,  121.70,   90.91,     18680,  212.61,   4685.65,   3005.62,   7691.28
2026-06-02,06:55:04.298,  744.90,  466.45,  744.12,  465.38,  742.39,  464.37,  736.95,  463.48,  738.82,  465.53,  738.71,  465.70, 4445.90, 2790.91,   2606360, 7236.81,   17.31,   12.65,   16.82,   12.35,   17.77,   13.06,   16.23,   11.99,   16.12,   12.12,   15.67,   11.71,   99.92,   73.87,     19080,  173.79,   4545.82,   2864.78,   7410.60
2026-06-02,06:55:04.348,  276.10,  157.64,  276.48,  157.25,  275.78,  157.18,  269.43,  155.26,  268.96,  155.64,  269.80,  155.32, 1636.55,  938.28,    696960, 2574.84,   18.37,   13.34,   17.90,   13.03,   18.20,   13.47,   16.13,   12.26,   16.73,   12.64,   16.35,   12.28,  103.67,   77.02,     18780,  180.69,   1740.22,   1015.30,   2755.53
2026-06-02,06:55:04.397,   75.59,  113.64,   75.73,  113.03,   75.93,  113.48,   72.54,  113.61,   72.29,  113.94,   72.24,  113.57,  444.32,  681.27,     18380, 1125.59,   13.83,    9.19,   13.88,    9.32,   13.94,    9.31,   13.18,    8.57,   13.53,    8.95,   13.46,    8.90,   81.82,   54.26,     18300,  136.08,    526.15,    735.53,   1261.68
2026-06-02,06:55:04.448,   55.51,  126.76,   54.40,  125.32,   55.28,  126.44,   50.56,  126.11,   50.85,  126.64,   49.93,  125.79,  316.53,  757.06,     18664, 1073.58,   17.37,   17.07,   17.35,   16.81,   17.68,   17.53,   15.26,   15.92,   15.53,   16.35,   15.39,   15.94,   98.57,   99.62,     18684,  198.20,    415.10,    856.68,   1271.78
2026-06-02,06:55:04.499,   34.71,   73.12,   33.84,   72.83,   34.91,   73.34,   30.65,   72.21,   30.54,   72.32,   30.02,   71.97,  194.69,  435.79,     19040,  630.47,   10.35,   11.04,    9.95,   11.08,   10.39,   11.19,    8.92,   10.58,    9.26,   11.08,    9.00,   10.74,   57.87,   65.70,     19040,  123.58,    252.56,    501.49,    754.05
2026-06-02,06:55:04.549,   32.50,   74.61,   32.18,   74.05,   32.53,   74.90,   31.59,   73.91,   31.23,   73.59,   31.11,   73.20,  191.14,  444.26,     18700,  635.40,   13.99,   12.94,   13.83,   12.91,   13.98,   13.35,   12.51,   12.52,   12.86,   12.87,   12.88,   12.42,   80.05,   77.00,     18680,  157.06,    271.19,    521.26,    792.45
2026-06-02,06:55:04.599,  106.38,   95.80,  106.75,   95.16,  105.95,   95.61,   98.78,   94.15,   98.51,   94.16,   99.24,   94.00,  615.60,  568.89,     18700, 1184.49,   16.88,   14.41,   16.69,   14.29,   17.54,   14.92,   15.29,   13.35,   15.78,   14.05,   15.54,   13.43,   97.73,   84.45,     18720,  182.18,    713.33,    653.34,   1366.67
2026-06-02,06:55:04.649,   64.68,   86.87,   64.39,   86.43,   65.79,   87.85,   63.48,   87.56,   62.99,   87.46,   62.78,   86.79,  384.11,  522.95,     18720,  907.07,   13.85,   13.31,   13.70,   12.93,   14.42,   13.96,   12.18,   12.39,   12.44,   13.00,   12.13,   12.34,   78.73,   77.93,     18680,  156.66,    462.84,    600.88,   1063.73
2026-06-02,06:55:04.700,   57.92,  125.54,   57.17,  123.92,   58.08,  125.26,   53.38,  124.21,   53.50,  124.20,   53.10,  123.47,  333.16,  746.59,     18680, 1079.75,   15.28,   13.08,   14.85,   12.80,   15.34,   13.29,   13.23,   11.93,   13.75,   12.42,   13.76,   12.25,   86.20,   75.77,     18720,  161.98,    419.37,    822.36,   1241.73
2026-06-02,06:55:04.750,   94.43,  128.34,   94.37,  127.96,   94.97,  128.92,   87.76,  127.64,   87.04,  127.66,   87.43,  127.12,  545.99,  767.63,     18760, 1313.62,   15.16,   11.30,   15.02,   11.20,   15.35,   11.26,   14.08,   10.70,   14.44,   10.76,   13.98,   10.70,   88.02,   65.92,     18720,  153.94,    634.01,    833.55,   1467.56
2026-06-02,06:55:04.800,   82.70,   47.03,   83.46,   47.05,   83.22,   47.94,   80.40,   46.94,   79.34,   46.58,   80.47,   47.16,  489.59,  282.69,     18700,  772.29,   14.90,   14.38,   14.65,   14.22,   14.70,   14.34,   12.41,   13.06,   13.05,   13.62,   12.89,   13.23,   82.60,   82.85,     18660,  165.45,    572.19,    365.54,    937.74
2026-06-02,06:55:04.850,   85.88,  125.41,   85.61,  124.60,   86.21,  125.53,   79.89,  124.23,   78.85,  123.85,   79.14,  123.42,  495.58,  747.04,     18680, 1242.62,   15.28,   13.10,   15.11,   12.92,   15.87,   13.56,   13.66,   12.03,   14.00,   12.59,   13.54,   11.91,   87.45,   76.10,     18720,  163.55,    583.03,    823.14,   1406.17
2026-06-02,06:55:04.900,   70.87,   84.85,   71.11,   84.65,   71.66,   85.63,   66.20,   84.98,   65.78,   84.78,   66.10,   84.72,  411.71,  509.60,     18740,  921.31,   14.51,    9.36,   14.20,    9.16,   14.27,    9.30,   13.37,    8.44,   13.82,    8.88,   13.47,    8.73,   83.63,   53.89,     18680,  137.52,    495.35,    563.49,   1058.84
2026-06-02,06:55:04.950,   49.88,   88.27,   49.54,   87.90,   50.28,   88.90,   48.66,   88.90,   48.15,   89.30,   47.71,   88.87,  294.22,  532.14,     18720,  826.36,   12.66,   11.26,   12.75,   11.16,   12.92,   11.53,   11.64,   10.61,   11.88,   11.07,   11.53,   10.67,   73.38,   66.30,     18680,  139.68,    367.61,    598.44,    966.04
2026-06-02,06:55:05.000,   99.30,   78.81,   99.85,   77.74,   99.36,   78.14,   92.40,   75.57,   91.54,   74.97,   92.21,   74.42,  574.66,  459.65,     18680, 1034.31,   15.16,   13.13,   15.37,   13.18,   15.50,   13.40,   14.23,   12.79,   14.63,   13.24,   14.38,   12.96,   89.27,   78.71,     18680,  167.98,    663.93,    538.36,   1202.28
2026-06-02,06:55:05.049,  208.37,  155.17,  206.51,  153.93,  207.34,  154.82,  198.63,  153.77,  198.77,  153.57,  197.74,  153.26, 1217.36,  924.52,     22400, 2141.88,   53.34,   25.81,   52.89,   25.22,   54.38,   26.69,   51.22,   24.44,   52.18,   25.06,   51.42,   24.37,  315.41,  151.59,     18580,  467.01,   1532.77,   1076.11,   2608.88
2026-06-02,06:55:05.100,  303.40,  204.79,  302.92,  203.79,  304.04,  204.12,  281.42,  200.54,  281.58,  200.84,  281.66,  200.74, 1755.03, 1214.82,     18960, 2969.84,   19.86,   13.19,   19.09,   12.64,   19.97,   13.25,   18.06,   12.06,   18.55,   12.41,   18.19,   12.06,  113.72,   75.60,     18760,  189.32,   1868.75,   1290.42,   3159.17
2026-06-02,06:55:05.150,  235.62,  201.04,  234.92,  199.97,  236.13,  200.30,  215.24,  198.21,  214.72,  198.81,  214.95,  198.10, 1351.57, 1196.42,     18680, 2548.00,   18.88,   15.21,   18.25,   14.69,   19.25,   15.62,   16.93,   13.96,   17.11,   14.34,   16.91,   13.89,  107.33,   87.71,     18640,  195.04,   1458.90,   1284.14,   2743.04
2026-06-02,06:55:05.200,  205.06,  192.67,  203.48,  191.15,  204.55,  192.08,  186.47,  189.40,  187.49,  190.18,  185.66,  189.68, 1172.70, 1145.15,     18760, 2317.85,   19.04,   15.99,   18.28,   15.37,   19.31,   16.25,   17.04,   14.83,   17.58,   15.26,   16.50,   14.51,  107.75,   92.21,     18760,  199.96,   1280.45,   1237.36,   2517.81
2026-06-02,06:55:05.250,  216.03,  167.45,  216.68,  166.37,  216.62,  167.39,  198.77,  164.93,  198.00,  165.67,  199.18,  164.41, 1245.29,  996.21,     18780, 2241.51,   16.23,   10.48,   16.06,   10.32,   16.32,   10.63,   15.01,    9.45,   15.32,    9.86,   15.17,    9.43,   94.10,   60.16,     18780,  154.26,   1339.39,   1056.38,   2395.76
2026-06-02,06:55:05.300,  242.35,  217.74,  240.25,  216.24,  242.07,  217.77,  224.60,  215.44,  224.45,  215.59,  223.45,  214.64, 1397.17, 1297.41,     18774, 2694.58,   22.16,   16.70,   22.10,   16.34,   22.52,   17.37,   20.02,   15.60,   19.75,   15.60,   19.58,   15.01,  126.13,   96.63,     18753,  222.76,   1523.30,   1394.04,   2917.34
2026-06-02,06:55:05.349,  210.16,  175.15,  210.53,  173.98,  210.97,  175.59,  197.73,  173.62,  198.24,  173.89,  197.67,  173.14, 1225.29, 1045.37,     18460, 2270.66,   21.32,   17.83,   20.62,   17.40,   22.11,   18.35,   19.59,   17.02,   19.85,   17.20,   18.65,   16.19,  122.15,  103.99,     18400,  226.14,   1347.44,   1149.36,   2496.81
2026-06-02,06:55:05.399,  180.44,  187.33,  180.17,  186.84,  180.57,  187.18,  167.91,  185.84,  167.56,  185.70,  167.05,  185.58, 1043.69, 1118.47,     18760, 2162.16,   15.83,   13.42,   15.80,   13.44,   16.29,   13.99,   14.57,   12.77,   14.77,   13.06,   14.64,   12.56,   91.89,   79.24,     18760,  171.14,   1135.58,   1197.71,   2333.30
2026-06-02,06:55:05.449,  137.30,  190.62,  137.47,  190.69,  138.10,  191.54,  126.87,  189.23,  127.05,  188.98,  126.39,  188.54,  793.17, 1139.61,     18800, 1932.78,   12.32,    9.53,   11.99,    9.06,   12.56,    9.74,   11.36,    8.81,   11.36,    8.93,   11.26,    8.79,   70.85,   54.87,     18820,  125.72,    864.02,   1194.48,   2058.50
2026-06-02,06:55:05.500,  177.00,  146.23,  176.99,  144.96,  177.26,  145.99,  166.24,  143.12,  166.18,  143.99,  165.71,  142.73, 1029.39,  867.02,     18760, 1896.41,   13.36,   13.24,   12.82,   12.86,   13.75,   13.57,   11.87,   12.89,   12.08,   12.88,   11.66,   12.49,   75.55,   77.93,     18740,  153.48,   1104.93,    944.96,   2049.89
2026-06-02,06:55:05.550,  157.98,  184.03,  157.69,  183.16,  158.72,  185.14,  151.49,  183.84,  150.90,  183.33,  150.46,  182.28,  927.24, 1101.79,     18760, 2029.02,   21.43,   16.80,   20.66,   16.37,   21.93,   17.58,   19.96,   16.41,   20.37,   16.83,   19.83,   16.09,  124.17,  100.08,     18760,  224.25,   1051.41,   1201.87,   2253.28
2026-06-02,06:55:05.600,  172.23,  195.43,  172.63,  195.31,  172.26,  195.45,  160.06,  192.46,  160.39,  192.97,  160.35,  192.74,  997.92, 1164.36,     18780, 2162.28,   12.54,    8.03,   12.39,    8.09,   12.77,    8.35,   12.02,    7.72,   12.19,    8.17,   12.09,    8.02,   74.00,   48.37,     18780,  122.37,   1071.92,   1212.73,   2284.65
2026-06-02,06:55:05.649,  177.40,  170.11,  176.55,  169.03,  177.73,  169.97,  166.97,  168.18,  166.54,  168.50,  166.01,  167.64, 1031.20, 1013.43,     18775, 2044.62,   16.85,   14.26,   16.64,   13.86,   17.26,   14.89,   15.61,   13.88,   15.46,   13.62,   15.32,   13.31,   97.15,   83.82,     18732,  180.96,   1128.34,   1097.24,   2225.58
2026-06-02,06:55:05.699,  121.25,  177.94,  120.55,  176.81,  121.25,  178.28,  113.05,  176.26,  113.69,  176.21,  113.02,  175.83,  702.82, 1061.33,     18420, 1764.15,   15.26,   12.95,   15.03,   12.62,   15.94,   13.59,   14.32,   12.57,   14.30,   12.76,   14.17,   12.37,   89.02,   76.85,     18400,  165.87,    791.84,   1138.19,   1930.03
2026-06-02,06:55:05.749,  189.65,  201.05,  189.43,  199.90,  190.13,  200.90,  178.96,  198.43,  178.36,  198.06,  178.16,  197.60, 1104.70, 1195.95,     18920, 2300.65,   16.96,   12.34,   16.74,   11.99,   17.27,   12.65,   15.77,   11.34,   15.99,   11.89,   15.64,   11.48,   98.37,   71.69,     18840,  170.06,   1203.07,   1267.64,   2470.71
2026-06-02,06:55:05.799,  177.52,  175.82,  176.83,  174.85,  178.04,  175.69,  169.24,  173.84,  169.57,  173.98,  169.89,  174.03, 1041.09, 1048.21,     19680, 2089.30,   18.49,   13.43,   18.41,   13.44,   18.81,   13.86,   16.84,   12.58,   17.28,   12.79,   16.90,   12.42,  106.71,   78.52,     18740,  185.24,   1147.80,   1126.73,   2274.54
2026-06-02,06:55:05.850,  193.42,  184.23,  195.19,  184.29,  194.43,  185.79,  189.43,  185.86,  187.52,  184.43,  189.37,  185.13, 1149.36, 1109.73,     18820, 2259.09,   17.75,   15.54,   17.46,   15.12,   18.39,   16.04,   16.19,   14.74,   16.63,   15.40,   16.18,   14.52,  102.60,   91.35,     18800,  193.95,   1251.96,   1201.08,   2453.04
2026-06-02,06:55:05.900,  341.50,  277.37,  342.18,  277.79,  340.89,  277.80,  330.48,  276.35,  332.71,  277.29,  332.66,  277.82, 2020.43, 1664.43,     18900, 3684.86,   28.73,   21.17,   28.11,   20.32,   28.66,   21.17,   26.64,   19.71,   27.24,   20.43,   26.87,   19.91,  166.25,  122.70,     18760,  288.95,   2186.68,   1787.13,   3973.81
2026-06-02,06:55:05.949,  186.33,  309.57,  185.85,  308.99,  185.68,  309.65,  171.79,  308.38,  172.41,  308.45,  171.77,  307.01, 1073.83, 1852.06,     18400, 2925.89,   34.71,   17.13,   34.51,   17.03,   34.81,   17.42,   33.23,   16.24,   33.53,   16.55,   33.66,   16.34,  204.46,  100.71,     18380,  305.18,   1278.30,   1952.77,   3231.07
2026-06-02,06:55:05.999,  277.15,  243.94,  276.87,  242.56,  278.70,  242.90,  263.85,  240.07,  262.14,  240.10,  261.95,  239.65, 1620.66, 1449.22,     18760, 3069.88,   35.96,   20.09,   36.17,   19.89,   36.49,   20.65,   33.97,   18.81,   34.04,   19.30,   33.52,   18.43,  210.15,  117.17,     18780,  327.32,   1830.81,   1566.38,   3397.19
2026-06-02,06:55:06.050,  292.66,  189.69,  292.75,  188.54,  292.99,  189.75,  277.84,  185.71,  277.65,  186.23,  279.20,  185.93, 1713.09, 1125.84,     18800, 2838.94,   40.59,   21.89,   40.71,   21.74,   41.07,   22.44,   38.01,   20.08,   38.81,   21.28,   38.14,   20.26,  237.32,  127.69,     18800,  365.01,   1950.42,   1253.53,   3203.94
2026-06-02,06:55:06.100,  106.17,  108.87,  108.11,  109.20,  106.99,  109.49,  102.47,  109.15,  101.70,  108.87,  102.18,  108.68,  627.61,  654.26,     33880, 1281.88,   14.90,   12.31,   14.99,   12.21,   15.20,   12.77,   14.14,   11.83,   14.19,   12.04,   14.06,   11.64,   87.48,   72.81,     18760,  160.29,    715.09,    727.07,   1442.17
2026-06-02,06:55:06.151,   40.68,   42.89,   40.63,   42.85,   41.13,   43.05,   37.30,   41.60,   36.86,   41.43,   36.63,   41.49,  233.24,  253.33,     18800,  486.57,   10.06,    9.07,    9.82,    9.10,   10.13,    9.39,    8.41,    8.01,    9.00,    8.83,    8.45,    8.27,   55.87,   52.68,     18900,  108.54,    289.10,    306.00,    595.11
2026-06-02,06:55:06.201,   98.53,   59.17,   99.10,   59.31,   99.11,   60.07,   94.87,   58.42,   94.45,   57.98,   95.12,   58.10,  581.18,  353.04,     18600,  934.21,   12.90,   12.29,   12.43,   11.88,   12.49,   12.04,   10.54,   10.98,   11.23,   11.69,   10.74,   11.09,   70.33,   69.98,     18680,  140.31,    651.51,    423.01,   1074.52
2026-06-02,06:55:06.251,   72.01,   49.75,   71.45,   49.40,   72.09,   49.40,   69.89,   48.79,   69.67,   48.65,   69.50,   48.68,  424.61,  294.67,     18660,  719.29,   13.59,   11.25,   13.58,   11.29,   13.29,   11.19,   12.02,   10.55,   12.24,   10.72,   11.94,   10.49,   76.66,   65.49,     18680,  142.15,    501.27,    360.17,    861.44
2026-06-02,06:55:06.301,   57.10,   53.34,   57.25,   53.51,   57.27,   53.63,   52.85,   52.21,   52.88,   52.09,   52.77,   52.40,  330.12,  317.19,     18700,  647.31,   11.22,    7.01,   11.01,    7.05,   10.87,    6.88,   10.00,    6.23,   10.28,    6.54,    9.95,    6.28,   63.34,   39.98,     18680,  103.32,    393.46,    357.17,    750.63
2026-06-02,06:55:06.351,  130.50,   63.40,  131.20,   63.06,  131.16,   63.33,  128.46,   62.46,  127.30,   62.25,  128.60,   62.15,  777.22,  376.65,     18720, 1153.88,   14.83,   10.48,   14.53,   10.41,   14.65,   10.50,   13.03,    9.59,   13.47,   10.34,   13.22,    9.68,   83.73,   61.01,     18680,  144.74,    860.96,    437.66,   1298.62
2026-06-02,06:55:06.401,  109.82,   79.36,  110.26,   79.45,  110.61,   79.72,  108.52,   78.56,  108.41,   78.65,  109.31,   78.90,  656.93,  474.64,     18680, 1131.56,   10.09,   10.26,    9.77,   10.06,    9.62,   10.02,    7.92,    8.99,    8.48,    9.61,    8.41,    9.52,   54.28,   58.47,     18700,  112.75,    711.21,    533.10,   1244.31
2026-06-02,06:55:06.452,  262.73,  140.18,  263.75,  140.78,  262.67,  140.85,  259.40,  139.06,  260.06,  138.78,  260.74,  139.60, 1569.35,  839.26,     18685, 2408.61,    7.52,    3.89,    7.54,    4.17,    7.33,    4.08,    6.87,    3.50,    7.19,    3.71,    6.89,    3.53,   43.35,   22.88,     18664,   66.22,   1612.70,    862.13,   2474.83
2026-06-02,06:55:06.503,  549.27,  139.46,  549.47,  139.70,  549.71,  139.54,  543.46,  138.56,  543.40,  138.61,  546.48,  139.46, 3281.78,  835.32,     19080, 4117.10,   14.96,   10.53,   14.66,   10.30,   15.21,   10.77,   12.96,    9.46,   13.50,   10.05,   13.33,    9.35,   84.62,   60.45,     19060,  145.07,   3366.40,    895.77,   4262.17
2026-06-02,06:55:06.553,  656.07,  157.35,  656.93,  158.50,  655.63,  158.42,  652.84,  156.86,  651.84,  156.61,  654.11,  157.17, 3927.43,  944.90,     18780, 4872.33,   15.91,   16.08,   16.16,   16.31,   16.01,   16.41,   13.77,   15.43,   14.21,   15.90,   13.73,   15.27,   89.79,   95.40,     18700,  185.19,   4017.22,   1040.31,   5057.52
2026-06-02,06:55:06.603,  367.97,   69.28,  368.32,   69.40,  367.82,   69.17,  366.18,   68.55,  365.36,   68.68,  367.03,   68.48, 2202.68,  413.57,     18760, 2616.24,   28.32,   30.47,   28.22,   30.73,   28.23,   30.48,   25.74,   29.42,   25.98,   29.89,   26.21,   29.50,  162.70,  180.50,     18700,  343.20,   2365.38,    594.06,   2959.44
2026-06-02,06:55:06.653,  416.71,   46.96,  417.85,   46.98,  417.93,   47.40,  413.20,   46.68,  412.50,   46.45,  414.83,   46.41, 2493.03,  280.89,     18680, 2773.92,   15.72,   12.57,   15.89,   12.41,   16.13,   12.91,   13.75,   11.70,   14.69,   12.56,   13.91,   11.48,   90.09,   73.63,     18700,  163.72,   2583.12,    354.52,   2937.64
2026-06-02,06:55:06.703,  454.17,  177.28,  456.83,  178.31,  457.15,  178.59,  450.58,  175.20,  449.91,  175.12,  451.66,  176.28, 2720.30, 1060.77,     18660, 3781.07,   13.98,   11.94,   14.05,   11.65,   13.70,   11.72,   11.64,   10.61,   12.17,   11.29,   11.81,   10.82,   77.35,   68.03,     18680,  145.38,   2797.65,   1128.80,   3926.45
2026-06-02,06:55:06.753,  659.40,  183.84,  660.06,  184.87,  659.03,  184.26,  656.18,  182.81,  654.54,  182.51,  658.47,  183.11, 3947.68, 1101.40,     18700, 5049.08,   16.77,   12.67,   17.06,   12.88,   16.83,   12.91,   15.45,   12.11,   15.39,   12.23,   15.42,   12.02,   96.93,   74.81,     18680,  171.75,   4044.62,   1176.21,   5220.82
2026-06-02,06:55:06.807,  514.81,  172.14,  517.34,  173.62,  517.06,  172.79,  514.06,  171.07,  515.08,  171.62,  517.22,  171.99, 3095.57, 1033.23,     18780, 4128.80,   19.69,   13.66,   19.85,   13.87,   19.75,   13.58,   18.40,   12.81,   19.06,   13.45,   18.85,   12.94,  115.60,   80.31,     18700,  195.92,   3211.17,   1113.54,   4324.72
2026-06-02,06:55:06.854,  563.30,  118.37,  563.41,  118.14,  562.59,  118.19,  554.07,  116.30,  553.34,  116.65,  555.91,  117.51, 3352.63,  705.16,     18820, 4057.79,   16.27,   11.44,   16.18,   11.38,   16.42,   11.68,   14.35,   10.48,   14.92,   11.18,   14.21,   10.50,   92.36,   66.66,     18780,  159.01,   3444.99,    771.82,   4216.81
2026-06-02,06:55:06.904,  457.53,   43.42,  457.96,   43.32,  458.53,   43.86,  451.50,   43.04,  451.17,   42.94,  453.09,   42.95, 2729.79,  259.53,     18640, 2989.31,   21.71,   16.71,   21.67,   16.63,   22.16,   16.76,   20.02,   15.83,   20.55,   16.21,   20.24,   15.86,  126.34,   98.00,     18620,  224.35,   2856.13,    357.53,   3213.66
2026-06-02,06:55:06.954,  375.17,  131.90,  376.48,  131.85,  375.96,  131.36,  363.05,  125.63,  362.07,  126.02,  363.49,  126.45, 2216.21,  773.21,     18700, 2989.42,   15.37,    9.41,   15.33,    9.36,   15.37,    9.61,   14.10,    8.64,   14.70,    9.34,   14.24,    8.37,   89.11,   54.72,     18700,  143.84,   2305.33,    827.93,   3133.26
2026-06-02,06:55:07.004,  465.07,  223.81,  466.28,  225.75,  466.28,  226.05,  459.65,  222.06,  459.08,  221.56,  461.86,  222.30, 2778.22, 1341.54,     18800, 4119.76,   13.13,   11.02,   13.80,   11.49,   13.26,   11.32,   11.17,   10.02,   11.77,   10.57,   11.46,   10.09,   74.59,   64.51,     18700,  139.11,   2852.81,   1406.05,   4258.87
2026-06-02,06:55:07.054, 1215.35,  355.96, 1214.57,  355.22, 1216.32,  355.03, 1191.11,  337.11, 1192.27,  337.40, 1193.88,  337.79, 7223.49, 2078.50,     18700, 9302.00,   21.39,   13.92,   20.90,   13.70,   20.90,   13.79,   18.34,   12.56,   19.56,   13.36,   18.83,   12.62,  119.92,   79.95,     18680,  199.87,   7343.41,   2158.45,   9501.86
2026-06-02,06:55:07.104,  586.02,  152.51,  586.38,  153.33,  585.34,  152.57,  576.62,  148.37,  577.21,  149.28,  577.71,  149.20, 3489.28,  905.26,     18720, 4394.54,   15.56,   10.65,   15.38,   10.51,   15.58,   10.83,   13.84,    9.79,   14.44,   10.24,   14.03,    9.68,   88.82,   61.71,     18720,  150.53,   3578.09,    966.98,   4545.07
2026-06-02,06:55:07.154,  432.33,  111.38,  435.04,  112.73,  434.40,  112.60,  425.81,  111.13,  425.42,  110.86,  428.73,  111.88, 2581.73,  670.57,     18720, 3252.29,   19.75,   15.04,   20.16,   15.25,   20.00,   15.29,   18.01,   14.10,   18.40,   14.59,   18.06,   13.92,  114.38,   88.20,     18680,  202.58,   2696.11,    758.77,   3454.88
2026-06-02,06:55:07.204,  481.28,  170.91,  481.45,  171.56,  482.43,  172.34,  474.67,  169.04,  475.27,  169.30,  477.97,  170.84, 2873.06, 1023.99,     18800, 3897.05,   17.32,   13.63,   17.70,   13.87,   17.67,   13.76,   15.55,   12.76,   15.93,   13.23,   15.49,   12.33,   99.66,   79.58,     18700,  179.23,   2972.72,   1103.57,   4076.29
2026-06-02,06:55:07.254,  291.99,  129.09,  292.57,  129.80,  293.82,  130.30,  287.17,  125.44,  286.45,  125.03,  288.92,  126.31, 1740.92,  765.98,     18740, 2506.89,   35.66,   31.50,   35.48,   31.24,   35.43,   31.40,   33.57,   30.58,   34.03,   31.18,   34.03,   30.69,  208.20,  186.59,     18720,  394.79,   1949.12,    952.56,   2901.68
2026-06-02,06:55:07.304,  450.96,  261.99,  451.36,  261.70,  450.18,  261.02,  430.85,  249.29,  430.24,  249.21,  431.54,  250.00, 2645.12, 1533.22,     18720, 4178.34,   47.00,   30.31,   46.82,   30.15,   46.35,   30.05,   42.91,   28.87,   43.54,   29.12,   42.72,   28.65,  269.35,  177.15,     18700,  446.50,   2914.47,   1710.37,   4624.84
2026-06-02,06:55:07.355,  484.14,  222.14,  485.18,  221.93,  484.58,  222.04,  469.01,  213.82,  468.33,  213.91,  470.34,  213.57, 2861.57, 1307.40,     18760, 4168.98,   51.83,   32.90,   52.39,   33.57,   52.36,   33.86,   48.20,   31.69,   48.71,   31.94,   48.36,   31.71,  301.84,  195.67,     18760,  497.52,   3163.42,   1503.08,   4666.49
2026-06-02,06:55:07.405,  544.49,  115.51,  544.93,  115.93,  544.24,  115.90,  538.78,  114.30,  536.90,  114.45,  539.89,  113.62, 3249.23,  689.71,     18820, 3938.93,   55.86,   40.47,   54.59,   39.17,   53.83,   39.12,   49.61,   37.31,   49.77,   37.49,   49.17,   37.36,  312.83,  230.93,     18740,  543.76,   3562.06,    920.64,   4482.69
2026-06-02,06:55:07.455,  228.43,  139.10,  227.96,  138.61,  227.56,  138.05,  225.22,  137.53,  225.02,  137.95,  225.08,  138.24, 1359.27,  829.48,     18760, 2188.75,   29.40,   18.87,   29.85,   19.00,   29.34,   18.69,   27.43,   17.67,   27.64,   18.19,   27.67,   17.91,  171.34,  110.32,     18760,  281.66,   1530.60,    939.80,   2470.41
2026-06-02,06:55:07.511,   98.46,  125.37,   98.82,  124.78,   98.69,  125.02,   89.40,  123.82,   89.18,  123.61,   89.30,  123.10,  563.86,  745.70,     18720, 1309.55,   16.46,   12.06,   16.50,   12.28,   16.62,   12.27,   14.80,   11.22,   14.71,   11.36,   14.72,   11.14,   93.82,   70.34,     18740,  164.16,    657.68,    816.03,   1473.71
2026-06-02,06:55:07.556,  160.54,  112.34,  161.12,  111.97,  160.95,  112.05,  155.30,  111.17,  155.75,  112.49,  156.13,  112.37,  949.80,  672.39,     18507, 1622.19,   13.02,   12.09,   12.91,   11.93,   13.21,   12.22,   11.14,   11.16,   11.67,   11.60,   11.09,   11.10,   73.03,   70.10,     18526,  143.13,   1022.83,    742.49,   1765.32
2026-06-02,06:55:07.607,  216.32,  113.78,  216.18,  112.97,  217.10,  112.60,  215.15,  112.65,  214.82,  113.18,  214.61,  112.87, 1294.17,  678.04,     18704, 1972.22,   13.68,    9.49,   13.84,    9.56,   13.47,    9.26,   12.46,    8.71,   12.68,    9.06,   12.49,    8.72,   78.62,   54.79,     18685,  133.41,   1372.79,    732.84,   2105.63
2026-06-02,06:55:07.658,  121.38,  117.02,  121.42,  116.69,  121.58,  115.96,  118.54,  115.73,  118.42,  115.97,  117.86,  116.11,  719.21,  697.49,     19060, 1416.70,   17.47,   13.42,   17.50,   13.54,   17.28,   13.21,   15.63,   12.34,   15.83,   12.96,   15.45,   12.39,   99.15,   77.87,     19060,  177.02,    818.36,    775.36,   1593.72
2026-06-02,06:55:07.708,   76.71,  131.31,   76.00,  131.13,   75.86,  131.05,   69.87,  129.25,   71.60,  131.30,   69.13,  128.56,  439.18,  782.60,     18720, 1221.78,   24.74,   21.58,   23.44,   19.85,   24.69,   21.82,   20.21,   17.67,   20.48,   18.11,   20.02,   17.27,  133.58,  116.29,     18680,  249.87,    572.76,    898.89,   1471.65
2026-06-02,06:55:07.758,  245.89,  132.13,  247.61,  132.11,  246.62,  131.73,  232.02,  128.63,  233.54,  128.95,  233.89,  128.75, 1439.57,  782.30,     18680, 2221.87,   19.75,   12.92,   19.36,   12.70,   19.72,   13.15,   17.09,   11.71,   17.40,   11.86,   17.36,   11.49,  110.67,   73.82,     18680,  184.49,   1550.24,    856.12,   2406.36
2026-06-02,06:55:07.808,  154.11,   86.55,  154.49,   86.46,  154.41,   86.77,  141.72,   84.57,  142.41,   84.66,  143.09,   85.13,  890.23,  514.13,     18820, 1404.36,   16.59,   11.44,   16.62,   11.66,   16.39,   11.62,   15.22,   10.78,   15.59,   11.11,   15.65,   11.03,   96.06,   67.64,     18760,  163.70,    986.29,    581.77,   1568.06
2026-06-02,06:55:07.858,   48.15,   32.28,   48.36,   32.42,   48.45,   32.62,   46.00,   31.74,   45.90,   31.94,   45.72,   31.86,  282.59,  192.86,     18680,  475.45,    9.92,   11.04,   10.23,   10.91,    9.85,   10.85,    8.26,   10.05,    8.70,   10.57,    8.40,   10.21,   55.36,   63.63,     18720,  118.99,    337.96,    256.49,    594.44
2026-06-02,06:55:07.908,   39.72,   38.24,   39.62,   37.94,   39.84,   38.08,   38.79,   38.44,   38.94,   39.06,   39.16,   38.38,  236.06,  230.14,     18720,  466.20,   14.00,   11.56,   14.13,   11.75,   14.20,   11.62,   12.29,   10.62,   12.66,   11.17,   12.48,   10.59,   79.77,   67.31,     18720,  147.08,    315.83,    297.45,    613.27
2026-06-02,06:55:07.959,   75.94,   38.29,   75.91,   38.32,   75.87,   38.41,   72.36,   37.00,   72.35,   36.88,   72.57,   37.06,  445.00,  225.95,     18740,  670.96,   10.26,    7.56,   10.34,    7.99,   10.19,    7.67,    9.11,    7.13,    9.21,    7.33,    9.05,    6.97,   58.15,   44.65,     18740,  102.80,    503.15,    270.61,    773.76
2026-06-02,06:55:08.009,   38.42,   32.31,   38.66,   32.37,   38.63,   32.75,   37.09,   31.90,   37.33,   32.11,   36.87,   31.63,  226.99,  193.06,     18388,  420.05,    8.67,    9.33,    8.69,    9.26,    8.51,    9.08,    7.04,    8.44,    7.53,    8.83,    7.11,    8.59,   47.55,   53.52,     18388,  101.07,    274.54,    246.58,    521.12
2026-06-02,06:55:08.059,    6.88,   15.26,    6.93,   15.14,    6.94,   15.26,    6.27,   15.05,    6.48,   15.07,    6.26,   14.73,   39.76,   90.52,     19037,  130.28,    6.72,    8.55,    6.85,    8.52,    6.58,    8.25,    5.21,    7.52,    5.56,    8.00,    5.25,    7.76,   36.17,   48.61,     19037,   84.78,     75.93,    139.13,    215.05
2026-06-02,06:55:08.109,   34.41,   32.74,   34.25,   32.83,   34.49,   32.73,   32.41,   31.97,   32.87,   32.16,   32.47,   32.17,  200.90,  194.60,     18720,  395.50,   12.58,    9.89,   12.31,    9.86,   12.69,    9.82,   10.99,    9.07,   11.32,    9.35,   11.07,    9.08,   70.96,   57.06,     18700,  128.03,    271.86,    251.67,    523.53
2026-06-02,06:55:08.159,   73.47,   38.84,   74.18,   38.98,   73.94,   39.36,   70.79,   38.52,   70.78,   38.39,   71.15,   38.36,  434.31,  232.46,     18780,  666.77,    7.13,    4.84,    7.06,    4.94,    6.87,    4.71,    6.07,    4.28,    6.45,    4.55,    6.09,    4.15,   39.68,   27.47,     18720,   67.15,    473.99,    259.93,    733.92
2026-06-02,06:55:08.208,   45.76,   34.65,   46.09,   34.71,   46.01,   34.84,   43.89,   34.20,   43.95,   34.29,   43.66,   33.92,  269.36,  206.60,     18440,  475.96,   11.97,   12.34,   12.10,   12.43,   12.09,   12.49,   10.16,   11.11,   10.79,   11.95,   10.43,   11.63,   67.53,   71.94,     18460,  139.48,    336.89,    278.54,    615.44
2026-06-02,06:55:08.259,   14.20,   20.23,   14.49,   20.21,   14.56,   20.39,   13.98,   20.28,   14.06,   20.63,   13.97,   20.59,   85.25,  122.33,     19000,  207.57,    7.14,    7.75,    7.18,    7.77,    7.14,    7.55,    5.61,    6.97,    6.00,    7.28,    5.55,    7.01,   38.62,   44.33,     19000,   82.95,    123.87,    166.65,    290.52
2026-06-02,06:55:08.310,   63.12,   38.04,   63.13,   37.97,   63.04,   38.30,   59.63,   37.26,   59.73,   37.23,   60.00,   36.98,  368.65,  225.79,     18408,  594.44,    8.82,    7.76,    8.92,    7.93,    8.76,    7.76,    7.60,    7.13,    7.85,    7.44,    7.46,    7.05,   49.40,   45.05,     18368,   94.46,    418.05,    270.84,    688.89
2026-06-02,06:55:08.360,   44.36,   37.50,   44.57,   37.72,   44.55,   38.05,   42.84,   37.47,   42.84,   37.87,   42.72,   37.77,  261.88,  226.39,     18880,  488.27,   13.46,   14.07,   13.66,   14.12,   13.66,   14.26,   11.87,   13.40,   12.36,   13.84,   12.30,   13.69,   77.30,   83.37,     18760,  160.68,    339.19,    309.76,    648.95
2026-06-02,06:55:08.411,   13.07,   12.26,   13.10,   12.30,   13.42,   12.52,   12.77,   12.02,   12.87,   12.20,   12.45,   11.86,   77.68,   73.15,     19100,  150.84,    7.95,    9.29,    7.82,    9.40,    7.64,    9.03,    6.13,    8.42,    6.36,    8.86,    5.85,    8.33,   41.75,   53.33,     19000,   95.09,    119.44,    126.48,    245.92
2026-06-02,06:55:08.461,   50.39,   30.60,   50.48,   30.36,   50.65,   30.32,   46.63,   28.90,   46.70,   28.49,   46.88,   28.34,  291.72,  177.01,     18640,  468.74,    8.66,    9.07,    8.84,    9.26,    8.46,    9.07,    6.94,    8.39,    7.44,    8.55,    7.07,    8.21,   47.42,   52.55,     18620,   99.97,    339.14,    229.56,    568.70
2026-06-02,06:55:08.511,   71.91,   41.36,   72.23,   41.47,   72.17,   41.82,   69.42,   41.22,   69.73,   41.23,   70.15,   41.09,  425.61,  248.20,     18740,  673.81,    8.98,    7.19,    8.99,    7.25,    8.93,    6.89,    8.29,    6.46,    8.61,    7.00,    8.12,    6.51,   51.91,   41.30,     18740,   93.22,    477.53,    289.50,    767.03
2026-06-02,06:55:08.561,   21.79,   29.65,   22.21,   29.73,   22.37,   29.88,   21.20,   29.24,   21.29,   29.65,   20.42,   28.96,  129.28,  177.11,     18428,  306.39,    9.74,   10.65,   10.04,   10.91,   10.03,   10.73,    8.38,    9.91,    8.58,   10.34,    8.17,    9.91,   54.94,   62.45,     18428,  117.39,    184.22,    239.56,    423.78
2026-06-02,06:55:08.611,   32.91,   33.07,   32.98,   32.95,   33.35,   33.58,   32.28,   33.23,   32.83,   33.52,   32.42,   33.03,  196.76,  199.39,     18800,  396.14,   17.06,   15.42,   17.05,   15.54,   16.98,   15.67,   15.14,   14.80,   15.62,   15.27,   15.24,   14.76,   97.09,   91.46,     18760,  188.55,    293.84,    290.85,    584.70
2026-06-02,06:55:08.662,   55.90,   33.23,   55.98,   33.36,   56.11,   33.32,   52.16,   32.04,   52.78,   32.05,   52.49,   32.11,  325.42,  196.12,     18840,  521.54,    6.93,    4.26,    7.16,    4.44,    6.74,    4.17,    6.11,    3.80,    6.37,    3.97,    6.26,    3.72,   39.56,   24.35,     18760,   63.92,    364.98,    220.47,    585.45
2026-06-02,06:55:08.712,   58.91,   35.38,   59.29,   35.37,   59.07,   35.54,   57.52,   35.09,   57.15,   35.12,   57.93,   34.88,  349.86,  211.38,     18720,  561.24,    6.76,    7.59,    6.99,    7.96,    6.91,    7.75,    5.65,    7.16,    5.83,    7.55,    5.91,    7.15,   38.05,   45.15,     18740,   83.20,    387.91,    256.54,    644.45
2026-06-02,06:55:08.762,   24.52,   26.89,   24.65,   27.07,   25.17,   27.37,   23.79,   27.02,   23.83,   27.06,   23.62,   27.09,  145.58,  162.49,     18700,  308.07,   10.46,   10.54,   10.82,   10.71,   10.58,   10.77,    8.67,    9.83,    9.09,   10.00,    8.66,    9.76,   58.28,   61.62,     18620,  119.90,    203.86,    224.11,    427.97
2026-06-02,06:55:08.812,   42.64,   28.20,   42.66,   28.40,   42.92,   28.43,   39.00,   27.41,   39.49,   27.71,   39.09,   27.43,  245.80,  167.57,     18720,  413.37,    7.59,    6.24,    7.35,    6.03,    7.36,    6.13,    6.30,    5.44,    6.49,    5.69,    6.35,    5.51,   41.44,   35.03,     18720,   76.47,    287.24,    202.60,    489.84
2026-06-02,06:55:08.862,   46.08,   37.92,   45.90,   37.66,   46.75,   38.21,   44.86,   37.22,   44.51,   37.63,   44.57,   37.38,  272.66,  226.03,     18720,  498.69,    7.41,    4.64,    7.37,    4.68,    7.39,    4.64,    6.72,    4.27,    7.10,    4.62,    6.66,    4.25,   42.65,   27.11,     18740,   69.76,    315.31,    253.14,    568.45
2026-06-02,06:55:08.912,   28.63,   31.05,   28.56,   31.08,   29.19,   31.52,   28.10,   31.54,   28.25,   31.29,   28.07,   31.26,  170.80,  187.73,     18760,  358.53,    7.73,    7.83,    7.78,    7.78,    7.72,    7.65,    6.58,    7.15,    6.72,    7.53,    6.53,    7.29,   43.06