timestamp,elapsed_time,cpu_power,gpu_power,total_power,sm_clock_mhz,max_sm_clock_mhz,throttle_bitmask,throttle_reasons
2026-06-02 07:35:41.853919,3.695,46.98,24.91,71.89,825,2100,1,None
2026-06-02 07:35:42.033262,3.904,102.11,24.49,126.60,825,2100,1,None
2026-06-02 07:35:42.208272,4.083,47.86,24.90,72.76,825,2100,1,None
2026-06-02 07:35:42.386307,4.258,47.19,24.68,71.87,825,2100,1,None
2026-06-02 07:35:42.561462,4.437,45.87,24.93,70.81,825,2100,1,None
2026-06-02 07:35:42.740265,4.612,56.12,25.81,81.93,855,2100,1,None
2026-06-02 07:35:42.914436,4.791,46.89,25.90,72.79,855,2100,1,None
2026-06-02 07:35:43.092224,4.965,46.47,25.92,72.39,855,2100,1,None
2026-06-02 07:35:43.285378,5.142,46.99,25.95,72.94,855,2100,1,None
2026-06-02 07:35:43.482612,5.336,46.32,25.78,72.10,855,2100,1,None
2026-06-02 07:35:43.658616,5.533,46.44,25.46,71.90,855,2100,1,None
2026-06-02 07:35:43.838193,5.709,52.60,25.60,78.19,855,2100,1,None
2026-06-02 07:35:44.012831,5.888,46.69,25.77,72.46,855,2100,1,None
2026-06-02 07:35:44.210704,6.063,50.54,25.48,76.02,855,2100,1,None
2026-06-02 07:35:44.390559,6.261,50.05,25.87,75.91,855,2100,1,None
2026-06-02 07:35:44.568665,6.441,46.72,25.00,71.72,825,2100,1,None
2026-06-02 07:35:44.744779,6.619,46.72,25.03,71.75,825,2100,1,None
2026-06-02 07:35:44.921606,6.795,46.48,25.83,72.31,915,2100,1,None
2026-06-02 07:35:45.095378,6.972,46.62,26.88,73.50,915,2100,1,None
2026-06-02 07:35:45.271015,7.146,46.38,27.00,73.38,915,2100,1,None
2026-06-02 07:35:45.448339,7.321,107.05,27.22,134.27,915,2100,1,None
2026-06-02 07:35:45.621179,7.499,49.84,27.26,77.11,915,2100,1,None
2026-06-02 07:35:45.795150,7.671,47.69,27.07,74.76,915,2100,1,None
2026-06-02 07:35:45.973656,7.845,46.94,27.19,74.13,915,2100,1,None
2026-06-02 07:35:46.146852,8.024,48.78,27.27,76.06,915,2100,1,None
2026-06-02 07:35:46.320241,8.197,48.81,27.23,76.04,915,2100,1,None
2026-06-02 07:35:46.510922,8.370,48.48,27.24,75.72,915,2100,1,None
2026-06-02 07:35:46.688602,8.561,55.37,26.92,82.29,915,2100,1,None
2026-06-02 07:35:46.866571,8.739,47.56,26.58,74.15,885,2100,1,None
2026-06-02 07:35:47.045491,8.917,46.96,26.50,73.46,885,2100,1,None
2026-06-02 07:35:47.219304,9.096,46.91,26.38,73.29,885,2100,1,None
2026-06-02 07:35:47.396607,9.270,46.95,26.43,73.39,885,2100,1,None
2026-06-02 07:35:47.573513,9.447,46.38,26.34,72.72,885,2100,1,None
2026-06-02 07:35:47.751173,9.624,46.96,26.71,73.68,945,2100,1,None
2026-06-02 07:35:47.925330,9.801,48.13,27.20,75.34,945,2100,1,None
2026-06-02 07:35:48.098545,9.976,49.12,27.24,76.36,945,2100,1,None
2026-06-02 07:35:48.276070,10.149,46.43,27.46,73.90,945,2100,1,None
2026-06-02 07:35:48.448390,10.326,47.06,27.25,74.30,945,2100,1,None
2026-06-02 07:35:48.627163,10.499,46.45,27.43,73.87,945,2100,1,None
2026-06-02 07:35:48.806274,10.677,35.53,27.45,62.98,945,2100,1,None
2026-06-02 07:35:48.978901,10.856,30.80,27.53,58.34,945,2100,1,None
2026-06-02 07:35:49.157948,11.029,29.81,27.92,57.73,975,2100,1,None
2026-06-02 07:35:49.332651,11.209,30.75,28.27,59.01,975,2100,1,None
2026-06-02 07:35:49.506279,11.383,30.36,28.19,58.55,975,2100,1,None
2026-06-02 07:35:49.682290,11.557,33.20,28.21,61.41,975,2100,1,None
2026-06-02 07:35:49.857230,11.733,32.42,27.82,60.24,975,2100,1,None
2026-06-02 07:35:50.030843,11.908,32.72,27.93,60.65,975,2100,1,None
2026-06-02 07:35:50.207729,12.081,30.85,27.75,58.60,975,2100,1,None
2026-06-02 07:35:50.380675,12.258,30.81,28.01,58.82,975,2100,1,None
2026-06-02 07:35:50.553401,12.431,29.37,28.10,57.47,975,2100,1,None
2026-06-02 07:35:50.730263,12.604,29.79,27.99,57.78,975,2100,1,None
2026-06-02 07:35:50.905839,12.781,30.09,27.63,57.72,915,2100,1,None
2026-06-02 07:35:51.083108,12.956,36.28,27.11,63.39,915,2100,1,None
2026-06-02 07:35:51.259144,13.133,51.34,27.10,78.44,915,2100,1,None
2026-06-02 07:35:51.433085,13.309,30.44,26.95,57.38,915,2100,1,None
2026-06-02 07:35:51.612302,13.483,32.13,26.75,58.88,915,2100,1,None
2026-06-02 07:35:51.786168,13.663,33.96,27.20,61.16,885,2100,1,None
2026-06-02 07:35:51.963422,13.836,32.85,26.60,59.45,885,2100,1,None
2026-06-02 07:35:52.140104,14.014,31.58,26.80,58.38,885,2100,1,None
2026-06-02 07:35:52.314684,14.190,35.02,26.79,61.81,855,2100,1,None
2026-06-02 07:35:52.492914,14.365,39.11,26.45,65.55,855,2100,1,None
2026-06-02 07:35:52.667982,14.543,36.95,26.29,63.23,855,2100,1,None
2026-06-02 07:35:52.846429,14.718,31.22,26.22,57.44,855,2100,1,None
2026-06-02 07:35:53.021533,14.897,31.74,26.32,58.06,855,2100,1,None
2026-06-02 07:35:53.197620,15.072,44.74,26.89,71.62,915,2100,1,None
2026-06-02 07:35:53.374178,15.248,50.76,27.48,78.24,915,2100,1,None
2026-06-02 07:35:53.549440,15.424,48.32,27.27,75.59,915,2100,1,None
2026-06-02 07:35:53.728245,15.600,50.12,27.16,77.28,915,2100,1,None
2026-06-02 07:35:53.902041,15.778,54.41,27.42,81.84,915,2100,1,None
2026-06-02 07:35:54.080018,15.952,56.92,27.36,84.28,915,2100,1,None
2026-06-02 07:35:54.255325,16.130,46.90,27.48,74.38,915,2100,1,None
2026-06-02 07:35:54.437690,16.305,102.25,27.51,129.76,945,2100,1,None
2026-06-02 07:35:54.611857,16.488,94.90,36.04,130.95,1440,2100,0,None
2026-06-02 07:35:54.780295,16.662,112.44,61.69,174.13,1455,2100,0,None
2026-06-02 07:35:54.947486,16.831,78.02,64.58,142.60,1605,2100,0,None
2026-06-02 07:35:55.125960,17.003,113.33,69.38,182.72,1605,2100,0,None
2026-06-02 07:35:55.291513,17.176,84.73,69.39,154.12,1605,2100,0,None
2026-06-02 07:35:55.473700,17.342,110.51,69.51,180.02,1605,2100,0,None
2026-06-02 07:35:55.639443,17.524,97.25,69.60,166.85,1605,2100,0,None
2026-06-02 07:35:55.806236,17.690,71.55,69.44,140.98,1605,2100,0,None
2026-06-02 07:35:55.974073,17.857,66.05,69.32,135.37,1605,2100,0,None
2026-06-02 07:35:56.139772,18.024,54.88,69.28,124.16,1605,2100,0,None
2026-06-02 07:35:56.306718,18.190,55.01,69.42,124.43,1605,2100,0,None
2026-06-02 07:35:56.475135,18.357,50.56,69.30,119.86,1605,2100,0,None
2026-06-02 07:35:56.653133,18.525,51.16,69.32,120.48,1605,2100,0,None
2026-06-02 07:35:56.819575,18.703,57.49,66.27,123.77,1440,2100,0,None
2026-06-02 07:35:56.988330,18.870,54.81,62.74,117.55,1440,2100,0,None
2026-06-02 07:35:57.159187,19.039,44.93,62.72,107.65,1440,2100,0,None
2026-06-02 07:35:57.326533,19.209,46.53,62.84,109.37,1440,2100,0,None
2026-06-02 07:35:57.499983,19.377,46.03,62.77,108.80,1440,2100,0,None
2026-06-02 07:35:57.687121,19.550,57.69,61.90,119.59,1440,2100,0,None
2026-06-02 07:35:57.851374,19.737,84.73,70.75,155.48,1665,2100,0,None
2026-06-02 07:35:58.018744,19.902,75.30,71.39,146.68,1665,2100,0,None
2026-06-02 07:35:58.185626,20.069,81.29,71.22,152.51,1665,2100,0,None
2026-06-02 07:35:58.350296,20.236,88.67,71.24,159.92,1665,2100,0,None
2026-06-02 07:35:58.514543,20.400,96.20,71.35,167.55,1665,2100,0,None
2026-06-02 07:35:58.680821,20.565,90.76,71.30,162.06,1665,2100,0,None
2026-06-02 07:35:58.847270,20.731,76.61,71.32,147.93,1665,2100,0,None
2026-06-02 07:35:59.013189,20.897,80.92,71.24,152.16,1665,2100,0,None
2026-06-02 07:35:59.180492,21.063,55.24,70.88,126.12,1665,2100,0,None
2026-06-02 07:35:59.344643,21.231,55.06,70.47,125.52,1905,2100,0,None
2026-06-02 07:35:59.514034,21.395,57.82,89.84,147.67,1905,2100,0,None
2026-06-02 07:35:59.679110,21.564,53.75,91.72,145.47,1905,2100,0,None
2026-06-02 07:35:59.843790,21.729,53.64,91.96,145.60,1905,2100,0,None
2026-06-02 07:36:00.008476,21.894,53.82,91.91,145.72,1905,2100,0,None
2026-06-02 07:36:00.176059,22.059,47.84,91.99,139.83,1905,2100,0,None
2026-06-02 07:36:00.340962,22.226,44.56,91.77,136.32,1905,2100,0,None
2026-06-02 07:36:00.506652,22.391,42.46,92.05,134.51,1905,2100,0,None
2026-06-02 07:36:00.671894,22.557,40.74,91.95,132.69,1905,2100,0,None
2026-06-02 07:36:00.851973,22.722,39.70,91.96,131.66,1905,2100,0,None
2026-06-02 07:36:01.016851,22.902,36.49,92.18,128.67,1905,2100,0,None
2026-06-02 07:36:01.184802,23.067,36.34,80.67,117.01,1440,2100,0,None
2026-06-02 07:36:01.355165,23.235,37.60,62.27,99.87,1440,2100,0,None
2026-06-02 07:36:01.524386,23.405,41.43,63.01,104.44,1440,2100,0,None
2026-06-02 07:36:01.692267,23.575,48.81,62.93,111.74,1440,2100,0,None
2026-06-02 07:36:01.861825,23.743,41.18,62.92,104.10,1440,2100,0,None
2026-06-02 07:36:02.031279,23.912,38.60,62.92,101.53,1440,2100,0,None
2026-06-02 07:36:02.198504,24.082,35.77,62.81,98.59,1440,2100,0,None
2026-06-02 07:36:02.379881,24.251,37.47,62.75,100.22,1440,2100,0,None
2026-06-02 07:36:02.546216,24.430,36.08,62.86,98.94,1440,2100,0,None
2026-06-02 07:36:02.712565,24.596,36.45,62.88,99.33,1440,2100,0,None
2026-06-02 07:36:02.881491,24.763,38.73,62.95,101.68,1440,2100,0,None
2026-06-02 07:36:03.047825,24.932,42.61,62.84,105.46,1440,2100,0,None
2026-06-02 07:36:03.214619,25.098,52.37,63.02,115.40,1440,2100,0,None
2026-06-02 07:36:03.384760,25.265,57.34,62.90,120.24,1440,2100,0,None
2026-06-02 07:36:03.551303,25.435,49.19,62.99,112.18,1440,2100,0,None
2026-06-02 07:36:03.717164,25.602,52.68,63.12,115.80,1440,2100,0,None
2026-06-02 07:36:03.883997,25.767,51.71,62.97,114.68,1440,2100,0,None
2026-06-02 07:36:04.053937,25.934,47.26,62.99,110.25,1440,2100,0,None
2026-06-02 07:36:04.220197,26.104,53.70,63.04,116.74,1440,2100,0,None
2026-06-02 07:36:04.386993,26.270,53.30,63.12,116.42,1440,2100,0,None
2026-06-02 07:36:04.557062,26.437,54.57,62.99,117.55,1440,2100,0,None
2026-06-02 07:36:04.724828,26.607,49.24,62.95,112.19,1440,2100,0,None
2026-06-02 07:36:04.892385,26.775,42.57,62.87,105.44,1440,2100,0,None
2026-06-02 07:36:05.062048,26.943,40.64,63.12,103.76,1440,2100,0,None
2026-06-02 07:36:05.228371,27.112,48.15,63.02,111.17,1440,2100,0,None
2026-06-02 07:36:05.395878,27.279,52.96,63.01,115.97,1440,2100,0,None
2026-06-02 07:36:05.580965,27.446,51.66,63.11,114.76,1440,2100,0,None
2026-06-02 07:36:05.748698,27.631,49.59,62.88,112.47,1440,2100,0,None
2026-06-02 07:36:05.915443,27.799,52.39,62.91,115.30,1440,2100,0,None
2026-06-02 07:36:06.096241,27.966,49.75,63.07,112.82,1440,2100,0,None
2026-06-02 07:36:06.264782,28.147,48.12,63.09,111.22,1440,2100,0,None
2026-06-02 07:36:06.433608,28.315,50.04,62.93,112.98,1440,2100,0,None
2026-06-02 07:36:06.599928,28.484,45.48,63.02,108.50,1440,2100,0,None
2026-06-02 07:36:06.768218,28.650,52.05,62.95,115.01,1440,2100,0,None
2026-06-02 07:36:06.937535,28.818,52.57,63.04,115.61,1440,2100,0,None
2026-06-02 07:36:07.104421,28.988,57.74,63.02,120.77,1440,2100,0,None
2026-06-02 07:36:07.272620,29.155,50.57,63.01,113.59,1440,2100,0,None
2026-06-02 07:36:07.441234,29.323,50.50,62.88,113.38,1440,2100,0,None
2026-06-02 07:36:07.607526,29.492,50.21,63.09,113.31,1440,2100,0,None
2026-06-02 07:36:07.775377,29.658,50.36,63.07,113.43,1440,2100,0,None
2026-06-02 07:36:07.944507,29.826,49.48,63.03,112.51,1440,2100,0,None
2026-06-02 07:36:08.113055,29.995,51.98,62.91,114.89,1440,2100,0,None
2026-06-02 07:36:08.281777,30.163,54.48,62.98,117.46,1440,2100,0,None
2026-06-02 07:36:08.450540,30.332,48.62,62.83,111.44,1440,2100,0,None
2026-06-02 07:36:08.617151,30.501,44.74,63.01,107.75,1440,2100,0,None
2026-06-02 07:36:08.786334,30.667,51.86,63.28,115.14,1440,2100,0,None
2026-06-02 07:36:08.955447,30.837,60.27,64.64,124.91,1440,2100,0,None
2026-06-02 07:36:09.122057,31.006,58.12,63.92,122.05,1440,2100,0,None
2026-06-02 07:36:09.291814,31.172,60.07,63.76,123.83,1440,2100,0,None
2026-06-02 07:36:09.473255,31.342,59.36,62.95,122.31,1440,2100,0,None
2026-06-02 07:36:09.640399,31.524,59.49,63.04,122.53,1440,2100,0,None
2026-06-02 07:36:09.806887,31.691,62.02,63.00,125.02,1440,2100,0,None
2026-06-02 07:36:09.977155,31.857,114.78,62.97,177.74,1440,2100,0,None
2026-06-02 07:36:10.143372,32.027,52.70,63.03,115.74,1440,2100,0,None
2026-06-02 07:36:10.309928,32.194,52.49,63.04,115.54,1440,2100,0,None
2026-06-02 07:36:10.480237,32.360,44.21,63.09,107.30,1440,2100,0,None
2026-06-02 07:36:10.646678,32.531,41.13,63.03,104.17,1440,2100,0,None
2026-06-02 07:36:10.813515,32.697,41.53,63.02,104.56,1440,2100,0,None
2026-06-02 07:36:10.982941,32.864,45.84,63.16,108.99,1440,2100,0,None
2026-06-02 07:36:11.164414,33.033,44.38,63.00,107.38,1440,2100,0,None
2026-06-02 07:36:11.334674,33.215,39.87,62.97,102.84,1440,2100,0,None
2026-06-02 07:36:11.513298,33.385,53.62,62.79,116.41,1440,2100,0,None
2026-06-02 07:36:11.679939,33.564,54.07,63.05,117.12,1440,2100,0,None
2026-06-02 07:36:11.862953,33.731,49.40,63.00,112.40,1440,2100,0,None
2026-06-02 07:36:12.030986,33.913,42.39,63.10,105.50,1440,2100,0,None
2026-06-02 07:36:12.206253,34.081,46.42,63.19,109.61,1440,2100,0,None
2026-06-02 07:36:12.375629,34.256,47.46,62.99,110.44,1440,2100,0,None
2026-06-02 07:36:12.542353,34.426,46.94,63.03,109.96,1440,2100,0,None
2026-06-02 07:36:12.712013,34.593,50.48,62.99,113.47,1440,2100,0,None
2026-06-02 07:36:12.880915,34.762,39.78,62.98,102.76,1440,2100,0,None
2026-06-02 07:36:13.047576,34.931,53.35,63.08,116.43,1440,2100,0,None
2026-06-02 07:36:13.218927,35.098,53.01,63.06,116.07,1440,2100,0,None
2026-06-02 07:36:13.386720,35.269,45.39,63.00,108.39,1440,2100,0,None
2026-06-02 07:36:13.553817,35.437,46.31,63.15,109.46,1440,2100,0,None
2026-06-02 07:36:13.724205,35.604,56.07,63.14,119.21,1440,2100,0,None
2026-06-02 07:36:13.891247,35.774,57.30,63.06,120.35,1440,2100,0,None
2026-06-02 07:36:14.057500,35.941,46.91,62.97,109.88,1440,2100,0,None
2026-06-02 07:36:14.240916,36.108,48.96,63.02,111.97,1440,2100,0,None
2026-06-02 07:36:14.409951,36.291,52.46,62.83,115.29,1440,2100,0,None
2026-06-02 07:36:14.578897,36.460,53.33,62.94,116.27,1440,2100,0,None
2026-06-02 07:36:14.746529,36.629,56.14,63.03,119.17,1440,2100,0,None
2026-06-02 07:36:14.915547,36.797,50.88,62.99,113.87,1440,2100,0,None
2026-06-02 07:36:15.084223,36.966,53.01,63.02,116.04,1440,2100,0,None
2026-06-02 07:36:15.251540,37.135,46.39,63.08,109.47,1440,2100,0,None
2026-06-02 07:36:15.420234,37.302,44.87,62.99,107.87,1440,2100,0,None
2026-06-02 07:36:15.587696,37.470,57.47,63.12,120.58,1440,2100,0,None
2026-06-02 07:36:15.756202,37.638,54.43,63.23,117.66,1440,2100,0,None
2026-06-02 07:36:15.924485,37.806,50.56,63.04,113.60,1440,2100,0,None
2026-06-02 07:36:16.092740,37.975,50.62,62.94,113.56,1440,2100,0,None
2026-06-02 07:36:16.261464,38.143,51.98,63.09,115.06,1440,2100,0,None
2026-06-02 07:36:16.431114,38.312,49.85,63.09,112.94,1440,2100,0,None
2026-06-02 07:36:16.599478,38.481,50.23,63.11,113.34,1440,2100,0,None
2026-06-02 07:36:16.767717,38.650,51.71,63.03,114.74,1440,2100,0,None
2026-06-02 07:36:16.935739,38.818,50.90,63.19,114.09,1440,2100,0,None
2026-06-02 07:36:17.102561,38.986,47.60,63.07,110.66,1440,2100,0,None
2026-06-02 07:36:17.282433,39.153,41.59,63.03,104.62,1440,2100,0,None
2026-06-02 07:36:17.449342,39.333,49.73,63.14,112.87,1440,2100,0,None
2026-06-02 07:36:17.633782,39.500,59.10,63.23,122.33,1440,2100,0,None
2026-06-02 07:36:17.802931,39.684,56.09,63.07,119.16,1440,2100,0,None
2026-06-02 07:36:17.970861,39.853,72.14,63.08,135.22,1440,2100,0,None
2026-06-02 07:36:18.136993,40.021,52.83,63.27,116.10,1440,2100,0,None
2026-06-02 07:36:18.305364,40.187,53.36,63.87,117.23,1440,2100,0,None
2026-06-02 07:36:18.552015,40.356,60.18,110.05,170.23,1440,2100,4,SwPowerCap
2026-06-02 07:36:18.712120,40.602,59.44,245.20,304.64,1980,2100,4,SwPowerCap
2026-06-02 07:36:18.869648,40.762,43.03,116.53,159.56,1995,2100,0,None
2026-06-02 07:36:19.024757,40.920,61.87,191.31,253.18,1995,2100,0,None
2026-06-02 07:36:19.180323,41.075,69.52,195.57,265.09,1995,2100,0,None
2026-06-02 07:36:19.336287,41.231,58.57,153.07,211.64,1995,2100,0,None
2026-06-02 07:36:19.493900,41.387,61.59,202.84,264.42,1995,2100,0,None
2026-06-02 07:36:19.649392,41.544,59.78,215.47,275.25,1995,2100,0,None
2026-06-02 07:36:19.805233,41.700,62.17,186.04,248.21,1995,2100,0,None
2026-06-02 07:36:19.963214,41.855,60.09,207.10,267.19,1995,2100,0,None
2026-06-02 07:36:20.118692,42.013,59.94,171.84,231.78,1995,2100,0,None
2026-06-02 07:36:20.274823,42.169,59.68,207.48,267.17,1995,2100,0,None
2026-06-02 07:36:20.428706,42.325,56.42,160.84,217.25,1995,2100,0,None
2026-06-02 07:36:20.583149,42.479,43.29,107.02,150.32,1995,2100,0,None
2026-06-02 07:36:20.738286,42.633,46.39,106.38,152.77,1995,2100,0,None
2026-06-02 07:36:20.892550,42.789,45.95,106.39,152.35,1995,2100,0,None
2026-06-02 07:36:21.046813,42.943,38.50,106.23,144.74,1995,2100,0,None
2026-06-02 07:36:21.201043,43.097,36.87,106.15,143.02,1995,2100,0,None
2026-06-02 07:36:21.355590,43.251,37.20,106.03,143.23,1995,2100,0,None
2026-06-02 07:36:21.510106,43.406,37.57,106.04,143.61,1995,2100,0,None
2026-06-02 07:36:21.666460,43.560,39.74,106.15,145.89,1995,2100,0,None
2026-06-02 07:36:21.821881,43.717,36.27,106.23,142.50,1995,2100,0,None
2026-06-02 07:36:21.978996,43.872,51.03,106.30,157.33,1965,2100,4,SwPowerCap
2026-06-02 07:36:22.133477,44.029,59.30,241.46,300.76,1950,2100,4,SwPowerCap
2026-06-02 07:36:22.351229,44.184,59.51,198.61,258.12,1980,2100,4,SwPowerCap
2026-06-02 07:36:22.505359,44.401,51.59,126.22,177.81,1995,2100,0,None
2026-06-02 07:36:22.660394,44.556,47.85,107.01,154.86,1995,2100,0,None
2026-06-02 07:36:22.815218,44.711,44.36,106.90,151.26,1995,2100,0,None
2026-06-02 07:36:22.969449,44.865,50.65,106.80,157.45,1995,2100,0,None
2026-06-02 07:36:23.124018,45.020,40.17,106.80,146.96,1995,2100,0,None
2026-06-02 07:36:23.278481,45.174,36.62,106.85,143.47,1995,2100,0,None
2026-06-02 07:36:23.433186,45.329,36.15,106.95,143.10,1995,2100,0,None
2026-06-02 07:36:23.588773,45.483,37.54,106.95,144.49,1995,2100,0,None
2026-06-02 07:36:23.743249,45.639,37.21,106.94,144.15,1995,2100,0,None
2026-06-02 07:36:23.899205,45.794,36.64,106.85,143.49,1995,2100,0,None
2026-06-02 07:36:24.053049,45.949,87.22,217.51,304.73,1950,2100,4,SwPowerCap
2026-06-02 07:36:24.208200,46.103,60.22,249.38,309.60,1995,2100,0,None
2026-06-02 07:36:24.363963,46.258,59.95,259.49,319.44,1980,2100,4,SwPowerCap
2026-06-02 07:36:24.518578,46.414,46.82,124.94,171.75,1995,2100,0,None
2026-06-02 07:36:24.673036,46.569,50.02,107.44,157.47,1995,2100,0,None
2026-06-02 07:36:24.827913,46.723,45.39,107.16,152.54,1995,2100,0,None
2026-06-02 07:36:24.983001,46.878,40.35,107.19,147.54,1995,2100,0,None
2026-06-02 07:36:25.137469,47.033,37.65,107.05,144.70,1995,2100,0,None
2026-06-02 07:36:25.292060,47.188,33.55,107.24,140.80,1995,2100,0,None
2026-06-02 07:36:25.446856,47.342,35.30,107.13,142.43,1995,2100,0,None
2026-06-02 07:36:25.600714,47.497,37.43,107.04,144.46,1995,2100,0,None
2026-06-02 07:36:25.755423,47.651,35.69,107.06,142.75,1995,2100,0,None
2026-06-02 07:36:25.910663,47.806,33.81,106.94,140.75,1995,2100,0,None
2026-06-02 07:36:26.065092,47.961,92.89,253.60,346.49,1980,2100,4,SwPowerCap
2026-06-02 07:36:26.218671,48.115,59.66,251.30,310.96,1995,2100,0,None
2026-06-02 07:36:26.373689,48.269,48.95,107.78,156.73,1995,2100,0,None
2026-06-02 07:36:26.528278,48.424,37.85,107.53,145.37,1995,2100,0,None
2026-06-02 07:36:26.682737,48.579,39.18,107.33,146.51,1995,2100,0,None
2026-06-02 07:36:26.837507,48.733,35.85,107.34,143.19,1995,2100,0,None
2026-06-02 07:36:26.992175,48.888,34.47,107.49,141.96,1995,2100,0,None
2026-06-02 07:36:27.146462,49.042,34.12,107.40,141.52,1995,2100,0,None
2026-06-02 07:36:27.300879,49.197,33.40,107.53,140.93,1995,2100,0,None
2026-06-02 07:36:27.455567,49.351,41.14,108.01,149.15,1995,2100,0,None
2026-06-02 07:36:27.610364,49.506,61.22,108.47,169.69,1995,2100,0,None
2026-06-02 07:36:27.765680,49.661,60.73,108.67,169.40,1995,2100,0,None
2026-06-02 07:36:27.920480,49.816,60.67,108.61,169.27,1995,2100,0,None
2026-06-02 07:36:28.077276,49.971,108.75,247.97,356.72,1980,2100,4,SwPowerCap
2026-06-02 07:36:28.231434,50.128,68.68,250.49,319.17,1995,2100,0,None
2026-06-02 07:36:28.385533,50.282,67.87,262.71,330.59,1980,2100,4,SwPowerCap
2026-06-02 07:36:28.539718,50.436,61.20,130.44,191.64,1995,2100,0,None
2026-06-02 07:36:28.695142,50.590,62.07,109.25,171.33,1995,2100,0,None
2026-06-02 07:36:28.851548,50.745,60.75,109.13,169.88,1995,2100,0,None
2026-06-02 07:36:29.006439,50.902,59.29,107.83,167.11,1995,2100,0,None
2026-06-02 07:36:29.161035,51.057,59.05,107.87,166.92,1995,2100,0,None
2026-06-02 07:36:29.315715,51.211,58.67,107.86,166.54,1995,2100,0,None
2026-06-02 07:36:29.470017,51.366,57.79,107.76,165.54,1995,2100,0,None
2026-06-02 07:36:29.624784,51.520,58.67,107.89,166.56,1995,2100,0,None
2026-06-02 07:36:29.779169,51.675,57.94,107.85,165.78,1995,2100,0,None
2026-06-02 07:36:29.934574,51.829,59.20,107.89,167.09,1995,2100,0,None
2026-06-02 07:36:30.091046,51.985,102.45,258.72,361.17,1980,2100,4,SwPowerCap
2026-06-02 07:36:30.247031,52.141,64.51,250.55,315.06,1995,2100,0,None
2026-06-02 07:36:30.401529,52.297,58.21,108.49,166.71,1995,2100,0,None
2026-06-02 07:36:30.555939,52.452,58.34,108.33,166.67,1995,2100,0,None
2026-06-02 07:36:30.710610,52.606,59.59,108.22,167.81,1995,2100,0,None
2026-06-02 07:36:30.865272,52.761,57.91,108.21,166.12,1995,2100,0,None
2026-06-02 07:36:31.019939,52.916,59.25,108.14,167.39,1995,2100,0,None
2026-06-02 07:36:31.174251,53.070,58.17,108.02,166.20,1995,2100,0,None
2026-06-02 07:36:31.328606,53.225,58.06,108.11,166.17,1995,2100,0,None
2026-06-02 07:36:31.483698,53.379,58.06,108.25,166.31,1995,2100,0,None
2026-06-02 07:36:31.638132,53.534,58.15,108.09,166.24,1995,2100,0,None
2026-06-02 07:36:31.792650,53.688,57.97,108.00,165.97,1995,2100,0,None
2026-06-02 07:36:31.947897,53.843,58.48,107.91,166.40,1995,2100,0,None
2026-06-02 07:36:32.102811,53.998,98.90,257.47,356.36,1980,2100,4,SwPowerCap
2026-06-02 07:36:32.259019,54.153,64.11,257.46,321.57,1995,2100,0,None
2026-06-02 07:36:32.420942,54.309,64.19,249.01,313.20,1995,2100,4,SwPowerCap
2026-06-02 07:36:32.575645,54.471,64.68,171.07,235.75,1995,2100,0,None
2026-06-02 07:36:32.731680,54.626,64.64,182.04,246.67,1995,2100,0,None
2026-06-02 07:36:32.887248,54.782,64.02,183.52,247.54,1995,2100,0,None
2026-06-02 07:36:33.041660,54.937,61.75,170.73,232.49,1995,2100,0,None
2026-06-02 07:36:33.196976,55.092,58.67,108.83,167.51,1995,2100,0,None
2026-06-02 07:36:33.351703,55.247,58.66,109.06,167.72,1995,2100,0,None
2026-06-02 07:36:33.506401,55.402,58.39,108.75,167.14,1995,2100,0,None
2026-06-02 07:36:33.661672,55.557,58.98,108.59,167.57,1995,2100,0,None
2026-06-02 07:36:33.817033,55.712,58.63,108.81,167.43,1995,2100,0,None
2026-06-02 07:36:33.979144,55.867,59.96,108.67,168.63,1995,2100,0,None
2026-06-02 07:36:34.133926,56.029,82.48,260.10,342.58,1965,2100,4,SwPowerCap
2026-06-02 07:36:34.288073,56.184,64.23,179.46,243.69,1995,2100,0,None
2026-06-02 07:36:34.448358,56.338,64.15,237.99,302.14,1995,2100,4,SwPowerCap
2026-06-02 07:36:34.603598,56.499,57.39,109.11,166.50,1995,2100,0,None
2026-06-02 07:36:34.757639,56.654,59.50,109.11,168.61,1995,2100,0,None
2026-06-02 07:36:34.911619,56.808,58.35,108.98,167.33,1995,2100,0,None
2026-06-02 07:36:35.065472,56.962,59.00,108.92,167.92,1995,2100,0,None
2026-06-02 07:36:35.219511,57.116,58.38,108.81,167.18,1995,2100,0,None
2026-06-02 07:36:35.373372,57.270,58.06,108.87,166.93,1995,2100,0,None
2026-06-02 07:36:35.527365,57.424,58.24,108.79,167.03,1995,2100,0,None
2026-06-02 07:36:35.681267,57.578,58.53,108.83,167.36,1995,2100,0,None
2026-06-02 07:36:35.835283,57.732,58.40,108.85,167.25,1995,2100,0,None
2026-06-02 07:36:35.991062,57.886,61.50,108.83,170.33,1995,2100,0,None
2026-06-02 07:36:36.148301,58.041,85.53,260.60,346.12,1980,2100,4,SwPowerCap
2026-06-02 07:36:36.303650,58.199,64.15,189.31,253.46,1995,2100,0,None
2026-06-02 07:36:36.458438,58.354,58.38,127.09,185.47,1995,2100,0,None
2026-06-02 07:36:36.613947,58.509,58.47,109.22,167.69,1995,2100,0,None
2026-06-02 07:36:36.768204,58.664,58.60,109.16,167.75,1995,2100,0,None
2026-06-02 07:36:36.922490,58.818,58.63,108.97,167.60,1995,2100,0,None
2026-06-02 07:36:37.076969,58.973,57.98,108.95,166.93,1995,2100,0,None
2026-06-02 07:36:37.231180,59.127,59.23,109.00,168.23,1995,2100,0,None
2026-06-02 07:36:37.384955,59.281,58.89,109.04,167.93,1995,2100,0,None
2026-06-02 07:36:37.539172,59.435,60.70,110.96,171.66,1995,2100,0,None
2026-06-02 07:36:37.694043,59.589,59.79,128.67,188.47,1995,2100,0,None
2026-06-02 07:36:37.849132,59.744,59.02,269.98,329.00,1740,2100,4,SwPowerCap
2026-06-02 07:36:38.011360,59.899,69.34,248.68,318.02,1785,2100,4,SwPowerCap
2026-06-02 07:36:38.173448,60.062,71.61,249.30,320.91,1860,2100,4,SwPowerCap
2026-06-02 07:36:38.332986,60.224,65.26,252.69,317.95,1875,2100,4,SwPowerCap
2026-06-02 07:36:38.495072,60.383,65.02,259.61,324.63,1800,2100,4,SwPowerCap
2026-06-02 07:36:38.653324,60.545,63.38,254.38,317.75,1815,2100,4,SwPowerCap
2026-06-02 07:36:38.841967,60.704,66.07,265.96,332.02,1785,2100,4,SwPowerCap
2026-06-02 07:36:39.001235,60.892,64.87,260.27,325.14,1785,2100,4,SwPowerCap
2026-06-02 07:36:39.164427,61.051,64.22,256.84,321.06,1785,2100,4,SwPowerCap
2026-06-02 07:36:39.325418,61.215,65.83,259.06,324.89,1755,2100,4,SwPowerCap
2026-06-02 07:36:39.483690,61.376,64.86,252.05,316.91,1785,2100,4,SwPowerCap
2026-06-02 07:36:39.639468,61.534,64.52,258.14,322.66,1800,2100,4,SwPowerCap
2026-06-02 07:36:39.794108,61.690,65.12,258.81,323.93,1800,2100,4,SwPowerCap
2026-06-02 07:36:39.952159,61.844,64.76,261.52,326.27,1785,2100,4,SwPowerCap
2026-06-02 07:36:40.109127,62.002,64.36,255.50,319.86,1785,2100,4,SwPowerCap
2026-06-02 07:36:40.265132,62.159,64.47,260.46,324.93,1800,2100,4,SwPowerCap
2026-06-02 07:36:40.420708,62.315,64.89,258.99,323.88,1785,2100,4,SwPowerCap
2026-06-02 07:36:40.576075,62.471,64.75,255.41,320.15,1785,2100,4,SwPowerCap
2026-06-02 07:36:40.733356,62.626,65.81,258.01,323.82,1785,2100,4,SwPowerCap
2026-06-02 07:36:40.889480,62.784,64.77,258.85,323.63,1785,2100,4,SwPowerCap
2026-06-02 07:36:41.044892,62.940,70.22,256.88,327.10,1800,2100,4,SwPowerCap
2026-06-02 07:36:41.204752,63.095,65.32,257.69,323.01,1800,2100,4,SwPowerCap
2026-06-02 07:36:41.362610,63.255,64.73,260.11,324.84,1785,2100,4,SwPowerCap
2026-06-02 07:36:41.518269,63.413,64.39,258.50,322.89,1800,2100,4,SwPowerCap
2026-06-02 07:36:41.673452,63.569,64.86,256.70,321.55,1785,2100,4,SwPowerCap
2026-06-02 07:36:41.830977,63.724,65.78,258.95,324.73,1770,2100,4,SwPowerCap
2026-06-02 07:36:41.996021,63.881,64.82,258.19,323.01,1800,2100,4,SwPowerCap
2026-06-02 07:36:42.156774,64.046,64.82,256.32,321.14,1785,2100,4,SwPowerCap
2026-06-02 07:36:42.312137,64.207,64.69,261.31,326.00,1785,2100,4,SwPowerCap
2026-06-02 07:36:42.467683,64.362,64.61,258.94,323.56,1800,2100,4,SwPowerCap
2026-06-02 07:36:42.623780,64.518,66.24,259.52,325.77,1785,2100,4,SwPowerCap
2026-06-02 07:36:42.779023,64.674,66.03,256.59,322.63,1785,2100,4,SwPowerCap
2026-06-02 07:36:42.935443,64.829,66.63,259.66,326.29,1785,2100,4,SwPowerCap
2026-06-02 07:36:43.090798,64.986,66.22,257.68,323.90,1770,2100,4,SwPowerCap
2026-06-02 07:36:43.246362,65.141,65.66,258.16,323.83,1770,2100,4,SwPowerCap
2026-06-02 07:36:43.411147,65.297,67.10,259.98,327.08,1800,2100,4,SwPowerCap
2026-06-02 07:36:43.571445,65.461,65.51,261.37,326.88,1755,2100,4,SwPowerCap
2026-06-02 07:36:43.733793,65.622,67.39,254.98,322.37,1770,2100,4,SwPowerCap
2026-06-02 07:36:43.890045,65.784,65.80,259.96,325.76,1785,2100,4,SwPowerCap
2026-06-02 07:36:44.045822,65.940,65.41,259.90,325.31,1785,2100,4,SwPowerCap
2026-06-02 07:36:44.201889,66.096,66.28,255.03,321.31,1785,2100,4,SwPowerCap
2026-06-02 07:36:44.357953,66.252,65.78,261.09,326.88,1770,2100,4,SwPowerCap
2026-06-02 07:36:44.514279,66.408,65.87,259.25,325.12,1785,2100,4,SwPowerCap
2026-06-02 07:36:44.669845,66.565,66.51,256.47,322.97,1785,2100,4,SwPowerCap
2026-06-02 07:36:44.825128,66.720,66.63,260.09,326.72,1785,2100,4,SwPowerCap
2026-06-02 07:36:44.986025,66.875,66.75,257.06,323.81,1785,2100,4,SwPowerCap
2026-06-02 07:36:45.144855,67.036,68.24,259.36,327.60,1785,2100,4,SwPowerCap
2026-06-02 07:36:45.300971,67.195,68.05,260.93,328.98,1785,2100,4,SwPowerCap
2026-06-02 07:36:45.456839,67.351,68.40,258.34,326.74,1785,2100,4,SwPowerCap
2026-06-02 07:36:45.612610,67.507,67.46,259.09,326.56,1785,2100,4,SwPowerCap
2026-06-02 07:36:45.773326,67.663,69.60,258.06,327.67,1785,2100,4,SwPowerCap
2026-06-02 07:36:45.931831,67.824,68.17,260.58,328.75,1785,2100,4,SwPowerCap
2026-06-02 07:36:46.087597,67.982,68.46,257.54,326.00,1785,2100,4,SwPowerCap
2026-06-02 07:36:46.242939,68.138,67.96,259.06,327.01,1785,2100,4,SwPowerCap
2026-06-02 07:36:46.400910,68.293,67.58,256.71,324.29,1800,2100,4,SwPowerCap
2026-06-02 07:36:46.562061,68.451,67.69,258.20,325.89,1785,2100,4,SwPowerCap
2026-06-02 07:36:46.723297,68.612,68.60,260.28,328.88,1785,2100,4,SwPowerCap
2026-06-02 07:36:46.884428,68.774,68.71,255.82,324.52,1785,2100,4,SwPowerCap
2026-06-02 07:36:47.150467,68.935,68.11,261.08,329.19,1800,2100,4,SwPowerCap
2026-06-02 07:36:47.313115,69.201,65.05,258.04,323.09,1710,2100,4,SwPowerCap
2026-06-02 07:36:47.471259,69.363,100.52,240.03,340.56,1830,2100,4,SwPowerCap
2026-06-02 07:36:47.627379,69.521,63.64,260.47,324.11,1785,2100,4,SwPowerCap
2026-06-02 07:36:47.782805,69.678,65.35,248.32,313.67,1845,2100,4,SwPowerCap
2026-06-02 07:36:47.939496,69.833,64.67,260.56,325.23,1770,2100,4,SwPowerCap
2026-06-02 07:36:48.101244,69.990,64.29,259.10,323.40,1785,2100,4,SwPowerCap
2026-06-02 07:36:48.263528,70.151,64.68,258.05,322.73,1770,2100,4,SwPowerCap
2026-06-02 07:36:48.419263,70.314,64.69,258.74,323.43,1785,2100,4,SwPowerCap
2026-06-02 07:36:48.574776,70.470,64.98,254.17,319.14,1800,2100,4,SwPowerCap
2026-06-02 07:36:48.730433,70.625,67.36,259.69,327.05,1770,2100,4,SwPowerCap
2026-06-02 07:36:48.886335,70.781,66.74,256.61,323.34,1770,2100,4,SwPowerCap
2026-06-02 07:36:49.042834,70.937,66.38,258.02,324.40,1770,2100,4,SwPowerCap
2026-06-02 07:36:49.198796,71.093,65.86,255.20,321.06,1785,2100,4,SwPowerCap
2026-06-02 07:36:49.354641,71.249,66.02,257.90,323.93,1770,2100,4,SwPowerCap
2026-06-02 07:36:49.511380,71.405,66.42,253.88,320.29,1770,2100,4,SwPowerCap
2026-06-02 07:36:49.668759,71.562,66.10,255.28,321.38,1770,2100,4,SwPowerCap
2026-06-02 07:36:49.824001,71.719,66.54,255.41,321.95,1755,2100,4,SwPowerCap
2026-06-02 07:36:49.980974,71.874,66.92,260.49,327.41,1770,2100,4,SwPowerCap
2026-06-02 07:36:50.140118,72.031,66.34,258.00,324.34,1770,2100,4,SwPowerCap
2026-06-02 07:36:50.303196,72.190,67.36,257.21,324.57,1800,2100,4,SwPowerCap
2026-06-02 07:36:50.459968,72.353,65.86,257.44,323.30,1770,2100,4,SwPowerCap
2026-06-02 07:36:50.616157,72.510,67.03,258.53,325.56,1770,2100,4,SwPowerCap
2026-06-02 07:36:50.771845,72.666,60.96,257.18,318.14,1755,2100,4,SwPowerCap
2026-06-02 07:36:50.930096,72.822,59.48,257.25,316.73,1770,2100,4,SwPowerCap
2026-06-02 07:36:51.088752,72.980,59.22,262.40,321.62,1770,2100,4,SwPowerCap
2026-06-02 07:36:51.248716,73.139,59.35,258.15,317.50,1770,2100,4,SwPowerCap
2026-06-02 07:36:51.404266,73.299,58.91,258.19,317.10,1755,2100,4,SwPowerCap
2026-06-02 07:36:51.559624,73.454,59.76,255.83,315.59,1785,2100,4,SwPowerCap
2026-06-02 07:36:51.720292,73.610,67.98,191.72,259.70,1785,2100,4,SwPowerCap
2026-06-02 07:36:51.882485,73.771,66.84,251.44,318.29,1785,2100,4,SwPowerCap
2026-06-02 07:36:52.044613,73.933,65.75,257.88,323.63,1815,2100,4,SwPowerCap
2026-06-02 07:36:52.201543,74.095,65.72,253.62,319.34,1815,2100,4,SwPowerCap
2026-06-02 07:36:52.360120,74.252,65.32,258.04,323.36,1800,2100,4,SwPowerCap
2026-06-02 07:36:52.515294,74.410,66.03,256.73,322.76,1800,2100,4,SwPowerCap
2026-06-02 07:36:52.670852,74.566,66.24,257.49,323.73,1800,2100,4,SwPowerCap
2026-06-02 07:36:52.828208,74.721,65.85,259.88,325.73,1800,2100,4,SwPowerCap
2026-06-02 07:36:52.983827,74.878,66.52,260.90,327.42,1815,2100,4,SwPowerCap
2026-06-02 07:36:53.139265,75.034,64.81,258.16,322.97,1800,2100,4,SwPowerCap
2026-06-02 07:36:53.294851,75.189,66.17,259.81,325.97,1800,2100,4,SwPowerCap
2026-06-02 07:36:53.450400,75.345,66.11,256.02,322.13,1800,2100,4,SwPowerCap
2026-06-02 07:36:53.605729,75.501,65.31,260.64,325.96,1785,2100,4,SwPowerCap
2026-06-02 07:36:53.761054,75.656,66.74,252.91,319.66,1800,2100,4,SwPowerCap
2026-06-02 07:36:53.917808,75.811,66.28,254.99,321.27,1785,2100,4,SwPowerCap
2026-06-02 07:36:54.074072,75.968,66.46,257.68,324.14,1815,2100,4,SwPowerCap
2026-06-02 07:36:54.230867,76.124,65.64,256.63,322.27,1800,2100,4,SwPowerCap
2026-06-02 07:36:54.387384,76.281,65.57,259.82,325.39,1800,2100,4,SwPowerCap
2026-06-02 07:36:54.544009,76.438,65.88,258.09,323.97,1815,2100,4,SwPowerCap
2026-06-02 07:36:54.699514,76.594,66.23,260.66,326.89,1800,2100,4,SwPowerCap
2026-06-02 07:36:54.855108,76.750,65.76,259.59,325.35,1800,2100,4,SwPowerCap
2026-06-02 07:36:55.011792,76.905,65.88,259.16,325.04,1800,2100,4,SwPowerCap
2026-06-02 07:36:55.167150,77.062,65.92,259.92,325.85,1815,2100,4,SwPowerCap
2026-06-02 07:36:55.322396,77.217,65.01,257.34,322.35,1800,2100,4,SwPowerCap
2026-06-02 07:36:55.477921,77.373,64.84,260.62,325.46,1800,2100,4,SwPowerCap
2026-06-02 07:36:55.637134,77.528,64.33,257.43,321.76,1800,2100,4,SwPowerCap
2026-06-02 07:36:55.792988,77.687,65.56,260.17,325.73,1800,2100,4,SwPowerCap
2026-06-02 07:36:55.949603,77.843,65.12,255.50,320.62,1830,2100,4,SwPowerCap
2026-06-02 07:36:56.109840,78.000,64.58,268.52,333.10,1800,2100,4,SwPowerCap
2026-06-02 07:36:56.267656,78.160,64.62,254.72,319.34,1935,2100,4,SwPowerCap
2026-06-02 07:36:56.429676,78.318,65.42,248.97,314.39,1890,2100,4,SwPowerCap
2026-06-02 07:36:56.587693,78.480,75.03,245.35,320.38,1965,2100,4,SwPowerCap
2026-06-02 07:36:56.743351,78.638,65.35,266.72,332.07,1830,2100,4,SwPowerCap
2026-06-02 07:36:56.898742,78.794,64.86,257.21,322.08,1815,2100,4,SwPowerCap
2026-06-02 07:36:57.055240,78.949,64.01,257.40,321.41,1800,2100,4,SwPowerCap
2026-06-02 07:36:57.211517,79.106,64.45,257.10,321.55,1830,2100,4,SwPowerCap
2026-06-02 07:36:57.369624,79.262,64.52,261.25,325.76,1815,2100,4,SwPowerCap
2026-06-02 07:36:57.525030,79.420,65.34,261.10,326.45,1815,2100,4,SwPowerCap
2026-06-02 07:36:57.680770,79.575,64.76,256.68,321.44,1815,2100,4,SwPowerCap
2026-06-02 07:36:57.838511,79.731,64.85,260.04,324.88,1815,2100,4,SwPowerCap
2026-06-02 07:36:58.046458,79.889,64.97,256.62,321.59,1815,2100,4,SwPowerCap
2026-06-02 07:36:58.202736,80.097,65.31,257.46,322.77,1815,2100,4,SwPowerCap
2026-06-02 07:36:58.358316,80.253,107.08,254.64,361.73,1815,2100,4,SwPowerCap
2026-06-02 07:36:58.513415,80.408,64.54,254.57,319.11,1815,2100,4,SwPowerCap
2026-06-02 07:36:58.669490,80.564,64.34,256.70,321.04,1815,2100,4,SwPowerCap
2026-06-02 07:36:58.834128,80.720,64.86,261.60,326.46,1785,2100,4,SwPowerCap
2026-06-02 07:36:58.990557,80.884,64.68,257.97,322.66,1785,2100,4,SwPowerCap
2026-06-02 07:36:59.146315,81.041,65.00,258.59,323.59,1800,2100,4,SwPowerCap
2026-06-02 07:36:59.301219,81.197,64.32,258.23,322.56,1785,2100,4,SwPowerCap
2026-06-02 07:36:59.457166,81.351,64.91,257.22,322.14,1785,2100,4,SwPowerCap
2026-06-02 07:36:59.612856,81.507,64.71,258.95,323.66,1785,2100,4,SwPowerCap
2026-06-02 07:36:59.768498,81.663,65.23,258.81,324.04,1785,2100,4,SwPowerCap
2026-06-02 07:36:59.924126,81.819,64.03,257.50,321.54,1800,2100,4,SwPowerCap
2026-06-02 07:37:00.082284,81.974,64.64,260.15,324.79,1800,2100,4,SwPowerCap
2026-06-02 07:37:00.238229,82.133,64.54,258.47,323.01,1800,2100,4,SwPowerCap
2026-06-02 07:37:00.394087,82.289,64.42,256.96,321.39,1800,2100,4,SwPowerCap
2026-06-02 07:37:00.551264,82.444,64.69,254.56,319.25,1800,2100,4,SwPowerCap
2026-06-02 07:37:00.716119,82.602,64.92,260.32,325.24,1770,2100,4,SwPowerCap
2026-06-02 07:37:00.875732,82.766,64.37,256.59,320.96,1785,2100,4,SwPowerCap
2026-06-02 07:37:01.032143,82.926,64.67,255.36,320.03,1785,2100,4,SwPowerCap
2026-06-02 07:37:01.187752,83.082,64.42,254.57,318.99,1785,2100,4,SwPowerCap
2026-06-02 07:37:01.343426,83.238,64.77,257.43,322.20,1800,2100,4,SwPowerCap
2026-06-02 07:37:01.499053,83.394,64.81,258.96,323.78,1785,2100,4,SwPowerCap
2026-06-02 07:37:01.655963,83.549,64.74,255.66,320.39,1800,2100,4,SwPowerCap
2026-06-02 07:37:01.811828,83.706,64.98,261.83,326.81,1785,2100,4,SwPowerCap
2026-06-02 07:37:01.967326,83.862,64.62,260.25,324.87,1785,2100,4,SwPowerCap
2026-06-02 07:37:02.125026,84.018,64.85,258.35,323.21,1785,2100,4,SwPowerCap
2026-06-02 07:37:02.281474,84.175,64.42,258.07,322.49,1785,2100,4,SwPowerCap
2026-06-02 07:37:02.436304,84.332,64.45,257.42,321.87,1785,2100,4,SwPowerCap
2026-06-02 07:37:02.593666,84.487,64.22,256.46,320.67,1785,2100,4,SwPowerCap
2026-06-02 07:37:02.754941,84.644,65.31,256.92,322.23,1785,2100,4,SwPowerCap
2026-06-02 07:37:02.915883,84.806,64.35,256.25,320.59,1800,2100,4,SwPowerCap
2026-06-02 07:37:03.077196,84.966,64.68,258.28,322.96,1785,2100,4,SwPowerCap
2026-06-02 07:37:03.242294,85.127,64.77,255.95,320.72,1785,2100,4,SwPowerCap
2026-06-02 07:37:03.401869,85.293,65.19,257.99,323.17,1800,2100,4,SwPowerCap
2026-06-02 07:37:03.558656,85.452,64.86,258.01,322.87,1785,2100,4,SwPowerCap
2026-06-02 07:37:03.714385,85.609,67.19,254.82,322.01,1785,2100,4,SwPowerCap
2026-06-02 07:37:03.869776,85.765,65.21,257.27,322.48,1800,2100,4,SwPowerCap
2026-06-02 07:37:04.027393,85.920,65.12,257.57,322.69,1785,2100,4,SwPowerCap
2026-06-02 07:37:04.187832,86.078,64.66,256.56,321.22,1800,2100,4,SwPowerCap
2026-06-02 07:37:04.345241,86.238,64.81,261.48,326.29,1785,2100,4,SwPowerCap
2026-06-02 07:37:04.502015,86.396,64.89,257.14,322.03,1785,2100,4,SwPowerCap
2026-06-02 07:37:04.658548,86.552,64.84,256.66,321.50,1785,2100,4,SwPowerCap
2026-06-02 07:37:04.813657,86.709,65.55,256.07,321.62,1785,2100,4,SwPowerCap
2026-06-02 07:37:04.970274,86.864,64.78,257.09,321.87,1785,2100,4,SwPowerCap
2026-06-02 07:37:05.125757,87.021,64.59,259.33,323.92,1785,2100,4,SwPowerCap
2026-06-02 07:37:05.281376,87.176,64.68,257.44,322.12,1785,2100,4,SwPowerCap
2026-06-02 07:37:05.443029,87.332,69.14,260.61,329.75,1800,2100,4,SwPowerCap
2026-06-02 07:37:05.599109,87.493,64.47,255.66,320.13,1785,2100,4,SwPowerCap
2026-06-02 07:37:05.757029,87.649,65.68,260.16,325.84,1785,2100,4,SwPowerCap
2026-06-02 07:37:05.914028,87.807,64.60,258.67,323.27,1800,2100,4,SwPowerCap
2026-06-02 07:37:06.069124,87.964,64.85,254.97,319.82,1800,2100,4,SwPowerCap
2026-06-02 07:37:06.224595,88.119,64.56,257.43,321.99,1800,2100,4,SwPowerCap
2026-06-02 07:37:06.380603,88.275,64.59,258.88,323.46,1785,2100,4,SwPowerCap
2026-06-02 07:37:06.535840,88.431,63.40,256.66,320.06,1800,2100,4,SwPowerCap
2026-06-02 07:37:06.691621,88.586,64.55,252.51,317.07,1815,2100,4,SwPowerCap
2026-06-02 07:37:06.850613,88.742,64.95,258.91,323.86,1785,2100,4,SwPowerCap
2026-06-02 07:37:07.006332,88.901,64.83,256.54,321.37,1785,2100,4,SwPowerCap
2026-06-02 07:37:07.161584,89.057,64.46,259.23,323.69,1785,2100,4,SwPowerCap
2026-06-02 07:37:07.316888,89.212,64.76,258.43,323.20,1785,2100,4,SwPowerCap
2026-06-02 07:37:07.481790,89.367,64.55,256.23,320.78,1785,2100,4,SwPowerCap
2026-06-02 07:37:07.644236,89.532,64.61,256.28,320.89,1770,2100,4,SwPowerCap
2026-06-02 07:37:07.799577,89.694,66.23,255.05,321.28,1785,2100,4,SwPowerCap
2026-06-02 07:37:07.955558,89.850,64.92,260.17,325.09,1785,2100,4,SwPowerCap
2026-06-02 07:37:08.111507,90.006,84.39,253.52,337.91,1755,2100,4,SwPowerCap
2026-06-02 07:37:08.266826,90.162,65.24,257.03,322.26,1800,2100,4,SwPowerCap
2026-06-02 07:37:08.424108,90.317,64.48,257.58,322.06,1815,2100,4,SwPowerCap
2026-06-02 07:37:08.579301,90.474,65.29,254.30,319.60,1800,2100,4,SwPowerCap
2026-06-02 07:37:08.734627,90.630,65.56,258.51,324.07,1770,2100,4,SwPowerCap
2026-06-02 07:37:08.889816,90.785,65.31,257.65,322.96,1785,2100,4,SwPowerCap
2026-06-02 07:37:09.048055,90.940,64.61,261.28,325.90,1785,2100,4,SwPowerCap
2026-06-02 07:37:09.203722,91.098,65.52,258.33,323.85,1785,2100,4,SwPowerCap
2026-06-02 07:37:09.359808,91.254,65.67,259.39,325.06,1755,2100,4,SwPowerCap
2026-06-02 07:37:09.515459,91.410,65.32,255.29,320.61,1800,2100,4,SwPowerCap
2026-06-02 07:37:09.670967,91.566,65.34,258.17,323.51,1785,2100,4,SwPowerCap
2026-06-02 07:37:09.826171,91.721,66.66,257.43,324.09,1785,2100,4,SwPowerCap
2026-06-02 07:37:09.982142,91.876,65.62,261.20,326.82,1770,2100,4,SwPowerCap
2026-06-02 07:37:10.138472,92.032,64.63,247.84,312.47,1815,2100,4,SwPowerCap
2026-06-02 07:37:10.294863,92.189,64.41,258.87,323.28,1830,2100,4,SwPowerCap
2026-06-02 07:37:10.450222,92.345,65.35,260.02,325.37,1785,2100,4,SwPowerCap
2026-06-02 07:37:10.605603,92.501,65.07,257.50,322.57,1785,2100,4,SwPowerCap
2026-06-02 07:37:10.766404,92.656,65.44,257.79,323.23,1785,2100,4,SwPowerCap
2026-06-02 07:37:10.921853,92.817,64.90,259.22,324.12,1755,2100,4,SwPowerCap
2026-06-02 07:37:11.077493,92.972,66.68,260.20,326.88,1785,2100,4,SwPowerCap
2026-06-02 07:37:11.233332,93.128,65.40,256.03,321.43,1785,2100,4,SwPowerCap
2026-06-02 07:37:11.389381,93.284,64.44,256.87,321.30,1785,2100,4,SwPowerCap
2026-06-02 07:37:11.545920,93.440,64.95,256.80,321.75,1770,2100,4,SwPowerCap
2026-06-02 07:37:11.777696,93.596,67.62,257.76,325.38,1785,2100,4,SwPowerCap
2026-06-02 07:37:11.934423,93.828,65.58,255.38,320.96,1770,2100,4,SwPowerCap
2026-06-02 07:37:12.089738,93.985,64.94,257.22,322.16,1770,2100,4,SwPowerCap
2026-06-02 07:37:12.248088,94.140,65.52,258.55,324.07,1785,2100,4,SwPowerCap
2026-06-02 07:37:12.403658,94.298,65.68,255.97,321.66,1770,2100,4,SwPowerCap
2026-06-02 07:37:12.558293,94.454,64.86,257.20,322.06,1770,2100,4,SwPowerCap
2026-06-02 07:37:12.714944,94.609,64.74,258.76,323.50,1785,2100,4,SwPowerCap
2026-06-02 07:37:12.876747,94.765,65.43,258.07,323.50,1785,2100,4,SwPowerCap
2026-06-02 07:37:13.031713,94.927,64.69,259.84,324.53,1770,2100,4,SwPowerCap
2026-06-02 07:37:13.186819,95.082,65.10,259.32,324.42,1770,2100,4,SwPowerCap
2026-06-02 07:37:13.341842,95.237,65.32,254.00,319.32,1770,2100,4,SwPowerCap
2026-06-02 07:37:13.502066,95.392,65.24,254.17,319.41,1785,2100,4,SwPowerCap
2026-06-02 07:37:13.663145,95.552,66.51,258.10,324.62,1770,2100,4,SwPowerCap
2026-06-02 07:37:13.820333,95.713,65.39,258.80,324.20,1770,2100,4,SwPowerCap
2026-06-02 07:37:13.978144,95.871,65.29,258.64,323.94,1770,2100,4,SwPowerCap
2026-06-02 07:37:14.133958,96.028,65.32,255.00,320.32,1770,2100,4,SwPowerCap
2026-06-02 07:37:14.289729,96.184,65.12,255.90,321.02,1770,2100,4,SwPowerCap
2026-06-02 07:37:14.450760,96.340,65.41,258.44,323.85,1785,2100,4,SwPowerCap
2026-06-02 07:37:14.609666,96.501,64.51,259.47,323.98,1770,2100,4,SwPowerCap
2026-06-02 07:37:14.765373,96.660,65.67,256.05,321.72,1770,2100,4,SwPowerCap
2026-06-02 07:37:14.921135,96.816,65.45,256.80,322.25,1785,2100,4,SwPowerCap
2026-06-02 07:37:15.075713,96.971,65.18,261.96,327.14,1770,2100,4,SwPowerCap
2026-06-02 07:37:15.232119,97.126,66.68,257.41,324.09,1770,2100,4,SwPowerCap
2026-06-02 07:37:15.388388,97.282,67.69,260.09,327.78,1770,2100,4,SwPowerCap
2026-06-02 07:37:15.545488,97.439,67.77,257.33,325.10,1770,2100,4,SwPowerCap
2026-06-02 07:37:15.704270,97.596,66.59,257.04,323.63,1785,2100,4,SwPowerCap
2026-06-02 07:37:15.860046,97.755,68.66,262.04,330.69,1770,2100,4,SwPowerCap
2026-06-02 07:37:16.015319,97.910,66.83,257.80,324.63,1785,2100,4,SwPowerCap
2026-06-02 07:37:16.170962,98.066,67.07,258.73,325.80,1770,2100,4,SwPowerCap
2026-06-02 07:37:16.326098,98.221,66.85,257.18,324.03,1770,2100,4,SwPowerCap
2026-06-02 07:37:16.481490,98.376,67.49,257.91,325.40,1770,2100,4,SwPowerCap
2026-06-02 07:37:16.637003,98.532,67.39,257.71,325.10,1770,2100,4,SwPowerCap
2026-06-02 07:37:16.792074,98.687,68.30,254.97,323.26,1785,2100,4,SwPowerCap
2026-06-02 07:37:16.948594,98.842,67.43,258.40,325.83,1770,2100,4,SwPowerCap
2026-06-02 07:37:17.103527,98.999,67.14,255.56,322.69,1770,2100,4,SwPowerCap
2026-06-02 07:37:17.260785,99.154,67.81,257.31,325.13,1770,2100,4,SwPowerCap
2026-06-02 07:37:17.417984,99.311,66.73,254.22,320.95,1770,2100,4,SwPowerCap
2026-06-02 07:37:17.574685,99.468,66.74,258.21,324.95,1755,2100,4,SwPowerCap
2026-06-02 07:37:17.729996,99.625,66.78,257.23,324.02,1755,2100,4,SwPowerCap
2026-06-02 07:37:17.887196,99.780,67.45,257.77,325.23,1875,2100,4,SwPowerCap
2026-06-02 07:37:18.047716,99.937,67.65,259.27,326.92,1785,2100,4,SwPowerCap
2026-06-02 07:37:18.210429,100.098,67.52,233.60,301.12,1800,2100,4,SwPowerCap
2026-06-02 07:37:18.386832,100.261,80.55,252.00,332.55,1905,2100,4,SwPowerCap
2026-06-02 07:37:18.541972,100.437,71.58,239.43,311.01,1770,2100,4,SwPowerCap
2026-06-02 07:37:18.696722,100.592,67.23,262.31,329.53,1785,2100,4,SwPowerCap
2026-06-02 07:37:18.858527,100.747,68.25,253.80,322.05,1770,2100,4,SwPowerCap
2026-06-02 07:37:19.015449,100.909,65.51,257.95,323.46,1770,2100,4,SwPowerCap
2026-06-02 07:37:19.170046,101.066,65.98,254.54,320.52,1785,2100,4,SwPowerCap
2026-06-02 07:37:19.325098,101.220,65.70,257.01,322.72,1770,2100,4,SwPowerCap
2026-06-02 07:37:19.484812,101.375,65.59,257.40,322.98,1785,2100,4,SwPowerCap
2026-06-02 07:37:19.641467,101.535,65.29,255.60,320.89,1770,2100,4,SwPowerCap
2026-06-02 07:37:19.796829,101.692,65.97,260.72,326.69,1770,2100,4,SwPowerCap
2026-06-02 07:37:19.952035,101.847,65.62,258.11,323.73,1770,2100,4,SwPowerCap
2026-06-02 07:37:20.106635,102.002,65.67,255.54,321.21,1770,2100,4,SwPowerCap
2026-06-02 07:37:20.261943,102.157,64.97,258.75,323.72,1770,2100,4,SwPowerCap
2026-06-02 07:37:20.416792,102.312,65.10,256.81,321.92,1770,2100,4,SwPowerCap
2026-06-02 07:37:20.572531,102.467,65.05,254.05,319.10,1785,2100,4,SwPowerCap
2026-06-02 07:37:20.735339,102.623,65.62,261.13,326.75,1770,2100,4,SwPowerCap
2026-06-02 07:37:20.899135,102.786,65.71,257.52,323.23,1770,2100,4,SwPowerCap
2026-06-02 07:37:21.056743,102.949,64.89,260.58,325.46,1770,2100,4,SwPowerCap
2026-06-02 07:37:21.213446,103.107,65.09,255.86,320.95,1770,2100,4,SwPowerCap
2026-06-02 07:37:21.369234,103.264,65.31,257.85,323.16,1785,2100,4,SwPowerCap
2026-06-02 07:37:21.524306,103.420,65.48,259.56,325.04,1770,2100,4,SwPowerCap
2026-06-02 07:37:21.684552,103.575,65.15,256.83,321.98,1770,2100,4,SwPowerCap
2026-06-02 07:37:21.841398,103.735,66.96,256.82,323.78,1785,2100,4,SwPowerCap
2026-06-02 07:37:21.996171,103.892,65.87,262.34,328.21,1770,2100,4,SwPowerCap
2026-06-02 07:37:22.151169,104.046,65.80,259.51,325.31,1785,2100,4,SwPowerCap
2026-06-02 07:37:22.307308,104.201,65.70,258.16,323.86,1770,2100,4,SwPowerCap
2026-06-02 07:37:22.465598,104.358,65.34,259.94,325.27,1770,2100,4,SwPowerCap
2026-06-02 07:37:22.621013,104.516,65.55,256.45,322.00,1785,2100,4,SwPowerCap
2026-06-02 07:37:22.776076,104.671,66.07,256.58,322.66,1755,2100,4,SwPowerCap
2026-06-02 07:37:22.935218,104.826,65.51,253.53,319.03,1770,2100,4,SwPowerCap
2026-06-02 07:37:23.091296,104.985,68.20,258.89,327.10,1785,2100,4,SwPowerCap
2026-06-02 07:37:23.246755,105.142,65.62,260.47,326.09,1770,2100,4,SwPowerCap
2026-06-02 07:37:23.402203,105.297,66.36,258.24,324.60,1785,2100,4,SwPowerCap
2026-06-02 07:37:23.563252,105.452,65.14,262.06,327.20,1770,2100,4,SwPowerCap
2026-06-02 07:37:23.719886,105.614,64.73,254.89,319.62,1770,2100,4,SwPowerCap
2026-06-02 07:37:23.878742,105.770,66.98,257.57,324.55,1785,2100,4,SwPowerCap
2026-06-02 07:37:24.034777,105.929,65.45,259.62,325.06,1770,2100,4,SwPowerCap
2026-06-02 07:37:24.190521,106.085,65.40,254.96,320.36,1770,2100,4,SwPowerCap
2026-06-02 07:37:24.351149,106.241,65.37,256.67,322.04,1770,2100,4,SwPowerCap
2026-06-02 07:37:24.508450,106.401,65.04,258.53,323.57,1770,2100,4,SwPowerCap
2026-06-02 07:37:24.665246,106.559,65.69,254.22,319.90,1770,2100,4,SwPowerCap
2026-06-02 07:37:24.822096,106.716,66.61,255.81,322.42,1770,2100,4,SwPowerCap
2026-06-02 07:37:24.977868,106.872,65.75,258.67,324.42,1770,2100,4,SwPowerCap
2026-06-02 07:37:25.138593,107.028,65.88,255.27,321.16,1755,2100,4,SwPowerCap
2026-06-02 07:37:25.299798,107.189,65.34,255.34,320.69,1785,2100,4,SwPowerCap
2026-06-02 07:37:25.463027,107.350,65.44,255.26,320.69,1785,2100,4,SwPowerCap
2026-06-02 07:37:25.618667,107.513,66.17,258.06,324.23,1770,2100,4,SwPowerCap
2026-06-02 07:37:25.774407,107.669,65.46,257.83,323.28,1785,2100,4,SwPowerCap
2026-06-02 07:37:25.929965,107.825,66.01,256.88,322.88,1740,2100,4,SwPowerCap
2026-06-02 07:37:26.088133,107.980,65.72,252.50,318.22,1770,2100,4,SwPowerCap
2026-06-02 07:37:26.243953,108.138,65.99,256.25,322.23,1770,2100,4,SwPowerCap
2026-06-02 07:37:26.402246,108.294,65.52,254.98,320.50,1770,2100,4,SwPowerCap
2026-06-02 07:37:26.557528,108.453,65.51,259.76,325.27,1770,2100,4,SwPowerCap
2026-06-02 07:37:26.711982,108.608,66.07,257.30,323.37,1770,2100,4,SwPowerCap
2026-06-02 07:37:26.870877,108.762,71.35,256.49,327.84,1770,2100,4,SwPowerCap
2026-06-02 07:37:27.027896,108.921,65.89,256.05,321.94,1770,2100,4,SwPowerCap
2026-06-02 07:37:27.183676,109.078,65.60,256.90,322.49,1770,2100,4,SwPowerCap
2026-06-02 07:37:27.339340,109.234,65.18,257.92,323.10,1770,2100,4,SwPowerCap
2026-06-02 07:37:27.495029,109.390,65.65,256.57,322.22,1770,2100,4,SwPowerCap
2026-06-02 07:37:27.650660,109.545,65.66,254.94,320.59,1755,2100,4,SwPowerCap
2026-06-02 07:37:27.806436,109.701,65.68,259.49,325.17,1770,2100,4,SwPowerCap
2026-06-02 07:37:27.963988,109.857,65.35,257.29,322.64,1770,2100,4,SwPowerCap
2026-06-02 07:37:28.122125,110.014,65.10,259.16,324.26,1770,2100,4,SwPowerCap
2026-06-02 07:37:28.278595,110.172,64.73,256.92,321.64,1770,2100,4,SwPowerCap
2026-06-02 07:37:28.434044,110.329,65.08,257.69,322.77,1785,2100,4,SwPowerCap
2026-06-02 07:37:28.590439,110.484,65.91,258.57,324.49,1770,2100,4,SwPowerCap
2026-06-02 07:37:28.749982,110.641,65.52,256.73,322.25,1770,2100,4,SwPowerCap
2026-06-02 07:37:28.908379,110.800,65.73,258.21,323.94,1770,2100,4,SwPowerCap
2026-06-02 07:37:29.063851,110.959,65.65,253.56,319.21,1770,2100,4,SwPowerCap
2026-06-02 07:37:29.219556,111.114,65.73,255.43,321.16,1770,2100,4,SwPowerCap
2026-06-02 07:37:29.378918,111.270,65.19,261.07,326.26,1770,2100,4,SwPowerCap
2026-06-02 07:37:29.539108,111.429,65.33,256.08,321.41,1740,2100,4,SwPowerCap
2026-06-02 07:37:29.697250,111.589,65.00,251.16,316.15,1755,2100,4,SwPowerCap
2026-06-02 07:37:29.853041,111.748,65.04,256.20,321.24,1770,2100,4,SwPowerCap
2026-06-02 07:37:30.008497,111.903,64.72,256.75,321.48,1770,2100,4,SwPowerCap
2026-06-02 07:37:30.165228,112.059,64.94,255.68,320.61,1770,2100,4,SwPowerCap
2026-06-02 07:37:30.323299,112.216,64.64,257.81,322.45,1755,2100,4,SwPowerCap
2026-06-02 07:37:30.478933,112.374,64.30,255.75,320.05,1770,2100,4,SwPowerCap
2026-06-02 07:37:30.633618,112.529,65.80,256.09,321.89,1770,2100,4,SwPowerCap
2026-06-02 07:37:30.790291,112.684,65.28,256.93,322.21,1770,2100,4,SwPowerCap
2026-06-02 07:37:30.946863,112.841,65.37,258.57,323.94,1770,2100,4,SwPowerCap
2026-06-02 07:37:31.102352,112.997,65.47,258.10,323.57,1785,2100,4,SwPowerCap
2026-06-02 07:37:31.257943,113.153,66.62,255.82,322.44,1785,2100,4,SwPowerCap
2026-06-02 07:37:31.417133,113.308,69.26,256.19,325.45,1785,2100,4,SwPowerCap
2026-06-02 07:37:31.572746,113.467,66.22,255.95,322.17,1755,2100,4,SwPowerCap
2026-06-02 07:37:31.728280,113.623,64.87,255.57,320.44,1770,2100,4,SwPowerCap
2026-06-02 07:37:31.988483,113.779,64.79,257.60,322.39,1770,2100,4,SwPowerCap
2026-06-02 07:37:32.145730,114.039,65.22,259.21,324.43,1770,2100,4,SwPowerCap
2026-06-02 07:37:32.302593,114.196,74.87,260.41,335.28,1755,2100,4,SwPowerCap
2026-06-02 07:37:32.458743,114.353,67.10,257.87,324.97,1755,2100,4,SwPowerCap
2026-06-02 07:37:32.614027,114.509,65.26,256.81,322.07,1755,2100,4,SwPowerCap
2026-06-02 07:37:32.769434,114.664,65.11,257.63,322.74,1770,2100,4,SwPowerCap
2026-06-02 07:37:32.925170,114.820,66.39,258.55,324.93,1755,2100,4,SwPowerCap
2026-06-02 07:37:33.080698,114.975,64.70,258.97,323.67,1770,2100,4,SwPowerCap
2026-06-02 07:37:33.239272,115.131,68.41,260.51,328.91,1740,2100,4,SwPowerCap
2026-06-02 07:37:33.399155,115.290,68.66,258.64,327.30,1755,2100,4,SwPowerCap
2026-06-02 07:37:33.558006,115.449,65.25,258.34,323.59,1740,2100,4,SwPowerCap
2026-06-02 07:37:33.713987,115.608,65.50,258.26,323.76,1755,2100,4,SwPowerCap
2026-06-02 07:37:33.870202,115.764,64.97,257.32,322.29,1755,2100,4,SwPowerCap
2026-06-02 07:37:34.025667,115.920,65.60,257.92,323.52,1755,2100,4,SwPowerCap
2026-06-02 07:37:34.183379,116.076,65.98,256.50,322.48,1770,2100,4,SwPowerCap
2026-06-02 07:37:34.338432,116.234,67.31,255.64,322.94,1755,2100,4,SwPowerCap
2026-06-02 07:37:34.494394,116.389,68.78,260.71,329.49,1740,2100,4,SwPowerCap
2026-06-02 07:37:34.650444,116.545,65.35,256.95,322.30,1740,2100,4,SwPowerCap
2026-06-02 07:37:34.808270,116.701,64.91,254.68,319.59,1740,2100,4,SwPowerCap
2026-06-02 07:37:34.964074,116.859,65.27,257.70,322.97,1740,2100,4,SwPowerCap
2026-06-02 07:37:35.122986,117.014,69.97,253.79,323.75,1740,2100,4,SwPowerCap
2026-06-02 07:37:35.279396,117.173,65.37,257.65,323.02,1755,2100,4,SwPowerCap
2026-06-02 07:37:35.434827,117.330,65.35,258.03,323.38,1740,2100,4,SwPowerCap
2026-06-02 07:37:35.590632,117.485,65.80,256.70,322.50,1755,2100,4,SwPowerCap
2026-06-02 07:37:35.746255,117.641,64.91,255.12,320.03,1740,2100,4,SwPowerCap
2026-06-02 07:37:35.908905,117.797,64.33,258.29,322.61,1755,2100,4,SwPowerCap
2026-06-02 07:37:36.072820,117.959,74.60,255.74,330.34,1770,2100,4,SwPowerCap
2026-06-02 07:37:36.233020,118.123,66.38,258.44,324.82,1770,2100,4,SwPowerCap
2026-06-02 07:37:36.390838,118.283,64.09,262.19,326.27,1785,2100,4,SwPowerCap
2026-06-02 07:37:36.545686,118.441,64.22,257.56,321.79,1785,2100,4,SwPowerCap
2026-06-02 07:37:36.700733,118.596,64.49,259.38,323.87,1740,2100,4,SwPowerCap
2026-06-02 07:37:36.856049,118.751,65.10,255.81,320.90,1740,2100,4,SwPowerCap
2026-06-02 07:37:37.010984,118.906,64.87,256.30,321.18,1740,2100,4,SwPowerCap
2026-06-02 07:37:37.166181,119.061,64.80,258.30,323.10,1740,2100,4,SwPowerCap
2026-06-02 07:37:37.321001,119.216,64.68,256.08,320.77,1740,2100,4,SwPowerCap
2026-06-02 07:37:37.476348,119.371,64.40,257.51,321.91,1740,2100,4,SwPowerCap
2026-06-02 07:37:37.633216,119.527,64.39,256.31,320.69,1740,2100,4,SwPowerCap
2026-06-02 07:37:37.791788,119.683,64.97,255.88,320.85,1755,2100,4,SwPowerCap
2026-06-02 07:37:37.957361,119.842,64.62,256.78,321.40,1740,2100,4,SwPowerCap
2026-06-02 07:37:38.113061,120.008,64.63,257.42,322.04,1755,2100,4,SwPowerCap
2026-06-02 07:37:38.274816,120.163,66.15,258.36,324.51,1755,2100,4,SwPowerCap
2026-06-02 07:37:38.436194,120.325,64.07,256.10,320.17,1710,2100,4,SwPowerCap
2026-06-02 07:37:38.596800,120.486,88.23,249.34,337.57,1785,2100,4,SwPowerCap
2026-06-02 07:37:38.752754,120.647,63.36,257.80,321.16,1755,2100,4,SwPowerCap
2026-06-02 07:37:38.907919,120.803,65.65,255.17,320.82,1785,2100,4,SwPowerCap
2026-06-02 07:37:39.063730,120.958,64.75,258.72,323.47,1740,2100,4,SwPowerCap
2026-06-02 07:37:39.220413,121.114,65.57,255.82,321.39,1740,2100,4,SwPowerCap
2026-06-02 07:37:39.375212,121.271,65.17,258.62,323.79,1755,2100,4,SwPowerCap
2026-06-02 07:37:39.529863,121.425,64.91,260.06,324.96,1740,2100,4,SwPowerCap
2026-06-02 07:37:39.685244,121.580,64.39,256.23,320.62,1740,2100,4,SwPowerCap
2026-06-02 07:37:39.840250,121.736,64.83,256.52,321.35,1740,2100,4,SwPowerCap
2026-06-02 07:37:39.995243,121.890,66.01,255.71,321.72,1740,2100,4,SwPowerCap
2026-06-02 07:37:40.154565,122.045,65.23,241.47,306.70,1845,2100,4,SwPowerCap
2026-06-02 07:37:40.318374,122.205,65.48,264.22,329.70,1755,2100,4,SwPowerCap
2026-06-02 07:37:40.478882,122.369,64.84,242.25,307.09,1755,2100,4,SwPowerCap
2026-06-02 07:37:40.645137,122.529,64.76,245.34,310.11,1875,2100,4,SwPowerCap
2026-06-02 07:37:40.800385,122.695,111.22,188.79,300.02,1920,2100,0,None
2026-06-02 07:37:40.956581,122.851,63.98,258.54,322.52,1725,2100,4,SwPowerCap
2026-06-02 07:37:41.111392,123.007,62.34,257.91,320.25,1725,2100,4,SwPowerCap
2026-06-02 07:37:41.268075,123.162,65.22,257.85,323.07,1710,2100,4,SwPowerCap
2026-06-02 07:37:41.431590,123.318,62.82,255.77,318.58,1710,2100,4,SwPowerCap
2026-06-02 07:37:41.587889,123.482,61.60,255.03,316.62,1725,2100,4,SwPowerCap
2026-06-02 07:37:41.752228,123.638,60.00,258.17,318.17,1710,2100,4,SwPowerCap
2026-06-02 07:37:41.908627,123.802,59.94,255.35,315.28,1725,2100,4,SwPowerCap
2026-06-02 07:37:42.063285,123.959,59.71,257.59,317.30,1725,2100,4,SwPowerCap
2026-06-02 07:37:42.217973,124.114,59.80,260.10,319.89,1710,2100,4,SwPowerCap
2026-06-02 07:37:42.378293,124.268,59.55,257.63,317.18,1725,2100,4,SwPowerCap
2026-06-02 07:37:42.535744,124.429,59.16,258.44,317.60,1725,2100,4,SwPowerCap
2026-06-02 07:37:42.692691,124.586,58.60,253.99,312.59,1725,2100,4,SwPowerCap
2026-06-02 07:37:42.847409,124.743,59.64,257.85,317.49,1725,2100,4,SwPowerCap
2026-06-02 07:37:43.008823,124.898,59.37,257.69,317.06,1725,2100,4,SwPowerCap
2026-06-02 07:37:43.163683,125.059,59.40,256.31,315.71,1725,2100,4,SwPowerCap
2026-06-02 07:37:43.320210,125.214,60.44,257.74,318.18,1725,2100,4,SwPowerCap
2026-06-02 07:37:43.475823,125.370,59.06,255.60,314.66,1710,2100,4,SwPowerCap
2026-06-02 07:37:43.631353,125.526,59.06,256.37,315.43,1725,2100,4,SwPowerCap
2026-06-02 07:37:43.791855,125.682,59.18,255.20,314.37,1710,2100,4,SwPowerCap
2026-06-02 07:37:43.955787,125.842,59.47,258.70,318.17,1710,2100,4,SwPowerCap
2026-06-02 07:37:44.112960,126.006,59.27,254.79,314.06,1710,2100,4,SwPowerCap
2026-06-02 07:37:44.269037,126.163,60.92,257.46,318.38,1710,2100,4,SwPowerCap
2026-06-02 07:37:44.424898,126.319,59.42,257.29,316.71,1710,2100,4,SwPowerCap
2026-06-02 07:37:44.581767,126.475,59.37,253.51,312.88,1725,2100,4,SwPowerCap
2026-06-02 07:37:44.737159,126.632,59.08,255.33,314.41,1725,2100,4,SwPowerCap
2026-06-02 07:37:44.893585,126.787,59.79,256.76,316.55,1710,2100,4,SwPowerCap
2026-06-02 07:37:45.049148,126.944,59.04,255.85,314.88,1710,2100,4,SwPowerCap
2026-06-02 07:37:45.205955,127.099,59.30,261.19,320.49,1725,2100,4,SwPowerCap
2026-06-02 07:37:45.361384,127.256,59.47,257.31,316.77,1725,2100,4,SwPowerCap
2026-06-02 07:37:45.517382,127.412,59.19,256.05,315.24,1710,2100,4,SwPowerCap
2026-06-02 07:37:45.674398,127.568,59.22,257.71,316.92,1710,2100,4,SwPowerCap
2026-06-02 07:37:45.830490,127.725,59.68,253.18,312.86,1710,2100,4,SwPowerCap
2026-06-02 07:37:45.987920,127.881,59.58,260.69,320.27,1710,2100,4,SwPowerCap
2026-06-02 07:37:46.143665,128.038,59.82,255.99,315.81,1710,2100,4,SwPowerCap
2026-06-02 07:37:46.299335,128.194,60.51,255.22,315.72,1710,2100,4,SwPowerCap
2026-06-02 07:37:46.456149,128.350,59.99,258.78,318.77,1710,2100,4,SwPowerCap
2026-06-02 07:37:46.614432,128.506,59.36,255.16,314.52,1710,2100,4,SwPowerCap
2026-06-02 07:37:46.770361,128.665,59.50,256.05,315.55,1710,2100,4,SwPowerCap
2026-06-02 07:37:46.926237,128.821,59.50,255.72,315.22,1710,2100,4,SwPowerCap
2026-06-02 07:37:47.082118,128.977,58.83,256.67,315.50,1725,2100,4,SwPowerCap
2026-06-02 07:37:47.245148,129.132,59.88,257.69,317.57,1710,2100,4,SwPowerCap
2026-06-02 07:37:47.401548,129.295,59.48,256.12,315.60,1710,2100,4,SwPowerCap
2026-06-02 07:37:47.557182,129.452,58.90,255.33,314.23,1725,2100,4,SwPowerCap
2026-06-02 07:37:47.713062,129.607,58.69,255.57,314.26,1710,2100,4,SwPowerCap
2026-06-02 07:37:47.869395,129.763,60.28,256.73,317.01,1710,2100,4,SwPowerCap
2026-06-02 07:37:48.026062,129.920,59.27,255.00,314.28,1710,2100,4,SwPowerCap
2026-06-02 07:37:48.181595,130.076,59.66,255.43,315.08,1725,2100,4,SwPowerCap
2026-06-02 07:37:48.336965,130.232,64.99,258.21,323.20,1710,2100,4,SwPowerCap
2026-06-02 07:37:48.493805,130.387,59.10,254.91,314.01,1710,2100,4,SwPowerCap
2026-06-02 07:37:48.653203,130.544,58.82,256.20,315.02,1725,2100,4,SwPowerCap
2026-06-02 07:37:48.810773,130.703,59.03,256.28,315.31,1725,2100,4,SwPowerCap
2026-06-02 07:37:48.965836,130.861,59.46,257.60,317.06,1710,2100,4,SwPowerCap
2026-06-02 07:37:49.120419,131.016,58.91,256.97,315.88,1710,2100,4,SwPowerCap
2026-06-02 07:37:49.278196,131.171,59.93,254.62,314.55,1725,2100,4,SwPowerCap
2026-06-02 07:37:49.433700,131.328,59.03,255.94,314.97,1710,2100,4,SwPowerCap
2026-06-02 07:37:49.589874,131.484,59.07,255.15,314.22,1710,2100,4,SwPowerCap
2026-06-02 07:37:49.745579,131.640,59.91,255.47,315.38,1710,2100,4,SwPowerCap
2026-06-02 07:37:49.901695,131.796,59.85,256.11,315.97,1710,2100,4,SwPowerCap
2026-06-02 07:37:50.057550,131.952,58.98,256.80,315.78,1710,2100,4,SwPowerCap
2026-06-02 07:37:50.213424,132.108,58.92,257.93,316.85,1725,2100,4,SwPowerCap
2026-06-02 07:37:50.370626,132.264,58.81,256.19,315.00,1710,2100,4,SwPowerCap
2026-06-02 07:37:50.533104,132.421,59.35,256.40,315.75,1710,2100,4,SwPowerCap
2026-06-02 07:37:50.691089,132.583,58.64,255.70,314.34,1695,2100,4,SwPowerCap
2026-06-02 07:37:50.847083,132.741,58.73,257.03,315.76,1725,2100,4,SwPowerCap
2026-06-02 07:37:51.003582,132.897,59.39,255.46,314.85,1710,2100,4,SwPowerCap
2026-06-02 07:37:51.159385,133.054,59.47,255.62,315.10,1710,2100,4,SwPowerCap
2026-06-02 07:37:51.316690,133.210,59.10,256.70,315.79,1725,2100,4,SwPowerCap
2026-06-02 07:37:51.472313,133.367,59.51,257.51,317.02,1710,2100,4,SwPowerCap
2026-06-02 07:37:51.627851,133.523,59.59,257.08,316.67,1710,2100,4,SwPowerCap
2026-06-02 07:37:51.783621,133.678,59.06,256.26,315.32,1710,2100,4,SwPowerCap
2026-06-02 07:37:51.944789,133.834,59.40,257.06,316.45,1710,2100,4,SwPowerCap
2026-06-02 07:37:52.100702,133.995,58.82,256.65,315.47,1725,2100,4,SwPowerCap
2026-06-02 07:37:52.255859,134.151,59.52,253.98,313.50,1710,2100,4,SwPowerCap
2026-06-02 07:37:52.414397,134.306,59.43,253.85,313.28,1710,2100,4,SwPowerCap
2026-06-02 07:37:52.570088,134.465,59.25,260.99,320.24,1710,2100,4,SwPowerCap
2026-06-02 07:37:52.725464,134.620,58.80,257.69,316.49,1725,2100,4,SwPowerCap
2026-06-02 07:37:52.880907,134.776,58.86,256.34,315.20,1710,2100,4,SwPowerCap
2026-06-02 07:37:53.036505,134.931,59.20,258.76,317.96,1710,2100,4,SwPowerCap
2026-06-02 07:37:53.192513,135.087,59.34,256.04,315.37,1710,2100,4,SwPowerCap
2026-06-02 07:37:53.347789,135.243,59.76,257.81,317.58,1710,2100,4,SwPowerCap
2026-06-02 07:37:53.505790,135.398,60.01,255.55,315.56,1725,2100,4,SwPowerCap
2026-06-02 07:37:53.660666,135.556,59.54,256.65,316.19,1725,2100,4,SwPowerCap
2026-06-02 07:37:53.816771,135.711,59.62,258.68,318.30,1725,2100,4,SwPowerCap
2026-06-02 07:37:53.972730,135.867,59.31,254.87,314.18,1710,2100,4,SwPowerCap
2026-06-02 07:37:54.128236,136.023,59.24,257.22,316.46,1725,2100,4,SwPowerCap
2026-06-02 07:37:54.290987,136.179,59.74,256.34,316.07,1695,2100,4,SwPowerCap
2026-06-02 07:37:54.451828,136.341,59.18,254.72,313.90,1725,2100,4,SwPowerCap
2026-06-02 07:37:54.614577,136.502,59.14,259.70,318.84,1710,2100,4,SwPowerCap
2026-06-02 07:37:54.772160,136.665,59.41,258.71,318.11,1710,2100,4,SwPowerCap
2026-06-02 07:37:54.928635,136.822,59.54,255.27,314.81,1695,2100,4,SwPowerCap
2026-06-02 07:37:55.083902,136.979,59.37,256.69,316.06,1710,2100,4,SwPowerCap
2026-06-02 07:37:55.239660,137.134,59.03,255.84,314.87,1710,2100,4,SwPowerCap
2026-06-02 07:37:55.397471,137.290,59.36,256.76,316.12,1695,2100,4,SwPowerCap
2026-06-02 07:37:55.552830,137.448,59.25,253.81,313.06,1710,2100,4,SwPowerCap
2026-06-02 07:37:55.708343,137.603,59.24,258.89,318.13,1710,2100,4,SwPowerCap
2026-06-02 07:37:55.863943,137.759,59.25,254.76,314.01,1710,2100,4,SwPowerCap
2026-06-02 07:37:56.021203,137.914,59.69,257.55,317.24,1710,2100,4,SwPowerCap
2026-06-02 07:37:56.177754,138.071,59.21,258.52,317.73,1710,2100,4,SwPowerCap
2026-06-02 07:37:56.334708,138.228,59.30,255.69,314.99,1725,2100,4,SwPowerCap
2026-06-02 07:37:56.490401,138.385,59.48,257.97,317.46,1725,2100,4,SwPowerCap
2026-06-02 07:37:56.648411,138.541,59.83,256.63,316.46,1710,2100,4,SwPowerCap
2026-06-02 07:37:56.803924,138.699,59.22,255.65,314.87,1710,2100,4,SwPowerCap
2026-06-02 07:37:56.959409,138.854,59.17,258.23,317.40,1710,2100,4,SwPowerCap
2026-06-02 07:37:57.116421,139.010,59.33,256.42,315.75,1710,2100,4,SwPowerCap
2026-06-02 07:37:57.272024,139.167,60.44,252.70,313.14,1725,2100,4,SwPowerCap
2026-06-02 07:37:57.427866,139.322,58.94,257.77,316.71,1695,2100,4,SwPowerCap
2026-06-02 07:37:57.583620,139.478,58.95,254.20,313.15,1710,2100,4,SwPowerCap
2026-06-02 07:37:57.743259,139.634,58.56,255.04,313.60,1725,2100,4,SwPowerCap
2026-06-02 07:37:57.902910,139.793,59.05,256.20,315.25,1710,2100,4,SwPowerCap
2026-06-02 07:37:58.059081,139.953,59.17,257.72,316.88,1710,2100,4,SwPowerCap
2026-06-02 07:37:58.214389,140.109,59.56,254.40,313.96,1695,2100,4,SwPowerCap
2026-06-02 07:37:58.369725,140.265,60.30,256.72,317.02,1710,2100,4,SwPowerCap
2026-06-02 07:37:58.529205,140.420,59.34,255.23,314.57,1695,2100,4,SwPowerCap
2026-06-02 07:37:58.685045,140.579,59.82,255.45,315.27,1710,2100,4,SwPowerCap
2026-06-02 07:37:58.841107,140.735,59.98,255.66,315.64,1710,2100,4,SwPowerCap
2026-06-02 07:37:58.997304,140.891,59.32,257.55,316.87,1710,2100,4,SwPowerCap
2026-06-02 07:37:59.153197,141.048,59.08,254.77,313.85,1710,2100,4,SwPowerCap
2026-06-02 07:37:59.311749,141.203,60.21,255.42,315.64,1710,2100,4,SwPowerCap
2026-06-02 07:37:59.468833,141.362,58.99,258.32,317.31,1710,2100,4,SwPowerCap
2026-06-02 07:37:59.624721,141.519,59.45,260.31,319.77,1695,2100,4,SwPowerCap
2026-06-02 07:37:59.780788,141.675,60.34,253.34,313.68,1710,2100,4,SwPowerCap
2026-06-02 07:37:59.936794,141.831,58.91,256.70,315.61,1710,2100,4,SwPowerCap
2026-06-02 07:38:00.093604,141.987,59.31,256.59,315.90,1710,2100,4,SwPowerCap
2026-06-02 07:38:00.249178,142.144,59.52,256.51,316.03,1710,2100,4,SwPowerCap
2026-06-02 07:38:00.404777,142.299,59.10,259.32,318.42,1695,2100,4,SwPowerCap
2026-06-02 07:38:00.563965,142.455,58.75,252.82,311.57,1695,2100,4,SwPowerCap
2026-06-02 07:38:00.720517,142.614,58.80,259.94,318.74,1740,2100,4,SwPowerCap
2026-06-02 07:38:00.881760,142.771,59.34,230.26,289.61,1800,2100,4,SwPowerCap
2026-06-02 07:38:01.036566,142.932,63.03,182.06,245.09,1920,2100,4,SwPowerCap
2026-06-02 07:38:01.194346,143.087,59.25,259.77,319.02,1710,2100,4,SwPowerCap
2026-06-02 07:38:01.354186,143.245,59.65,256.83,316.48,1695,2100,4,SwPowerCap
2026-06-02 07:38:01.513015,143.404,59.14,253.68,312.82,1710,2100,4,SwPowerCap
2026-06-02 07:38:01.671292,143.563,59.28,257.01,316.29,1710,2100,4,SwPowerCap
2026-06-02 07:38:01.827027,143.722,59.45,258.00,317.45,1710,2100,4,SwPowerCap
2026-06-02 07:38:01.982174,143.877,59.36,256.06,315.42,1695,2100,4,SwPowerCap
2026-06-02 07:38:02.144413,144.032,59.59,258.88,318.47,1710,2100,4,SwPowerCap
2026-06-02 07:38:02.299376,144.195,59.91,255.68,315.59,1710,2100,4,SwPowerCap
2026-06-02 07:38:02.455291,144.350,59.16,255.82,314.98,1710,2100,4,SwPowerCap
2026-06-02 07:38:02.610689,144.506,58.90,256.29,315.19,1710,2100,4,SwPowerCap
2026-06-02 07:38:02.766144,144.661,59.20,256.11,315.31,1710,2100,4,SwPowerCap
2026-06-02 07:38:02.923559,144.816,59.07,256.60,315.67,1710,2100,4,SwPowerCap
2026-06-02 07:38:03.079440,144.974,59.31,258.13,317.45,1695,2100,4,SwPowerCap
2026-06-02 07:38:03.235532,145.130,59.28,253.60,312.88,1710,2100,4,SwPowerCap
2026-06-02 07:38:03.391095,145.286,59.56,256.54,316.09,1710,2100,4,SwPowerCap
2026-06-02 07:38:03.548253,145.441,58.88,256.94,315.82,1710,2100,4,SwPowerCap
2026-06-02 07:38:03.704446,145.598,59.78,256.50,316.28,1710,2100,4,SwPowerCap
2026-06-02 07:38:03.862152,145.755,59.49,259.40,318.89,1695,2100,4,SwPowerCap
2026-06-02 07:38:04.017944,145.912,59.33,255.56,314.89,1710,2100,4,SwPowerCap
2026-06-02 07:38:04.179041,146.068,59.35,257.46,316.81,1710,2100,4,SwPowerCap
2026-06-02 07:38:04.340146,146.229,60.03,254.64,314.67,1710,2100,4,SwPowerCap
2026-06-02 07:38:04.496196,146.390,59.57,254.51,314.08,1710,2100,4,SwPowerCap
2026-06-02 07:38:04.651742,146.546,59.28,254.92,314.20,1710,2100,4,SwPowerCap
2026-06-02 07:38:04.807778,146.702,59.30,257.74,317.04,1710,2100,4,SwPowerCap
2026-06-02 07:38:04.964943,146.858,59.48,257.82,317.30,1695,2100,4,SwPowerCap
2026-06-02 07:38:05.120241,147.015,59.17,256.08,315.25,1710,2100,4,SwPowerCap
2026-06-02 07:38:05.277834,147.170,59.57,255.46,315.03,1710,2100,4,SwPowerCap
2026-06-02 07:38:05.432468,147.328,58.59,256.04,314.63,1710,2100,4,SwPowerCap
2026-06-02 07:38:05.589767,147.483,59.36,257.00,316.37,1710,2100,4,SwPowerCap
2026-06-02 07:38:05.747300,147.640,59.62,257.61,317.23,1710,2100,4,SwPowerCap
2026-06-02 07:38:05.903107,147.798,59.62,260.74,320.36,1695,2100,4,SwPowerCap
2026-06-02 07:38:06.058915,147.953,58.59,252.75,311.33,1695,2100,4,SwPowerCap
2026-06-02 07:38:06.214479,148.109,59.39,255.65,315.04,1710,2100,4,SwPowerCap
2026-06-02 07:38:06.376294,148.265,60.19,257.35,317.54,1710,2100,4,SwPowerCap
2026-06-02 07:38:06.534527,148.426,59.48,255.65,315.12,1710,2100,4,SwPowerCap
2026-06-02 07:38:06.695027,148.585,58.85,255.41,314.26,1695,2100,4,SwPowerCap
2026-06-02 07:38:06.850022,148.745,59.27,253.72,313.00,1710,2100,4,SwPowerCap
2026-06-02 07:38:07.005383,148.900,59.47,255.33,314.80,1710,2100,4,SwPowerCap
2026-06-02 07:38:07.162957,149.056,58.88,255.85,314.73,1695,2100,4,SwPowerCap
2026-06-02 07:38:07.318579,149.213,59.13,255.75,314.88,1710,2100,4,SwPowerCap
2026-06-02 07:38:07.473925,149.369,58.65,253.75,312.40,1710,2100,4,SwPowerCap
2026-06-02 07:38:07.629231,149.524,59.78,255.92,315.70,1710,2100,4,SwPowerCap
2026-06-02 07:38:07.784604,149.680,59.57,256.13,315.71,1710,2100,4,SwPowerCap
2026-06-02 07:38:07.940384,149.835,58.98,259.61,318.58,1695,2100,4,SwPowerCap
2026-06-02 07:38:08.102537,149.991,59.57,258.24,317.81,1710,2100,4,SwPowerCap
2026-06-02 07:38:08.258602,150.153,58.75,254.49,313.24,1695,2100,4,SwPowerCap
2026-06-02 07:38:08.414758,150.309,59.01,256.53,315.54,1695,2100,4,SwPowerCap
2026-06-02 07:38:08.572217,150.465,59.56,254.05,313.61,1695,2100,4,SwPowerCap
2026-06-02 07:38:08.727473,150.622,59.26,253.19,312.45,1710,2100,4,SwPowerCap
2026-06-02 07:38:08.883395,150.778,59.35,257.60,316.95,1710,2100,4,SwPowerCap
2026-06-02 07:38:09.044245,150.934,59.41,256.83,316.24,1695,2100,4,SwPowerCap
2026-06-02 07:38:09.205568,151.094,59.95,255.52,315.47,1710,2100,4,SwPowerCap
2026-06-02 07:38:09.363508,151.256,60.73,264.22,324.96,1695,2100,4,SwPowerCap
2026-06-02 07:38:09.518123,151.414,58.86,256.18,315.03,1710,2100,4,SwPowerCap
2026-06-02 07:38:09.673376,151.568,58.59,255.10,313.69,1695,2100,4,SwPowerCap
2026-06-02 07:38:09.828695,151.724,59.28,253.97,313.25,1695,2100,4,SwPowerCap
2026-06-02 07:38:09.984377,151.879,59.08,253.36,312.44,1695,2100,4,SwPowerCap
2026-06-02 07:38:10.141133,152.035,59.06,253.52,312.58,1695,2100,4,SwPowerCap
2026-06-02 07:38:10.295596,152.191,59.63,256.88,316.51,1695,2100,4,SwPowerCap
2026-06-02 07:38:10.454436,152.346,59.27,256.90,316.17,1695,2100,4,SwPowerCap
2026-06-02 07:38:10.609306,152.505,59.46,254.01,313.47,1695,2100,4,SwPowerCap
2026-06-02 07:38:10.764352,152.660,59.09,259.62,318.71,1680,2100,4,SwPowerCap
2026-06-02 07:38:10.921544,152.815,59.20,258.64,317.84,1710,2100,4,SwPowerCap
2026-06-02 07:38:11.077574,152.972,59.72,251.92,311.64,1710,2100,4,SwPowerCap
2026-06-02 07:38:11.232206,153.128,59.57,255.31,314.88,1695,2100,4,SwPowerCap
2026-06-02 07:38:11.387072,153.282,59.87,254.52,314.39,1695,2100,4,SwPowerCap
2026-06-02 07:38:11.542664,153.437,59.37,253.31,312.68,1710,2100,4,SwPowerCap
2026-06-02 07:38:11.697570,153.593,59.02,258.87,317.89,1695,2100,4,SwPowerCap
2026-06-02 07:38:11.856072,153.748,64.60,254.37,318.97,1695,2100,4,SwPowerCap
2026-06-02 07:38:12.012932,153.906,59.17,255.51,314.68,1695,2100,4,SwPowerCap
2026-06-02 07:38:12.167866,154.063,59.47,256.52,315.99,1695,2100,4,SwPowerCap
2026-06-02 07:38:12.323221,154.218,60.02,258.78,318.79,1695,2100,4,SwPowerCap
2026-06-02 07:38:12.478343,154.373,59.94,253.93,313.88,1695,2100,4,SwPowerCap
2026-06-02 07:38:12.636843,154.529,58.98,256.25,315.22,1695,2100,4,SwPowerCap
2026-06-02 07:38:12.792381,154.687,58.99,256.34,315.34,1695,2100,4,SwPowerCap
2026-06-02 07:38:12.947462,154.843,59.74,253.92,313.66,1695,2100,4,SwPowerCap
2026-06-02 07:38:13.102909,154.998,58.85,256.51,315.35,1695,2100,4,SwPowerCap
2026-06-02 07:38:13.258202,155.153,59.45,256.83,316.28,1695,2100,4,SwPowerCap
2026-06-02 07:38:13.414485,155.308,60.28,255.51,315.79,1695,2100,4,SwPowerCap
2026-06-02 07:38:13.571379,155.465,61.48,257.54,319.02,1695,2100,4,SwPowerCap
2026-06-02 07:38:13.726986,155.622,59.42,252.66,312.08,1695,2100,4,SwPowerCap
2026-06-02 07:38:13.888363,155.777,58.64,253.85,312.49,1695,2100,4,SwPowerCap
2026-06-02 07:38:14.043975,155.939,59.00,256.57,315.57,1710,2100,4,SwPowerCap
2026-06-02 07:38:14.200217,156.094,59.83,257.83,317.66,1695,2100,4,SwPowerCap
2026-06-02 07:38:14.355724,156.250,60.08,253.87,313.95,1695,2100,4,SwPowerCap
2026-06-02 07:38:14.512833,156.406,59.44,256.05,315.49,1695,2100,4,SwPowerCap
2026-06-02 07:38:14.678578,156.563,59.51,257.92,317.43,1695,2100,4,SwPowerCap
2026-06-02 07:38:14.838682,156.729,59.49,254.53,314.02,1695,2100,4,SwPowerCap
2026-06-02 07:38:14.998087,156.889,59.17,259.86,319.03,1680,2100,4,SwPowerCap
2026-06-02 07:38:15.159559,157.048,59.04,256.67,315.70,1710,2100,4,SwPowerCap
2026-06-02 07:38:15.318187,157.210,59.25,253.56,312.81,1695,2100,4,SwPowerCap
2026-06-02 07:38:15.474196,157.368,59.55,256.57,316.12,1695,2100,4,SwPowerCap
2026-06-02 07:38:15.630152,157.524,59.47,254.55,314.02,1695,2100,4,SwPowerCap
2026-06-02 07:38:15.786293,157.680,59.72,253.96,313.67,1710,2100,4,SwPowerCap
2026-06-02 07:38:15.946502,157.837,59.34,259.24,318.57,1695,2100,4,SwPowerCap
2026-06-02 07:38:16.104514,157.997,59.43,253.86,313.29,1695,2100,4,SwPowerCap
2026-06-02 07:38:16.260994,158.155,59.55,254.62,314.17,1695,2100,4,SwPowerCap
2026-06-02 07:38:16.417141,158.311,59.91,256.76,316.67,1695,2100,4,SwPowerCap
2026-06-02 07:38:16.572948,158.467,60.26,256.36,316.61,1695,2100,4,SwPowerCap
2026-06-02 07:38:16.728943,158.623,59.08,254.80,313.87,1695,2100,4,SwPowerCap
2026-06-02 07:38:16.884613,158.779,58.90,258.15,317.06,1695,2100,4,SwPowerCap
2026-06-02 07:38:17.041764,158.935,59.00,255.10,314.09,1695,2100,4,SwPowerCap
2026-06-02 07:38:17.197426,159.092,59.33,254.84,314.17,1710,2100,4,SwPowerCap
2026-06-02 07:38:17.356052,159.248,60.08,259.51,319.58,1695,2100,4,SwPowerCap
2026-06-02 07:38:17.517527,159.406,59.40,254.68,314.08,1710,2100,4,SwPowerCap
2026-06-02 07:38:17.673599,159.568,58.99,253.65,312.64,1695,2100,4,SwPowerCap
2026-06-02 07:38:17.829106,159.724,59.37,256.33,315.70,1680,2100,4,SwPowerCap
2026-06-02 07:38:17.983805,159.879,59.26,258.02,317.28,1695,2100,4,SwPowerCap
2026-06-02 07:38:18.142394,160.034,58.88,256.55,315.43,1695,2100,4,SwPowerCap
2026-06-02 07:38:18.297186,160.193,59.66,255.90,315.56,1710,2100,4,SwPowerCap
2026-06-02 07:38:18.452192,160.347,58.95,255.16,314.11,1695,2100,4,SwPowerCap
2026-06-02 07:38:18.611171,160.502,59.28,252.29,311.57,1695,2100,4,SwPowerCap
2026-06-02 07:38:18.769394,160.661,59.19,257.49,316.68,1695,2100,4,SwPowerCap
2026-06-02 07:38:18.928340,160.820,59.20,254.87,314.07,1695,2100,4,SwPowerCap
2026-06-02 07:38:19.084702,160.979,59.66,253.44,313.10,1680,2100,4,SwPowerCap
2026-06-02 07:38:19.239463,161.135,59.19,255.62,314.81,1695,2100,4,SwPowerCap
2026-06-02 07:38:19.394422,161.290,60.34,258.95,319.29,1695,2100,4,SwPowerCap
2026-06-02 07:38:19.549645,161.445,62.87,255.76,318.63,1695,2100,4,SwPowerCap
2026-06-02 07:38:19.705087,161.600,63.40,255.77,319.17,1695,2100,4,SwPowerCap
2026-06-02 07:38:19.864418,161.755,63.39,253.72,317.11,1695,2100,4,SwPowerCap
2026-06-02 07:38:20.024728,161.915,63.49,256.82,320.31,1695,2100,4,SwPowerCap
2026-06-02 07:38:20.184884,162.075,64.72,258.70,323.42,1695,2100,4,SwPowerCap
2026-06-02 07:38:20.348650,162.235,64.54,254.73,319.27,1680,2100,4,SwPowerCap
2026-06-02 07:38:20.510198,162.399,63.10,254.63,317.73,1695,2100,4,SwPowerCap
2026-06-02 07:38:20.671800,162.560,63.62,256.85,320.47,1695,2100,4,SwPowerCap
2026-06-02 07:38:20.834207,162.722,63.51,256.82,320.33,1755,2100,4,SwPowerCap
2026-06-02 07:38:20.997266,162.884,63.94,250.11,314.04,1680,2100,4,SwPowerCap
2026-06-02 07:38:21.163123,163.048,60.18,258.54,318.71,1725,2100,4,SwPowerCap
2026-06-02 07:38:21.320214,163.213,62.45,243.45,305.90,1875,2100,4,SwPowerCap
2026-06-02 07:38:21.482397,163.370,58.77,186.27,245.04,1725,2100,4,SwPowerCap
2026-06-02 07:38:21.644033,163.533,59.33,252.66,312.00,1710,2100,4,SwPowerCap
2026-06-02 07:38:21.800364,163.694,59.84,255.29,315.13,1710,2100,4,SwPowerCap
2026-06-02 07:38:21.962060,163.851,59.44,254.28,313.71,1695,2100,4,SwPowerCap
2026-06-02 07:38:22.118227,164.012,59.20,253.57,312.77,1695,2100,4,SwPowerCap
2026-06-02 07:38:22.273686,164.168,59.54,252.57,312.11,1695,2100,4,SwPowerCap
2026-06-02 07:38:22.429596,164.324,59.35,255.46,314.81,1695,2100,4,SwPowerCap
2026-06-02 07:38:22.585982,164.480,58.98,254.97,313.95,1710,2100,4,SwPowerCap
2026-06-02 07:38:22.742311,164.636,59.42,257.08,316.50,1695,2100,4,SwPowerCap
2026-06-02 07:38:22.897412,164.793,59.00,252.08,311.08,1695,2100,4,SwPowerCap
2026-06-02 07:38:23.058195,164.948,59.53,254.89,314.42,1710,2100,4,SwPowerCap
2026-06-02 07:38:23.213935,165.108,58.98,254.59,313.57,1710,2100,4,SwPowerCap
2026-06-02 07:38:23.371897,165.264,60.55,256.68,317.23,1695,2100,4,SwPowerCap
2026-06-02 07:38:23.527018,165.422,59.77,253.79,313.56,1695,2100,4,SwPowerCap
2026-06-02 07:38:23.684243,165.577,59.06,256.79,315.85,1695,2100,4,SwPowerCap
2026-06-02 07:38:23.842958,165.735,59.11,254.03,313.14,1695,2100,4,SwPowerCap
2026-06-02 07:38:24.000159,165.893,59.62,257.21,316.83,1695,2100,4,SwPowerCap
2026-06-02 07:38:24.155899,166.050,59.02,258.48,317.49,1695,2100,4,SwPowerCap
2026-06-02 07:38:24.311488,166.206,59.19,253.92,313.11,1710,2100,4,SwPowerCap
2026-06-02 07:38:24.470334,166.362,59.38,253.57,312.95,1710,2100,4,SwPowerCap
2026-06-02 07:38:24.625835,166.521,58.49,256.38,314.87,1710,2100,4,SwPowerCap
2026-06-02 07:38:24.783063,166.676,59.12,257.78,316.90,1695,2100,4,SwPowerCap
2026-06-02 07:38:24.938804,166.833,59.45,253.45,312.90,1695,2100,4,SwPowerCap
2026-06-02 07:38:25.094185,166.989,59.36,255.11,314.47,1695,2100,4,SwPowerCap
2026-06-02 07:38:25.250940,167.144,59.05,255.74,314.79,1695,2100,4,SwPowerCap
2026-06-02 07:38:25.407106,167.301,59.96,257.02,316.98,1695,2100,4,SwPowerCap
2026-06-02 07:38:25.563112,167.457,59.40,257.16,316.56,1695,2100,4,SwPowerCap
2026-06-02 07:38:25.721278,167.613,58.81,254.50,313.31,1695,2100,4,SwPowerCap
2026-06-02 07:38:25.882961,167.772,58.79,253.47,312.26,1710,2100,4,SwPowerCap
2026-06-02 07:38:26.039406,167.933,59.04,255.23,314.27,1710,2100,4,SwPowerCap
2026-06-02 07:38:26.198658,168.090,58.85,255.70,314.55,1695,2100,4,SwPowerCap
2026-06-02 07:38:26.353943,168.249,59.76,253.85,313.61,1680,2100,4,SwPowerCap
2026-06-02 07:38:26.509061,168.404,59.14,250.90,310.03,1695,2100,4,SwPowerCap
2026-06-02 07:38:26.669827,168.559,59.37,259.64,319.02,1695,2100,4,SwPowerCap
2026-06-02 07:38:26.831203,168.720,59.26,257.07,316.33,1710,2100,4,SwPowerCap
2026-06-02 07:38:26.991335,168.881,59.55,255.45,315.00,1695,2100,4,SwPowerCap
2026-06-02 07:38:27.157550,169.042,59.25,254.05,313.31,1695,2100,4,SwPowerCap
2026-06-02 07:38:27.317256,169.208,59.20,253.84,313.04,1695,2100,4,SwPowerCap
2026-06-02 07:38:27.475191,169.368,59.59,253.76,313.35,1695,2100,4,SwPowerCap
2026-06-02 07:38:27.632613,169.525,59.76,253.88,313.63,1695,2100,4,SwPowerCap
2026-06-02 07:38:27.788700,169.683,60.07,255.32,315.39,1695,2100,4,SwPowerCap
2026-06-02 07:38:27.944209,169.839,59.70,256.74,316.43,1695,2100,4,SwPowerCap
2026-06-02 07:38:28.099961,169.994,59.32,256.05,315.36,1710,2100,4,SwPowerCap
2026-06-02 07:38:28.255923,170.150,59.35,255.81,315.17,1695,2100,4,SwPowerCap
2026-06-02 07:38:28.411699,170.306,60.07,255.39,315.47,1695,2100,4,SwPowerCap
2026-06-02 07:38:28.570339,170.462,56.75,254.90,311.65,1725,2100,4,SwPowerCap
2026-06-02 07:38:28.728619,170.621,59.49,258.52,318.01,1695,2100,4,SwPowerCap
2026-06-02 07:38:28.884836,170.779,59.54,257.07,316.61,1695,2100,4,SwPowerCap
2026-06-02 07:38:29.040044,170.935,59.20,259.70,318.90,1710,2100,4,SwPowerCap
2026-06-02 07:38:29.195698,171.090,59.01,252.92,311.93,1680,2100,4,SwPowerCap
2026-06-02 07:38:29.354202,171.246,58.98,254.70,313.68,1695,2100,4,SwPowerCap
2026-06-02 07:38:29.510311,171.404,63.16,255.59,318.75,1695,2100,4,SwPowerCap
2026-06-02 07:38:29.665961,171.561,58.51,254.23,312.74,1695,2100,4,SwPowerCap
2026-06-02 07:38:29.821572,171.716,58.83,254.84,313.67,1695,2100,4,SwPowerCap
2026-06-02 07:38:29.983443,171.872,59.45,255.91,315.36,1695,2100,4,SwPowerCap
2026-06-02 07:38:30.143124,172.034,59.42,255.15,314.56,1695,2100,4,SwPowerCap
2026-06-02 07:38:30.299186,172.193,58.99,254.07,313.06,1695,2100,4,SwPowerCap
2026-06-02 07:38:30.455351,172.349,59.55,256.04,315.59,1695,2100,4,SwPowerCap
2026-06-02 07:38:30.611055,172.506,59.24,256.29,315.53,1710,2100,4,SwPowerCap
2026-06-02 07:38:30.766865,172.661,59.30,257.78,317.08,1695,2100,4,SwPowerCap
2026-06-02 07:38:30.922340,172.817,59.26,252.88,312.15,1695,2100,4,SwPowerCap
2026-06-02 07:38:31.077804,172.973,59.49,253.56,313.04,1695,2100,4,SwPowerCap
2026-06-02 07:38:31.239771,173.128,59.27,254.54,313.80,1680,2100,4,SwPowerCap
2026-06-02 07:38:31.396164,173.290,59.39,255.19,314.58,1695,2100,4,SwPowerCap
2026-06-02 07:38:31.560196,173.446,59.70,256.61,316.32,1695,2100,4,SwPowerCap
2026-06-02 07:38:31.720754,173.610,58.77,255.21,313.99,1710,2100,4,SwPowerCap
2026-06-02 07:38:31.876913,173.771,59.21,259.51,318.73,1695,2100,4,SwPowerCap
2026-06-02 07:38:32.032907,173.927,59.09,254.49,313.58,1710,2100,4,SwPowerCap
2026-06-02 07:38:32.188805,174.083,59.38,254.18,313.56,1695,2100,4,SwPowerCap
2026-06-02 07:38:32.344664,174.239,59.55,255.57,315.12,1695,2100,4,SwPowerCap
2026-06-02 07:38:32.502125,174.395,59.52,254.13,313.65,1695,2100,4,SwPowerCap
2026-06-02 07:38:32.661178,174.552,59.25,254.57,313.82,1680,2100,4,SwPowerCap
2026-06-02 07:38:32.817199,174.711,59.53,251.97,311.50,1695,2100,4,SwPowerCap
2026-06-02 07:38:32.972899,174.867,59.65,255.13,314.78,1680,2100,4,SwPowerCap
2026-06-02 07:38:33.128561,175.023,59.53,258.95,318.48,1695,2100,4,SwPowerCap
2026-06-02 07:38:33.284597,175.179,59.40,256.09,315.49,1695,2100,4,SwPowerCap
2026-06-02 07:38:33.440936,175.335,60.22,255.65,315.87,1695,2100,4,SwPowerCap
2026-06-02 07:38:33.596823,175.491,59.24,252.46,311.70,1695,2100,4,SwPowerCap
2026-06-02 07:38:33.757596,175.647,59.36,253.98,313.34,1695,2100,4,SwPowerCap
2026-06-02 07:38:33.916831,175.808,59.55,257.83,317.38,1695,2100,4,SwPowerCap
2026-06-02 07:38:34.079914,175.967,59.80,256.04,315.84,1680,2100,4,SwPowerCap
2026-06-02 07:38:34.236357,176.130,59.32,253.29,312.61,1695,2100,4,SwPowerCap
2026-06-02 07:38:34.391575,176.287,59.92,255.94,315.86,1695,2100,4,SwPowerCap
2026-06-02 07:38:34.546664,176.442,59.68,256.41,316.09,1695,2100,4,SwPowerCap
2026-06-02 07:38:34.706155,176.597,59.27,253.19,312.47,1680,2100,4,SwPowerCap
2026-06-02 07:38:34.866162,176.756,59.57,257.29,316.86,1695,2100,4,SwPowerCap
2026-06-02 07:38:35.023885,176.916,59.60,255.51,315.12,1710,2100,4,SwPowerCap
2026-06-02 07:38:35.180446,177.074,59.34,254.05,313.38,1695,2100,4,SwPowerCap
2026-06-02 07:38:35.337385,177.231,60.06,254.38,314.44,1710,2100,4,SwPowerCap
2026-06-02 07:38:35.493161,177.388,59.61,257.51,317.12,1695,2100,4,SwPowerCap
2026-06-02 07:38:35.650633,177.543,59.13,256.20,315.34,1695,2100,4,SwPowerCap
2026-06-02 07:38:35.806148,177.701,59.93,256.71,316.64,1695,2100,4,SwPowerCap
2026-06-02 07:38:35.961348,177.856,59.91,256.23,316.13,1695,2100,4,SwPowerCap
2026-06-02 07:38:36.116597,178.012,59.00,252.61,311.61,1680,2100,4,SwPowerCap
2026-06-02 07:38:36.272653,178.167,59.43,254.41,313.85,1695,2100,4,SwPowerCap
2026-06-02 07:38:36.428289,178.323,59.96,256.48,316.43,1710,2100,4,SwPowerCap
2026-06-02 07:38:36.583443,178.479,59.52,258.35,317.87,1695,2100,4,SwPowerCap
2026-06-02 07:38:36.748458,178.634,59.42,255.73,315.14,1695,2100,4,SwPowerCap
2026-06-02 07:38:36.904945,178.799,59.94,257.75,317.69,1695,2100,4,SwPowerCap
2026-06-02 07:38:37.062614,178.955,58.99,254.12,313.11,1695,2100,4,SwPowerCap
2026-06-02 07:38:37.217970,179.113,58.55,255.34,313.89,1695,2100,4,SwPowerCap
2026-06-02 07:38:37.373588,179.268,60.04,254.17,314.20,1695,2100,4,SwPowerCap
2026-06-02 07:38:37.529651,179.424,59.16,256.07,315.23,1680,2100,4,SwPowerCap
2026-06-02 07:38:37.686406,179.580,58.95,255.96,314.90,1695,2100,4,SwPowerCap
2026-06-02 07:38:37.842285,179.737,59.11,253.17,312.29,1695,2100,4,SwPowerCap
2026-06-02 07:38:37.997528,179.893,59.09,253.92,313.00,1695,2100,4,SwPowerCap
2026-06-02 07:38:38.153930,180.048,59.72,254.62,314.34,1695,2100,4,SwPowerCap
2026-06-02 07:38:38.309613,180.204,58.82,256.98,315.80,1695,2100,4,SwPowerCap
2026-06-02 07:38:38.465228,180.360,59.98,254.14,314.12,1695,2100,4,SwPowerCap
2026-06-02 07:38:38.626163,180.515,59.20,257.52,316.72,1710,2100,4,SwPowerCap
2026-06-02 07:38:38.784670,180.676,59.34,254.73,314.07,1695,2100,4,SwPowerCap
2026-06-02 07:38:38.941160,180.835,59.51,257.04,316.55,1695,2100,4,SwPowerCap
2026-06-02 07:38:39.096625,180.991,59.90,257.10,317.00,1680,2100,4,SwPowerCap
2026-06-02 07:38:39.251326,181.147,60.09,255.43,315.51,1695,2100,4,SwPowerCap
2026-06-02 07:38:39.406555,181.302,60.09,254.24,314.33,1695,2100,4,SwPowerCap
2026-06-02 07:38:39.563099,181.457,59.18,254.10,313.28,1695,2100,4,SwPowerCap
2026-06-02 07:38:39.718833,181.613,59.88,257.55,317.43,1695,2100,4,SwPowerCap
2026-06-02 07:38:39.874986,181.769,59.47,253.45,312.92,1695,2100,4,SwPowerCap
2026-06-02 07:38:40.030837,181.925,59.68,252.37,312.05,1695,2100,4,SwPowerCap
2026-06-02 07:38:40.196009,182.081,59.27,257.27,316.54,1695,2100,4,SwPowerCap
2026-06-02 07:38:40.351654,182.246,59.51,254.38,313.89,1695,2100,4,SwPowerCap
2026-06-02 07:38:40.508995,182.402,59.25,256.51,315.76,1695,2100,4,SwPowerCap
2026-06-02 07:38:40.664997,182.559,58.80,254.59,313.38,1695,2100,4,SwPowerCap
2026-06-02 07:38:40.821654,182.715,59.11,256.43,315.54,1695,2100,4,SwPowerCap
2026-06-02 07:38:40.984132,182.872,59.65,255.58,315.23,1695,2100,4,SwPowerCap
2026-06-02 07:38:41.141391,183.034,59.45,257.24,316.69,1680,2100,4,SwPowerCap
2026-06-02 07:38:41.305273,183.192,59.80,246.59,306.39,1755,2100,4,SwPowerCap
2026-06-02 07:38:41.467441,183.356,60.31,261.61,321.91,1680,2100,4,SwPowerCap
2026-06-02 07:38:41.629869,183.518,59.50,246.60,306.11,1740,2100,4,SwPowerCap
2026-06-02 07:38:41.792248,183.680,64.72,247.59,312.31,1890,2100,4,SwPowerCap
2026-06-02 07:38:41.955158,183.842,59.18,192.30,251.47,1830,2100,4,SwPowerCap
2026-06-02 07:38:42.114202,184.005,59.70,250.15,309.85,1695,2100,4,SwPowerCap
2026-06-02 07:38:42.272340,184.164,59.18,257.48,316.66,1695,2100,4,SwPowerCap
2026-06-02 07:38:42.427940,184.323,59.61,253.53,313.13,1695,2100,4,SwPowerCap
2026-06-02 07:38:42.584637,184.478,58.89,256.48,315.37,1695,2100,4,SwPowerCap
2026-06-02 07:38:42.740599,184.635,59.50,253.22,312.72,1695,2100,4,SwPowerCap
2026-06-02 07:38:42.899091,184.791,59.67,254.68,314.36,1695,2100,4,SwPowerCap
2026-06-02 07:38:43.055160,184.949,59.36,254.89,314.24,1695,2100,4,SwPowerCap
2026-06-02 07:38:43.211843,185.105,59.54,259.68,319.23,1695,2100,4,SwPowerCap
2026-06-02 07:38:43.370500,185.262,59.80,255.68,315.48,1710,2100,4,SwPowerCap
2026-06-02 07:38:43.528028,185.421,59.51,253.61,313.13,1695,2100,4,SwPowerCap
2026-06-02 07:38:43.684584,185.578,59.45,256.70,316.15,1680,2100,4,SwPowerCap
2026-06-02 07:38:43.840389,185.735,59.49,252.82,312.30,1695,2100,4,SwPowerCap
2026-06-02 07:38:43.997371,185.891,59.25,256.69,315.94,1695,2100,4,SwPowerCap
2026-06-02 07:38:44.153165,186.048,59.48,256.03,315.51,1695,2100,4,SwPowerCap
2026-06-02 07:38:44.308825,186.203,60.08,255.33,315.42,1695,2100,4,SwPowerCap
2026-06-02 07:38:44.464646,186.359,59.66,254.55,314.21,1695,2100,4,SwPowerCap
2026-06-02 07:38:44.620437,186.515,59.23,256.62,315.85,1695,2100,4,SwPowerCap
2026-06-02 07:38:44.783234,186.671,59.45,256.60,316.05,1695,2100,4,SwPowerCap
2026-06-02 07:38:44.944610,186.834,60.01,255.71,315.72,1680,2100,4,SwPowerCap
2026-06-02 07:38:45.104794,186.995,59.58,255.11,314.70,1710,2100,4,SwPowerCap
2026-06-02 07:38:45.263052,187.155,64.00,255.17,319.17,1680,2100,4,SwPowerCap
2026-06-02 07:38:45.419271,187.313,59.85,252.70,312.55,1695,2100,4,SwPowerCap
2026-06-02 07:38:45.574801,187.470,58.96,254.97,313.93,1695,2100,4,SwPowerCap
2026-06-02 07:38:45.730520,187.625,59.06,255.99,315.04,1695,2100,4,SwPowerCap
2026-06-02 07:38:45.886746,187.781,59.97,255.54,315.51,1695,2100,4,SwPowerCap
2026-06-02 07:38:46.044625,187.937,59.12,257.62,316.74,1695,2100,4,SwPowerCap
2026-06-02 07:38:46.201147,188.095,59.34,256.29,315.63,1710,2100,4,SwPowerCap
2026-06-02 07:38:46.356837,188.251,59.20,256.12,315.31,1695,2100,4,SwPowerCap
2026-06-02 07:38:46.519015,188.407,59.50,256.91,316.41,1695,2100,4,SwPowerCap
2026-06-02 07:38:46.679813,188.569,59.65,256.88,316.53,1695,2100,4,SwPowerCap
2026-06-02 07:38:46.835836,188.730,60.96,257.35,318.30,1680,2100,4,SwPowerCap
2026-06-02 07:38:46.991119,188.886,59.29,251.19,310.48,1695,2100,4,SwPowerCap
2026-06-02 07:38:47.146076,189.041,60.04,256.95,316.99,1695,2100,4,SwPowerCap
2026-06-02 07:38:47.302714,189.196,59.58,253.47,313.06,1695,2100,4,SwPowerCap
2026-06-02 07:38:47.461662,189.353,60.54,255.59,316.13,1695,2100,4,SwPowerCap
2026-06-02 07:38:47.617604,189.512,59.03,257.80,316.83,1710,2100,4,SwPowerCap
2026-06-02 07:38:47.773258,189.668,57.11,251.87,308.97,1680,2100,4,SwPowerCap
2026-06-02 07:38:47.928507,189.824,59.10,257.19,316.29,1695,2100,4,SwPowerCap
2026-06-02 07:38:48.085111,189.979,59.08,257.92,317.00,1710,2100,4,SwPowerCap
2026-06-02 07:38:48.241092,190.135,59.16,256.31,315.47,1695,2100,4,SwPowerCap
2026-06-02 07:38:48.396957,190.291,59.45,253.12,312.57,1710,2100,4,SwPowerCap
2026-06-02 07:38:48.552058,190.447,59.22,255.78,315.00,1710,2100,4,SwPowerCap
2026-06-02 07:38:48.707725,190.602,59.39,257.53,316.91,1695,2100,4,SwPowerCap
2026-06-02 07:38:48.863455,190.758,58.91,254.22,313.12,1695,2100,4,SwPowerCap
2026-06-02 07:38:49.020493,190.914,59.09,255.77,314.86,1695,2100,4,SwPowerCap
2026-06-02 07:38:49.177460,191.071,59.11,257.50,316.60,1695,2100,4,SwPowerCap
2026-06-02 07:38:49.332974,191.228,59.11,256.01,315.13,1695,2100,4,SwPowerCap
2026-06-02 07:38:49.488414,191.383,60.13,257.38,317.51,1695,2100,4,SwPowerCap
2026-06-02 07:38:49.644026,191.539,59.37,255.97,315.34,1695,2100,4,SwPowerCap
2026-06-02 07:38:49.806989,191.694,60.18,255.37,315.55,1710,2100,4,SwPowerCap
2026-06-02 07:38:49.965135,191.857,59.49,254.36,313.85,1695,2100,4,SwPowerCap
2026-06-02 07:38:50.120914,192.015,59.21,256.05,315.26,1695,2100,4,SwPowerCap
2026-06-02 07:38:50.276473,192.171,59.30,255.15,314.45,1695,2100,4,SwPowerCap
2026-06-02 07:38:50.434175,192.327,59.53,256.24,315.77,1710,2100,4,SwPowerCap
2026-06-02 07:38:50.591521,192.484,59.46,257.88,317.35,1680,2100,4,SwPowerCap
2026-06-02 07:38:50.749463,192.642,59.22,254.61,313.83,1695,2100,4,SwPowerCap
2026-06-02 07:38:50.905026,192.800,59.07,255.07,314.13,1695,2100,4,SwPowerCap
2026-06-02 07:38:51.060393,192.955,59.15,254.93,314.09,1680,2100,4,SwPowerCap
2026-06-02 07:38:51.220857,193.111,58.99,254.25,313.24,1695,2100,4,SwPowerCap
2026-06-02 07:38:51.381562,193.271,59.53,256.21,315.74,1695,2100,4,SwPowerCap
2026-06-02 07:38:51.540163,193.432,59.23,256.18,315.41,1695,2100,4,SwPowerCap
2026-06-02 07:38:51.700236,193.590,59.55,256.31,315.86,1695,2100,4,SwPowerCap
2026-06-02 07:38:51.855847,193.750,59.49,254.65,314.14,1710,2100,4,SwPowerCap
2026-06-02 07:38:52.012100,193.906,58.89,254.56,313.45,1695,2100,4,SwPowerCap
2026-06-02 07:38:52.166750,194.062,59.73,254.20,313.94,1695,2100,4,SwPowerCap
2026-06-02 07:38:52.322577,194.217,58.61,252.32,310.93,1695,2100,4,SwPowerCap
2026-06-02 07:38:52.478164,194.373,60.65,256.94,317.59,1680,2100,4,SwPowerCap
2026-06-02 07:38:52.634979,194.528,58.62,255.47,314.09,1695,2100,4,SwPowerCap
2026-06-02 07:38:52.790977,194.685,59.45,255.88,315.33,1695,2100,4,SwPowerCap
2026-06-02 07:38:52.946250,194.841,59.30,257.03,316.33,1695,2100,4,SwPowerCap
2026-06-02 07:38:53.102103,194.997,58.92,257.84,316.77,1695,2100,4,SwPowerCap
2026-06-02 07:38:53.260801,195.152,59.25,253.87,313.11,1710,2100,4,SwPowerCap
2026-06-02 07:38:53.416592,195.311,59.55,254.15,313.71,1695,2100,4,SwPowerCap
2026-06-02 07:38:53.572041,195.467,59.29,255.42,314.72,1695,2100,4,SwPowerCap
2026-06-02 07:38:53.728043,195.622,59.16,253.14,312.30,1695,2100,4,SwPowerCap
2026-06-02 07:38:53.884088,195.778,59.40,258.86,318.26,1710,2100,4,SwPowerCap
2026-06-02 07:38:54.039561,195.934,59.05,258.08,317.13,1695,2100,4,SwPowerCap
2026-06-02 07:38:54.195039,196.090,58.91,256.40,315.31,1695,2100,4,SwPowerCap
2026-06-02 07:38:54.350396,196.245,59.22,257.59,316.81,1695,2100,4,SwPowerCap
2026-06-02 07:38:54.508263,196.401,59.68,258.71,318.38,1680,2100,4,SwPowerCap
2026-06-02 07:38:54.666130,196.559,58.98,253.04,312.02,1695,2100,4,SwPowerCap
2026-06-02 07:38:54.825088,196.716,59.23,258.14,317.37,1695,2100,4,SwPowerCap
2026-06-02 07:38:54.981184,196.875,59.49,257.16,316.65,1695,2100,4,SwPowerCap
2026-06-02 07:38:55.136897,197.031,59.51,253.89,313.40,1710,2100,4,SwPowerCap
2026-06-02 07:38:55.292642,197.187,59.72,259.96,319.68,1695,2100,4,SwPowerCap
2026-06-02 07:38:55.448569,197.343,59.67,256.36,316.03,1695,2100,4,SwPowerCap
2026-06-02 07:38:55.604530,197.499,59.83,257.89,317.72,1695,2100,4,SwPowerCap
2026-06-02 07:38:55.759990,197.655,58.92,255.49,314.41,1680,2100,4,SwPowerCap
2026-06-02 07:38:55.917631,197.810,59.40,260.40,319.79,1680,2100,4,SwPowerCap
2026-06-02 07:38:56.074174,197.968,59.09,256.07,315.16,1695,2100,4,SwPowerCap
2026-06-02 07:38:56.230356,198.124,58.73,256.30,315.03,1695,2100,4,SwPowerCap
2026-06-02 07:38:56.388552,198.281,59.32,256.44,315.77,1695,2100,4,SwPowerCap
2026-06-02 07:38:56.548931,198.439,59.58,255.94,315.52,1695,2100,4,SwPowerCap
2026-06-02 07:38:56.704691,198.599,59.06,257.79,316.85,1695,2100,4,SwPowerCap
2026-06-02 07:38:56.860986,198.755,58.95,256.46,315.41,1710,2100,4,SwPowerCap
2026-06-02 07:38:57.016583,198.911,59.43,259.45,318.88,1695,2100,4,SwPowerCap
2026-06-02 07:38:57.172814,199.067,59.16,254.30,313.46,1695,2100,4,SwPowerCap
2026-06-02 07:38:57.333408,199.223,59.29,253.14,312.43,1695,2100,4,SwPowerCap
2026-06-02 07:38:57.491654,199.384,59.60,257.99,317.59,1680,2100,4,SwPowerCap
2026-06-02 07:38:57.654399,199.542,59.23,256.53,315.76,1680,2100,4,SwPowerCap
2026-06-02 07:38:57.819041,199.705,58.54,255.38,313.91,1680,2100,4,SwPowerCap
2026-06-02 07:38:57.978470,199.869,59.36,256.04,315.40,1680,2100,4,SwPowerCap
2026-06-02 07:38:58.139915,200.029,59.34,259.39,318.73,1680,2100,4,SwPowerCap
2026-06-02 07:38:58.301434,200.190,59.52,253.16,312.68,1695,2100,4,SwPowerCap
2026-06-02 07:38:58.462029,200.352,59.58,252.14,311.72,1695,2100,4,SwPowerCap
2026-06-02 07:38:58.619318,200.512,59.20,255.15,314.35,1695,2100,4,SwPowerCap
2026-06-02 07:38:58.774815,200.670,59.36,257.64,317.00,1695,2100,4,SwPowerCap
2026-06-02 07:38:58.930900,200.825,59.34,259.07,318.41,1710,2100,4,SwPowerCap
2026-06-02 07:38:59.087789,200.981,59.22,256.53,315.75,1680,2100,4,SwPowerCap
2026-06-02 07:38:59.245376,201.138,59.47,256.24,315.71,1695,2100,4,SwPowerCap
2026-06-02 07:38:59.401562,201.296,59.03,257.43,316.47,1695,2100,4,SwPowerCap
2026-06-02 07:38:59.557653,201.452,58.79,258.12,316.92,1680,2100,4,SwPowerCap
2026-06-02 07:38:59.713371,201.608,59.20,253.01,312.21,1695,2100,4,SwPowerCap
2026-06-02 07:38:59.880030,201.764,59.00,255.38,314.37,1695,2100,4,SwPowerCap
2026-06-02 07:39:00.036995,201.930,59.32,258.26,317.58,1695,2100,4,SwPowerCap
2026-06-02 07:39:00.196229,202.087,59.47,257.09,316.56,1680,2100,4,SwPowerCap
2026-06-02 07:39:00.353190,202.247,59.31,253.20,312.52,1695,2100,4,SwPowerCap
2026-06-02 07:39:00.508794,202.403,59.95,258.07,318.02,1695,2100,4,SwPowerCap
2026-06-02 07:39:00.664632,202.559,59.34,256.69,316.03,1695,2100,4,SwPowerCap
2026-06-02 07:39:00.820553,202.715,59.70,254.04,313.75,1695,2100,4,SwPowerCap
2026-06-02 07:39:00.978384,202.871,59.40,255.15,314.56,1680,2100,4,SwPowerCap
2026-06-02 07:39:01.134215,203.029,59.41,254.94,314.36,1695,2100,4,SwPowerCap
2026-06-02 07:39:01.289680,203.184,58.94,256.29,315.23,1695,2100,4,SwPowerCap
2026-06-02 07:39:01.449791,203.340,59.73,257.32,317.06,1695,2100,4,SwPowerCap
2026-06-02 07:39:01.606788,203.500,59.27,253.28,312.55,1680,2100,4,SwPowerCap
2026-06-02 07:39:01.763549,203.657,59.35,250.90,310.24,1680,2100,4,SwPowerCap
2026-06-02 07:39:01.919546,203.814,59.56,257.72,317.28,1605,2100,4,SwPowerCap
2026-06-02 07:39:02.077421,203.970,59.39,249.39,308.78,1725,2100,4,SwPowerCap
2026-06-02 07:39:02.236139,204.128,59.58,247.57,307.15,1815,2100,4,SwPowerCap
2026-06-02 07:39:02.397919,204.286,59.80,196.91,256.71,1800,2100,4,SwPowerCap
2026-06-02 07:39:02.553873,204.448,59.93,283.96,343.89,1695,2100,4,SwPowerCap
2026-06-02 07:39:02.712313,204.604,59.61,255.76,315.37,1695,2100,4,SwPowerCap
2026-06-02 07:39:02.868980,204.763,59.97,255.91,315.88,1695,2100,4,SwPowerCap
2026-06-02 07:39:03.024895,204.919,59.68,253.88,313.57,1695,2100,4,SwPowerCap
2026-06-02 07:39:03.180298,205.075,59.53,257.14,316.67,1695,2100,4,SwPowerCap
2026-06-02 07:39:03.335954,205.230,59.19,256.84,316.03,1680,2100,4,SwPowerCap
2026-06-02 07:39:03.491694,205.386,59.92,256.29,316.21,1695,2100,4,SwPowerCap
2026-06-02 07:39:03.647095,205.542,59.46,256.10,315.56,1680,2100,4,SwPowerCap
2026-06-02 07:39:03.809447,205.697,58.84,256.62,315.45,1710,2100,4,SwPowerCap
2026-06-02 07:39:03.970572,205.860,59.06,256.42,315.48,1695,2100,4,SwPowerCap
2026-06-02 07:39:04.128197,206.021,59.72,253.77,313.49,1695,2100,4,SwPowerCap
2026-06-02 07:39:04.284021,206.178,59.41,256.98,316.39,1695,2100,4,SwPowerCap
2026-06-02 07:39:04.440178,206.334,59.42,253.33,312.75,1695,2100,4,SwPowerCap
2026-06-02 07:39:04.595846,206.490,59.35,255.37,314.72,1680,2100,4,SwPowerCap
2026-06-02 07:39:04.754825,206.646,59.39,252.87,312.25,1695,2100,4,SwPowerCap
2026-06-02 07:39:04.911973,206.805,58.66,255.10,313.76,1695,2100,4,SwPowerCap
2026-06-02 07:39:05.067263,206.962,59.08,256.67,315.75,1695,2100,4,SwPowerCap
2026-06-02 07:39:05.223082,207.118,59.39,259.23,318.63,1710,2100,4,SwPowerCap
2026-06-02 07:39:05.380843,207.273,59.07,254.66,313.73,1695,2100,4,SwPowerCap
2026-06-02 07:39:05.538738,207.431,60.64,256.00,316.63,1695,2100,4,SwPowerCap
2026-06-02 07:39:05.694553,207.589,59.86,257.29,317.15,1680,2100,4,SwPowerCap
2026-06-02 07:39:05.849864,207.745,59.56,253.53,313.09,1695,2100,4,SwPowerCap
2026-06-02 07:39:06.005502,207.900,59.33,252.17,311.50,1695,2100,4,SwPowerCap
2026-06-02 07:39:06.161442,208.056,59.26,254.30,313.56,1695,2100,4,SwPowerCap
2026-06-02 07:39:06.317098,208.212,59.56,254.38,313.93,1695,2100,4,SwPowerCap
2026-06-02 07:39:06.472982,208.367,59.96,254.47,314.43,1695,2100,4,SwPowerCap
2026-06-02 07:39:06.634731,208.523,58.94,255.22,314.17,1710,2100,4,SwPowerCap
2026-06-02 07:39:06.795764,208.685,59.40,255.41,314.81,1680,2100,4,SwPowerCap
2026-06-02 07:39:06.954807,208.846,57.22,256.97,314.19,1620,2100,4,SwPowerCap
2026-06-02 07:39:07.110996,209.005,58.82,257.36,316.18,1695,2100,4,SwPowerCap
2026-06-02 07:39:07.266285,209.161,59.65,254.83,314.48,1695,2100,4,SwPowerCap
2026-06-02 07:39:07.421529,209.317,59.51,255.79,315.29,1680,2100,4,SwPowerCap
2026-06-02 07:39:07.583377,209.472,60.05,252.56,312.61,1710,2100,4,SwPowerCap
2026-06-02 07:39:07.740209,209.634,59.59,256.04,315.63,1710,2100,4,SwPowerCap
2026-06-02 07:39:07.896579,209.790,59.37,260.09,319.46,1680,2100,4,SwPowerCap
2026-06-02 07:39:08.052587,209.947,59.51,256.92,316.43,1695,2100,4,SwPowerCap
2026-06-02 07:39:08.210725,210.103,59.27,254.31,313.58,1695,2100,4,SwPowerCap
2026-06-02 07:39:08.366767,210.261,59.84,254.53,314.37,1695,2100,4,SwPowerCap
2026-06-02 07:39:08.523018,210.417,61.13,256.48,317.60,1695,2100,4,SwPowerCap
2026-06-02 07:39:08.679236,210.573,59.58,252.95,312.53,1695,2100,4,SwPowerCap
2026-06-02 07:39:08.835040,210.729,59.15,254.96,314.11,1680,2100,4,SwPowerCap
2026-06-02 07:39:08.996222,210.885,59.74,253.69,313.42,1695,2100,4,SwPowerCap
2026-06-02 07:39:09.152616,211.047,59.43,259.21,318.64,1695,2100,4,SwPowerCap
2026-06-02 07:39:09.308669,211.203,59.61,259.05,318.66,1695,2100,4,SwPowerCap
2026-06-02 07:39:09.464231,211.359,59.06,258.38,317.43,1710,2100,4,SwPowerCap
2026-06-02 07:39:09.621403,211.514,59.63,255.61,315.24,1695,2100,4,SwPowerCap
2026-06-02 07:39:09.783186,211.672,59.10,255.80,314.90,1695,2100,4,SwPowerCap
2026-06-02 07:39:09.940712,211.833,59.39,254.68,314.07,1680,2100,4,SwPowerCap
2026-06-02 07:39:10.096877,211.991,59.76,255.35,315.11,1695,2100,4,SwPowerCap
2026-06-02 07:39:10.252231,212.147,58.99,252.45,311.44,1695,2100,4,SwPowerCap
2026-06-02 07:39:10.407681,212.302,59.20,254.84,314.04,1695,2100,4,SwPowerCap
2026-06-02 07:39:10.572410,212.458,59.99,256.32,316.32,1680,2100,4,SwPowerCap
2026-06-02 07:39:10.730162,212.623,59.42,254.29,313.70,1695,2100,4,SwPowerCap
2026-06-02 07:39:10.889211,212.780,59.39,255.24,314.63,1695,2100,4,SwPowerCap
2026-06-02 07:39:11.045002,212.939,59.71,254.46,314.17,1680,2100,4,SwPowerCap
2026-06-02 07:39:11.200943,213.095,59.79,253.79,313.58,1695,2100,4,SwPowerCap
2026-06-02 07:39:11.356914,213.251,59.55,256.72,316.27,1695,2100,4,SwPowerCap
2026-06-02 07:39:11.514026,213.407,60.46,258.88,319.34,1680,2100,4,SwPowerCap
2026-06-02 07:39:11.669740,213.564,59.46,257.44,316.90,1695,2100,4,SwPowerCap
2026-06-02 07:39:11.824988,213.720,60.17,257.56,317.73,1695,2100,4,SwPowerCap
2026-06-02 07:39:11.980991,213.875,59.34,254.74,314.08,1695,2100,4,SwPowerCap
2026-06-02 07:39:12.137671,214.031,59.41,254.54,313.95,1695,2100,4,SwPowerCap
2026-06-02 07:39:12.297073,214.188,59.25,253.27,312.53,1695,2100,4,SwPowerCap
2026-06-02 07:39:12.452614,214.347,58.47,254.08,312.56,1680,2100,4,SwPowerCap
2026-06-02 07:39:12.608146,214.503,60.41,254.54,314.95,1695,2100,4,SwPowerCap
2026-06-02 07:39:12.765042,214.658,59.26,255.98,315.24,1695,2100,4,SwPowerCap
2026-06-02 07:39:12.921130,214.815,59.18,258.32,317.51,1680,2100,4,SwPowerCap
2026-06-02 07:39:13.076848,214.971,59.27,255.18,314.44,1695,2100,4,SwPowerCap
2026-06-02 07:39:13.232648,215.127,59.94,254.69,314.64,1680,2100,4,SwPowerCap
2026-06-02 07:39:13.398202,215.283,59.97,253.97,313.93,1695,2100,4,SwPowerCap
2026-06-02 07:39:13.554815,215.448,69.07,255.29,324.36,1680,2100,4,SwPowerCap
2026-06-02 07:39:13.717069,215.605,59.43,256.73,316.16,1695,2100,4,SwPowerCap
2026-06-02 07:39:13.872991,215.767,59.11,257.31,316.42,1695,2100,4,SwPowerCap
2026-06-02 07:39:14.029143,215.923,59.48,257.69,317.18,1695,2100,4,SwPowerCap
2026-06-02 07:39:14.186165,216.079,59.63,257.95,317.57,1695,2100,4,SwPowerCap
2026-06-02 07:39:14.342103,216.236,59.06,254.92,313.98,1695,2100,4,SwPowerCap
2026-06-02 07:39:14.502652,216.392,59.69,255.60,315.29,1680,2100,4,SwPowerCap
2026-06-02 07:39:14.664847,216.553,59.43,255.51,314.94,1695,2100,4,SwPowerCap
2026-06-02 07:39:14.829783,216.715,59.11,256.38,315.49,1680,2100,4,SwPowerCap
2026-06-02 07:39:14.985461,216.880,59.53,253.65,313.18,1695,2100,4,SwPowerCap
2026-06-02 07:39:15.141886,217.036,58.87,259.64,318.50,1695,2100,4,SwPowerCap
2026-06-02 07:39:15.297320,217.192,58.84,257.56,316.41,1695,2100,4,SwPowerCap
2026-06-02 07:39:15.452692,217.348,59.31,255.31,314.62,1695,2100,4,SwPowerCap
2026-06-02 07:39:15.610861,217.503,59.04,256.45,315.49,1680,2100,4,SwPowerCap
2026-06-02 07:39:15.767367,217.661,59.44,254.42,313.86,1695,2100,4,SwPowerCap
2026-06-02 07:39:15.923531,217.818,59.16,254.68,313.84,1695,2100,4,SwPowerCap
2026-06-02 07:39:16.080401,217.974,59.40,254.62,314.02,1695,2100,4,SwPowerCap
2026-06-02 07:39:16.239454,218.131,59.36,255.58,314.94,1680,2100,4,SwPowerCap
2026-06-02 07:39:16.396264,218.290,59.22,255.76,314.98,1695,2100,4,SwPowerCap
2026-06-02 07:39:16.552016,218.447,61.18,255.84,317.02,1695,2100,4,SwPowerCap
2026-06-02 07:39:16.706608,218.602,58.77,254.65,313.42,1695,2100,4,SwPowerCap
2026-06-02 07:39:16.865700,218.757,59.30,256.19,315.49,1695,2100,4,SwPowerCap
2026-06-02 07:39:17.030874,218.916,59.14,256.12,315.27,1695,2100,4,SwPowerCap
2026-06-02 07:39:17.190220,219.081,59.35,257.69,317.04,1680,2100,4,SwPowerCap
2026-06-02 07:39:17.345788,219.241,59.13,254.67,313.80,1695,2100,4,SwPowerCap
2026-06-02 07:39:17.501613,219.396,59.87,253.58,313.45,1695,2100,4,SwPowerCap
2026-06-02 07:39:17.657290,219.552,59.01,256.22,315.23,1695,2100,4,SwPowerCap
2026-06-02 07:39:17.812971,219.708,59.50,259.58,319.08,1695,2100,4,SwPowerCap
2026-06-02 07:39:17.970996,219.863,59.46,253.77,313.23,1695,2100,4,SwPowerCap
2026-06-02 07:39:18.126572,220.021,59.14,254.05,313.19,1695,2100,4,SwPowerCap
2026-06-02 07:39:18.283010,220.177,58.83,255.89,314.71,1695,2100,4,SwPowerCap
2026-06-02 07:39:18.440221,220.333,59.22,257.49,316.71,1680,2100,4,SwPowerCap
2026-06-02 07:39:18.599103,220.491,59.73,254.59,314.32,1695,2100,4,SwPowerCap
2026-06-02 07:39:18.758500,220.649,58.94,253.84,312.77,1695,2100,4,SwPowerCap
2026-06-02 07:39:18.915154,220.809,59.40,256.23,315.63,1680,2100,4,SwPowerCap
2026-06-02 07:39:19.071149,220.965,59.25,255.13,314.38,1695,2100,4,SwPowerCap
2026-06-02 07:39:19.226303,221.121,59.28,254.87,314.15,1680,2100,4,SwPowerCap
2026-06-02 07:39:19.386941,221.276,59.38,257.62,317.00,1695,2100,4,SwPowerCap
2026-06-02 07:39:19.544324,221.437,60.19,257.88,318.08,1695,2100,4,SwPowerCap
2026-06-02 07:39:19.700176,221.595,58.73,256.67,315.40,1695,2100,4,SwPowerCap
2026-06-02 07:39:19.856571,221.751,59.11,257.26,316.37,1695,2100,4,SwPowerCap
2026-06-02 07:39:20.016163,221.907,59.37,254.59,313.96,1695,2100,4,SwPowerCap
2026-06-02 07:39:20.172002,222.066,59.13,253.61,312.74,1695,2100,4,SwPowerCap
2026-06-02 07:39:20.334583,222.222,59.44,255.93,315.37,1680,2100,4,SwPowerCap
2026-06-02 07:39:20.496364,222.385,59.02,255.17,314.19,1680,2100,4,SwPowerCap
2026-06-02 07:39:20.656458,222.547,58.09,254.62,312.71,1695,2100,4,SwPowerCap
2026-06-02 07:39:20.813808,222.707,59.25,258.74,317.98,1695,2100,4,SwPowerCap
2026-06-02 07:39:20.971622,222.864,59.78,256.09,315.87,1695,2100,4,SwPowerCap
2026-06-02 07:39:21.127965,223.022,59.03,254.01,313.03,1695,2100,4,SwPowerCap
2026-06-02 07:39:21.285146,223.178,58.88,255.57,314.45,1695,2100,4,SwPowerCap
2026-06-02 07:39:21.445239,223.335,59.21,253.15,312.36,1680,2100,4,SwPowerCap
2026-06-02 07:39:21.602514,223.496,60.10,253.06,313.16,1695,2100,4,SwPowerCap
2026-06-02 07:39:21.758131,223.653,59.58,257.11,316.68,1695,2100,4,SwPowerCap
2026-06-02 07:39:21.915207,223.808,58.95,254.48,313.44,1695,2100,4,SwPowerCap
2026-06-02 07:39:22.070900,223.965,59.27,258.07,317.34,1695,2100,4,SwPowerCap
2026-06-02 07:39:22.233323,224.121,59.12,255.87,315.00,1770,2100,4,SwPowerCap
2026-06-02 07:39:22.392074,224.284,59.03,263.58,322.61,1695,2100,4,SwPowerCap
2026-06-02 07:39:22.548906,224.442,60.07,244.91,304.97,1695,2100,4,SwPowerCap
2026-06-02 07:39:22.704884,224.599,60.61,249.41,310.03,1845,2100,4,SwPowerCap
2026-06-02 07:39:22.861296,224.755,63.01,209.66,272.67,1815,2100,4,SwPowerCap
2026-06-02 07:39:23.017002,224.912,63.62,274.26,337.87,1695,2100,4,SwPowerCap
2026-06-02 07:39:23.172906,225.067,63.18,255.33,318.51,1695,2100,4,SwPowerCap
2026-06-02 07:39:23.328450,225.223,63.69,256.00,319.69,1680,2100,4,SwPowerCap
2026-06-02 07:39:23.483978,225.379,64.08,256.49,320.56,1695,2100,4,SwPowerCap
2026-06-02 07:39:23.641344,225.534,63.67,252.27,315.94,1695,2100,4,SwPowerCap
2026-06-02 07:39:23.798320,225.692,63.63,254.27,317.89,1695,2100,4,SwPowerCap
2026-06-02 07:39:23.955255,225.849,63.91,254.37,318.28,1695,2100,4,SwPowerCap
2026-06-02 07:39:24.111008,226.005,63.36,254.89,318.25,1695,2100,4,SwPowerCap
2026-06-02 07:39:24.273745,226.161,63.49,253.45,316.93,1710,2100,4,SwPowerCap
2026-06-02 07:39:24.435060,226.324,64.18,259.38,323.56,1680,2100,4,SwPowerCap
2026-06-02 07:39:24.597867,226.485,64.66,254.47,319.12,1695,2100,4,SwPowerCap
2026-06-02 07:39:24.759957,226.648,64.26,254.08,318.34,1695,2100,4,SwPowerCap
2026-06-02 07:39:24.920602,226.810,63.48,256.24,319.72,1680,2100,4,SwPowerCap
2026-06-02 07:39:25.082196,226.971,63.43,254.07,317.50,1695,2100,4,SwPowerCap
2026-06-02 07:39:25.238664,227.132,63.30,255.67,318.97,1695,2100,4,SwPowerCap
2026-06-02 07:39:25.393895,227.289,61.95,256.54,318.49,1695,2100,4,SwPowerCap
2026-06-02 07:39:25.549656,227.444,64.01,257.78,321.78,1695,2100,4,SwPowerCap
2026-06-02 07:39:25.708026,227.600,63.88,255.16,319.04,1680,2100,4,SwPowerCap
2026-06-02 07:39:25.865970,227.758,63.42,254.11,317.54,1695,2100,4,SwPowerCap
2026-06-02 07:39:26.028948,227.916,63.56,254.49,318.05,1695,2100,4,SwPowerCap
2026-06-02 07:39:26.187237,228.079,59.07,260.93,320.00,1635,2100,4,SwPowerCap
2026-06-02 07:39:26.342454,228.238,63.29,246.72,310.01,1695,2100,4,SwPowerCap
2026-06-02 07:39:26.498196,228.393,63.35,257.88,321.24,1680,2100,4,SwPowerCap
2026-06-02 07:39:26.653464,228.548,63.66,254.70,318.36,1695,2100,4,SwPowerCap
2026-06-02 07:39:26.810625,228.704,62.90,254.44,317.34,1695,2100,4,SwPowerCap
2026-06-02 07:39:26.967333,228.861,64.02,255.68,319.71,1695,2100,4,SwPowerCap
2026-06-02 07:39:27.123004,229.018,63.44,253.43,316.87,1710,2100,4,SwPowerCap
2026-06-02 07:39:27.283567,229.173,62.86,256.47,319.33,1695,2100,4,SwPowerCap
2026-06-02 07:39:27.443383,229.334,63.26,254.98,318.23,1695,2100,4,SwPowerCap
2026-06-02 07:39:27.601574,229.494,61.88,255.11,316.99,1680,2100,4,SwPowerCap
2026-06-02 07:39:27.757699,229.652,59.18,257.74,316.91,1695,2100,4,SwPowerCap
2026-06-02 07:39:27.913224,229.808,59.67,251.86,311.54,1680,2100,4,SwPowerCap
2026-06-02 07:39:28.069087,229.964,59.13,254.12,313.26,1695,2100,4,SwPowerCap
2026-06-02 07:39:28.227114,230.119,58.85,257.93,316.78,1695,2100,4,SwPowerCap
2026-06-02 07:39:28.382522,230.277,60.33,253.06,313.39,1695,2100,4,SwPowerCap
2026-06-02 07:39:28.538944,230.433,59.50,255.39,314.88,1695,2100,4,SwPowerCap
2026-06-02 07:39:28.694139,230.589,59.21,252.97,312.18,1680,2100,4,SwPowerCap
2026-06-02 07:39:28.852814,230.744,59.22,255.88,315.10,1680,2100,4,SwPowerCap
2026-06-02 07:39:29.013025,230.903,59.61,253.84,313.45,1680,2100,4,SwPowerCap
2026-06-02 07:39:29.168866,231.063,60.07,257.38,317.44,1680,2100,4,SwPowerCap
2026-06-02 07:39:29.324847,231.219,59.08,254.67,313.74,1695,2100,4,SwPowerCap
2026-06-02 07:39:29.480981,231.375,58.79,254.72,313.51,1695,2100,4,SwPowerCap
2026-06-02 07:39:29.639117,231.531,59.89,255.26,315.15,1695,2100,4,SwPowerCap
2026-06-02 07:39:29.794833,231.689,58.88,258.74,317.63,1680,2100,4,SwPowerCap
2026-06-02 07:39:29.949550,231.845,58.84,254.99,313.83,1695,2100,4,SwPowerCap
2026-06-02 07:39:30.104654,232.000,59.19,254.29,313.47,1695,2100,4,SwPowerCap
2026-06-02 07:39:30.259448,232.155,59.06,255.37,314.42,1695,2100,4,SwPowerCap
2026-06-02 07:39:30.414678,232.310,58.82,256.78,315.60,1695,2100,4,SwPowerCap
2026-06-02 07:39:30.574698,232.465,59.63,255.67,315.30,1695,2100,4,SwPowerCap
2026-06-02 07:39:30.732213,232.625,60.12,254.37,314.48,1680,2100,4,SwPowerCap
2026-06-02 07:39:30.890653,232.782,59.22,254.69,313.91,1695,2100,4,SwPowerCap
2026-06-02 07:39:31.045920,232.941,58.18,255.88,314.06,1680,2100,4,SwPowerCap
2026-06-02 07:39:31.200993,233.096,59.16,255.32,314.48,1680,2100,4,SwPowerCap
2026-06-02 07:39:31.355789,233.251,59.45,257.94,317.40,1695,2100,4,SwPowerCap
2026-06-02 07:39:31.510242,233.406,59.05,259.25,318.29,1680,2100,4,SwPowerCap
2026-06-02 07:39:31.665239,233.560,58.77,254.96,313.73,1695,2100,4,SwPowerCap
2026-06-02 07:39:31.820491,233.716,59.44,254.68,314.11,1695,2100,4,SwPowerCap
2026-06-02 07:39:31.975829,233.871,59.49,256.76,316.25,1695,2100,4,SwPowerCap
2026-06-02 07:39:32.130930,234.026,59.02,254.48,313.50,1695,2100,4,SwPowerCap
2026-06-02 07:39:32.286877,234.181,60.35,254.81,315.15,1680,2100,4,SwPowerCap
2026-06-02 07:39:32.446511,234.337,59.39,255.63,315.02,1695,2100,4,SwPowerCap
2026-06-02 07:39:32.601538,234.497,59.65,256.30,315.95,1680,2100,4,SwPowerCap
2026-06-02 07:39:32.757155,234.652,58.84,255.25,314.09,1680,2100,4,SwPowerCap
2026-06-02 07:39:32.912654,234.807,59.48,254.97,314.45,1695,2100,4,SwPowerCap
2026-06-02 07:39:33.069419,234.963,58.71,257.03,315.74,1695,2100,4,SwPowerCap
2026-06-02 07:39:33.224418,235.120,59.43,255.22,314.65,1695,2100,4,SwPowerCap
2026-06-02 07:39:33.379451,235.275,59.69,256.62,316.31,1695,2100,4,SwPowerCap
2026-06-02 07:39:33.539940,235.430,59.18,256.31,315.49,1695,2100,4,SwPowerCap
2026-06-02 07:39:33.701811,235.590,59.69,256.90,316.60,1665,2100,4,SwPowerCap
2026-06-02 07:39:33.865834,235.752,59.06,255.78,314.83,1710,2100,4,SwPowerCap
2026-06-02 07:39:34.021519,235.916,59.18,259.27,318.45,1695,2100,4,SwPowerCap
2026-06-02 07:39:34.178105,236.072,59.33,256.61,315.94,1695,2100,4,SwPowerCap
2026-06-02 07:39:34.333999,236.228,58.87,253.35,312.22,1680,2100,4,SwPowerCap
2026-06-02 07:39:34.489671,236.384,59.58,253.59,313.17,1695,2100,4,SwPowerCap
2026-06-02 07:39:34.647084,236.540,59.40,256.21,315.61,1695,2100,4,SwPowerCap
2026-06-02 07:39:34.803709,236.697,59.35,254.27,313.62,1680,2100,4,SwPowerCap
2026-06-02 07:39:34.958662,236.854,59.11,254.57,313.68,1695,2100,4,SwPowerCap
2026-06-02 07:39:35.114226,237.009,58.99,258.31,317.30,1695,2100,4,SwPowerCap
2026-06-02 07:39:35.273664,237.165,60.64,257.14,317.78,1695,2100,4,SwPowerCap
2026-06-02 07:39:35.431923,237.324,59.11,254.04,313.15,1695,2100,4,SwPowerCap
2026-06-02 07:39:35.587573,237.482,59.36,256.58,315.93,1695,2100,4,SwPowerCap
2026-06-02 07:39:35.743253,237.638,58.80,257.07,315.88,1695,2100,4,SwPowerCap
2026-06-02 07:39:35.901379,237.793,59.54,255.84,315.38,1680,2100,4,SwPowerCap
2026-06-02 07:39:36.063964,237.952,59.38,255.81,315.19,1695,2100,4,SwPowerCap
2026-06-02 07:39:36.220430,238.114,59.40,255.94,315.34,1695,2100,4,SwPowerCap
2026-06-02 07:39:36.375852,238.271,59.53,257.07,316.60,1695,2100,4,SwPowerCap
2026-06-02 07:39:36.532239,238.426,59.57,257.07,316.64,1695,2100,4,SwPowerCap
2026-06-02 07:39:36.689202,238.582,59.65,258.40,318.06,1695,2100,4,SwPowerCap
2026-06-02 07:39:36.847195,238.739,59.36,253.76,313.12,1680,2100,4,SwPowerCap
2026-06-02 07:39:37.003412,238.897,59.44,255.79,315.22,1695,2100,4,SwPowerCap
2026-06-02 07:39:37.159253,239.054,59.09,254.49,313.58,1695,2100,4,SwPowerCap
2026-06-02 07:39:37.314937,239.209,59.53,256.27,315.80,1680,2100,4,SwPowerCap
2026-06-02 07:39:37.477047,239.365,59.64,253.91,313.56,1695,2100,4,SwPowerCap
2026-06-02 07:39:37.632777,239.527,59.71,256.36,316.07,1695,2100,4,SwPowerCap
2026-06-02 07:39:37.788565,239.683,59.70,253.80,313.50,1695,2100,4,SwPowerCap
2026-06-02 07:39:37.945519,239.839,59.28,259.12,318.41,1695,2100,4,SwPowerCap
2026-06-02 07:39:38.104523,239.996,59.18,254.46,313.64,1680,2100,4,SwPowerCap
2026-06-02 07:39:38.260313,240.155,63.01,252.41,315.43,1695,2100,4,SwPowerCap
2026-06-02 07:39:38.416908,240.311,58.96,256.74,315.70,1680,2100,4,SwPowerCap
2026-06-02 07:39:38.572395,240.467,59.43,255.33,314.76,1695,2100,4,SwPowerCap
2026-06-02 07:39:38.728073,240.623,59.05,253.81,312.87,1695,2100,4,SwPowerCap
2026-06-02 07:39:38.883828,240.778,59.68,256.20,315.88,1695,2100,4,SwPowerCap
2026-06-02 07:39:39.039309,240.934,59.31,255.84,315.14,1665,2100,4,SwPowerCap
2026-06-02 07:39:39.194670,241.090,59.59,254.78,314.37,1695,2100,4,SwPowerCap
2026-06-02 07:39:39.350762,241.245,61.19,254.12,315.30,1695,2100,4,SwPowerCap
2026-06-02 07:39:39.507745,241.401,59.70,256.44,316.14,1695,2100,4,SwPowerCap
2026-06-02 07:39:39.664288,241.558,59.28,255.52,314.80,1695,2100,4,SwPowerCap
2026-06-02 07:39:39.823341,241.715,59.12,256.96,316.09,1695,2100,4,SwPowerCap
2026-06-02 07:39:39.978324,241.874,60.75,255.14,315.89,1680,2100,4,SwPowerCap
2026-06-02 07:39:40.139768,242.029,59.40,255.35,314.75,1695,2100,4,SwPowerCap
2026-06-02 07:39:40.297953,242.190,67.15,254.79,321.95,1680,2100,4,SwPowerCap
2026-06-02 07:39:40.453809,242.348,58.87,255.76,314.63,1680,2100,4,SwPowerCap
2026-06-02 07:39:40.609481,242.504,59.51,254.65,314.17,1695,2100,4,SwPowerCap
2026-06-02 07:39:40.765109,242.660,59.46,253.89,313.35,1695,2100,4,SwPowerCap
2026-06-02 07:39:40.928899,242.815,58.98,255.82,314.79,1695,2100,4,SwPowerCap
2026-06-02 07:39:41.088928,242.979,61.97,256.86,318.83,1680,2100,4,SwPowerCap
2026-06-02 07:39:41.244976,243.139,61.03,256.17,317.20,1680,2100,4,SwPowerCap
2026-06-02 07:39:41.400450,243.295,60.08,253.28,313.37,1695,2100,4,SwPowerCap
2026-06-02 07:39:41.555842,243.451,60.64,258.15,318.79,1695,2100,4,SwPowerCap
2026-06-02 07:39:41.711516,243.606,59.89,256.44,316.34,1680,2100,4,SwPowerCap
2026-06-02 07:39:41.867590,243.762,59.27,254.86,314.13,1695,2100,4,SwPowerCap
2026-06-02 07:39:42.023309,243.918,59.78,253.99,313.77,1695,2100,4,SwPowerCap
2026-06-02 07:39:42.178312,244.074,59.57,255.97,315.54,1695,2100,4,SwPowerCap
2026-06-02 07:39:42.339121,244.229,59.47,255.90,315.37,1695,2100,4,SwPowerCap
2026-06-02 07:39:42.500685,244.389,58.73,256.20,314.93,1680,2100,4,SwPowerCap
2026-06-02 07:39:42.662023,244.551,59.15,257.23,316.37,1695,2100,4,SwPowerCap
2026-06-02 07:39:42.819507,244.713,59.74,252.81,312.55,1680,2100,4,SwPowerCap
2026-06-02 07:39:42.975635,244.870,59.48,254.23,313.71,1725,2100,4,SwPowerCap
2026-06-02 07:39:43.131474,245.026,58.95,247.07,306.02,1755,2100,4,SwPowerCap
2026-06-02 07:39:43.286859,245.182,64.56,224.03,288.59,1905,2100,4,SwPowerCap
2026-06-02 07:39:43.445027,245.337,59.06,284.93,343.99,1665,2100,4,SwPowerCap
2026-06-02 07:39:43.601111,245.495,59.07,254.29,313.36,1695,2100,4,SwPowerCap
2026-06-02 07:39:43.757347,245.651,59.65,256.19,315.85,1695,2100,4,SwPowerCap
2026-06-02 07:39:43.915379,245.808,59.50,252.63,312.13,1680,2100,4,SwPowerCap
2026-06-02 07:39:44.076479,245.966,59.47,256.72,316.19,1710,2100,4,SwPowerCap
2026-06-02 07:39:44.234576,246.127,59.47,257.34,316.80,1695,2100,4,SwPowerCap
2026-06-02 07:39:44.390295,246.285,60.46,256.00,316.46,1695,2100,4,SwPowerCap
2026-06-02 07:39:44.546173,246.441,58.78,254.35,313.13,1695,2100,4,SwPowerCap
2026-06-02 07:39:44.702027,246.596,58.76,257.79,316.55,1695,2100,4,SwPowerCap
2026-06-02 07:39:44.866995,246.752,59.22,254.27,313.50,1680,2100,4,SwPowerCap
2026-06-02 07:39:45.026414,246.917,59.59,254.29,313.88,1695,2100,4,SwPowerCap
2026-06-02 07:39:45.186803,247.077,59.57,257.30,316.87,1680,2100,4,SwPowerCap
2026-06-02 07:39:45.344937,247.237,59.32,253.10,312.42,1695,2100,4,SwPowerCap
2026-06-02 07:39:45.500363,247.395,58.31,256.52,314.83,1695,2100,4,SwPowerCap
2026-06-02 07:39:45.657112,247.551,58.95,254.64,313.59,1695,2100,4,SwPowerCap
2026-06-02 07:39:45.812959,247.707,59.64,254.13,313.76,1695,2100,4,SwPowerCap
2026-06-02 07:39:45.968026,247.863,59.34,258.13,317.48,1695,2100,4,SwPowerCap
2026-06-02 07:39:46.123418,248.018,59.56,257.19,316.74,1695,2100,4,SwPowerCap
2026-06-02 07:39:46.280817,248.174,59.67,255.19,314.86,1695,2100,4,SwPowerCap
2026-06-02 07:39:46.441544,248.331,59.32,258.18,317.49,1695,2100,4,SwPowerCap
2026-06-02 07:39:46.599184,248.492,59.21,256.65,315.86,1680,2100,4,SwPowerCap
2026-06-02 07:39:46.761359,248.649,59.44,253.74,313.18,1695,2100,4,SwPowerCap
2026-06-02 07:39:46.918437,248.812,59.32,256.35,315.67,1695,2100,4,SwPowerCap
2026-06-02 07:39:47.074322,248.969,58.83,257.16,315.99,1695,2100,4,SwPowerCap
2026-06-02 07:39:47.229745,249.125,59.27,254.79,314.06,1695,2100,4,SwPowerCap
2026-06-02 07:39:47.387815,249.280,59.30,253.29,312.59,1680,2100,4,SwPowerCap
2026-06-02 07:39:47.544663,249.438,59.48,256.99,316.47,1695,2100,4,SwPowerCap
2026-06-02 07:39:47.702342,249.595,60.15,257.04,317.19,1695,2100,4,SwPowerCap
2026-06-02 07:39:47.858296,249.753,59.20,257.75,316.94,1710,2100,4,SwPowerCap
2026-06-02 07:39:48.014617,249.909,59.14,257.52,316.66,1680,2100,4,SwPowerCap
2026-06-02 07:39:48.174509,250.065,59.53,255.34,314.88,1695,2100,4,SwPowerCap
2026-06-02 07:39:48.334654,250.225,59.80,256.76,316.56,1695,2100,4,SwPowerCap
2026-06-02 07:39:48.493222,250.385,60.80,255.64,316.44,1680,2100,4,SwPowerCap
2026-06-02 07:39:48.648731,250.543,59.41,254.57,313.98,1695,2100,4,SwPowerCap
2026-06-02 07:39:48.805109,250.699,59.49,254.95,314.44,1680,2100,4,SwPowerCap
2026-06-02 07:39:48.962404,250.855,59.37,256.70,316.07,1680,2100,4,SwPowerCap
2026-06-02 07:39:49.119654,251.013,59.18,253.05,312.23,1695,2100,4,SwPowerCap
2026-06-02 07:39:49.275206,251.170,58.97,255.59,314.56,1695,2100,4,SwPowerCap
2026-06-02 07:39:49.431417,251.325,59.26,252.25,311.51,1695,2100,4,SwPowerCap
2026-06-02 07:39:49.587203,251.482,62.23,255.61,317.84,1695,2100,4,SwPowerCap
2026-06-02 07:39:49.748587,251.637,58.81,257.56,316.36,1695,2100,4,SwPowerCap
2026-06-02 07:39:49.914364,251.799,59.62,257.17,316.79,1695,2100,4,SwPowerCap
2026-06-02 07:39:50.075049,251.965,59.67,255.92,315.59,1695,2100,4,SwPowerCap
2026-06-02 07:39:50.230764,252.125,59.12,257.32,316.44,1680,2100,4,SwPowerCap
2026-06-02 07:39:50.387462,252.281,59.37,253.34,312.71,1680,2100,4,SwPowerCap
2026-06-02 07:39:50.542942,252.438,60.32,256.02,316.34,1680,2100,4,SwPowerCap
2026-06-02 07:39:50.698319,252.593,59.10,254.07,313.18,1695,2100,4,SwPowerCap
2026-06-02 07:39:50.860890,252.749,59.08,253.47,312.55,1680,2100,4,SwPowerCap
2026-06-02 07:39:51.022365,252.911,59.12,253.76,312.88,1680,2100,4,SwPowerCap
2026-06-02 07:39:51.179449,253.073,59.24,255.90,315.14,1695,2100,4,SwPowerCap
2026-06-02 07:39:51.338755,253.230,59.82,258.65,318.48,1695,2100,4,SwPowerCap
2026-06-02 07:39:51.494542,253.389,59.35,254.01,313.37,1680,2100,4,SwPowerCap
2026-06-02 07:39:51.650349,253.545,64.08,256.65,320.73,1695,2100,4,SwPowerCap
2026-06-02 07:39:51.809920,253.701,59.63,254.28,313.92,1695,2100,4,SwPowerCap
2026-06-02 07:39:51.970938,253.860,59.60,256.61,316.21,1695,2100,4,SwPowerCap
2026-06-02 07:39:52.126992,254.021,58.84,253.51,312.34,1695,2100,4,SwPowerCap
2026-06-02 07:39:52.282030,254.177,59.07,255.67,314.74,1695,2100,4,SwPowerCap
2026-06-02 07:39:52.437056,254.332,58.82,258.37,317.19,1680,2100,4,SwPowerCap
2026-06-02 07:39:52.594732,254.487,58.85,254.67,313.52,1695,2100,4,SwPowerCap
2026-06-02 07:39:52.751401,254.645,59.57,257.49,317.06,1695,2100,4,SwPowerCap
2026-06-02 07:39:52.906532,254.802,59.53,255.64,315.17,1695,2100,4,SwPowerCap
2026-06-02 07:39:53.062381,254.957,61.27,256.27,317.54,1695,2100,4,SwPowerCap
2026-06-02 07:39:53.218016,255.113,59.70,256.43,316.13,1695,2100,4,SwPowerCap
2026-06-02 07:39:53.380853,255.268,60.11,257.63,317.73,1695,2100,4,SwPowerCap
2026-06-02 07:39:53.541942,255.431,59.41,252.38,311.79,1695,2100,4,SwPowerCap
2026-06-02 07:39:53.705135,255.592,59.08,258.64,317.72,1695,2100,4,SwPowerCap
2026-06-02 07:39:53.867665,255.755,59.23,258.00,317.23,1695,2100,4,SwPowerCap
2026-06-02 07:39:54.022664,255.918,60.34,254.34,314.68,1695,2100,4,SwPowerCap
2026-06-02 07:39:54.177678,256.073,59.46,254.28,313.74,1695,2100,4,SwPowerCap
2026-06-02 07:39:54.332931,256.228,59.87,256.05,315.91,1695,2100,4,SwPowerCap
2026-06-02 07:39:54.488350,256.383,58.88,254.33,313.21,1680,2100,4,SwPowerCap
2026-06-02 07:39:54.644910,256.539,58.70,255.34,314.04,1695,2100,4,SwPowerCap
2026-06-02 07:39:54.800659,256.695,59.96,254.52,314.48,1695,2100,4,SwPowerCap
2026-06-02 07:39:54.965403,256.851,59.65,257.31,316.96,1680,2100,4,SwPowerCap
2026-06-02 07:39:55.122745,257.016,59.64,255.99,315.63,1695,2100,4,SwPowerCap
2026-06-02 07:39:55.278408,257.173,59.30,255.78,315.08,1695,2100,4,SwPowerCap
2026-06-02 07:39:55.434505,257.329,59.44,255.31,314.75,1695,2100,4,SwPowerCap
2026-06-02 07:39:55.590240,257.485,59.44,255.05,314.49,1695,2100,4,SwPowerCap
2026-06-02 07:39:55.745831,257.640,59.57,254.77,314.34,1695,2100,4,SwPowerCap
2026-06-02 07:39:55.906304,257.796,59.06,255.98,315.04,1695,2100,4,SwPowerCap
2026-06-02 07:39:56.063694,257.957,59.10,257.53,316.63,1680,2100,4,SwPowerCap
2026-06-02 07:39:56.219531,258.114,59.05,252.79,311.84,1695,2100,4,SwPowerCap
2026-06-02 07:39:56.375465,258.270,59.64,257.97,317.60,1680,2100,4,SwPowerCap
2026-06-02 07:39:56.531681,258.426,59.42,254.31,313.74,1695,2100,4,SwPowerCap
2026-06-02 07:39:56.689658,258.582,59.40,255.16,314.56,1680,2100,4,SwPowerCap
2026-06-02 07:39:56.845372,258.740,59.12,253.48,312.61,1680,2100,4,SwPowerCap
2026-06-02 07:39:57.001241,258.896,59.78,255.85,315.63,1695,2100,4,SwPowerCap
2026-06-02 07:39:57.158750,259.052,58.73,254.33,313.06,1680,2100,4,SwPowerCap
2026-06-02 07:39:57.316762,259.209,59.32,254.62,313.94,1680,2100,4,SwPowerCap
2026-06-02 07:39:57.473793,259.367,59.12,256.98,316.11,1680,2100,4,SwPowerCap
2026-06-02 07:39:57.628999,259.524,59.06,252.83,311.89,1695,2100,4,SwPowerCap
2026-06-02 07:39:57.784812,259.679,59.77,254.75,314.52,1695,2100,4,SwPowerCap
2026-06-02 07:39:57.940253,259.835,59.40,257.95,317.35,1695,2100,4,SwPowerCap
2026-06-02 07:39:58.099563,259.990,59.12,257.64,316.76,1680,2100,4,SwPowerCap
2026-06-02 07:39:58.254987,260.150,59.55,255.33,314.88,1695,2100,4,SwPowerCap
2026-06-02 07:39:58.410085,260.305,59.65,256.81,316.46,1695,2100,4,SwPowerCap
2026-06-02 07:39:58.565593,260.460,59.37,256.37,315.74,1695,2100,4,SwPowerCap
2026-06-02 07:39:58.721402,260.616,59.89,256.70,316.59,1695,2100,4,SwPowerCap
2026-06-02 07:39:58.877475,260.772,59.94,255.73,315.67,1695,2100,4,SwPowerCap
2026-06-02 07:39:59.033235,260.928,60.27,255.86,316.13,1695,2100,4,SwPowerCap
2026-06-02 07:39:59.200011,261.084,58.81,258.61,317.42,1695,2100,4,SwPowerCap
2026-06-02 07:39:59.359731,261.250,58.81,255.63,314.44,1680,2100,4,SwPowerCap
2026-06-02 07:39:59.517024,261.410,59.18,258.62,317.79,1680,2100,4,SwPowerCap
2026-06-02 07:39:59.673100,261.567,58.94,255.00,313.94,1695,2100,4,SwPowerCap
2026-06-02 07:39:59.828442,261.723,59.49,255.68,315.17,1695,2100,4,SwPowerCap
2026-06-02 07:39:59.984458,261.879,60.30,256.90,317.20,1695,2100,4,SwPowerCap
2026-06-02 07:40:00.139958,262.035,59.24,255.33,314.58,1680,2100,4,SwPowerCap
2026-06-02 07:40:00.295710,262.190,59.05,255.67,314.72,1695,2100,4,SwPowerCap
2026-06-02 07:40:00.451082,262.346,59.28,257.48,316.76,1680,2100,4,SwPowerCap
2026-06-02 07:40:00.611681,262.501,58.35,252.29,310.63,1695,2100,4,SwPowerCap
2026-06-02 07:40:00.769963,262.662,60.02,253.93,313.95,1680,2100,4,SwPowerCap
2026-06-02 07:40:00.929254,262.820,59.17,255.21,314.38,1695,2100,4,SwPowerCap
2026-06-02 07:40:01.085626,262.980,59.23,258.81,318.03,1695,2100,4,SwPowerCap
2026-06-02 07:40:01.241436,263.136,59.66,257.55,317.21,1680,2100,4,SwPowerCap
2026-06-02 07:40:01.397320,263.292,59.07,253.53,312.60,1695,2100,4,SwPowerCap
2026-06-02 07:40:01.553265,263.448,59.36,257.47,316.83,1680,2100,4,SwPowerCap
2026-06-02 07:40:01.709155,263.604,59.34,259.04,318.38,1680,2100,4,SwPowerCap
2026-06-02 07:40:01.865153,263.759,58.95,255.39,314.33,1710,2100,4,SwPowerCap
2026-06-02 07:40:02.021167,263.915,59.23,254.86,314.09,1695,2100,4,SwPowerCap
2026-06-02 07:40:02.179022,264.071,59.53,256.41,315.94,1695,2100,4,SwPowerCap
2026-06-02 07:40:02.337235,264.229,59.42,257.36,316.77,1695,2100,4,SwPowerCap
2026-06-02 07:40:02.492603,264.388,59.55,258.51,318.07,1695,2100,4,SwPowerCap
2026-06-02 07:40:02.648151,264.543,58.97,254.00,312.98,1695,2100,4,SwPowerCap
2026-06-02 07:40:02.803856,264.698,59.91,257.21,317.12,1695,2100,4,SwPowerCap
2026-06-02 07:40:02.960691,264.854,59.35,254.57,313.93,1680,2100,4,SwPowerCap
2026-06-02 07:40:03.116142,265.011,59.17,253.72,312.89,1680,2100,4,SwPowerCap
2026-06-02 07:40:03.273761,265.166,59.42,248.89,308.31,1695,2100,4,SwPowerCap
2026-06-02 07:40:03.438405,265.324,60.09,252.97,313.06,1710,2100,4,SwPowerCap
2026-06-02 07:40:03.594971,265.489,59.63,249.02,308.65,1755,2100,4,SwPowerCap
2026-06-02 07:40:03.753163,265.645,65.41,225.53,290.94,1905,2100,4,SwPowerCap
2026-06-02 07:40:03.930566,265.803,58.10,186.85,244.95,1920,2100,0,None
2026-06-02 07:40:04.098419,265.981,58.66,230.52,289.18,1920,2100,0,None
2026-06-02 07:40:04.284194,266.149,58.37,191.31,249.68,1920,2100,0,None
2026-06-02 07:40:04.454308,266.334,59.09,230.33,289.42,1920,2100,0,None
2026-06-02 07:40:04.627223,266.505,58.26,232.63,290.89,1920,2100,0,None
2026-06-02 07:40:04.796240,266.677,58.83,233.36,292.20,1920,2100,0,None
2026-06-02 07:40:04.964820,266.846,58.28,232.63,290.91,1920,2100,0,None
2026-06-02 07:40:05.137663,267.015,58.63,233.00,291.63,1920,2100,0,None
2026-06-02 07:40:05.305947,267.188,58.75,233.32,292.08,1920,2100,0,None
2026-06-02 07:40:05.474349,267.356,58.52,233.43,291.96,1920,2100,0,None
2026-06-02 07:40:05.645718,267.525,58.60,231.46,290.06,1920,2100,0,None
2026-06-02 07:40:05.817177,267.696,59.26,232.71,291.96,1920,2100,0,None
2026-06-02 07:40:05.987480,267.867,59.07,231.42,290.49,1920,2100,0,None
2026-06-02 07:40:06.160739,268.038,59.11,232.22,291.34,1920,2100,0,None
2026-06-02 07:40:06.328985,268.211,58.45,232.94,291.39,1920,2100,0,None
2026-06-02 07:40:06.497425,268.379,58.37,231.53,289.91,1920,2100,0,None
2026-06-02 07:40:06.673574,268.548,59.26,231.37,290.63,1920,2100,0,None
2026-06-02 07:40:06.844791,268.724,59.71,232.65,292.36,1920,2100,0,None
2026-06-02 07:40:07.013284,268.895,59.23,231.38,290.61,1920,2100,0,None
2026-06-02 07:40:07.185946,269.064,58.72,232.55,291.27,1920,2100,0,None
2026-06-02 07:40:07.354742,269.236,59.09,232.68,291.77,1920,2100,0,None
2026-06-02 07:40:07.522757,269.405,59.19,232.11,291.30,1920,2100,0,None
2026-06-02 07:40:07.692901,269.573,58.29,232.82,291.11,1920,2100,0,None
2026-06-02 07:40:07.863693,269.743,59.35,232.51,291.86,1920,2100,0,None
2026-06-02 07:40:08.034033,269.914,58.47,231.50,289.97,1920,2100,0,None
2026-06-02 07:40:08.205373,270.084,59.13,233.18,292.31,1920,2100,0,None
2026-06-02 07:40:08.374089,270.256,59.37,232.20,291.57,1920,2100,0,None
2026-06-02 07:40:08.543210,270.424,59.05,230.86,289.91,1920,2100,0,None
2026-06-02 07:40:08.714332,270.593,58.48,232.79,291.26,1920,2100,0,None
2026-06-02 07:40:08.881846,270.765,58.50,232.01,290.51,1920,2100,0,None
2026-06-02 07:40:09.050256,270.932,58.54,184.27,242.81,1920,2100,0,None
2026-06-02 07:40:09.223182,271.101,58.95,232.54,291.49,1920,2100,0,None
2026-06-02 07:40:09.391067,271.273,58.76,230.92,289.68,1920,2100,0,None
2026-06-02 07:40:09.562517,271.441,58.33,232.68,291.00,1920,2100,0,None
2026-06-02 07:40:09.749409,271.613,58.66,232.05,290.71,1920,2100,0,None
2026-06-02 07:40:09.918128,271.800,58.52,231.45,289.97,1920,2100,0,None
2026-06-02 07:40:10.091650,271.968,58.43,233.16,291.59,1920,2100,0,None
2026-06-02 07:40:10.259435,272.142,58.58,231.29,289.88,1920,2100,0,None
2026-06-02 07:40:10.428656,272.310,59.17,230.44,289.62,1920,2100,0,None
2026-06-02 07:40:10.600422,272.479,58.69,232.07,290.75,1920,2100,0,None
2026-06-02 07:40:10.770097,272.651,59.26,231.79,291.05,1920,2100,0,None
2026-06-02 07:40:10.938874,272.820,59.69,230.62,290.31,1920,2100,0,None
2026-06-02 07:40:11.109969,272.989,58.44,231.56,290.00,1920,2100,0,None
2026-06-02 07:40:11.280882,273.160,58.63,232.24,290.87,1920,2100,0,None
2026-06-02 07:40:11.449251,273.331,58.32,231.27,289.58,1920,2100,0,None
2026-06-02 07:40:11.622496,273.500,58.66,232.00,290.66,1920,2100,0,None
2026-06-02 07:40:11.791203,273.673,59.96,231.03,290.98,1920,2100,0,None
2026-06-02 07:40:11.959549,273.841,58.93,230.42,289.35,1920,2100,0,None
2026-06-02 07:40:12.131765,274.010,58.77,230.49,289.26,1920,2100,0,None
2026-06-02 07:40:12.300778,274.182,58.89,231.78,290.66,1920,2100,0,None
2026-06-02 07:40:12.471156,274.351,58.78,230.98,289.75,1920,2100,0,None
2026-06-02 07:40:12.642174,274.521,58.74,231.24,289.98,1920,2100,0,None
2026-06-02 07:40:12.812432,274.692,59.51,231.65,291.15,1920,2100,0,None
2026-06-02 07:40:12.980594,274.863,58.79,229.89,288.68,1920,2100,0,None
2026-06-02 07:40:13.153631,275.031,58.73,230.83,289.56,1920,2100,0,None
2026-06-02 07:40:13.322069,275.204,58.93,232.86,291.79,1920,2100,0,None
2026-06-02 07:40:13.491464,275.372,58.85,230.09,288.95,1920,2100,0,None
2026-06-02 07:40:13.658365,275.542,57.81,230.90,288.71,1920,2100,0,None
2026-06-02 07:40:13.827758,275.709,59.87,229.48,289.35,1920,2100,0,None
2026-06-02 07:40:13.996729,275.878,58.78,230.57,289.35,1920,2100,0,None
2026-06-02 07:40:14.169383,276.047,59.66,231.76,291.43,1920,2100,0,None
2026-06-02 07:40:14.338184,276.220,58.63,231.96,290.59,1920,2100,0,None
2026-06-02 07:40:14.506279,276.388,58.36,232.11,290.47,1920,2100,0,None
2026-06-02 07:40:14.677580,276.557,58.75,232.38,291.14,1920,2100,0,None
2026-06-02 07:40:14.849574,276.728,59.15,232.09,291.24,1920,2100,0,None
2026-06-02 07:40:15.017962,276.900,58.75,232.29,291.04,1920,2100,0,None
2026-06-02 07:40:15.191419,277.068,58.24,232.68,290.93,1920,2100,0,None
2026-06-02 07:40:15.359481,277.242,58.24,232.35,290.59,1920,2100,0,None
2026-06-02 07:40:15.530014,277.410,58.48,230.49,288.98,1920,2100,0,None
2026-06-02 07:40:15.703068,277.580,58.78,232.28,291.06,1920,2100,0,None
2026-06-02 07:40:15.872669,277.753,59.21,231.53,290.74,1920,2100,0,None
2026-06-02 07:40:16.042088,277.923,58.44,230.62,289.07,1920,2100,0,None
2026-06-02 07:40:16.213576,278.092,58.70,231.96,290.66,1920,2100,0,None
2026-06-02 07:40:16.382271,278.264,58.92,232.01,290.93,1920,2100,0,None
2026-06-02 07:40:16.550122,278.433,58.48,230.47,288.95,1920,2100,0,None
2026-06-02 07:40:16.723695,278.600,58.67,232.07,290.74,1920,2100,0,None
2026-06-02 07:40:16.891920,278.774,58.61,230.91,289.52,1920,2100,0,None
2026-06-02 07:40:17.060849,278.942,58.72,229.84,288.56,1920,2100,0,None
2026-06-02 07:40:17.235411,279.111,58.74,230.68,289.42,1920,2100,0,None
2026-06-02 07:40:17.404126,279.286,58.65,231.53,290.18,1920,2100,0,None
2026-06-02 07:40:17.573691,279.454,58.83,230.48,289.30,1920,2100,0,None
2026-06-02 07:40:17.745833,279.624,58.39,230.43,288.82,1920,2100,0,None
2026-06-02 07:40:17.914211,279.796,58.54,231.00,289.53,1920,2100,0,None
2026-06-02 07:40:18.082114,279.964,59.35,229.90,289.25,1920,2100,0,None
2026-06-02 07:40:18.255378,280.132,58.82,230.73,289.56,1920,2100,0,None
2026-06-02 07:40:18.419806,280.306,56.28,231.39,287.67,1920,2100,0,None
2026-06-02 07:40:18.588403,280.470,57.70,213.12,270.82,1920,2100,0,None
2026-06-02 07:40:18.775731,280.639,58.71,231.00,289.70,1920,2100,0,None
2026-06-02 07:40:18.945570,280.826,58.85,231.59,290.44,1920,2100,0,None
2026-06-02 07:40:19.117750,280.996,57.74,230.39,288.13,1920,2100,0,None
2026-06-02 07:40:19.287762,281.168,58.72,232.07,290.79,1920,2100,0,None
2026-06-02 07:40:19.456522,281.338,58.41,231.51,289.92,1920,2100,0,None
2026-06-02 07:40:19.628917,281.507,58.53,229.59,288.13,1920,2100,0,None
2026-06-02 07:40:19.796708,281.679,59.46,231.51,290.97,1920,2100,0,None
2026-06-02 07:40:19.968326,281.847,58.53,231.13,289.66,1920,2100,0,None
2026-06-02 07:40:20.140190,282.019,58.65,230.60,289.26,1920,2100,0,None
2026-06-02 07:40:20.310399,282.190,59.13,231.18,290.31,1920,2100,0,None
2026-06-02 07:40:20.478517,282.361,58.58,231.06,289.63,1920,2100,0,None
2026-06-02 07:40:20.650948,282.529,58.75,230.96,289.71,1920,2100,0,None
2026-06-02 07:40:20.820089,282.701,59.66,231.29,290.95,1920,2100,0,None
2026-06-02 07:40:20.988432,282.870,59.09,230.64,289.73,1920,2100,0,None
2026-06-02 07:40:21.162018,283.039,58.25,230.38,288.63,1920,2100,0,None
2026-06-02 07:40:21.330454,283.212,58.95,231.73,290.68,1920,2100,0,None
2026-06-02 07:40:21.500131,283.381,58.66,231.49,290.15,1920,2100,0,None
2026-06-02 07:40:21.673370,283.550,58.84,230.10,288.94,1920,2100,0,None
2026-06-02 07:40:21.843148,283.724,60.57,230.49,291.05,1920,2100,0,None
2026-06-02 07:40:22.013423,283.893,59.12,229.76,288.88,1920,2100,0,None
2026-06-02 07:40:22.187479,284.064,58.95,230.41,289.36,1920,2100,0,None
2026-06-02 07:40:22.355515,284.238,58.82,231.37,290.19,1920,2100,0,None
2026-06-02 07:40:22.524115,284.406,58.80,229.11,287.91,1920,2100,0,None
2026-06-02 07:40:22.709989,284.575,58.68,229.55,288.23,1920,2100,0,None
2026-06-02 07:40:22.881758,284.760,59.62,231.23,290.84,1920,2100,0,None
2026-06-02 07:40:23.056405,284.932,58.78,228.74,287.51,1920,2100,0,None
2026-06-02 07:40:23.225429,285.107,56.93,215.82,272.75,1920,2100,0,None
2026-06-02 07:40:23.394011,285.276,59.65,230.00,289.65,1920,2100,0,None
2026-06-02 07:40:23.566226,285.444,58.63,229.72,288.36,1920,2100,0,None
2026-06-02 07:40:23.734492,285.616,58.93,230.04,288.96,1920,2100,0,None
2026-06-02 07:40:23.904825,285.785,63.08,229.82,292.90,1920,2100,0,None
2026-06-02 07:40:24.076550,285.955,58.49,229.31,287.80,1920,2100,0,None
2026-06-02 07:40:24.246237,286.127,58.64,230.27,288.91,1920,2100,0,None
2026-06-02 07:40:24.414912,286.297,58.48,230.75,289.23,1920,2100,0,None
2026-06-02 07:40:24.587062,286.465,58.35,230.26,288.60,1920,2100,0,None
2026-06-02 07:40:24.755439,286.637,58.25,230.82,289.07,1920,2100,0,None
2026-06-02 07:40:24.923374,286.806,58.81,231.13,289.94,1920,2100,0,None
2026-06-02 07:40:25.099291,286.974,58.36,231.50,289.86,1920,2100,0,None
2026-06-02 07:40:25.268886,287.150,58.71,231.24,289.94,1920,2100,0,None
2026-06-02 07:40:25.440429,287.319,58.43,230.62,289.04,1920,2100,0,None
2026-06-02 07:40:25.613217,287.491,59.17,229.97,289.14,1920,2100,0,None
2026-06-02 07:40:25.783536,287.663,59.11,230.77,289.88,1920,2100,0,None
2026-06-02 07:40:25.952435,287.834,58.27,230.35,288.62,1920,2100,0,None
2026-06-02 07:40:26.125805,288.003,58.39,230.38,288.76,1920,2100,0,None
2026-06-02 07:40:26.294785,288.176,58.44,230.86,289.30,1920,2100,0,None
2026-06-02 07:40:26.462569,288.345,58.17,230.85,289.02,1920,2100,0,None
2026-06-02 07:40:26.634408,288.513,58.51,229.88,288.39,1920,2100,0,None
2026-06-02 07:40:26.802661,288.685,59.22,230.86,290.08,1920,2100,0,None
2026-06-02 07:40:26.973424,288.853,58.68,230.46,289.13,1920,2100,0,None
2026-06-02 07:40:27.144631,289.024,58.89,230.31,289.20,1920,2100,0,None
2026-06-02 07:40:27.314443,289.195,58.15,230.38,288.53,1920,2100,0,None
2026-06-02 07:40:27.485157,289.365,58.52,230.25,288.77,1920,2100,0,None
2026-06-02 07:40:27.658254,289.535,58.81,229.44,288.26,1920,2100,0,None
2026-06-02 07:40:27.827460,289.709,60.07,230.92,290.99,1920,2100,0,None
2026-06-02 07:40:27.994349,289.878,58.25,218.99,277.24,1920,2100,0,None
2026-06-02 07:40:28.165536,290.045,58.65,228.08,286.73,1920,2100,0,None
2026-06-02 07:40:28.333898,290.216,58.91,229.17,288.07,1920,2100,0,None
2026-06-02 07:40:28.504091,290.384,58.81,230.43,289.24,1920,2100,0,None
2026-06-02 07:40:28.675418,290.554,58.74,230.73,289.47,1920,2100,0,None
2026-06-02 07:40:28.845249,290.726,59.03,228.97,288.00,1920,2100,0,None
2026-06-02 07:40:29.016518,290.895,58.98,230.19,289.17,1920,2100,0,None
2026-06-02 07:40:29.189541,291.067,58.73,230.69,289.42,1920,2100,0,None
2026-06-02 07:40:29.358496,291.240,58.79,229.56,288.35,1920,2100,0,None
2026-06-02 07:40:29.527040,291.409,59.14,230.25,289.39,1920,2100,0,None
2026-06-02 07:40:29.715052,291.577,58.28,230.96,289.24,1920,2100,0,None
2026-06-02 07:40:29.883325,291.765,59.43,229.29,288.72,1920,2100,0,None
2026-06-02 07:40:30.058215,291.934,58.47,229.39,287.86,1920,2100,0,None
2026-06-02 07:40:30.226695,292.108,59.22,230.84,290.06,1920,2100,0,None
2026-06-02 07:40:30.395545,292.277,58.77,229.20,287.97,1920,2100,0,None
2026-06-02 07:40:30.568678,292.446,58.35,231.04,289.39,1920,2100,0,None
2026-06-02 07:40:30.736873,292.619,58.61,229.77,288.38,1920,2100,0,None
2026-06-02 07:40:30.905026,292.787,58.75,229.47,288.22,1920,2100,0,None
2026-06-02 07:40:31.076662,292.955,58.63,230.21,288.84,1920,2100,0,None
2026-06-02 07:40:31.246863,293.127,59.17,230.64,289.81,1920,2100,0,None
2026-06-02 07:40:31.416502,293.297,58.66,229.31,287.97,1920,2100,0,None
2026-06-02 07:40:31.602662,293.467,58.71,230.31,289.02,1920,2100,0,None
2026-06-02 07:40:31.774333,293.653,57.94,230.01,287.95,1920,2100,0,None
2026-06-02 07:40:31.945740,293.825,59.96,230.14,290.09,1920,2100,0,None
2026-06-02 07:40:32.116518,293.996,58.60,230.43,289.02,1920,2100,0,None
2026-06-02 07:40:32.284955,294.167,58.89,230.65,289.54,1920,2100,0,None
2026-06-02 07:40:32.457999,294.335,58.55,229.14,287.69,1920,2100,0,None
2026-06-02 07:40:32.625794,294.508,58.56,230.62,289.18,1920,2100,0,None
2026-06-02 07:40:32.793697,294.676,58.12,193.51,251.62,1920,2100,0,None
2026-06-02 07:40:32.965359,294.844,59.39,229.84,289.23,1920,2100,0,None
2026-06-02 07:40:33.133405,295.016,58.66,230.66,289.32,1920,2100,0,None
2026-06-02 07:40:33.300922,295.184,57.19,187.44,244.62,1920,2100,0,None
2026-06-02 07:40:33.487314,295.351,59.11,206.11,265.23,1920,2100,0,None
2026-06-02 07:40:33.654983,295.538,59.00,203.91,262.90,1920,2100,0,None
2026-06-02 07:40:33.825802,295.705,59.34,202.93,262.27,1920,2100,0,None
2026-06-02 07:40:33.994330,295.876,59.42,203.37,262.79,1920,2100,0,None
2026-06-02 07:40:34.160971,296.045,58.94,202.66,261.60,1920,2100,0,None
2026-06-02 07:40:34.333175,296.211,59.21,204.88,264.09,1920,2100,0,None
2026-06-02 07:40:34.499948,296.383,59.37,192.49,251.86,1920,2100,0,None
2026-06-02 07:40:34.666460,296.550,59.35,193.89,253.24,1920,2100,0,None
2026-06-02 07:40:34.838127,296.717,59.86,195.81,255.67,1920,2100,0,None
2026-06-02 07:40:35.004857,296.888,59.41,195.66,255.07,1920,2100,0,None
2026-06-02 07:40:35.172844,297.055,59.47,195.93,255.40,1920,2100,0,None
2026-06-02 07:40:35.342278,297.223,59.31,195.99,255.29,1920,2100,0,None
2026-06-02 07:40:35.509661,297.393,59.39,194.59,253.98,1920,2100,0,None
2026-06-02 07:40:35.677459,297.560,59.04,195.94,254.99,1920,2100,0,None
2026-06-02 07:40:35.847112,297.728,59.39,195.87,255.25,1920,2100,0,None
2026-06-02 07:40:36.026567,297.897,59.49,195.43,254.92,1920,2100,0,None
2026-06-02 07:40:36.193171,298.077,59.30,194.67,253.97,1920,2100,0,None
2026-06-02 07:40:36.363758,298.243,59.42,195.44,254.86,1920,2100,0,None
2026-06-02 07:40:36.531363,298.414,59.51,193.65,253.17,1920,2100,0,None
2026-06-02 07:40:36.700577,298.582,59.14,195.59,254.73,1920,2100,0,None
2026-06-02 07:40:36.872035,298.751,60.10,195.09,255.19,1920,2100,0,None
2026-06-02 07:40:37.038421,298.922,60.31,194.90,255.21,1920,2100,0,None
2026-06-02 07:40:37.205351,299.089,59.18,194.81,253.99,1920,2100,0,None
2026-06-02 07:40:37.377071,299.256,59.47,194.86,254.33,1920,2100,0,None
2026-06-02 07:40:37.544215,299.427,59.28,193.86,253.14,1920,2100,0,None
2026-06-02 07:40:37.710700,299.594,59.73,194.99,254.72,1920,2100,0,None
2026-06-02 07:40:37.881270,299.761,59.87,194.65,254.52,1920,2100,0,None
2026-06-02 07:40:38.063123,299.931,59.44,194.99,254.42,1920,2100,0,None
2026-06-02 07:40:38.229478,300.113,59.54,194.42,253.96,1920,2100,0,None
2026-06-02 07:40:38.400382,300.280,59.75,192.73,252.48,1920,2100,0,None
2026-06-02 07:40:38.568290,300.451,59.37,194.31,253.69,1920,2100,0,None
2026-06-02 07:40:38.735077,300.618,59.42,195.08,254.51,1920,2100,0,None
2026-06-02 07:40:38.906394,300.785,60.04,194.41,254.45,1920,2100,0,None
2026-06-02 07:40:39.073750,300.957,59.64,194.44,254.09,1920,2100,0,None
2026-06-02 07:40:39.242317,301.124,59.66,194.54,254.20,1920,2100,0,None
2026-06-02 07:40:39.412983,301.293,59.33,193.24,252.57,1920,2100,0,None
2026-06-02 07:40:39.579957,301.463,59.74,194.54,254.28,1920,2100,0,None
2026-06-02 07:40:39.746424,301.630,59.44,195.09,254.53,1920,2100,0,None
2026-06-02 07:40:39.918377,301.797,59.79,194.06,253.86,1920,2100,0,None
2026-06-02 07:40:40.085037,301.969,59.73,194.87,254.60,1920,2100,0,None
2026-06-02 07:40:40.251718,302.135,59.54,193.76,253.29,1920,2100,0,None
2026-06-02 07:40:40.435850,302.302,58.71,193.68,252.39,1920,2100,0,None
2026-06-02 07:40:40.602977,302.486,59.28,194.33,253.61,1920,2100,0,None
2026-06-02 07:40:40.771226,302.653,58.90,183.80,242.71,1920,2100,0,None
2026-06-02 07:40:40.953381,302.821,60.20,226.17,286.38,1920,2100,0,None
2026-06-02 07:40:41.122431,303.004,58.40,227.67,286.07,1920,2100,0,None
2026-06-02 07:40:41.294065,303.173,59.53,228.18,287.71,1920,2100,0,None
2026-06-02 07:40:41.462023,303.344,59.30,227.33,286.63,1920,2100,0,None
2026-06-02 07:40:41.632041,303.512,58.48,227.66,286.14,1920,2100,0,None
2026-06-02 07:40:41.802829,303.682,59.07,228.08,287.15,1920,2100,0,None
2026-06-02 07:40:41.974712,303.853,58.86,227.10,285.96,1920,2100,0,None
2026-06-02 07:40:42.142872,304.025,58.49,228.22,286.70,1920,2100,0,None
2026-06-02 07:40:42.316297,304.193,58.68,227.32,286.00,1920,2100,0,None
2026-06-02 07:40:42.484138,304.366,58.29,228.81,287.10,1920,2100,0,None
2026-06-02 07:40:42.652524,304.534,58.74,229.10,287.84,1920,2100,0,None
2026-06-02 07:40:42.825006,304.703,59.00,227.10,286.10,1920,2100,0,None
2026-06-02 07:40:42.993013,304.875,58.33,228.04,286.37,1920,2100,0,None
2026-06-02 07:40:43.163510,305.043,58.87,228.58,287.45,1920,2100,0,None
2026-06-02 07:40:43.334813,305.214,58.38,227.17,285.55,1920,2100,0,None
2026-06-02 07:40:43.505871,305.385,58.36,228.44,286.81,1920,2100,0,None
2026-06-02 07:40:43.673684,305.556,58.55,229.09,287.64,1920,2100,0,None
2026-06-02 07:40:43.845863,305.724,59.31,226.97,286.28,1920,2100,0,None
2026-06-02 07:40:44.014726,305.896,58.33,227.97,286.31,1920,2100,0,None
2026-06-02 07:40:44.183401,306.065,58.74,228.54,287.29,1920,2100,0,None
2026-06-02 07:40:44.356698,306.234,58.85,227.44,286.29,1920,2100,0,None
2026-06-02 07:40:44.525877,306.407,58.79,228.86,287.65,1920,2100,0,None
2026-06-02 07:40:44.695975,306.576,59.26,227.99,287.25,1920,2100,0,None
2026-06-02 07:40:44.867167,306.746,59.12,227.46,286.57,1920,2100,0,None
2026-06-02 07:40:45.038216,306.917,59.17,228.06,287.24,1920,2100,0,None
2026-06-02 07:40:45.206015,307.088,58.64,227.75,286.38,1920,2100,0,None
2026-06-02 07:40:45.378460,307.256,58.24,227.73,285.97,1920,2100,0,None
2026-06-02 07:40:45.546313,307.429,58.22,201.77,259.99,1920,2100,0,None
2026-06-02 07:40:45.713325,307.597,58.99,204.67,263.66,1920,2100,0,None
2026-06-02 07:40:45.885038,307.764,58.91,201.47,260.39,1920,2100,0,None
2026-06-02 07:40:46.052443,307.935,59.05,200.70,259.75,1920,2100,0,None
2026-06-02 07:40:46.220244,308.103,59.98,201.24,261.22,1920,2100,0,None
2026-06-02 07:40:46.390212,308.270,58.91,203.16,262.07,1920,2100,0,None
2026-06-02 07:40:46.557571,308.440,58.99,200.74,259.72,1920,2100,0,None
2026-06-02 07:40:46.725009,308.608,58.46,200.72,259.18,1920,2100,0,None
2026-06-02 07:40:46.896071,308.775,59.26,200.98,260.24,1920,2100,0,None
2026-06-02 07:40:47.063189,308.946,58.95,202.80,261.75,1920,2100,0,None
2026-06-02 07:40:47.232155,309.113,58.78,200.94,259.72,1920,2100,0,None
2026-06-02 07:40:47.403029,309.282,59.01,201.00,260.01,1920,2100,0,None
2026-06-02 07:40:47.571256,309.453,59.16,201.03,260.19,1920,2100,0,None
2026-06-02 07:40:47.740100,309.621,58.76,200.69,259.45,1920,2100,0,None
2026-06-02 07:40:47.909354,309.790,59.50,200.68,260.18,1920,2100,0,None
2026-06-02 07:40:48.077708,309.960,59.30,201.22,260.52,1920,2100,0,None
2026-06-02 07:40:48.245481,310.128,58.79,201.45,260.24,1920,2100,0,None
2026-06-02 07:40:48.415692,310.296,59.41,200.35,259.76,1920,2100,0,None
2026-06-02 07:40:48.585250,310.466,59.33,200.56,259.89,1920,2100,0,None
2026-06-02 07:40:48.754797,310.635,58.97,200.43,259.40,1920,2100,0,None
2026-06-02 07:40:48.925349,310.805,59.51,201.92,261.43,1920,2100,0,None
2026-06-02 07:40:49.093560,310.976,59.59,200.83,260.41,1920,2100,0,None
2026-06-02 07:40:49.261439,311.144,59.03,200.49,259.52,1920,2100,0,None
2026-06-02 07:40:49.432731,311.312,59.18,200.93,260.11,1920,2100,0,None
2026-06-02 07:40:49.603243,311.483,59.23,202.49,261.72,1920,2100,0,None
2026-06-02 07:40:49.771699,311.653,58.57,200.89,259.46,1920,2100,0,None
2026-06-02 07:40:49.943173,311.822,60.40,201.31,261.71,1920,2100,0,None
2026-06-02 07:40:50.110682,311.993,59.43,187.41,246.83,1920,2100,0,None
2026-06-02 07:40:50.279225,312.161,59.50,193.24,252.74,1920,2100,0,None
2026-06-02 07:40:50.448466,312.329,59.50,193.38,252.87,1920,2100,0,None
2026-06-02 07:40:50.615715,312.499,59.96,193.06,253.02,1920,2100,0,None
2026-06-02 07:40:50.784646,312.666,59.65,193.37,253.02,1920,2100,0,None
2026-06-02 07:40:50.954400,312.835,60.61,193.39,254.00,1920,2100,0,None
2026-06-02 07:40:51.121872,313.005,60.21,191.22,251.43,1920,2100,0,None
2026-06-02 07:40:51.289422,313.172,59.67,193.16,252.82,1920,2100,0,None
2026-06-02 07:40:51.458696,313.340,59.41,193.64,253.05,1920,2100,0,None
2026-06-02 07:40:51.626937,313.509,59.26,192.98,252.23,1920,2100,0,None
2026-06-02 07:40:51.794622,313.677,59.86,193.04,252.90,1920,2100,0,None
2026-06-02 07:40:51.964267,313.845,61.09,192.79,253.88,1920,2100,0,None
2026-06-02 07:40:52.134228,314.014,59.67,193.47,253.14,1920,2100,0,None
2026-06-02 07:40:52.303320,314.184,59.88,192.62,252.50,1920,2100,0,None
2026-06-02 07:40:52.469634,314.354,53.63,192.96,246.60,1920,2100,0,None
2026-06-02 07:40:52.638358,314.520,46.41,133.81,180.22,1920,2100,0,None
2026-06-02 07:40:52.803123,314.689,48.36,133.71,182.07,1920,2100,0,None
2026-06-02 07:40:52.967554,314.853,52.55,133.50,186.05,1920,2100,0,None
2026-06-02 07:40:53.133990,315.018,48.40,133.39,181.80,1920,2100,0,None
2026-06-02 07:40:53.299708,315.184,42.05,134.21,176.26,1920,2100,0,None
2026-06-02 07:40:53.465597,315.350,59.44,133.17,192.61,1920,2100,0,None
2026-06-02 07:40:53.631283,315.516,59.10,132.98,192.09,1920,2100,0,None
2026-06-02 07:40:53.797338,315.682,58.94,133.03,191.96,1920,2100,0,None
2026-06-02 07:40:53.967200,315.848,59.86,132.95,192.82,1920,2100,0,None
2026-06-02 07:40:54.132533,316.017,56.33,135.37,191.70,1920,2100,0,None
2026-06-02 07:40:54.296827,316.183,43.43,133.13,176.57,1920,2100,0,None
2026-06-02 07:40:54.461326,316.347,31.41,132.66,164.06,1920,2100,0,None
2026-06-02 07:40:54.626398,316.512,30.47,132.69,163.16,1920,2100,0,None
2026-06-02 07:40:54.805534,316.677,31.28,132.68,163.96,1920,2100,0,None
2026-06-02 07:40:54.970546,316.856,32.97,132.52,165.49,1920,2100,0,None
2026-06-02 07:40:55.137285,317.021,30.66,132.67,163.34,1920,2100,0,None
2026-06-02 07:40:55.316332,317.188,31.23,132.65,163.89,1920,2100,0,None
2026-06-02 07:40:55.481859,317.367,31.30,132.49,163.79,1920,2100,0,None
2026-06-02 07:40:55.646348,317.532,31.12,132.31,163.43,1920,2100,0,None
2026-06-02 07:40:55.812751,317.697,31.14,132.17,163.31,1920,2100,0,None
2026-06-02 07:40:55.985056,317.863,34.11,87.64,121.75,1440,2100,0,None
2026-06-02 07:40:56.152754,318.035,35.32,75.64,110.96,1395,2100,1,None
2026-06-02 07:40:56.320041,318.203,31.24,74.35,105.58,1590,2100,1,None
2026-06-02 07:40:56.494195,318.370,30.39,86.44,116.83,1590,2100,1,None
2026-06-02 07:40:56.660019,318.544,31.48,87.04,118.52,1590,2100,1,None
2026-06-02 07:40:56.827683,318.710,31.57,87.08,118.65,1590,2100,1,None
2026-06-02 07:40:56.995591,318.878,32.12,86.67,118.80,1590,2100,1,None
2026-06-02 07:40:57.161405,319.046,31.41,86.50,117.90,1590,2100,1,None
2026-06-02 07:40:57.327384,319.212,31.39,86.40,117.79,1590,2100,1,None
2026-06-02 07:40:57.497045,319.378,31.16,86.33,117.49,1590,2100,1,None
2026-06-02 07:40:57.663773,319.547,30.52,86.15,116.67,1590,2100,1,None
2026-06-02 07:40:57.829501,319.714,31.23,85.93,117.16,1590,2100,1,None
2026-06-02 07:40:57.998652,319.880,31.94,85.84,117.78,1590,2100,1,None
2026-06-02 07:40:58.184986,320.049,31.22,70.55,101.77,1200,2100,1,None
2026-06-02 07:40:58.355312,320.235,32.00,68.15,100.15,1200,2100,1,None
2026-06-02 07:40:58.534716,320.406,31.48,67.51,98.98,1155,2100,1,None
2026-06-02 07:40:58.704052,320.585,31.02,65.75,96.77,1125,2100,1,None
2026-06-02 07:40:58.885574,320.754,31.48,65.31,96.79,1125,2100,1,None
2026-06-02 07:40:59.057389,320.936,31.33,64.64,95.97,1125,2100,1,None
2026-06-02 07:40:59.228703,321.108,31.63,65.42,97.06,1125,2100,1,None
2026-06-02 07:40:59.417809,321.279,31.48,64.57,96.05,1065,2100,1,None
2026-06-02 07:40:59.590031,321.468,31.54,64.20,95.74,1050,2100,1,None
2026-06-02 07:40:59.776404,321.640,36.50,64.35,100.85,1050,2100,1,None
2026-06-02 07:40:59.949807,321.827,34.20,64.41,98.61,1020,2100,1,None
2026-06-02 07:41:00.128216,322.000,31.03,64.13,95.16,1020,2100,1,None
2026-06-02 07:41:00.301562,322.178,30.83,64.05,94.88,990,2100,1,None
2026-06-02 07:41:00.494122,322.352,30.69,63.50,94.19,990,2100,1,None
2026-06-02 07:41:00.669950,322.544,30.37,63.53,93.90,990,2100,1,None
2026-06-02 07:41:00.845459,322.720,31.14,43.72,74.86,960,2100,1,None
2026-06-02 07:41:01.019948,322.896,31.69,57.41,89.11,1020,2100,1,None
2026-06-02 07:41:01.206825,323.070,31.06,64.13,95.19,1020,2100,1,None
2026-06-02 07:41:01.381106,323.257,31.60,64.10,95.69,1020,2100,1,None
2026-06-02 07:41:01.557513,323.431,31.51,64.14,95.64,1020,2100,1,None
2026-06-02 07:41:01.731732,323.608,31.87,64.04,95.92,1020,2100,1,None
2026-06-02 07:41:01.919482,323.782,31.67,64.08,95.75,1020,2100,1,None
2026-06-02 07:41:02.095174,323.970,30.80,64.00,94.79,1020,2100,1,None
2026-06-02 07:41:02.271201,324.145,30.37,64.05,94.41,1020,2100,1,None
2026-06-02 07:41:02.446636,324.321,30.64,64.06,94.69,1020,2100,1,None
2026-06-02 07:41:02.618087,324.497,31.45,63.96,95.40,1020,2100,1,None
2026-06-02 07:41:02.792121,324.668,30.46,63.91,94.37,960,2100,1,None
2026-06-02 07:41:03.018307,324.842,37.14,35.31,72.45,960,2100,1,None
2026-06-02 07:41:03.188024,325.069,30.91,35.44,66.35,1260,2100,1,None
2026-06-02 07:41:03.362359,325.238,31.88,67.79,99.67,1260,2100,1,None
2026-06-02 07:41:03.530865,325.413,31.54,68.19,99.73,1260,2100,1,None
2026-06-02 07:41:03.704241,325.581,30.09,68.29,98.39,1260,2100,1,None
2026-06-02 07:41:03.872151,325.755,31.45,68.16,99.61,1260,2100,1,None
2026-06-02 07:41:04.041233,325.922,30.85,68.10,98.95,1260,2100,1,None
2026-06-02 07:41:04.214263,326.092,30.26,68.00,98.26,1260,2100,1,None
2026-06-02 07:41:04.382378,326.265,30.15,67.59,97.74,1260,2100,1,None
2026-06-02 07:41:04.550631,326.433,30.53,67.60,98.12,1260,2100,1,None
2026-06-02 07:41:04.722418,326.601,31.28,67.49,98.78,1260,2100,1,None
2026-06-02 07:41:04.892864,326.773,31.45,67.50,98.95,1260,2100,1,None
2026-06-02 07:41:05.063481,326.943,31.22,64.71,95.93,1125,2100,1,None
2026-06-02 07:41:05.237800,327.114,32.89,63.85,96.73,1095,2100,1,None
2026-06-02 07:41:05.407521,327.288,31.23,64.19,95.41,1065,2100,1,None
2026-06-02 07:41:05.578342,327.458,30.95,63.82,94.77,1050,2100,1,None
2026-06-02 07:41:05.754939,327.629,31.57,63.59,95.16,1020,2100,1,None
2026-06-02 07:41:05.927762,327.805,31.75,62.78,94.53,1020,2100,1,None
2026-06-02 07:41:06.098098,327.978,31.22,63.77,94.99,1020,2100,1,None
2026-06-02 07:41:06.271478,328.148,30.66,62.57,93.23,1020,2100,1,None
2026-06-02 07:41:06.444203,328.322,30.36,39.14,69.49,990,2100,1,None
2026-06-02 07:41:06.616328,328.494,30.62,35.27,65.89,990,2100,1,None
2026-06-02 07:41:06.793692,328.667,30.50,35.48,65.98,990,2100,1,None
2026-06-02 07:41:06.966444,328.844,34.67,35.09,69.75,960,2100,1,None
2026-06-02 07:41:07.140421,329.017,31.34,34.54,65.88,960,2100,1,None
2026-06-02 07:41:07.331689,329.191,29.88,34.17,64.05,960,2100,1,None
2026-06-02 07:41:07.507839,329.382,30.46,34.21,64.67,960,2100,1,None
2026-06-02 07:41:07.685949,329.558,30.73,34.23,64.96,960,2100,1,None
2026-06-02 07:41:07.862953,329.736,31.30,34.09,65.38,960,2100,1,None
2026-06-02 07:41:08.054879,329.913,31.69,34.15,65.84,930,2100,1,None
2026-06-02 07:41:08.230824,330.105,31.42,34.00,65.42,930,2100,1,None
2026-06-02 07:41:08.406033,330.281,31.01,33.91,64.93,930,2100,1,None
2026-06-02 07:41:08.579544,330.456,30.02,33.99,64.01,930,2100,1,None
2026-06-02 07:41:08.758155,330.630,30.52,33.98,64.50,930,2100,1,None
2026-06-02 07:41:08.933589,330.808,31.15,33.99,65.13,930,2100,1,None
2026-06-02 07:41:09.110403,330.984,30.60,34.07,64.66,990,2100,1,None
2026-06-02 07:41:09.282608,331.161,30.75,34.50,65.25,990,2100,1,None
2026-06-02 07:41:09.457216,331.333,30.54,34.45,65.00,990,2100,1,None
2026-06-02 07:41:09.633437,331.507,30.30,34.76,65.06,990,2100,1,None
2026-06-02 07:41:09.807210,331.684,30.60,34.57,65.17,990,2100,1,None
2026-06-02 07:41:09.982998,331.857,34.49,34.46,68.95,990,2100,1,None
2026-06-02 07:41:10.161477,332.033,31.12,34.46,65.57,990,2100,1,None
2026-06-02 07:41:10.334064,332.212,29.29,34.38,63.67,990,2100,1,None
2026-06-02 07:41:10.507551,332.384,31.07,55.73,86.79,1050,2100,1,None
2026-06-02 07:41:10.694297,332.558,31.31,62.71,94.02,1050,2100,1,None
2026-06-02 07:41:10.868754,332.745,31.41,62.78,94.19,1050,2100,1,None
2026-06-02 07:41:11.046650,332.919,32.03,62.72,94.74,1050,2100,1,None
2026-06-02 07:41:11.219008,333.097,31.22,62.63,93.85,1050,2100,1,None
2026-06-02 07:41:11.404570,333.269,30.29,62.74,93.02,1050,2100,1,None
2026-06-02 07:41:11.577193,333.455,30.50,62.74,93.24,1050,2100,1,None
2026-06-02 07:41:11.759683,333.627,31.17,62.76,93.93,1050,2100,1,None
2026-06-02 07:41:11.931445,333.810,30.64,62.76,93.40,1050,2100,1,None
2026-06-02 07:41:12.106809,333.982,30.47,62.83,93.30,1050,2100,1,None
2026-06-02 07:41:12.281485,334.157,30.20,62.65,92.85,960,2100,1,None
2026-06-02 07:41:12.458195,334.332,30.52,33.86,64.38,930,2100,1,None
2026-06-02 07:41:12.631501,334.508,30.82,33.85,64.67,930,2100,1,None
2026-06-02 07:41:12.804996,334.682,30.73,33.77,64.50,930,2100,1,None
2026-06-02 07:41:12.982678,334.855,33.07,33.74,66.81,930,2100,1,None
2026-06-02 07:41:13.158803,335.033,40.77,33.82,74.59,960,2100,1,None
2026-06-02 07:41:13.327375,335.209,30.35,56.79,87.14,1275,2100,1,None
2026-06-02 07:41:13.496869,335.378,31.60,65.11,96.71,1275,2100,1,None
2026-06-02 07:41:13.681130,335.547,31.30,65.44,96.74,1275,2100,1,None
2026-06-02 07:41:13.849471,335.731,30.70,65.31,96.00,1275,2100,1,None
2026-06-02 07:41:14.022664,335.900,33.70,65.26,98.96,1275,2100,1,None
2026-06-02 07:41:14.191565,336.073,30.19,65.20,95.39,1275,2100,1,None
2026-06-02 07:41:14.359531,336.242,30.18,65.31,95.49,1275,2100,1,None
2026-06-02 07:41:14.531667,336.410,31.24,65.37,96.61,1275,2100,1,None
2026-06-02 07:41:14.700072,336.582,32.10,65.35,97.45,1275,2100,1,None
2026-06-02 07:41:14.870025,336.750,30.84,65.15,95.99,1275,2100,1,None
2026-06-02 07:41:15.043649,336.920,32.87,65.23,98.11,1065,2100,1,None
2026-06-02 07:41:15.215883,337.094,30.92,61.29,92.21,1065,2100,1,None
2026-06-02 07:41:15.386329,337.266,38.68,62.11,100.79,1050,2100,1,None
2026-06-02 07:41:15.555121,337.437,30.62,64.74,95.35,1365,2100,1,None
2026-06-02 07:41:15.738515,337.605,31.78,67.42,99.20,1365,2100,1,None
2026-06-02 07:41:15.910942,337.789,30.82,67.68,98.49,1365,2100,1,None
2026-06-02 07:41:16.091422,337.961,31.16,67.54,98.70,1365,2100,1,None
2026-06-02 07:41:16.258741,338.142,30.78,67.48,98.26,1365,2100,1,None
2026-06-02 07:41:16.445246,338.309,30.70,67.40,98.10,1365,2100,1,None
2026-06-02 07:41:16.614121,338.496,31.05,67.42,98.47,1365,2100,1,None
2026-06-02 07:41:16.784624,338.664,30.03,67.14,97.17,1365,2100,1,None
2026-06-02 07:41:16.953884,338.835,31.87,67.20,99.06,1365,2100,1,None
2026-06-02 07:41:17.121071,339.004,30.54,67.29,97.83,1365,2100,1,None
2026-06-02 07:41:17.295486,339.171,30.88,67.50,98.38,1125,2100,1,None
2026-06-02 07:41:17.466832,339.346,30.42,62.78,93.20,1095,2100,1,None
2026-06-02 07:41:17.638899,339.517,30.57,61.45,92.02,1095,2100,1,None
2026-06-02 07:41:17.813995,339.689,30.66,60.19,90.85,1065,2100,1,None
2026-06-02 07:41:17.987613,339.864,31.89,59.37,91.26,1050,2100,1,None
2026-06-02 07:41:18.157419,340.038,31.31,59.45,90.75,1050,2100,1,None
2026-06-02 07:41:18.348934,340.208,30.66,61.16,91.82,1020,2100,1,None
2026-06-02 07:41:18.519384,340.399,32.75,59.97,92.72,1020,2100,1,None
2026-06-02 07:41:18.696636,340.570,31.60,59.72,91.33,990,2100,1,None
2026-06-02 07:41:18.876263,340.747,30.96,33.66,64.62,990,2100,1,None
2026-06-02 07:41:19.053427,340.927,32.05,33.70,65.76,990,2100,1,None
2026-06-02 07:41:19.226563,341.104,30.31,33.66,63.97,990,2100,1,None
2026-06-02 07:41:19.398763,341.277,31.08,53.94,85.02,1020,2100,1,None
2026-06-02 07:41:19.572372,341.449,32.03,60.19,92.22,1020,2100,1,None
2026-06-02 07:41:19.744996,341.623,30.47,60.03,90.51,1020,2100,1,None
2026-06-02 07:41:19.915497,341.795,30.35,60.05,90.40,1020,2100,1,None
2026-06-02 07:41:20.089985,341.966,30.43,60.07,90.50,1020,2100,1,None
2026-06-02 07:41:20.261028,342.140,30.99,60.27,91.26,1020,2100,1,None
2026-06-02 07:41:20.432358,342.311,31.26,60.05,91.31,1020,2100,1,None
2026-06-02 07:41:20.622534,342.483,31.02,60.13,91.14,1020,2100,1,None
2026-06-02 07:41:20.793104,342.673,30.76,59.68,90.44,1020,2100,1,None
2026-06-02 07:41:20.966977,342.843,31.63,59.45,91.08,1020,2100,1,None
2026-06-02 07:41:21.159121,343.017,30.24,59.30,89.54,930,2100,1,None
2026-06-02 07:41:21.357360,343.209,30.96,33.52,64.48,930,2100,1,None
2026-06-02 07:41:21.530478,343.408,31.10,33.58,64.67,930,2100,1,None
2026-06-02 07:41:21.708500,343.581,31.31,33.47,64.78,930,2100,1,None
2026-06-02 07:41:21.885358,343.759,31.11,33.43,64.54,930,2100,1,None
2026-06-02 07:41:22.062537,343.936,32.64,33.59,66.24,990,2100,1,None
2026-06-02 07:41:22.234618,344.113,30.10,33.59,63.70,990,2100,1,None
2026-06-02 07:41:22.409792,344.285,30.76,33.54,64.30,990,2100,1,None
2026-06-02 07:41:22.586387,344.460,31.12,33.56,64.68,990,2100,1,None
2026-06-02 07:41:22.758479,344.637,31.75,33.51,65.26,990,2100,1,None
2026-06-02 07:41:22.933316,344.809,32.49,33.48,65.97,990,2100,1,None
2026-06-02 07:41:23.109707,344.984,31.09,33.57,64.66,990,2100,1,None
2026-06-02 07:41:23.281910,345.160,31.12,33.50,64.62,990,2100,1,None
2026-06-02 07:41:23.453001,345.332,32.29,53.19,85.48,1050,2100,1,None
2026-06-02 07:41:23.626401,345.503,31.04,60.03,91.07,1050,2100,1,None
2026-06-02 07:41:23.798653,345.677,31.43,59.69,91.13,1050,2100,1,None
2026-06-02 07:41:23.968676,345.849,33.57,59.90,93.47,1050,2100,1,None
2026-06-02 07:41:24.144520,346.019,30.65,60.32,90.97,1050,2100,1,None
2026-06-02 07:41:24.314632,346.195,31.73,59.96,91.69,1050,2100,1,None
2026-06-02 07:41:24.486880,346.365,31.48,59.97,91.45,1050,2100,1,None
2026-06-02 07:41:24.660007,346.537,30.95,60.19,91.14,1050,2100,1,None
2026-06-02 07:41:24.832083,346.710,31.11,60.17,91.28,1050,2100,1,None
2026-06-02 07:41:25.002896,346.882,32.78,60.67,93.45,1050,2100,1,None
2026-06-02 07:41:25.181918,347.053,31.86,60.33,92.19,930,2100,1,None
2026-06-02 07:41:25.356915,347.232,31.36,33.59,64.95,960,2100,1,None
2026-06-02 07:41:25.534554,347.407,30.79,33.63,64.41,960,2100,1,None
2026-06-02 07:41:25.707889,347.585,30.77,33.52,64.29,960,2100,1,None
2026-06-02 07:41:25.880584,347.758,31.32,52.96,84.28,1020,2100,1,None
2026-06-02 07:41:26.054370,347.931,33.63,57.94,91.57,1020,2100,1,None
2026-06-02 07:41:26.224742,348.105,31.42,58.13,89.55,1020,2100,1,None
2026-06-02 07:41:26.394907,348.275,32.28,58.15,90.42,1020,2100,1,None
2026-06-02 07:41:26.568706,348.445,31.10,57.90,89.00,1020,2100,1,None
2026-06-02 07:41:26.739109,348.619,30.89,57.70,88.59,1020,2100,1,None
2026-06-02 07:41:26.910828,348.789,30.85,57.91,88.77,1020,2100,1,None
2026-06-02 07:41:27.084465,348.961,31.92,57.82,89.74,1020,2100,1,None
2026-06-02 07:41:27.254980,349.135,31.35,57.51,88.86,1020,2100,1,None
2026-06-02 07:41:27.425611,349.305,31.73,57.64,89.36,1020,2100,1,None
2026-06-02 07:41:27.605363,349.476,31.37,57.67,89.04,930,2100,1,None
2026-06-02 07:41:27.779222,349.656,30.61,33.48,64.09,930,2100,1,None
2026-06-02 07:41:27.955282,349.829,31.51,33.42,64.92,930,2100,1,None
2026-06-02 07:41:28.129752,350.005,32.08,33.46,65.55,930,2100,1,None
2026-06-02 07:41:28.303635,350.180,43.14,33.43,76.58,990,2100,1,None
2026-06-02 07:41:28.481417,350.354,32.04,33.47,65.51,990,2100,1,None
2026-06-02 07:41:28.652997,350.532,30.75,33.51,64.25,990,2100,1,None
2026-06-02 07:41:28.827561,350.703,31.67,33.45,65.12,990,2100,1,None
2026-06-02 07:41:29.004881,350.878,33.59,33.44,67.03,990,2100,1,None
2026-06-02 07:41:29.177423,351.055,31.00,33.46,64.46,990,2100,1,None
2026-06-02 07:41:29.352900,351.228,30.85,33.54,64.38,990,2100,1,None
2026-06-02 07:41:29.530756,351.403,30.73,33.54,64.27,990,2100,1,None
2026-06-02 07:41:29.717582,351.581,39.69,33.55,73.24,990,2100,1,None
2026-06-02 07:41:29.886716,351.768,35.46,35.46,70.92,1260,2100,1,None
2026-06-02 07:41:30.070943,351.937,35.62,63.39,99.01,1260,2100,1,None
2026-06-02 07:41:30.242653,352.121,31.20,63.97,95.17,1260,2100,1,None
2026-06-02 07:41:30.423975,352.293,29.95,64.14,94.09,1260,2100,1,None
2026-06-02 07:41:30.593500,352.474,30.43,64.09,94.53,1260,2100,1,None
2026-06-02 07:41:30.771708,352.644,30.22,64.20,94.43,1260,2100,1,None
2026-06-02 07:41:30.939390,352.822,30.75,64.19,94.95,1260,2100,1,None
2026-06-02 07:41:31.109962,352.990,31.06,64.13,95.19,1260,2100,1,None
2026-06-02 07:41:31.277878,353.160,31.29,64.18,95.47,1260,2100,1,None
2026-06-02 07:41:31.446900,353.328,31.02,64.19,95.21,1260,2100,1,None
2026-06-02 07:41:31.618522,353.497,30.43,64.08,94.52,1260,2100,1,None
2026-06-02 07:41:31.793943,353.669,31.18,64.08,95.26,1050,2100,1,None
2026-06-02 07:41:31.964605,353.844,32.11,57.75,89.86,1050,2100,1,None
2026-06-02 07:41:32.138901,354.015,31.49,56.78,88.28,1050,2100,1,None
2026-06-02 07:41:32.319701,354.189,31.66,37.53,69.19,1020,2100,1,None
2026-06-02 07:41:32.495464,354.370,30.20,33.69,63.88,1020,2100,1,None
2026-06-02 07:41:32.667701,354.546,30.38,33.64,64.02,1020,2100,1,None
2026-06-02 07:41:32.840490,354.718,30.98,33.57,64.55,1020,2100,1,None
2026-06-02 07:41:33.033009,354.891,32.59,33.49,66.09,990,2100,1,None
2026-06-02 07:41:33.206724,355.083,30.86,33.43,64.30,990,2100,1,None
2026-06-02 07:41:33.383576,355.257,31.31,33.46,64.77,990,2100,1,None
2026-06-02 07:41:33.555965,355.434,31.00,33.50,64.50,990,2100,1,None
2026-06-02 07:41:33.726185,355.606,31.04,51.70,82.74,1050,2100,1,None
2026-06-02 07:41:33.900743,355.776,32.04,57.90,89.94,1050,2100,1,None
2026-06-02 07:41:34.070899,355.951,32.95,58.16,91.11,1050,2100,1,None
2026-06-02 07:41:34.243998,356.121,32.05,57.99,90.04,1050,2100,1,None
2026-06-02 07:41:34.419841,356.294,31.35,57.84,89.20,1050,2100,1,None
2026-06-02 07:41:34.590386,356.470,31.82,57.92,89.74,1050,2100,1,None
2026-06-02 07:41:34.761989,356.641,30.69,58.32,89.01,1050,2100,1,None
2026-06-02 07:41:34.935369,356.812,31.52,58.06,89.58,1050,2100,1,None
2026-06-02 07:41:35.107752,356.986,30.77,57.97,88.74,1050,2100,1,None
2026-06-02 07:41:35.277460,357.158,30.89,58.25,89.15,1050,2100,1,None
2026-06-02 07:41:35.454755,357.328,30.25,57.91,88.17,930,2100,1,None
2026-06-02 07:41:35.628177,357.505,29.97,33.21,63.18,930,2100,1,None
2026-06-02 07:41:35.804697,357.678,31.35,33.25,64.60,930,2100,1,None
2026-06-02 07:41:35.983285,357.855,32.12,33.26,65.38,930,2100,1,None
2026-06-02 07:41:36.160050,358.033,32.39,33.33,65.72,990,2100,1,None
2026-06-02 07:41:36.349554,358.210,31.29,33.35,64.64,990,2100,1,None
2026-06-02 07:41:36.523627,358.400,38.77,33.32,72.09,990,2100,1,None
2026-06-02 07:41:36.701212,358.574,30.98,33.32,64.31,990,2100,1,None
2026-06-02 07:41:36.874307,358.751,30.45,33.23,63.67,990,2100,1,None
2026-06-02 07:41:37.067956,358.925,32.02,33.28,65.31,990,2100,1,None
2026-06-02 07:41:37.246103,359.118,31.14,33.36,64.49,990,2100,1,None
2026-06-02 07:41:37.418940,359.296,29.97,33.36,63.33,990,2100,1,None
2026-06-02 07:41:37.593257,359.469,30.66,33.30,63.97,1020,2100,1,None
2026-06-02 07:41:37.769964,359.644,30.60,33.44,64.04,1020,2100,1,None
2026-06-02 07:41:37.941739,359.820,31.93,33.40,65.33,1020,2100,1,None
2026-06-02 07:41:38.115875,359.992,30.23,33.39,63.62,1020,2100,1,None
2026-06-02 07:41:38.291343,360.166,31.37,33.44,64.81,1020,2100,1,None
2026-06-02 07:41:38.463677,360.342,31.14,33.44,64.58,1020,2100,1,None
2026-06-02 07:41:38.637718,360.514,30.73,33.48,64.20,1020,2100,1,None
2026-06-02 07:41:38.812826,360.688,30.42,33.51,63.93,1020,2100,1,None
2026-06-02 07:41:38.985684,360.863,31.92,33.44,65.36,1020,2100,1,None
2026-06-02 07:41:39.159526,361.036,30.89,33.44,64.33,1020,2100,1,None
2026-06-02 07:41:39.337732,361.210,31.16,33.48,64.63,990,2100,1,None
2026-06-02 07:41:39.511610,361.388,30.83,33.26,64.09,990,2100,1,None
2026-06-02 07:41:39.684210,361.562,30.95,33.26,64.21,960,2100,1,None
2026-06-02 07:41:39.871813,361.734,30.46,33.14,63.60,960,2100,1,None
2026-06-02 07:41:40.045485,361.922,32.67,33.15,65.82,960,2100,1,None
2026-06-02 07:41:40.221515,362.096,31.38,33.29,64.67,1020,2100,1,None
2026-06-02 07:41:40.394782,362.272,31.87,33.38,65.26,1020,2100,1,None
2026-06-02 07:41:40.566997,362.445,30.36,33.37,63.73,1020,2100,1,None
2026-06-02 07:41:40.742612,362.617,30.93,33.43,64.36,1020,2100,1,None
2026-06-02 07:41:40.914205,362.793,31.66,33.47,65.13,1020,2100,1,None
2026-06-02 07:41:41.088024,362.964,33.05,33.36,66.40,1020,2100,1,None
2026-06-02 07:41:41.264569,363.138,32.32,33.34,65.66,1020,2100,1,None
2026-06-02 07:41:41.436186,363.315,32.24,33.31,65.56,1020,2100,1,None
2026-06-02 07:41:41.608163,363.486,30.42,48.96,79.38,1065,2100,1,None
2026-06-02 07:41:41.781046,363.658,30.33,56.97,87.30,1065,2100,1,None
2026-06-02 07:41:41.953412,363.831,31.07,57.05,88.12,1065,2100,1,None
2026-06-02 07:41:42.123773,364.004,31.03,56.87,87.91,1065,2100,1,None
2026-06-02 07:41:42.296747,364.174,30.36,56.75,87.11,1065,2100,1,None
2026-06-02 07:41:42.467805,364.347,30.44,56.73,87.17,1065,2100,1,None
2026-06-02 07:41:42.639622,364.518,30.23,56.51,86.74,1065,2100,1,None
2026-06-02 07:41:42.812348,364.690,31.02,56.65,87.67,1065,2100,1,None
2026-06-02 07:41:42.983687,364.863,30.81,56.73,87.54,1065,2100,1,None
2026-06-02 07:41:43.153654,365.034,29.78,56.89,86.67,1065,2100,1,None
2026-06-02 07:41:43.330462,365.204,30.96,56.92,87.88,960,2100,1,None
2026-06-02 07:41:43.504123,365.381,30.62,33.15,63.77,930,2100,1,None
2026-06-02 07:41:43.684827,365.555,30.65,33.14,63.79,930,2100,1,None
2026-06-02 07:41:43.858481,365.735,30.90,33.09,63.98,930,2100,1,None
2026-06-02 07:41:44.033492,365.909,34.13,33.19,67.32,990,2100,1,None
2026-06-02 07:41:44.223328,366.084,30.70,33.15,63.85,990,2100,1,None
2026-06-02 07:41:44.399841,366.274,30.21,33.21,63.42,990,2100,1,None
2026-06-02 07:41:44.578384,366.450,30.10,33.16,63.26,990,2100,1,None
2026-06-02 07:41:44.756230,366.629,31.09,33.10,64.19,990,2100,1,None
2026-06-02 07:41:44.928406,366.807,29.97,33.11,63.07,990,2100,1,None
2026-06-02 07:41:45.106482,366.979,32.72,33.00,65.72,990,2100,1,None
2026-06-02 07:41:45.299342,367.157,31.39,33.08,64.47,990,2100,1,None
2026-06-02 07:41:45.476094,367.350,31.51,33.08,64.59,990,2100,1,None
2026-06-02 07:41:45.648748,367.526,29.96,32.95,62.91,990,2100,1,None
2026-06-02 07:41:45.822060,367.699,31.22,32.83,64.05,960,2100,1,None
2026-06-02 07:41:45.998088,367.872,31.39,32.82,64.21,960,2100,1,None
2026-06-02 07:41:46.174696,368.048,30.71,32.92,63.63,960,2100,1,None
2026-06-02 07:41:46.352141,368.225,30.79,32.89,63.69,930,2100,1,None
2026-06-02 07:41:46.545683,368.402,30.38,32.66,63.05,930,2100,1,None
2026-06-02 07:41:46.753689,368.596,31.84,32.67,64.51,930,2100,1,None
2026-06-02 07:41:46.931977,368.804,30.18,32.46,62.63,930,2100,1,None
2026-06-02 07:41:47.105673,368.982,33.34,32.55,65.89,930,2100,1,None
2026-06-02 07:41:47.283169,369.156,31.44,32.86,64.30,990,2100,1,None
2026-06-02 07:41:47.472827,369.333,30.83,32.90,63.74,990,2100,1,None
2026-06-02 07:41:47.647903,369.523,30.94,32.70,63.64,990,2100,1,None
2026-06-02 07:41:47.823620,369.698,32.14,32.76,64.90,990,2100,1,None
2026-06-02 07:41:47.997237,369.874,32.87,32.84,65.71,990,2100,1,None
2026-06-02 07:41:48.189417,370.047,30.67,32.81,63.48,990,2100,1,None
2026-06-02 07:41:48.364221,370.240,32.83,32.81,65.65,990,2100,1,None
2026-06-02 07:41:48.542044,370.415,30.66,32.79,63.45,990,2100,1,None
2026-06-02 07:41:48.717131,370.592,30.96,32.72,63.68,990,2100,1,None
2026-06-02 07:41:48.906353,370.767,31.21,32.73,63.94,990,2100,1,None
2026-06-02 07:41:49.082221,370.957,31.72,32.61,64.33,930,2100,1,None
2026-06-02 07:41:49.259125,371.133,30.60,32.50,63.10,930,2100,1,None
2026-06-02 07:41:49.435353,371.309,30.78,32.49,63.27,930,2100,1,None
2026-06-02 07:41:49.609194,371.486,30.57,32.27,62.85,930,2100,1,None
2026-06-02 07:41:49.783626,371.659,30.94,32.22,63.15,930,2100,1,None
2026-06-02 07:41:49.960439,371.834,31.30,32.24,63.54,930,2100,1,None
2026-06-02 07:41:50.135854,372.011,30.67,32.21,62.88,930,2100,1,None
2026-06-02 07:41:50.312718,372.186,31.07,32.35,63.42,960,2100,1,None
2026-06-02 07:41:50.485316,372.363,30.87,32.48,63.36,960,2100,1,None
2026-06-02 07:41:50.659807,372.536,31.71,32.44,64.15,960,2100,1,None
2026-06-02 07:41:50.835263,372.710,32.47,32.45,64.92,960,2100,1,None
2026-06-02 07:41:51.009000,372.885,32.15,32.29,64.44,990,2100,1,None
2026-06-02 07:41:51.185962,373.059,30.54,32.47,63.02,990,2100,1,None
2026-06-02 07:41:51.436229,373.236,30.38,32.64,63.02,990,2100,1,None
2026-06-02 07:41:51.605171,373.486,30.44,32.72,63.17,1230,2100,1,None
2026-06-02 07:41:51.773683,373.655,39.76,61.30,101.06,1230,2100,1,None
2026-06-02 07:41:51.961964,373.824,36.35,61.80,98.16,1230,2100,1,None
2026-06-02 07:41:52.131880,374.012,30.53,61.93,92.46,1230,2100,1,None
2026-06-02 07:41:52.303743,374.182,29.67,61.40,91.07,1230,2100,1,None
2026-06-02 07:41:52.473492,374.354,31.31,61.30,92.61,1230,2100,1,None
2026-06-02 07:41:52.641462,374.524,30.33,61.37,91.69,1230,2100,1,None
2026-06-02 07:41:52.812879,374.692,30.69,61.65,92.34,1230,2100,1,None
2026-06-02 07:41:52.982390,374.863,31.73,61.65,93.38,1230,2100,1,None
2026-06-02 07:41:53.153523,375.033,31.33,61.86,93.19,1230,2100,1,None
2026-06-02 07:41:53.324853,375.204,31.69,61.81,93.49,1230,2100,1,None
2026-06-02 07:41:53.508659,375.375,31.55,36.22,67.76,1050,2100,1,None
2026-06-02 07:41:53.688055,375.559,31.35,33.40,64.75,1050,2100,1,None
2026-06-02 07:41:53.861498,375.738,31.15,33.36,64.51,1020,2100,1,None
2026-06-02 07:41:54.033223,375.912,30.63,32.98,63.62,1020,2100,1,None
2026-06-02 07:41:54.209148,376.083,30.79,32.96,63.75,1020,2100,1,None
2026-06-02 07:41:54.384537,376.259,31.12,32.99,64.11,1020,2100,1,None
2026-06-02 07:41:54.559981,376.435,31.59,32.90,64.48,990,2100,1,None
2026-06-02 07:41:54.752513,376.610,33.54,32.86,66.40,990,2100,1,None
2026-06-02 07:41:54.929976,376.803,30.73,32.92,63.65,990,2100,1,None
2026-06-02 07:41:55.103468,376.980,30.70,32.85,63.55,990,2100,1,None
2026-06-02 07:41:55.276410,377.154,31.61,32.91,64.51,990,2100,1,None
2026-06-02 07:41:55.453753,377.327,32.77,32.93,65.70,960,2100,1,None
2026-06-02 07:41:55.626337,377.504,32.41,32.79,65.20,960,2100,1,None
2026-06-02 07:41:55.805457,377.677,32.74,32.74,65.48,960,2100,1,None
2026-06-02 07:41:55.997691,377.856,30.96,32.81,63.77,960,2100,1,None
2026-06-02 07:41:56.174460,378.048,30.74,32.66,63.40,960,2100,1,None
2026-06-02 07:41:56.349687,378.225,30.60,32.71,63.32,960,2100,1,None
2026-06-02 07:41:56.527777,378.400,30.96,32.77,63.72,960,2100,1,None
2026-06-02 07:41:56.700006,378.578,31.02,32.67,63.69,960,2100,1,None
2026-06-02 07:41:56.873442,378.750,31.06,32.66,63.72,960,2100,1,None
2026-06-02 07:41:57.052232,378.924,30.63,32.69,63.33,960,2100,1,None
2026-06-02 07:41:57.224698,379.102,30.86,32.83,63.68,960,2100,1,None
2026-06-02 07:41:57.400100,379.275,31.17,32.71,63.88,960,2100,1,None
2026-06-02 07:41:57.592533,379.450,34.17,32.78,66.95,960,2100,1,None
2026-06-02 07:41:57.767342,379.643,38.58,32.66,71.24,960,2100,1,None
2026-06-02 07:41:57.942850,379.818,35.38,32.57,67.94,960,2100,1,None
2026-06-02 07:41:58.120028,379.993,41.86,32.50,74.36,960,2100,1,None
2026-06-02 07:41:58.310348,380.170,37.59,32.62,70.21,930,2100,1,None
2026-06-02 07:41:58.485841,380.361,32.96,32.52,65.48,930,2100,1,None
2026-06-02 07:41:58.667245,380.536,34.50,32.40,66.90,930,2100,1,None
2026-06-02 07:41:58.846367,380.717,30.62,32.38,63.00,930,2100,1,None
2026-06-02 07:41:59.019304,380.897,30.95,32.36,63.31,930,2100,1,None
2026-06-02 07:41:59.192208,381.070,30.64,32.35,63.00,930,2100,1,None
2026-06-02 07:41:59.371612,381.243,32.56,32.37,64.94,930,2100,1,None
2026-06-02 07:41:59.544681,381.422,30.80,32.50,63.30,930,2100,1,None
2026-06-02 07:41:59.723322,381.595,31.24,32.46,63.70,930,2100,1,None
2026-06-02 07:41:59.918005,381.774,30.79,32.47,63.25,930,2100,1,None
2026-06-02 07:42:00.097654,381.968,29.68,32.58,62.26,900,2100,1,None
2026-06-02 07:42:00.271299,382.148,31.94,32.21,64.15,900,2100,1,None
2026-06-02 07:42:00.446995,382.322,31.34,32.11,63.45,900,2100,1,None
2026-06-02 07:42:00.624946,382.497,31.88,31.96,63.84,900,2100,1,None
2026-06-02 07:42:00.797614,382.675,30.86,32.44,63.30,960,2100,1,None
2026-06-02 07:42:00.974212,382.848,31.11,32.34,63.45,960,2100,1,None
2026-06-02 07:42:01.147136,383.024,31.06,32.59,63.65,960,2100,1,None
2026-06-02 07:42:01.319459,383.197,30.01,32.51,62.51,960,2100,1,None
2026-06-02 07:42:01.496846,383.370,30.53,32.37,62.90,960,2100,1,None
2026-06-02 07:42:01.671329,383.547,30.56,32.42,62.99,960,2100,1,None
2026-06-02 07:42:01.844576,383.722,31.07,32.52,63.59,960,2100,1,None
2026-06-02 07:42:02.021133,383.895,29.98,32.51,62.49,960,2100,1,None
2026-06-02 07:42:02.195025,384.071,31.19,32.44,63.63,960,2100,1,None
2026-06-02 07:42:02.369134,384.245,32.50,32.30,64.80,960,2100,1,None
2026-06-02 07:42:02.559778,384.419,32.99,32.52,65.51,960,2100,1,None
2026-06-02 07:42:02.736411,384.610,32.43,32.25,64.68,960,2100,1,None
2026-06-02 07:42:02.912575,384.787,32.39,32.24,64.63,960,2100,1,None
2026-06-02 07:42:03.090334,384.963,33.67,32.42,66.09,960,2100,1,None
2026-06-02 07:42:03.268499,385.141,33.51,32.37,65.88,960,2100,1,None
2026-06-02 07:42:03.447408,385.319,35.44,32.45,67.89,960,2100,1,None
2026-06-02 07:42:03.619759,385.498,32.42,32.10,64.51,960,2100,1,None
2026-06-02 07:42:03.792734,385.670,33.94,32.48,66.42,1020,2100,1,None
2026-06-02 07:42:03.971087,385.843,40.37,32.62,72.99,1020,2100,1,None
2026-06-02 07:42:04.142734,386.021,35.76,32.48,68.24,1020,2100,1,None
2026-06-02 07:42:04.318932,386.193,30.89,32.53,63.42,1020,2100,1,None
2026-06-02 07:42:04.509475,386.369,32.05,32.58,64.63,1020,2100,1,None
2026-06-02 07:42:04.684088,386.560,38.45,32.64,71.09,1020,2100,1,None
2026-06-02 07:42:04.858867,386.734,39.24,32.56,71.79,1020,2100,1,None
2026-06-02 07:42:05.030992,386.909,30.96,32.63,63.59,1020,2100,1,None
2026-06-02 07:42:05.207463,387.081,30.73,32.61,63.34,1020,2100,1,None
2026-06-02 07:42:05.381885,387.258,31.05,32.61,63.66,1020,2100,1,None
2026-06-02 07:42:05.555356,387.432,31.33,32.55,63.88,960,2100,1,None
2026-06-02 07:42:05.746277,387.606,30.67,32.12,62.79,960,2100,1,None
2026-06-02 07:42:05.923341,387.797,30.94,32.02,62.96,960,2100,1,None
2026-06-02 07:42:06.102871,387.974,30.06,31.98,62.04,930,2100,1,None
2026-06-02 07:42:06.279779,388.153,31.66,32.00,63.65,930,2100,1,None
2026-06-02 07:42:06.453571,388.330,34.92,32.08,67.00,930,2100,1,None
2026-06-02 07:42:06.627122,388.504,31.87,32.28,64.15,990,2100,1,None
2026-06-02 07:42:06.802897,388.677,32.05,32.33,64.38,990,2100,1,None
2026-06-02 07:42:06.976068,388.853,32.71,32.34,65.04,990,2100,1,None
2026-06-02 07:42:07.148573,389.026,29.98,32.41,62.39,990,2100,1,None
2026-06-02 07:42:07.325202,389.199,30.38,32.26,62.64,990,2100,1,None
2026-06-02 07:42:07.500764,389.375,31.06,32.16,63.22,990,2100,1,None
2026-06-02 07:42:07.675529,389.551,30.92,32.23,63.15,990,2100,1,None
2026-06-02 07:42:07.865047,389.726,35.60,32.17,67.77,990,2100,1,None
2026-06-02 07:42:08.041455,389.915,30.51,32.26,62.77,990,2100,1,None
2026-06-02 07:42:08.216162,390.092,31.04,32.19,63.23,990,2100,1,None
2026-06-02 07:42:08.392268,390.266,31.32,32.27,63.59,960,2100,1,None
2026-06-02 07:42:08.586862,390.443,31.66,31.99,63.65,930,2100,1,None
2026-06-02 07:42:08.764746,390.637,31.27,31.66,62.93,930,2100,1,None
2026-06-02 07:42:08.937786,390.815,30.90,31.88,62.78,930,2100,1,None
2026-06-02 07:42:09.114250,390.988,30.39,31.74,62.13,930,2100,1,None
2026-06-02 07:42:09.306396,391.165,30.87,31.74,62.61,930,2100,1,None
2026-06-02 07:42:09.485258,391.357,30.04,31.67,61.70,930,2100,1,None
2026-06-02 07:42:09.659375,391.536,30.33,31.22,61.55,900,2100,1,None
2026-06-02 07:42:09.836541,391.710,31.96,31.71,63.67,960,2100,1,None
2026-06-02 07:42:10.026216,391.887,31.29,31.79,63.08,960,2100,1,None
2026-06-02 07:42:10.202006,392.077,31.45,31.91,63.36,960,2100,1,None
2026-06-02 07:42:10.378336,392.252,30.89,31.76,62.65,960,2100,1,None
2026-06-02 07:42:10.553649,392.429,31.08,31.79,62.87,960,2100,1,None
2026-06-02 07:42:10.744543,392.604,33.02,31.92,64.94,960,2100,1,None
2026-06-02 07:42:10.920955,392.795,29.71,31.68,61.39,960,2100,1,None
2026-06-02 07:42:11.093263,392.971,30.43,31.63,62.06,960,2100,1,None
2026-06-02 07:42:11.268599,393.144,30.44,32.28,62.72,1050,2100,1,None
2026-06-02 07:42:11.444688,393.319,29.82,32.91,62.73,1050,2100,1,None
2026-06-02 07:42:11.615798,393.495,30.84,32.95,63.79,1050,2100,1,None
2026-06-02 07:42:11.788543,393.666,34.57,32.94,67.51,1050,2100,1,None
2026-06-02 07:42:11.963604,393.839,32.24,32.83,65.07,1050,2100,1,None
2026-06-02 07:42:12.136029,394.014,31.95,32.90,64.84,1050,2100,1,None
2026-06-02 07:42:12.308398,394.186,30.57,32.99,63.56,1050,2100,1,None
2026-06-02 07:42:12.485473,394.359,30.67,32.95,63.61,1050,2100,1,None
2026-06-02 07:42:12.660158,394.536,30.49,32.88,63.37,1050,2100,1,None
2026-06-02 07:42:12.836263,394.710,34.92,32.86,67.78,1050,2100,1,None
2026-06-02 07:42:13.025468,394.887,33.31,32.88,66.19,990,2100,1,None
2026-06-02 07:42:13.202743,395.076,30.94,31.95,62.90,960,2100,1,None
2026-06-02 07:42:13.379449,395.253,31.67,31.73,63.40,960,2100,1,None
2026-06-02 07:42:13.556297,395.430,30.32,31.57,61.89,960,2100,1,None
2026-06-02 07:42:13.729736,395.607,32.48,31.44,63.91,960,2100,1,None
2026-06-02 07:42:13.903223,395.780,31.00,31.53,62.52,960,2100,1,None
2026-06-02 07:42:14.079997,395.953,31.85,31.81,63.66,960,2100,1,None
2026-06-02 07:42:14.255773,396.130,32.22,31.37,63.59,930,2100,1,None
2026-06-02 07:42:14.433931,396.306,32.44,31.41,63.85,930,2100,1,None
2026-06-02 07:42:14.625428,396.484,31.75,31.34,63.09,930,2100,1,None
2026-06-02 07:42:14.804683,396.676,32.94,31.29,64.23,930,2100,1,None
2026-06-02 07:42:14.980012,396.855,31.19,31.36,62.55,930,2100,1,None
2026-06-02 07:42:15.159648,397.030,29.77,31.51,61.28,900,2100,1,None
2026-06-02 07:42:15.333109,397.210,30.63,31.27,61.91,900,2100,1,None
2026-06-02 07:42:15.505111,397.383,30.97,32.02,62.98,990,2100,1,None
2026-06-02 07:42:15.682867,397.555,31.14,31.71,62.86,990,2100,1,None
2026-06-02 07:42:15.854827,397.733,31.49,31.51,63.00,990,2100,1,None
2026-06-02 07:42:16.029462,397.905,30.95,31.61,62.56,990,2100,1,None
2026-06-02 07:42:16.206581,398.080,31.54,31.59,63.13,990,2100,1,None
2026-06-02 07:42:16.395863,398.257,30.08,31.46,61.54,990,2100,1,None
2026-06-02 07:42:16.572569,398.446,30.40,31.50,61.90,990,2100,1,None
2026-06-02 07:42:16.750684,398.623,30.80,31.59,62.39,990,2100,1,None
2026-06-02 07:42:16.925988,398.801,29.59,31.64,61.23,990,2100,1,None
2026-06-02 07:42:17.098723,398.976,30.36,31.57,61.93,990,2100,1,None
2026-06-02 07:42:17.272357,399.149,30.31,31.72,62.03,990,2100,1,None
2026-06-02 07:42:17.448685,399.323,31.27,31.77,63.04,990,2100,1,None
2026-06-02 07:42:17.620986,399.499,30.87,31.99,62.86,990,2100,1,None
2026-06-02 07:42:17.792831,399.671,31.09,31.85,62.93,990,2100,1,None
2026-06-02 07:42:17.970894,399.843,30.51,31.78,62.28,990,2100,1,None
2026-06-02 07:42:18.145399,400.021,30.44,31.73,62.18,990,2100,1,None
2026-06-02 07:42:18.319201,400.196,31.41,32.00,63.41,1050,2100,1,None
2026-06-02 07:42:18.510100,400.369,31.97,32.76,64.72,1050,2100,1,None
2026-06-02 07:42:18.685280,400.560,32.54,32.68,65.23,1050,2100,1,None
2026-06-02 07:42:18.857166,400.736,32.41,32.73,65.14,1050,2100,1,None
2026-06-02 07:42:19.030115,400.907,30.68,32.82,63.51,1050,2100,1,None
2026-06-02 07:42:19.204992,401.080,30.81,32.81,63.63,1050,2100,1,None
2026-06-02 07:42:19.378871,401.255,31.65,32.81,64.46,1050,2100,1,None
2026-06-02 07:42:19.550169,401.429,31.13,32.82,63.95,1050,2100,1,None
2026-06-02 07:42:19.743835,401.600,29.97,32.74,62.72,1050,2100,1,None
2026-06-02 07:42:19.915840,401.794,30.85,32.75,63.60,1050,2100,1,None
2026-06-02 07:42:20.090816,401.966,30.38,31.87,62.25,990,2100,1,None
2026-06-02 07:42:20.270251,402.141,30.50,31.73,62.23,990,2100,1,None
2026-06-02 07:42:20.447012,402.321,30.59,31.61,62.20,990,2100,1,None
2026-06-02 07:42:20.627835,402.497,30.30,31.69,61.99,960,2100,1,None
2026-06-02 07:42:20.822689,402.678,32.08,31.49,63.57,960,2100,1,None
2026-06-02 07:42:21.006307,402.873,30.73,31.69,62.42,960,2100,1,None
2026-06-02 07:42:21.203202,403.057,30.77,31.62,62.39,960,2100,1,None
2026-06-02 07:42:21.376670,403.253,31.39,31.58,62.96,960,2100,1,None
2026-06-02 07:42:21.554589,403.427,30.48,31.39,61.87,960,2100,1,None
2026-06-02 07:42:21.726956,403.605,31.22,31.34,62.57,960,2100,1,None
2026-06-02 07:42:21.904647,403.777,31.85,31.35,63.20,930,2100,1,None
2026-06-02 07:42:22.098104,403.955,31.97,31.31,63.28,930,2100,1,None
2026-06-02 07:42:22.292157,404.148,32.08,31.28,63.36,930,2100,1,None
2026-06-02 07:42:22.466921,404.342,30.69,31.06,61.75,930,2100,1,None
2026-06-02 07:42:22.645793,404.517,30.43,31.10,61.53,930,2100,1,None
2026-06-02 07:42:22.818160,404.696,32.95,31.16,64.11,930,2100,1,None
2026-06-02 07:42:22.991492,404.868,30.54,31.00,61.54,930,2100,1,None
2026-06-02 07:42:23.170451,405.042,30.60,31.05,61.65,930,2100,1,None
2026-06-02 07:42:23.350523,405.221,31.13,30.70,61.83,900,2100,1,None
2026-06-02 07:42:23.525240,405.401,30.93,31.06,61.99,930,2100,1,None
2026-06-02 07:42:23.701101,405.576,30.17,31.21,61.38,930,2100,1,None
2026-06-02 07:42:23.912937,405.751,32.50,31.07,63.57,930,2100,1,None
2026-06-02 07:42:24.084818,405.963,30.62,30.77,61.40,1155,2100,1,None
2026-06-02 07:42:24.262894,406.135,31.07,55.40,86.46,1155,2100,1,None
2026-06-02 07:42:24.432102,406.313,30.13,55.46,85.59,1155,2100,1,None
2026-06-02 07:42:24.605315,406.482,30.50,55.51,86.01,1155,2100,1,None
2026-06-02 07:42:24.774197,406.656,31.68,55.52,87.20,1155,2100,1,None
2026-06-02 07:42:24.944559,406.824,30.80,55.77,86.57,1155,2100,1,None
2026-06-02 07:42:25.116909,406.995,30.24,55.90,86.14,1155,2100,1,None
2026-06-02 07:42:25.287797,407.167,30.39,55.96,86.35,1155,2100,1,None
2026-06-02 07:42:25.457411,407.338,30.14,55.94,86.08,1155,2100,1,None
2026-06-02 07:42:25.631369,407.508,31.28,55.80,87.07,1155,2100,1,None
2026-06-02 07:42:25.801148,407.682,33.00,55.41,88.42,1155,2100,1,None
2026-06-02 07:42:25.973949,407.851,32.93,36.16,69.09,1050,2100,1,None
2026-06-02 07:42:26.148529,408.024,32.35,31.89,64.24,1020,2100,1,None
2026-06-02 07:42:26.322483,408.199,31.49,31.82,63.30,1020,2100,1,None
2026-06-02 07:42:26.494742,408.373,31.69,31.74,63.43,1020,2100,1,None
2026-06-02 07:42:26.671508,408.545,30.98,31.83,62.81,990,2100,1,None
2026-06-02 07:42:26.846157,408.722,31.71,31.75,63.46,990,2100,1,None
2026-06-02 07:42:27.020982,408.896,30.85,31.44,62.29,990,2100,1,None
2026-06-02 07:42:27.192637,409.071,42.19,31.53,73.71,1020,2100,1,None
2026-06-02 07:42:27.363480,409.243,31.51,56.79,88.30,1320,2100,1,None
2026-06-02 07:42:27.533380,409.414,30.22,61.59,91.81,1320,2100,1,None
2026-06-02 07:42:27.701662,409.584,30.68,61.96,92.64,1320,2100,1,None
2026-06-02 07:42:27.887085,409.752,33.26,61.86,95.12,1320,2100,1,None
2026-06-02 07:42:28.057140,409.937,32.11,61.98,94.09,1320,2100,1,None
2026-06-02 07:42:28.227353,410.107,31.21,61.96,93.17,1320,2100,1,None
2026-06-02 07:42:28.396130,410.278,31.67,62.18,93.85,1320,2100,1,None
2026-06-02 07:42:28.566591,410.446,30.38,61.77,92.15,1320,2100,1,None
2026-06-02 07:42:28.751254,410.617,30.96,61.99,92.95,1320,2100,1,None
2026-06-02 07:42:28.920208,410.802,31.48,62.14,93.62,1320,2100,1,None
2026-06-02 07:42:29.097279,410.971,30.53,62.24,92.78,1065,2100,1,None
2026-06-02 07:42:29.279915,411.148,29.80,54.15,83.95,1065,2100,1,None
2026-06-02 07:42:29.453047,411.330,31.26,53.62,84.88,1065,2100,1,None
2026-06-02 07:42:29.624660,411.503,32.36,35.12,67.48,1035,2100,1,None
2026-06-02 07:42:29.797100,411.675,31.41,51.57,82.98,1065,2100,1,None
2026-06-02 07:42:29.971152,411.847,31.03,54.12,85.16,1065,2100,1,None
2026-06-02 07:42:30.141751,412.021,31.19,54.19,85.38,1065,2100,1,None
2026-06-02 07:42:30.312715,412.192,31.00,54.17,85.17,1065,2100,1,None
2026-06-02 07:42:30.486683,412.363,30.86,54.30,85.16,1065,2100,1,None
2026-06-02 07:42:30.657871,412.537,31.46,54.25,85.70,1065,2100,1,None
2026-06-02 07:42:30.828258,412.708,33.93,54.26,88.18,1065,2100,1,None
2026-06-02 07:42:31.003669,412.879,31.16,54.15,85.31,1065,2100,1,None
2026-06-02 07:42:31.173779,413.054,30.58,54.18,84.77,1065,2100,1,None
2026-06-02 07:42:31.346227,413.224,31.02,54.36,85.38,1065,2100,1,None
2026-06-02 07:42:31.523106,413.396,31.34,54.19,85.53,960,2100,1,None
2026-06-02 07:42:31.696434,413.573,30.75,31.22,61.97,960,2100,1,None
2026-06-02 07:42:31.871744,413.747,33.55,31.32,64.87,960,2100,1,None
2026-06-02 07:42:32.051658,413.922,31.44,30.83,62.27,930,2100,1,None
2026-06-02 07:42:32.224617,414.102,30.53,31.00,61.53,930,2100,1,None
2026-06-02 07:42:32.403814,414.275,31.04,31.08,62.12,930,2100,1,None
2026-06-02 07:42:32.581581,414.454,30.23,30.86,61.09,930,2100,1,None
2026-06-02 07:42:32.759595,414.632,30.78,30.62,61.41,930,2100,1,None
2026-06-02 07:42:32.933913,414.810,31.99,30.75,62.74,930,2100,1,None
2026-06-02 07:42:33.113803,414.984,30.20,30.92,61.11,930,2100,1,None
2026-06-02 07:42:33.290147,415.164,31.78,30.82,62.60,930,2100,1,None
2026-06-02 07:42:33.462528,415.340,31.87,51.07,82.95,1065,2100,1,None
2026-06-02 07:42:33.638833,415.513,31.13,53.99,85.12,1065,2100,1,None
2026-06-02 07:42:33.811345,415.689,31.48,54.01,85.49,1065,2100,1,None
2026-06-02 07:42:33.984416,415.862,30.81,54.12,84.93,1065,2100,1,None
2026-06-02 07:42:34.154531,416.035,31.16,53.97,85.13,1065,2100,1,None
2026-06-02 07:42:34.325864,416.205,31.06,54.11,85.17,1065,2100,1,None
2026-06-02 07:42:34.500989,416.376,31.61,54.28,85.90,1065,2100,1,None
2026-06-02 07:42:34.672003,416.551,30.61,54.20,84.81,1065,2100,1,None
2026-06-02 07:42:34.845467,416.722,32.92,54.41,87.33,1065,2100,1,None
2026-06-02 07:42:35.021142,416.896,32.62,54.31,86.93,1065,2100,1,None
2026-06-02 07:42:35.206058,417.071,30.60,54.27,84.87,960,2100,1,None
2026-06-02 07:42:35.401539,417.256,31.53,31.45,62.98,960,2100,1,None
2026-06-02 07:42:35.574681,417.452,31.39,31.13,62.52,960,2100,1,None
2026-06-02 07:42:35.751369,417.625,30.76,31.22,61.98,960,2100,1,None
2026-06-02 07:42:35.925375,417.802,33.37,31.41,64.77,960,2100,1,None
2026-06-02 07:42:36.101565,417.976,30.11,31.41,61.52,960,2100,1,None
2026-06-02 07:42:36.291838,418.152,31.30,31.36,62.66,960,2100,1,None
2026-06-02 07:42:36.466875,418.342,30.21,31.42,61.63,960,2100,1,None
2026-06-02 07:42:36.641613,418.517,31.14,31.34,62.48,960,2100,1,None
2026-06-02 07:42:36.816416,418.692,31.35,31.28,62.63,960,2100,1,None
2026-06-02 07:42:36.993768,418.867,31.38,31.20,62.58,960,2100,1,None
2026-06-02 07:42:37.167668,419.044,31.00,31.25,62.25,900,2100,1,None
2026-06-02 07:42:37.344908,419.218,35.11,30.72,65.83,900,2100,1,None
2026-06-02 07:42:37.541476,419.395,39.55,30.85,70.40,900,2100,1,None
2026-06-02 07:42:37.718748,419.592,30.78,30.56,61.34,900,2100,1,None
2026-06-02 07:42:37.909721,419.769,32.31,30.53,62.83,900,2100,1,None
2026-06-02 07:42:38.088035,419.960,30.94,30.48,61.42,900,2100,1,None
2026-06-02 07:42:38.261421,420.138,30.53,30.25,60.79,900,2100,1,None
2026-06-02 07:42:38.441019,420.312,31.96,30.47,62.43,900,2100,1,None
2026-06-02 07:42:38.615812,420.491,30.90,30.63,61.53,900,2100,1,None
2026-06-02 07:42:38.794374,420.666,30.77,30.41,61.18,900,2100,1,None
2026-06-02 07:42:38.986171,420.845,30.76,30.15,60.91,900,2100,1,None
2026-06-02 07:42:39.182384,421.036,30.32,30.01,60.33,900,2100,1,None
2026-06-02 07:42:39.358870,421.233,31.27,30.14,61.41,900,2100,1,None
2026-06-02 07:42:39.554165,421.409,30.42,30.07,60.48,900,2100,1,None
2026-06-02 07:42:39.728622,421.605,30.80,30.22,61.02,900,2100,1,None
2026-06-02 07:42:39.906201,421.779,33.41,30.22,63.63,900,2100,1,None
2026-06-02 07:42:40.079574,421.956,30.48,30.19,60.67,900,2100,1,None
2026-06-02 07:42:40.257326,422.130,30.75,30.26,61.01,900,2100,1,None
2026-06-02 07:42:40.451283,422.308,30.06,30.14,60.19,900,2100,1,None
2026-06-02 07:42:40.649818,422.502,30.84,29.96,60.80,900,2100,1,None
2026-06-02 07:42:40.827309,422.700,31.14,30.39,61.53,900,2100,1,None
2026-06-02 07:42:41.020238,422.878,30.65,30.11,60.76,870,2100,1,None
2026-06-02 07:42:41.198919,423.070,31.94,29.77,61.72,870,2100,1,None
2026-06-02 07:42:41.374792,423.249,31.02,29.62,60.64,870,2100,1,None
2026-06-02 07:42:41.552618,423.425,31.12,29.91,61.02,870,2100,1,None
2026-06-02 07:42:41.727072,423.603,30.21,30.03,60.24,870,2100,1,None
2026-06-02 07:42:41.902622,423.777,31.62,30.85,62.47,930,2100,1,None
2026-06-02 07:42:42.082420,423.953,31.38,30.64,62.02,930,2100,1,None
2026-06-02 07:42:42.258150,424.133,30.71,30.54,61.25,930,2100,1,None
2026-06-02 07:42:42.431377,424.308,30.85,30.58,61.43,930,2100,1,None
2026-06-02 07:42:42.606881,424.482,29.83,30.65,60.48,930,2100,1,None
2026-06-02 07:42:42.785480,424.657,30.68,30.71,61.39,930,2100,1,None
2026-06-02 07:42:42.960394,424.836,32.03,30.82,62.84,930,2100,1,None
2026-06-02 07:42:43.135631,425.011,31.04,31.66,62.70,1020,2100,1,None
2026-06-02 07:42:43.313448,425.186,29.95,31.60,61.55,1020,2100,1,None
2026-06-02 07:42:43.485044,425.364,30.02,31.56,61.58,1020,2100,1,None
2026-06-02 07:42:43.661103,425.535,31.18,31.54,62.72,1020,2100,1,None
2026-06-02 07:42:43.834781,425.711,31.04,31.40,62.44,1020,2100,1,None
2026-06-02 07:42:44.006475,425.885,31.28,31.70,62.98,1020,2100,1,None
2026-06-02 07:42:44.182720,426.057,31.77,31.57,63.34,1020,2100,1,None
2026-06-02 07:42:44.355542,426.233,30.68,31.50,62.18,1020,2100,1,None
2026-06-02 07:42:44.527280,426.406,30.47,31.64,62.12,1020,2100,1,None
2026-06-02 07:42:44.703273,426.578,30.71,31.57,62.29,1020,2100,1,None
2026-06-02 07:42:44.874940,426.754,32.35,31.47,63.83,1020,2100,1,None
2026-06-02 07:42:45.046781,426.925,33.70,31.50,65.21,1020,2100,1,None
2026-06-02 07:42:45.223374,427.097,30.55,31.48,62.03,1020,2100,1,None
2026-06-02 07:42:45.395931,427.274,31.41,31.51,62.93,1020,2100,1,None
2026-06-02 07:42:45.570095,427.446,30.97,31.47,62.44,1020,2100,1,None
2026-06-02 07:42:45.747242,427.620,30.76,31.55,62.31,1020,2100,1,None
2026-06-02 07:42:45.919326,427.798,32.60,31.56,64.17,1020,2100,1,None
2026-06-02 07:42:46.093456,427.970,30.00,31.39,61.38,1020,2100,1,None
2026-06-02 07:42:46.270158,428.144,30.61,31.50,62.11,960,2100,1,None
2026-06-02 07:42:46.443273,428.320,29.91,30.85,60.76,960,2100,1,None
2026-06-02 07:42:46.618947,428.494,31.40,30.86,62.26,960,2100,1,None
2026-06-02 07:42:46.817255,428.669,30.33,31.02,61.35,960,2100,1,None
2026-06-02 07:42:46.990149,428.868,30.96,30.88,61.84,930,2100,1,None
2026-06-02 07:42:47.169412,429.040,30.03,30.75,60.77,930,2100,1,None
2026-06-02 07:42:47.345437,429.220,30.38,30.89,61.26,930,2100,1,None
2026-06-02 07:42:47.522386,429.396,30.31,30.62,60.93,930,2100,1,None
2026-06-02 07:42:47.695278,429.573,30.65,30.67,61.32,930,2100,1,None
2026-06-02 07:42:47.870165,429.746,32.66,30.59,63.25,930,2100,1,None
2026-06-02 07:42:48.048881,429.920,30.72,30.52,61.24,930,2100,1,None
2026-06-02 07:42:48.222317,430.099,30.60,30.27,60.87,930,2100,1,None
2026-06-02 07:42:48.397846,430.273,32.12,30.46,62.58,930,2100,1,None
2026-06-02 07:42:48.591582,430.448,31.30,30.17,61.47,900,2100,1,None
2026-06-02 07:42:48.768372,430.642,32.09,30.18,62.27,900,2100,1,None
2026-06-02 07:42:48.942735,430.819,33.42,30.07,63.50,900,2100,1,None
2026-06-02 07:42:49.119684,430.993,30.62,30.09,60.71,900,2100,1,None
2026-06-02 07:42:49.298299,431.170,30.94,30.11,61.04,900,2100,1,None
2026-06-02 07:42:49.471946,431.349,30.28,30.01,60.29,900,2100,1,None
2026-06-02 07:42:49.648747,431.522,29.88,29.99,59.87,870,2100,1,None
2026-06-02 07:42:49.827956,431.699,31.28,29.24,60.52,870,2100,1,None
2026-06-02 07:42:50.006611,431.878,31.13,30.27,61.40,930,2100,1,None
2026-06-02 07:42:50.179701,432.057,30.62,30.59,61.21,930,2100,1,None
2026-06-02 07:42:50.354950,432.230,30.36,30.32,60.68,930,2100,1,None
2026-06-02 07:42:50.548763,432.405,30.68,30.54,61.22,930,2100,1,None
2026-06-02 07:42:50.726180,432.599,29.90,30.32,60.22,930,2100,1,None
2026-06-02 07:42:50.901212,432.776,30.98,30.25,61.23,930,2100,1,None
2026-06-02 07:42:51.077250,432.951,30.46,30.12,60.58,930,2100,1,None
2026-06-02 07:42:51.269039,433.127,31.01,30.27,61.28,930,2100,1,None
2026-06-02 07:42:51.447485,433.319,32.37,30.21,62.57,930,2100,1,None
2026-06-02 07:42:51.620249,433.498,32.14,30.12,62.27,930,2100,1,None
2026-06-02 07:42:51.794795,433.671,31.16,31.04,62.20,990,2100,1,None
2026-06-02 07:42:51.985935,433.845,31.99,31.04,63.03,990,2100,1,None
2026-06-02 07:42:52.162483,434.036,31.04,30.68,61.72,990,2100,1,None
2026-06-02 07:42:52.335331,434.213,30.95,30.86,61.81,990,2100,1,None
2026-06-02 07:42:52.507207,434.386,31.15,31.00,62.15,990,2100,1,None
2026-06-02 07:42:52.684219,434.557,35.32,30.99,66.32,990,2100,1,None
2026-06-02 07:42:52.856418,434.734,31.35,30.86,62.21,990,2100,1,None
2026-06-02 07:42:53.030488,434.907,32.06,30.84,62.90,990,2100,1,None
2026-06-02 07:42:53.207043,435.081,30.54,31.00,61.54,990,2100,1,None
2026-06-02 07:42:53.379385,435.257,31.65,30.73,62.38,990,2100,1,None
2026-06-02 07:42:53.554380,435.430,31.18,30.75,61.93,930,2100,1,None
2026-06-02 07:42:53.731508,435.605,29.79,30.30,60.09,930,2100,1,None
2026-06-02 07:42:53.904436,435.782,31.53,30.15,61.68,930,2100,1,None
2026-06-02 07:42:54.078806,435.955,30.75,29.98,60.73,930,2100,1,None
2026-06-02 07:42:54.270005,436.129,30.84,30.15,60.99,930,2100,1,None
2026-06-02 07:42:54.447107,436.320,31.12,29.84,60.97,900,2100,1,None
2026-06-02 07:42:54.625866,436.497,30.52,29.38,59.90,900,2100,1,None
2026-06-02 07:42:54.803929,436.676,30.65,30.30,60.96,960,2100,1,None
2026-06-02 07:42:54.976399,436.854,31.85,30.59,62.43,960,2100,1,None
2026-06-02 07:42:55.148992,437.027,30.94,30.60,61.54,960,2100,1,None
2026-06-02 07:42:55.327101,437.199,30.67,30.18,60.85,960,2100,1,None
2026-06-02 07:42:55.499363,437.377,30.91,30.29,61.19,960,2100,1,None
2026-06-02 07:42:55.673339,437.550,30.37,30.34,60.71,960,2100,1,None
2026-06-02 07:42:55.851451,437.724,30.82,30.26,61.09,960,2100,1,None
2026-06-02 07:42:56.024446,437.902,30.85,30.26,61.12,960,2100,1,None
2026-06-02 07:42:56.200123,438.075,31.91,30.20,62.12,960,2100,1,None
2026-06-02 07:42:56.394603,438.250,32.53,30.40,62.93,960,2100,1,None
2026-06-02 07:42:56.587879,438.445,30.81,30.25,61.06,930,2100,1,None
2026-06-02 07:42:56.761098,438.638,31.93,29.90,61.84,930,2100,1,None
2026-06-02 07:42:56.937297,438.811,32.58,29.85,62.43,900,2100,1,None
2026-06-02 07:42:57.110795,438.988,30.56,29.52,60.08,900,2100,1,None
2026-06-02 07:42:57.287418,439.161,31.22,29.48,60.69,900,2100,1,None
2026-06-02 07:42:57.480539,439.338,29.79,29.59,59.37,900,2100,1,None
2026-06-02 07:42:57.657036,439.531,30.30,29.48,59.77,900,2100,1,None
2026-06-02 07:42:57.832860,439.707,30.44,29.50,59.94,900,2100,1,None
2026-06-02 07:42:58.009841,439.883,31.34,29.52,60.86,900,2100,1,None
2026-06-02 07:42:58.202229,440.060,31.21,29.50,60.70,900,2100,1,None
2026-06-02 07:42:58.398557,440.252,32.67,29.24,61.91,900,2100,1,None
2026-06-02 07:42:58.574227,440.449,31.54,29.29,60.83,900,2100,1,None
2026-06-02 07:42:58.753333,440.624,31.31,29.19,60.49,870,2100,1,None
2026-06-02 07:42:58.927285,440.804,32.97,28.82,61.79,900,2100,1,None
2026-06-02 07:42:59.108096,440.978,31.09,29.24,60.33,900,2100,1,None
2026-06-02 07:42:59.281978,441.158,30.76,29.35,60.11,900,2100,1,None
2026-06-02 07:42:59.459135,441.332,31.64,30.34,61.98,990,2100,1,None
2026-06-02 07:42:59.631018,441.509,30.81,30.34,61.15,990,2100,1,None
2026-06-02 07:42:59.805777,441.681,30.90,30.52,61.42,990,2100,1,None
2026-06-02 07:42:59.983157,441.856,35.73,30.17,65.91,990,2100,1,None
2026-06-02 07:43:00.155403,442.033,30.40,30.07,60.47,990,2100,1,None
2026-06-02 07:43:00.329513,442.206,32.50,30.27,62.76,990,2100,1,None
2026-06-02 07:43:00.507449,442.380,31.02,30.30,61.32,990,2100,1,None
2026-06-02 07:43:00.679623,442.558,31.10,30.35,61.45,990,2100,1,None
2026-06-02 07:43:00.853984,442.730,31.23,30.50,61.73,990,2100,1,None
2026-06-02 07:43:01.031200,442.904,31.05,30.36,61.41,990,2100,1,None
2026-06-02 07:43:01.203119,443.081,31.37,30.29,61.65,990,2100,1,None
2026-06-02 07:43:01.377212,443.253,31.04,30.46,61.50,990,2100,1,None
2026-06-02 07:43:01.569730,443.427,32.14,30.34,62.47,990,2100,1,None
2026-06-02 07:43:01.743004,443.620,31.30,30.18,61.47,990,2100,1,None
2026-06-02 07:43:01.922514,443.793,31.82,30.34,62.16,990,2100,1,None
2026-06-02 07:43:02.094544,443.973,29.98,30.49,60.47,990,2100,1,None
2026-06-02 07:43:02.267544,444.145,31.19,30.83,62.02,1020,2100,1,None
2026-06-02 07:43:02.455545,444.318,31.92,30.81,62.73,1020,2100,1,None
2026-06-02 07:43:02.630076,444.506,30.77,30.91,61.67,1020,2100,1,None
2026-06-02 07:43:02.810076,444.680,31.41,31.05,62.46,1020,2100,1,None
2026-06-02 07:43:02.985000,444.860,34.27,31.04,65.31,1020,2100,1,None
2026-06-02 07:43:03.157963,445.035,30.77,30.65,61.42,1020,2100,1,None
2026-06-02 07:43:03.333221,445.208,31.24,30.49,61.73,1020,2100,1,None
2026-06-02 07:43:03.509375,445.384,31.74,30.50,62.25,1020,2100,1,None
2026-06-02 07:43:03.681330,445.560,31.40,30.46,61.86,1020,2100,1,None
2026-06-02 07:43:03.856018,445.732,31.34,30.62,61.97,1020,2100,1,None
2026-06-02 07:43:04.032492,445.906,32.33,30.64,62.97,960,2100,1,None
2026-06-02 07:43:04.206227,446.083,30.90,29.94,60.84,960,2100,1,None
2026-06-02 07:43:04.381986,446.257,30.61,30.26,60.87,960,2100,1,None
2026-06-02 07:43:04.565142,446.432,30.53,30.04,60.57,930,2100,1,None
2026-06-02 07:43:04.739190,446.615,31.18,29.64,60.82,930,2100,1,None
2026-06-02 07:43:04.914283,446.789,32.16,30.16,62.32,990,2100,1,None
2026-06-02 07:43:05.089773,446.965,29.87,30.19,60.06,990,2100,1,None
2026-06-02 07:43:05.262800,447.140,30.79,30.32,61.11,990,2100,1,None
2026-06-02 07:43:05.439381,447.313,33.67,30.48,64.15,990,2100,1,None
2026-06-02 07:43:05.613861,447.490,31.19,30.27,61.46,990,2100,1,None
2026-06-02 07:43:05.792367,447.664,30.47,30.36,60.84,990,2100,1,None
2026-06-02 07:43:05.981618,447.843,32.99,30.20,63.19,990,2100,1,None
2026-06-02 07:43:06.158801,448.032,30.81,30.10,60.91,990,2100,1,None
2026-06-02 07:43:06.347769,448.209,31.17,30.19,61.36,990,2100,1,None
2026-06-02 07:43:06.523333,448.398,31.24,30.13,61.37,990,2100,1,None
2026-06-02 07:43:06.701449,448.574,32.05,29.75,61.81,960,2100,1,None
2026-06-02 07:43:06.879954,448.752,31.01,29.79,60.80,960,2100,1,None
2026-06-02 07:43:07.053160,448.930,30.75,29.88,60.63,960,2100,1,None
2026-06-02 07:43:07.228306,449.103,30.99,30.00,61.00,960,2100,1,None
2026-06-02 07:43:07.405854,449.279,30.04,29.74,59.77,930,2100,1,None
2026-06-02 07:43:07.578864,449.456,30.03,29.21,59.24,930,2100,1,None
2026-06-02 07:43:07.752782,449.629,30.15,29.63,59.78,930,2100,1,None
2026-06-02 07:43:07.945678,449.803,34.19,29.47,63.65,930,2100,1,None
2026-06-02 07:43:08.120043,449.996,30.55,29.51,60.06,930,2100,1,None
2026-06-02 07:43:08.313443,450.170,30.50,29.43,59.93,930,2100,1,None
2026-06-02 07:43:08.489180,450.364,32.32,29.53,61.85,900,2100,1,None
2026-06-02 07:43:08.664785,450.539,30.33,29.11,59.44,900,2100,1,None
2026-06-02 07:43:08.840372,450.715,32.66,29.08,61.74,900,2100,1,None
2026-06-02 07:43:09.018658,450.891,32.71,29.25,61.96,900,2100,1,None
2026-06-02 07:43:09.198954,451.069,31.35,29.14,60.49,900,2100,1,None
2026-06-02 07:43:09.396025,451.249,30.62,29.11,59.72,900,2100,1,None
2026-06-02 07:43:09.571922,451.446,30.92,28.93,59.85,900,2100,1,None
2026-06-02 07:43:09.749757,451.622,30.93,28.81,59.74,900,2100,1,None
2026-06-02 07:43:09.923568,451.800,31.89,28.79,60.68,900,2100,1,None
2026-06-02 07:43:10.099849,451.974,30.52,28.82,59.34,870,2100,1,None
2026-06-02 07:43:10.294231,452.150,30.60,28.37,58.97,870,2100,1,None
2026-06-02 07:43:10.473709,452.345,31.64,28.79,60.43,870,2100,1,None
2026-06-02 07:43:10.647530,452.524,30.61,28.92,59.54,870,2100,1,None
2026-06-02 07:43:10.823928,452.698,31.43,28.78,60.21,870,2100,1,None
2026-06-02 07:43:11.001821,452.874,34.15,28.96,63.10,870,2100,1,None
2026-06-02 07:43:11.176778,453.052,31.43,28.77,60.21,870,2100,1,None
2026-06-02 07:43:11.354815,453.227,30.55,28.57,59.12,870,2100,1,None
2026-06-02 07:43:11.529743,453.405,30.57,28.19,58.76,870,2100,1,None
2026-06-02 07:43:11.707389,453.580,32.62,28.09,60.71,870,2100,1,None
2026-06-02 07:43:11.892306,453.758,33.55,28.13,61.68,840,2100,1,None
2026-06-02 07:43:12.070680,453.943,30.45,27.46,57.91,870,2100,1,None
2026-06-02 07:43:12.245819,454.121,30.26,28.23,58.49,870,2100,1,None
2026-06-02 07:43:12.422357,454.296,30.57,28.28,58.85,870,2100,1,None
2026-06-02 07:43:12.617937,454.473,30.22,28.60,58.82,870,2100,1,None
2026-06-02 07:43:12.796947,454.668,29.86,28.40,58.26,870,2100,1,None
2026-06-02 07:43:12.988710,454.847,31.88,28.19,60.07,870,2100,1,None
2026-06-02 07:43:13.185583,455.039,30.57,28.28,58.85,870,2100,1,None
2026-06-02 07:43:13.362237,455.236,31.82,28.16,59.98,870,2100,1,None
2026-06-02 07:43:13.542099,455.412,30.36,28.50,58.85,870,2100,1,None
2026-06-02 07:43:13.715877,455.592,30.86,28.68,59.54,870,2100,1,None
2026-06-02 07:43:13.895418,455.766,30.54,28.33,58.87,840,2100,1,None
2026-06-02 07:43:14.071105,455.946,30.35,27.55,57.90,840,2100,1,None
2026-06-02 07:43:14.250563,456.121,30.73,27.64,58.37,840,2100,1,None
2026-06-02 07:43:14.428056,456.301,29.86,27.75,57.61,840,2100,1,None
2026-06-02 07:43:14.601605,456.478,31.48,28.65,60.13,900,2100,1,None
2026-06-02 07:43:14.779470,456.652,31.05,28.60,59.65,900,2100,1,None
2026-06-02 07:43:14.954800,456.830,32.34,28.69,61.03,900,2100,1,None
2026-06-02 07:43:15.131793,457.005,30.60,28.74,59.34,900,2100,1,None
2026-06-02 07:43:15.306051,457.182,30.13,28.59,58.72,900,2100,1,None
2026-06-02 07:43:15.481746,457.356,32.46,28.51,60.97,900,2100,1,None
2026-06-02 07:43:15.662020,457.532,31.83,28.61,60.44,900,2100,1,None
2026-06-02 07:43:15.839572,457.712,33.12,28.43,61.55,900,2100,1,None
2026-06-02 07:43:16.034119,457.890,31.27,28.90,60.18,930,2100,1,None
2026-06-02 07:43:16.209461,458.084,30.64,28.94,59.58,930,2100,1,None
2026-06-02 07:43:16.388283,458.260,30.74,29.06,59.80,930,2100,1,None
2026-06-02 07:43:16.561355,458.438,31.67,28.92,60.59,930,2100,1,None
2026-06-02 07:43:16.738635,458.612,31.53,28.81,60.34,930,2100,1,None
2026-06-02 07:43:16.913753,458.789,31.24,28.95,60.19,930,2100,1,None
2026-06-02 07:43:17.089534,458.964,31.27,29.02,60.29,930,2100,1,None
2026-06-02 07:43:17.283012,459.140,29.50,28.52,58.03,930,2100,1,None
2026-06-02 07:43:17.461400,459.333,30.04,29.04,59.07,930,2100,1,None
2026-06-02 07:43:17.634154,459.512,30.65,29.07,59.72,930,2100,1,None
2026-06-02 07:43:17.808695,459.684,30.73,29.92,60.64,1020,2100,1,None
2026-06-02 07:43:17.998922,459.859,34.35,29.97,64.32,1020,2100,1,None
2026-06-02 07:43:18.174899,460.049,31.89,30.07,61.96,1020,2100,1,None
2026-06-02 07:43:18.348796,460.225,30.79,30.00,60.80,1020,2100,1,None
2026-06-02 07:43:18.520362,460.399,31.36,30.53,61.89,1020,2100,1,None
2026-06-02 07:43:18.696846,460.571,29.18,30.10,59.29,1020,2100,1,None
2026-06-02 07:43:18.871463,460.747,30.82,29.98,60.80,1020,2100,1,None
2026-06-02 07:43:19.043654,460.922,31.34,30.04,61.38,1020,2100,1,None
2026-06-02 07:43:19.233486,461.094,30.59,30.01,60.60,1020,2100,1,None
2026-06-02 07:43:19.407194,461.284,32.05,29.85,61.90,1020,2100,1,None
2026-06-02 07:43:19.587718,461.457,30.95,29.15,60.10,960,2100,1,None
2026-06-02 07:43:19.763144,461.638,30.93,29.27,60.20,960,2100,1,None
2026-06-02 07:43:19.936134,461.813,30.78,28.89,59.68,960,2100,1,None
2026-06-02 07:43:20.109182,461.986,29.53,29.22,58.76,960,2100,1,None
2026-06-02 07:43:20.292255,462.159,29.73,29.50,59.23,930,2100,1,None
2026-06-02 07:43:20.467645,462.343,30.79,29.11,59.90,930,2100,1,None
2026-06-02 07:43:20.640277,462.518,30.85,29.95,60.80,1020,2100,1,None
2026-06-02 07:43:20.829104,462.691,28.84,30.12,58.96,1020,2100,1,None
2026-06-02 07:43:21.004409,462.879,33.38,30.08,63.45,1020,2100,1,None
2026-06-02 07:43:21.182097,463.055,31.10,30.31,61.41,1020,2100,1,None
2026-06-02 07:43:21.357820,463.232,30.37,30.07,60.45,1020,2100,1,None
2026-06-02 07:43:21.533576,463.408,30.57,29.96,60.52,1020,2100,1,None
2026-06-02 07:43:21.704895,463.584,30.65,29.99,60.64,1020,2100,1,None
2026-06-02 07:43:21.880806,463.755,31.93,29.87,61.80,1020,2100,1,None
2026-06-02 07:43:22.052296,463.931,31.56,29.77,61.33,1020,2100,1,None
2026-06-02 07:43:22.224711,464.103,30.83,29.94,60.77,1035,2100,1,None
2026-06-02 07:43:22.402367,464.275,29.41,30.15,59.56,1035,2100,1,None
2026-06-02 07:43:22.573643,464.453,30.16,30.41,60.56,1035,2100,1,None
2026-06-02 07:43:22.747623,464.624,30.05,30.09,60.15,1035,2100,1,None
2026-06-02 07:43:22.923573,464.798,31.08,30.54,61.62,1035,2100,1,None
2026-06-02 07:43:23.095336,464.974,33.40,30.54,63.94,1035,2100,1,None
2026-06-02 07:43:23.268330,465.146,31.57,30.58,62.15,1035,2100,1,None
2026-06-02 07:43:23.444153,465.319,32.53,30.55,63.08,1035,2100,1,None
2026-06-02 07:43:23.616779,465.494,31.45,30.64,62.09,1035,2100,1,None
2026-06-02 07:43:23.788369,465.667,30.28,30.61,60.89,1035,2100,1,None
2026-06-02 07:43:23.963987,465.839,31.98,30.83,62.81,960,2100,1,None
2026-06-02 07:43:24.139008,466.014,31.14,29.26,60.40,960,2100,1,None
2026-06-02 07:43:24.311058,466.189,31.23,29.27,60.50,960,2100,1,None
2026-06-02 07:43:24.487406,466.361,31.09,29.01,60.10,960,2100,1,None
2026-06-02 07:43:24.665675,466.538,30.61,28.97,59.58,960,2100,1,None
2026-06-02 07:43:24.839557,466.716,31.09,29.15,60.25,960,2100,1,None
2026-06-02 07:43:25.016015,466.890,34.02,29.04,63.05,930,2100,1,None
2026-06-02 07:43:25.190283,467.066,30.73,29.00,59.72,930,2100,1,None
2026-06-02 07:43:25.368212,467.241,30.23,28.67,58.89,930,2100,1,None
2026-06-02 07:43:25.559361,467.418,30.78,28.54,59.32,930,2100,1,None
2026-06-02 07:43:25.736225,467.610,30.79,28.71,59.50,900,2100,1,None
2026-06-02 07:43:25.911781,467.787,30.82,28.48,59.30,900,2100,1,None
2026-06-02 07:43:26.083826,467.962,30.78,29.61,60.38,990,2100,1,None
2026-06-02 07:43:26.260149,468.134,30.26,29.78,60.04,990,2100,1,None
2026-06-02 07:43:26.434240,468.310,31.29,29.80,61.09,990,2100,1,None
2026-06-02 07:43:26.605987,468.484,31.19,29.53,60.72,990,2100,1,None
2026-06-02 07:43:26.781716,468.656,31.70,29.08,60.78,990,2100,1,None
2026-06-02 07:43:26.953504,468.832,33.62,29.44,63.06,990,2100,1,None
2026-06-02 07:43:27.127337,469.004,30.03,29.37,59.41,990,2100,1,None
2026-06-02 07:43:27.305272,469.178,30.78,29.39,60.16,990,2100,1,None
2026-06-02 07:43:27.478000,469.356,32.02,29.35,61.37,990,2100,1,None
2026-06-02 07:43:27.653155,469.528,30.00,29.36,59.36,990,2100,1,None
2026-06-02 07:43:27.847551,469.703,30.80,29.32,60.12,930,2100,1,None
2026-06-02 07:43:28.040194,469.898,32.09,27.90,59.99,930,2100,1,None
2026-06-02 07:43:28.215215,470.090,30.72,28.43,59.15,930,2100,1,None
2026-06-02 07:43:28.413527,470.265,33.79,28.76,62.55,900,2100,1,None
2026-06-02 07:43:28.586963,470.464,30.79,28.23,59.02,900,2100,1,None
2026-06-02 07:43:28.765277,470.637,31.74,28.17,59.91,900,2100,1,None
2026-06-02 07:43:28.940787,470.816,31.37,28.06,59.43,900,2100,1,None
2026-06-02 07:43:29.118007,470.991,30.27,28.70,58.97,960,2100,1,None
2026-06-02 07:43:29.290432,471.168,31.26,28.91,60.18,960,2100,1,None
2026-06-02 07:43:29.463938,471.341,30.59,28.83,59.42,960,2100,1,None
2026-06-02 07:43:29.640688,471.514,30.45,28.66,59.11,960,2100,1,None
2026-06-02 07:43:29.812952,471.691,31.18,28.82,60.00,960,2100,1,None
2026-06-02 07:43:29.988898,471.863,32.74,28.64,61.38,960,2100,1,None
2026-06-02 07:43:30.167110,472.039,30.73,28.77,59.51,960,2100,1,None
2026-06-02 07:43:30.339151,472.217,31.15,28.85,60.01,960,2100,1,None
2026-06-02 07:43:30.512883,472.389,31.17,29.65,60.82,1020,2100,1,None
2026-06-02 07:43:30.689084,472.563,32.70,29.02,61.72,1020,2100,1,None
2026-06-02 07:43:30.860398,472.739,31.12,29.06,60.17,1020,2100,1,None
2026-06-02 07:43:31.034081,472.911,33.56,29.13,62.69,1020,2100,1,None
2026-06-02 07:43:31.209382,473.084,30.89,29.50,60.39,1020,2100,1,None
2026-06-02 07:43:31.380847,473.260,30.85,29.35,60.20,1020,2100,1,None
2026-06-02 07:43:31.552505,473.431,30.81,29.57,60.38,1020,2100,1,None
2026-06-02 07:43:31.728627,473.603,30.59,29.50,60.09,1020,2100,1,None
2026-06-02 07:43:31.903500,473.779,30.85,29.52,60.36,1020,2100,1,None
2026-06-02 07:43:32.077649,473.954,31.83,29.68,61.51,1020,2100,1,None
2026-06-02 07:43:32.267119,474.128,31.85,29.76,61.61,960,2100,1,None
2026-06-02 07:43:32.443268,474.317,30.74,28.68,59.42,930,2100,1,None
2026-06-02 07:43:32.620212,474.494,32.33,28.61,60.93,930,2100,1,None
2026-06-02 07:43:32.796704,474.670,30.92,28.41,59.33,930,2100,1,None
2026-06-02 07:43:32.975662,474.847,32.51,28.22,60.73,930,2100,1,None
2026-06-02 07:43:33.172269,475.026,31.12,28.80,59.92,960,2100,1,None
2026-06-02 07:43:33.344968,475.223,31.21,28.84,60.05,960,2100,1,None
2026-06-02 07:43:33.538195,475.395,31.10,29.23,60.33,960,2100,1,None
2026-06-02 07:43:33.714617,475.588,30.69,29.01,59.70,960,2100,1,None
2026-06-02 07:43:33.891353,475.765,31.01,29.29,60.30,960,2100,1,None
2026-06-02 07:43:34.064339,475.942,34.31,29.37,63.68,960,2100,1,None
2026-06-02 07:43:34.239884,476.115,31.00,29.12,60.12,960,2100,1,None
2026-06-02 07:43:34.416027,476.290,32.34,28.97,61.31,960,2100,1,None
2026-06-02 07:43:34.591525,476.466,31.87,28.95,60.82,960,2100,1,None
2026-06-02 07:43:34.767460,476.642,30.28,28.79,59.07,960,2100,1,None
2026-06-02 07:43:34.957606,476.818,30.59,28.49,59.08,930,2100,1,None
2026-06-02 07:43:35.134477,477.008,30.13,28.56,58.69,930,2100,1,None
2026-06-02 07:43:35.314171,477.185,31.23,28.55,59.78,930,2100,1,None
2026-06-02 07:43:35.511506,477.364,30.52,28.51,59.03,930,2100,1,None
2026-06-02 07:43:35.684709,477.562,29.99,28.15,58.13,930,2100,1,None
2026-06-02 07:43:35.860368,477.735,30.98,28.43,59.42,900,2100,1,None
2026-06-02 07:43:36.038715,477.911,33.59,28.10,61.70,900,2100,1,None
2026-06-02 07:43:36.221343,478.089,30.61,28.61,59.22,900,2100,1,None
2026-06-02 07:43:36.394733,478.272,31.37,28.03,59.40,900,2100,1,None
2026-06-02 07:43:36.568066,478.445,35.48,29.59,65.07,990,2100,1,None
2026-06-02 07:43:36.746123,478.618,31.80,28.95,60.74,990,2100,1,None
2026-06-02 07:43:36.919636,478.796,30.63,29.05,59.68,990,2100,1,None
2026-06-02 07:43:37.112031,478.970,31.75,29.43,61.18,990,2100,1,None
2026-06-02 07:43:37.285419,479.162,30.76,29.47,60.24,990,2100,1,None
2026-06-02 07:43:37.461573,479.336,30.23,29.33,59.55,990,2100,1,None
2026-06-02 07:43:37.634490,479.512,30.62,29.16,59.77,990,2100,1,None
2026-06-02 07:43:37.810719,479.685,30.92,29.35,60.27,990,2100,1,None
2026-06-02 07:43:37.999860,479.861,30.34,29.30,59.64,990,2100,1,None
2026-06-02 07:43:38.177066,480.050,30.19,28.90,59.09,990,2100,1,None
2026-06-02 07:43:38.359041,480.227,32.62,28.54,61.15,930,2100,1,None
2026-06-02 07:43:38.537603,480.409,31.29,28.53,59.82,930,2100,1,None
2026-06-02 07:43:38.724475,480.588,34.13,28.50,62.63,930,2100,1,None
2026-06-02 07:43:38.896243,480.775,31.79,29.20,60.99,1185,2100,1,None
2026-06-02 07:43:39.066116,480.947,32.93,54.17,87.10,1185,2100,1,None
2026-06-02 07:43:39.235346,481.116,31.23,54.33,85.56,1185,2100,1,None
2026-06-02 07:43:39.407002,481.286,31.59,54.33,85.92,1185,2100,1,None
2026-06-02 07:43:39.575624,481.457,30.71,54.27,84.98,1185,2100,1,None
2026-06-02 07:43:39.746113,481.626,30.54,54.52,85.06,1185,2100,1,None
2026-06-02 07:43:39.919207,481.796,31.11,54.45,85.56,1185,2100,1,None
2026-06-02 07:43:40.089296,481.969,31.69,54.42,86.11,1185,2100,1,None
2026-06-02 07:43:40.258263,482.140,30.44,54.51,84.95,1185,2100,1,None
2026-06-02 07:43:40.431351,482.309,31.09,54.62,85.70,1185,2100,1,None
2026-06-02 07:43:40.600195,482.482,30.55,54.60,85.15,1185,2100,1,None
2026-06-02 07:43:40.771881,482.650,31.10,29.88,60.98,1035,2100,1,None
2026-06-02 07:43:40.948029,482.822,31.20,30.74,61.94,1020,2100,1,None
2026-06-02 07:43:41.123233,482.998,30.92,29.73,60.65,1020,2100,1,None
2026-06-02 07:43:41.295605,483.173,31.21,29.91,61.12,1020,2100,1,None
2026-06-02 07:43:41.487074,483.346,30.29,29.77,60.07,990,2100,1,None
2026-06-02 07:43:41.663400,483.537,30.52,29.55,60.07,990,2100,1,None
2026-06-02 07:43:41.835914,483.714,30.77,29.55,60.32,990,2100,1,None
2026-06-02 07:43:42.009363,483.886,39.01,30.04,69.05,1035,2100,1,None
2026-06-02 07:43:42.184125,484.060,37.29,30.70,67.99,1035,2100,1,None
2026-06-02 07:43:42.355677,484.234,32.21,30.80,63.01,1035,2100,1,None
2026-06-02 07:43:42.526686,484.406,31.82,30.57,62.40,1035,2100,1,None
2026-06-02 07:43:42.719796,484.577,29.92,30.79,60.71,1035,2100,1,None
2026-06-02 07:43:42.892267,484.770,29.94,30.94,60.88,1035,2100,1,None
2026-06-02 07:43:43.068638,484.943,32.40,30.96,63.37,1035,2100,1,None
2026-06-02 07:43:43.240568,485.119,30.65,30.59,61.24,1035,2100,1,None
2026-06-02 07:43:43.410102,485.291,32.44,53.14,85.58,1065,2100,1,None
2026-06-02 07:43:43.583759,485.460,30.54,53.45,83.99,1065,2100,1,None
2026-06-02 07:43:43.753930,485.634,31.33,53.44,84.77,1065,2100,1,None
2026-06-02 07:43:43.925843,485.804,29.76,53.34,83.10,1065,2100,1,None
2026-06-02 07:43:44.098782,485.976,34.39,53.27,87.66,1065,2100,1,None
2026-06-02 07:43:44.271098,486.149,30.29,53.35,83.64,1065,2100,1,None
2026-06-02 07:43:44.440636,486.321,30.89,53.38,84.26,1065,2100,1,None
2026-06-02 07:43:44.613270,486.491,30.43,53.41,83.85,1065,2100,1,None
2026-06-02 07:43:44.783640,486.664,30.45,53.43,83.88,1065,2100,1,None
2026-06-02 07:43:44.955257,486.834,31.12,53.41,84.52,1065,2100,1,None
2026-06-02 07:43:45.133298,487.005,31.30,53.10,84.40,930,2100,1,None
2026-06-02 07:43:45.306949,487.184,30.91,29.11,60.02,930,2100,1,None
2026-06-02 07:43:45.481895,487.357,30.31,29.27,59.58,930,2100,1,None
2026-06-02 07:43:45.658498,487.532,30.75,28.81,59.56,930,2100,1,None
2026-06-02 07:43:45.832551,487.709,31.68,29.07,60.75,930,2100,1,None
2026-06-02 07:43:46.008161,487.883,32.76,29.04,61.80,930,2100,1,None
2026-06-02 07:43:46.187300,488.058,30.53,29.14,59.67,900,2100,1,None
2026-06-02 07:43:46.360518,488.238,30.30,28.60,58.90,900,2100,1,None
2026-06-02 07:43:46.538565,488.411,30.52,28.60,59.12,900,2100,1,None
2026-06-02 07:43:46.716195,488.589,30.59,28.91,59.50,900,2100,1,None
2026-06-02 07:43:46.895192,488.766,31.08,28.69,59.77,900,2100,1,None
2026-06-02 07:43:47.068682,488.945,32.91,28.73,61.64,900,2100,1,None
2026-06-02 07:43:47.241934,489.119,30.86,29.27,60.13,960,2100,1,None
2026-06-02 07:43:47.433543,489.292,30.74,29.43,60.18,960,2100,1,None
2026-06-02 07:43:47.628434,489.484,30.76,28.99,59.75,960,2100,1,None
2026-06-02 07:43:47.804141,489.679,30.20,28.77,58.98,960,2100,1,None
2026-06-02 07:43:47.982798,489.854,30.72,29.04,59.75,960,2100,1,None
2026-06-02 07:43:48.155135,490.033,30.91,29.18,60.09,960,2100,1,None
2026-06-02 07:43:48.330414,490.205,30.65,29.04,59.68,960,2100,1,None
2026-06-02 07:43:48.521107,490.381,30.71,28.90,59.61,960,2100,1,None
2026-06-02 07:43:48.696538,490.571,30.86,28.66,59.53,960,2100,1,None
2026-06-02 07:43:48.874393,490.747,31.63,28.74,60.37,960,2100,1,None
2026-06-02 07:43:49.047615,490.925,31.79,29.13,60.92,960,2100,1,None
2026-06-02 07:43:49.225821,491.098,30.65,28.88,59.53,960,2100,1,None
2026-06-02 07:43:49.402118,491.276,30.60,29.00,59.60,960,2100,1,None
2026-06-02 07:43:49.579664,491.452,30.62,29.13,59.75,930,2100,1,None
2026-06-02 07:43:49.760800,491.630,33.89,28.71,62.59,960,2100,1,None
2026-06-02 07:43:49.936391,491.811,32.93,29.18,62.11,960,2100,1,None
2026-06-02 07:43:50.110240,491.987,35.56,29.08,64.64,960,2100,1,None
2026-06-02 07:43:50.284303,492.160,31.80,29.33,61.13,990,2100,1,None
2026-06-02 07:43:50.460384,492.335,32.65,29.31,61.96,990,2100,1,None
2026-06-02 07:43:50.633489,492.511,31.84,29.30,61.14,990,2100,1,None
2026-06-02 07:43:50.807246,492.684,31.95,29.34,61.29,990,2100,1,None
2026-06-02 07:43:50.982680,492.857,30.54,29.09,59.62,990,2100,1,None
2026-06-02 07:43:51.155260,493.033,31.54,29.04,60.57,990,2100,1,None
2026-06-02 07:43:51.328412,493.205,31.10,29.38,60.48,990,2100,1,None
2026-06-02 07:43:51.504143,493.379,30.57,29.30,59.87,990,2100,1,None
2026-06-02 07:43:51.676558,493.554,30.90,29.15,60.04,990,2100,1,None
2026-06-02 07:43:51.849983,493.727,30.15,29.27,59.41,990,2100,1,None
2026-06-02 07:43:52.026954,493.900,30.25,29.30,59.55,930,2100,1,None
2026-06-02 07:43:52.202652,494.077,30.13,28.40,58.53,930,2100,1,None
2026-06-02 07:43:52.446330,494.253,30.34,28.71,59.05,915,2100,1,None
2026-06-02 07:43:52.617383,494.497,30.52,29.48,59.99,1125,2100,1,None
2026-06-02 07:43:52.791096,494.668,31.09,53.61,84.70,1125,2100,1,None
2026-06-02 07:43:52.964030,494.841,31.88,53.73,85.61,1125,2100,1,None
2026-06-02 07:43:53.136647,495.014,31.42,53.72,85.14,1125,2100,1,None
2026-06-02 07:43:53.307399,495.187,31.42,53.70,85.12,1125,2100,1,None
2026-06-02 07:43:53.476485,495.358,32.02,53.66,85.68,1125,2100,1,None
2026-06-02 07:43:53.649458,495.527,30.55,53.68,84.24,1125,2100,1,None
2026-06-02 07:43:53.819653,495.700,30.33,53.66,83.99,1125,2100,1,None
2026-06-02 07:43:53.988674,495.870,29.56,53.68,83.24,1125,2100,1,None
2026-06-02 07:43:54.163163,496.039,31.52,53.51,85.03,1125,2100,1,None
2026-06-02 07:43:54.332865,496.213,30.56,53.59,84.15,1125,2100,1,None
2026-06-02 07:43:54.504453,496.383,30.65,30.25,60.90,1035,2100,1,None
2026-06-02 07:43:54.682639,496.555,30.89,30.32,61.20,1035,2100,1,None
2026-06-02 07:43:54.853570,496.733,31.43,30.51,61.94,1035,2100,1,None
2026-06-02 07:43:55.027663,496.904,30.62,30.47,61.09,1035,2100,1,None
2026-06-02 07:43:55.203080,497.078,30.10,30.49,60.59,1035,2100,1,None
2026-06-02 07:43:55.377312,497.253,30.53,30.48,61.01,1035,2100,1,None
2026-06-02 07:43:55.551265,497.428,30.26,30.35,60.62,1035,2100,1,None
2026-06-02 07:43:55.726335,497.601,29.82,30.14,59.96,1035,2100,1,None
2026-06-02 07:43:55.898991,497.777,29.67,30.29,59.96,1035,2100,1,None
2026-06-02 07:43:56.071609,497.949,30.92,30.17,61.09,1035,2100,1,None
2026-06-02 07:43:56.246307,498.122,30.01,30.51,60.52,1035,2100,1,None
2026-06-02 07:43:56.421698,498.297,29.96,30.09,60.05,945,2100,1,None
2026-06-02 07:43:56.599015,498.472,30.09,29.23,59.32,945,2100,1,None
2026-06-02 07:43:56.791187,498.649,29.79,29.01,58.80,945,2100,1,None
2026-06-02 07:43:56.966286,498.841,30.54,29.06,59.60,945,2100,1,None
2026-06-02 07:43:57.141859,499.017,31.86,28.80,60.66,945,2100,1,None
2026-06-02 07:43:57.313885,499.192,32.27,29.08,61.36,975,2100,1,None
2026-06-02 07:43:57.489782,499.364,31.04,29.22,60.26,975,2100,1,None
2026-06-02 07:43:57.661976,499.540,29.84,29.11,58.95,975,2100,1,None
2026-06-02 07:43:57.834440,499.712,29.85,29.72,59.57,975,2100,1,None
2026-06-02 07:43:58.011586,499.885,30.99,29.78,60.77,975,2100,1,None
2026-06-02 07:43:58.184661,500.062,30.61,29.44,60.05,975,2100,1,None
2026-06-02 07:43:58.356913,500.235,32.52,29.55,62.07,975,2100,1,None
2026-06-02 07:43:58.549520,500.407,30.33,29.59,59.93,975,2100,1,None
2026-06-02 07:43:58.722075,500.600,29.30,29.44,58.74,975,2100,1,None
2026-06-02 07:43:58.900610,500.772,29.41,29.25,58.66,975,2100,1,None
2026-06-02 07:43:59.072997,500.951,31.08,29.73,60.81,945,2100,1,None
2026-06-02 07:43:59.250245,501.123,30.28,29.55,59.84,915,2100,1,None
2026-06-02 07:43:59.445069,501.301,31.40,28.87,60.27,915,2100,1,None
2026-06-02 07:43:59.623021,501.495,29.60,28.86,58.45,915,2100,1,None
2026-06-02 07:43:59.796961,501.673,30.22,28.91,59.14,915,2100,1,None
2026-06-02 07:43:59.973796,501.847,30.26,28.56,58.82,915,2100,1,None
2026-06-02 07:44:00.166420,502.024,32.48,28.86,61.34,915,2100,1,None
2026-06-02 07:44:00.343549,502.217,30.88,28.51,59.39,915,2100,1,None
2026-06-02 07:44:00.521758,502.394,31.13,28.54,59.67,915,2100,1,None
2026-06-02 07:44:00.698307,502.572,29.64,28.78,58.42,915,2100,1,None
2026-06-02 07:44:00.872366,502.749,30.13,28.65,58.77,915,2100,1,None
2026-06-02 07:44:01.046622,502.923,31.82,29.02,60.84,885,2100,1,None
2026-06-02 07:44:01.243176,503.097,32.44,28.54,60.98,885,2100,1,None
2026-06-02 07:44:01.426155,503.293,32.21,28.76,60.97,885,2100,1,None
2026-06-02 07:44:01.600717,503.476,31.16,28.22,59.38,885,2100,1,None
2026-06-02 07:44:01.775051,503.651,30.20,29.75,59.95,975,2100,1,None
2026-06-02 07:44:01.953790,503.825,29.97,29.84,59.81,975,2100,1,None
2026-06-02 07:44:02.149340,504.004,33.21,29.72,62.93,975,2100,1,None
2026-06-02 07:44:02.321602,504.200,31.10,30.07,61.17,975,2100,1,None
2026-06-02 07:44:02.498232,504.372,30.63,30.03,60.66,975,2100,1,None
2026-06-02 07:44:02.672610,504.548,29.91,29.99,59.90,975,2100,1,None
2026-06-02 07:44:02.845519,504.723,30.73,30.08,60.81,975,2100,1,None
2026-06-02 07:44:03.040380,504.896,30.74,29.82,60.56,975,2100,1,None
2026-06-02 07:44:03.217960,505.091,30.56,29.96,60.52,975,2100,1,None
2026-06-02 07:44:03.390441,505.268,31.95,29.98,61.94,975,2100,1,None
2026-06-02 07:44:03.562017,505.441,29.90,30.10,60.00,1005,2100,1,None
2026-06-02 07:44:03.737407,505.612,30.31,30.31,60.62,1005,2100,1,None
2026-06-02 07:44:03.909574,505.788,30.26,30.13,60.39,1005,2100,1,None
2026-06-02 07:44:04.082231,505.960,31.55,30.17,61.71,1005,2100,1,None
2026-06-02 07:44:04.257419,506.132,30.06,30.04,60.10,1005,2100,1,None
2026-06-02 07:44:04.431635,506.308,31.72,30.01,61.74,1005,2100,1,None
2026-06-02 07:44:04.604432,506.482,29.93,30.17,60.10,1005,2100,1,None
2026-06-02 07:44:04.779508,506.655,33.72,29.82,63.54,1005,2100,1,None
2026-06-02 07:44:04.953590,506.830,46.09,29.95,76.04,1005,2100,1,None
2026-06-02 07:44:05.129622,507.004,34.55,29.88,64.42,1005,2100,1,None
2026-06-02 07:44:05.321763,507.180,29.51,30.34,59.85,975,2100,1,None
2026-06-02 07:44:05.499273,507.372,29.81,30.09,59.90,945,2100,1,None
2026-06-02 07:44:05.672597,507.550,29.19,29.77,58.96,945,2100,1,None
2026-06-02 07:44:05.846723,507.723,30.97,29.44,60.41,945,2100,1,None
2026-06-02 07:44:06.025450,507.897,30.65,29.32,59.96,945,2100,1,None
2026-06-02 07:44:06.198940,508.076,30.20,29.30,59.50,945,2100,1,None
2026-06-02 07:44:06.374108,508.249,31.05,29.24,60.29,945,2100,1,None
2026-06-02 07:44:06.551102,508.424,30.87,29.15,60.02,945,2100,1,None
2026-06-02 07:44:06.723778,508.601,31.21,29.07,60.28,945,2100,1,None
2026-06-02 07:44:06.900584,508.774,42.43,29.34,71.78,915,2100,1,None
2026-06-02 07:44:07.075652,508.951,30.07,28.77,58.84,915,2100,1,None
2026-06-02 07:44:07.252957,509.126,30.73,29.04,59.77,915,2100,1,None
2026-06-02 07:44:07.445217,509.303,30.93,28.62,59.55,915,2100,1,None
2026-06-02 07:44:07.640074,509.495,30.70,28.70,59.40,915,2100,1,None
2026-06-02 07:44:07.813369,509.690,31.20,28.18,59.37,915,2100,1,None
2026-06-02 07:44:07.990845,509.864,30.92,28.38,59.30,885,2100,1,None
2026-06-02 07:44:08.164017,510.041,29.92,27.67,57.59,885,2100,1,None
2026-06-02 07:44:08.339173,510.214,30.93,27.73,58.66,885,2100,1,None
2026-06-02 07:44:08.531376,510.389,31.33,27.63,58.96,885,2100,1,None
2026-06-02 07:44:08.709042,510.582,33.70,28.01,61.71,855,2100,1,None
2026-06-02 07:44:08.887164,510.759,31.29,27.52,58.81,855,2100,1,None
2026-06-02 07:44:09.066194,510.937,30.86,27.48,58.34,855,2100,1,None
2026-06-02 07:44:09.240690,511.116,31.60,27.46,59.06,855,2100,1,None
2026-06-02 07:44:09.417429,511.291,31.32,28.90,60.22,945,2100,1,None
2026-06-02 07:44:09.595375,511.468,35.88,29.10,64.97,945,2100,1,None
2026-06-02 07:44:09.772932,511.646,31.75,28.68,60.43,945,2100,1,None
2026-06-02 07:44:09.945696,511.823,31.62,28.79,60.41,945,2100,1,None
2026-06-02 07:44:10.120424,511.996,31.62,28.96,60.58,945,2100,1,None
2026-06-02 07:44:10.298624,512.171,31.55,29.16,60.70,945,2100,1,None
2026-06-02 07:44:10.471760,512.349,32.34,28.78,61.12,945,2100,1,None
2026-06-02 07:44:10.644912,512.522,32.16,29.05,61.21,975,2100,1,None
2026-06-02 07:44:10.833564,512.695,34.64,29.21,63.84,975,2100,1,None
2026-06-02 07:44:11.010119,512.884,41.56,29.23,70.79,975,2100,1,None
2026-06-02 07:44:11.188758,513.060,43.81,29.34,73.16,975,2100,1,None
2026-06-02 07:44:11.363988,513.239,30.79,29.33,60.11,975,2100,1,None
2026-06-02 07:44:11.536594,513.414,29.93,29.32,59.26,975,2100,1,None
2026-06-02 07:44:11.710996,513.587,30.49,29.42,59.90,975,2100,1,None
2026-06-02 07:44:11.886614,513.761,30.71,29.03,59.74,975,2100,1,None
2026-06-02 07:44:12.059166,513.937,30.86,29.00,59.86,975,2100,1,None
2026-06-02 07:44:12.232142,514.109,30.21,28.97,59.18,975,2100,1,None
2026-06-02 07:44:12.408840,514.282,30.78,29.11,59.89,945,2100,1,None
2026-06-02 07:44:12.581548,514.459,31.81,29.03,60.85,945,2100,1,None
2026-06-02 07:44:12.755497,514.632,30.15,28.73,58.89,945,2100,1,None
2026-06-02 07:44:12.932348,514.806,31.18,28.94,60.12,945,2100,1,None
2026-06-02 07:44:13.107624,514.983,29.87,28.87,58.74,945,2100,1,None
2026-06-02 07:44:13.279794,515.158,29.54,29.14,58.68,945,2100,1,None
2026-06-02 07:44:13.456919,515.330,31.62,28.83,60.45,945,2100,1,None
2026-06-02 07:44:13.632243,515.507,30.68,28.71,59.39,945,2100,1,None
2026-06-02 07:44:13.828270,515.683,30.08,28.86,58.94,945,2100,1,None
2026-06-02 07:44:14.000674,515.879,31.02,29.02,60.04,945,2100,1,None
2026-06-02 07:44:14.176853,516.051,30.29,29.39,59.68,945,2100,1,None
2026-06-02 07:44:14.349218,516.227,30.34,28.64,58.99,945,2100,1,None
2026-06-02 07:44:14.525508,516.399,29.79,29.06,58.85,945,2100,1,None
2026-06-02 07:44:14.721895,516.576,31.15,28.98,60.14,945,2100,1,None
2026-06-02 07:44:14.898906,516.772,31.64,28.77,60.41,945,2100,1,None
2026-06-02 07:44:15.071347,516.949,30.66,29.24,59.90,945,2100,1,None
2026-06-02 07:44:15.246445,517.122,30.30,29.12,59.42,945,2100,1,None
2026-06-02 07:44:15.425184,517.297,31.25,28.89,60.14,915,2100,1,None
2026-06-02 07:44:15.597959,517.475,30.33,28.45,58.78,915,2100,1,None
2026-06-02 07:44:15.773980,517.648,30.67,28.34,59.02,915,2100,1,None
2026-06-02 07:44:15.972496,517.824,32.11,28.36,60.47,915,2100,1,None
2026-06-02 07:44:16.172159,518.023,30.13,28.62,58.75,915,2100,1,None
2026-06-02 07:44:16.353474,518.222,31.75,28.33,60.08,915,2100,1,None
2026-06-02 07:44:16.545130,518.404,30.75,28.28,59.03,885,2100,1,None
2026-06-02 07:44:16.721010,518.595,30.95,28.23,59.18,885,2100,1,None
2026-06-02 07:44:16.897087,518.771,30.81,28.30,59.11,885,2100,1,None
2026-06-02 07:44:17.072602,518.947,30.94,28.76,59.70,915,2100,1,None
2026-06-02 07:44:17.265019,519.123,31.58,28.91,60.49,915,2100,1,None
2026-06-02 07:44:17.445119,519.315,31.19,28.81,60.01,915,2100,1,None
2026-06-02 07:44:17.618690,519.495,30.99,28.61,59.60,915,2100,1,None
2026-06-02 07:44:17.795073,519.669,29.68,28.74,58.42,915,2100,1,None
2026-06-02 07:44:17.971285,519.845,30.93,28.93,59.86,915,2100,1,None
2026-06-02 07:44:18.148884,520.022,31.06,28.54,59.61,915,2100,1,None
2026-06-02 07:44:18.341517,520.199,30.88,28.44,59.32,915,2100,1,None
2026-06-02 07:44:18.519368,520.392,33.99,28.56,62.56,915,2100,1,None
2026-06-02 07:44:18.694957,520.570,32.94,28.22,61.16,915,2100,1,None
2026-06-02 07:44:18.868274,520.745,30.94,28.36,59.30,885,2100,1,None
2026-06-02 07:44:19.046316,520.919,36.37,28.23,64.60,885,2100,1,None
2026-06-02 07:44:19.219860,521.097,31.45,28.26,59.71,885,2100,1,None
2026-06-02 07:44:19.395017,521.270,31.51,28.20,59.71,855,2100,1,None
2026-06-02 07:44:19.587929,521.445,33.25,28.00,61.25,855,2100,1,None
2026-06-02 07:44:19.765046,521.638,34.59,27.78,62.37,855,2100,1,None
2026-06-02 07:44:19.941276,521.815,30.99,27.56,58.55,855,2100,1,None
2026-06-02 07:44:20.133703,521.992,31.59,28.52,60.11,945,2100,1,None
2026-06-02 07:44:20.306649,522.184,30.65,28.82,59.46,945,2100,1,None
2026-06-02 07:44:20.483805,522.357,29.90,28.91,58.81,945,2100,1,None
2026-06-02 07:44:20.656184,522.534,30.71,28.86,59.57,945,2100,1,None
2026-06-02 07:44:20.833176,522.706,30.69,28.97,59.66,945,2100,1,None
2026-06-02 07:44:21.023043,522.883,30.53,29.07,59.60,945,2100,1,None
2026-06-02 07:44:21.198898,523.073,30.73,29.03,59.76,945,2100,1,None
2026-06-02 07:44:21.379792,523.249,31.09,29.02,60.11,945,2100,1,None
2026-06-02 07:44:21.556160,523.430,31.06,28.98,60.04,945,2100,1,None
2026-06-02 07:44:21.728598,523.606,32.19,29.23,61.42,945,2100,1,None
2026-06-02 07:44:21.901573,523.779,31.40,29.28,60.67,945,2100,1,None
2026-06-02 07:44:22.078597,523.952,31.09,29.29,60.38,915,2100,1,None
2026-06-02 07:44:22.254340,524.129,30.96,28.57,59.53,915,2100,1,None
2026-06-02 07:44:22.428297,524.305,30.69,28.70,59.39,915,2100,1,None
2026-06-02 07:44:22.626691,524.479,31.07,28.53,59.60,915,2100,1,None
2026-06-02 07:44:22.800038,524.677,33.01,28.47,61.48,915,2100,1,None
2026-06-02 07:44:22.977603,524.850,32.23,28.45,60.68,915,2100,1,None
2026-06-02 07:44:23.151200,525.028,31.73,28.41,60.14,885,2100,1,None
2026-06-02 07:44:23.323000,525.201,32.63,29.43,62.06,975,2100,1,None
2026-06-02 07:44:23.500114,525.373,30.88,29.55,60.43,975,2100,1,None
2026-06-02 07:44:23.674551,525.550,33.23,29.77,63.00,975,2100,1,None
2026-06-02 07:44:23.849697,525.725,35.96,29.81,65.77,975,2100,1,None
2026-06-02 07:44:24.040256,525.900,37.07,29.84,66.91,975,2100,1,None
2026-06-02 07:44:24.216686,526.091,30.99,29.81,60.80,975,2100,1,None
2026-06-02 07:44:24.388887,526.267,36.25,29.73,65.98,975,2100,1,None
2026-06-02 07:44:24.562194,526.439,42.80,30.19,72.99,1035,2100,1,None
2026-06-02 07:44:24.737718,526.612,49.94,30.32,80.27,1035,2100,1,None
2026-06-02 07:44:24.909163,526.788,36.66,30.35,67.01,1035,2100,1,None
2026-06-02 07:44:25.081883,526.959,53.46,30.34,83.80,1035,2100,1,None
2026-06-02 07:44:25.273283,527.132,48.59,30.23,78.82,1035,2100,1,None
2026-06-02 07:44:25.446277,527.324,30.53,29.77,60.30,1035,2100,1,None
2026-06-02 07:44:25.621112,527.497,30.24,29.86,60.09,1035,2100,1,None
2026-06-02 07:44:25.792374,527.671,31.54,29.73,61.27,1035,2100,1,None
2026-06-02 07:44:25.964061,527.843,30.33,30.21,60.54,1035,2100,1,None
2026-06-02 07:44:26.139881,528.014,30.11,30.39,60.51,1035,2100,1,None
2026-06-02 07:44:26.312768,528.190,30.16,30.47,60.63,1005,2100,1,None
2026-06-02 07:44:26.484481,528.363,29.74,30.08,59.81,1005,2100,1,None
2026-06-02 07:44:26.660138,528.535,29.86,30.16,60.02,1005,2100,1,None
2026-06-02 07:44:26.836291,528.710,30.74,30.14,60.87,975,2100,1,None
2026-06-02 07:44:27.008532,528.887,31.35,29.64,61.00,975,2100,1,None
2026-06-02 07:44:27.184742,529.059,31.35,29.61,60.96,975,2100,1,None
2026-06-02 07:44:27.358437,529.235,30.53,29.23,59.76,975,2100,1,None
2026-06-02 07:44:27.536987,529.409,30.49,29.06,59.55,975,2100,1,None
2026-06-02 07:44:27.728855,529.587,30.18,29.51,59.70,945,2100,1,None
2026-06-02 07:44:27.904362,529.779,30.97,29.13,60.10,945,2100,1,None
2026-06-02 07:44:28.076953,529.955,29.85,28.83,58.68,945,2100,1,None
2026-06-02 07:44:28.251886,530.127,30.12,29.13,59.25,945,2100,1,None
2026-06-02 07:44:28.429373,530.302,30.05,29.07,59.12,945,2100,1,None
2026-06-02 07:44:28.602080,530.480,30.22,28.86,59.08,945,2100,1,None
2026-06-02 07:44:28.776293,530.652,29.71,29.28,58.99,975,2100,1,None
2026-06-02 07:44:28.954233,530.827,30.89,29.47,60.36,975,2100,1,None
2026-06-02 07:44:29.126291,531.004,30.25,29.28,59.53,975,2100,1,None
2026-06-02 07:44:29.300548,531.177,29.89,29.33,59.22,975,2100,1,None
2026-06-02 07:44:29.477529,531.351,30.49,29.26,59.75,975,2100,1,None
2026-06-02 07:44:29.650246,531.528,29.81,29.61,59.42,975,2100,1,None
2026-06-02 07:44:29.824676,531.701,30.29,29.65,59.95,975,2100,1,None
2026-06-02 07:44:30.001930,531.875,30.53,29.80,60.32,975,2100,1,None
2026-06-02 07:44:30.174473,532.052,32.05,29.55,61.60,975,2100,1,None
2026-06-02 07:44:30.347722,532.225,32.22,29.66,61.88,975,2100,1,None
2026-06-02 07:44:30.526117,532.398,30.14,29.20,59.34,915,2100,1,None
2026-06-02 07:44:30.700186,532.576,29.67,28.48,58.15,885,2100,1,None
2026-06-02 07:44:30.873924,532.750,29.83,28.38,58.20,885,2100,1,None
2026-06-02 07:44:31.053557,532.924,30.67,28.23,58.90,885,2100,1,None
2026-06-02 07:44:31.228295,533.104,31.56,28.41,59.97,885,2100,1,None
2026-06-02 07:44:31.404707,533.279,30.45,29.43,59.88,975,2100,1,None
2026-06-02 07:44:31.579038,533.455,31.57,29.70,61.27,975,2100,1,None
2026-06-02 07:44:31.751021,533.629,32.28,29.55,61.83,975,2100,1,None
2026-06-02 07:44:31.927833,533.801,30.60,29.52,60.12,975,2100,1,None
2026-06-02 07:44:32.102019,533.978,30.01,29.33,59.34,975,2100,1,None
2026-06-02 07:44:32.275701,534.152,30.89,29.59,60.49,975,2100,1,None
2026-06-02 07:44:32.468569,534.326,30.73,29.38,60.11,975,2100,1,None
2026-06-02 07:44:32.644093,534.519,31.05,29.36,60.41,975,2100,1,None
2026-06-02 07:44:32.816621,534.694,30.40,29.48,59.88,975,2100,1,None
2026-06-02 07:44:32.991477,534.867,30.67,29.42,60.09,975,2100,1,None
2026-06-02 07:44:33.168569,535.042,30.58,29.34,59.93,975,2100,1,None
2026-06-02 07:44:33.341020,535.219,40.37,28.95,69.32,945,2100,1,None
2026-06-02 07:44:33.515593,535.391,32.53,28.96,61.49,945,2100,1,None
2026-06-02 07:44:33.717797,535.566,30.64,29.13,59.76,945,2100,1,None
2026-06-02 07:44:33.890262,535.768,30.24,29.18,59.42,945,2100,1,None
2026-06-02 07:44:34.065718,535.941,30.57,28.77,59.34,945,2100,1,None
2026-06-02 07:44:34.244540,536.116,33.43,28.51,61.94,915,2100,1,None
2026-06-02 07:44:34.416505,536.295,29.59,30.34,59.94,1035,2100,1,None
2026-06-02 07:44:34.607174,536.467,38.10,30.32,68.43,1035,2100,1,None
2026-06-02 07:44:34.784079,536.657,51.39,30.57,81.96,1035,2100,1,None
2026-06-02 07:44:34.955338,536.834,30.24,30.25,60.49,1035,2100,1,None
2026-06-02 07:44:35.128961,537.006,31.08,30.05,61.13,1035,2100,1,None
2026-06-02 07:44:35.303670,537.179,36.75,30.25,67.00,1035,2100,1,None
2026-06-02 07:44:35.475026,537.354,33.34,30.11,63.44,1035,2100,1,None
2026-06-02 07:44:35.646010,537.525,30.88,30.31,61.19,1035,2100,1,None
2026-06-02 07:44:35.822407,537.696,29.80,30.48,60.28,1035,2100,1,None
2026-06-02 07:44:35.995589,537.873,31.09,29.92,61.00,1035,2100,1,None
2026-06-02 07:44:36.167921,538.046,31.77,30.24,62.01,975,2100,1,None
2026-06-02 07:44:36.343738,538.218,55.75,29.52,85.27,975,2100,1,None
2026-06-02 07:44:36.517031,538.394,34.79,29.59,64.39,975,2100,1,None
2026-06-02 07:44:36.689605,538.567,48.41,29.89,78.30,975,2100,1,None
2026-06-02 07:44:36.866774,538.740,31.08,29.32,60.40,945,2100,1,None
2026-06-02 07:44:37.043462,538.917,31.62,29.69,61.31,975,2100,1,None
2026-06-02 07:44:37.215238,539.094,30.32,29.48,59.79,975,2100,1,None
2026-06-02 07:44:37.391449,539.265,29.99,29.78,59.77,975,2100,1,None
2026-06-02 07:44:37.563404,539.442,30.48,29.39,59.87,975,2100,1,None
2026-06-02 07:44:37.736320,539.614,30.60,29.67,60.27,975,2100,1,None
2026-06-02 07:44:37.914416,539.787,30.88,29.74,60.62,975,2100,1,None
2026-06-02 07:44:38.086450,539.965,29.96,29.44,59.40,975,2100,1,None
2026-06-02 07:44:38.258880,540.137,30.31,29.92,60.23,1005,2100,1,None
2026-06-02 07:44:38.435699,540.309,32.31,29.95,62.26,1005,2100,1,None
2026-06-02 07:44:38.607379,540.486,32.48,29.86,62.34,1005,2100,1,None
2026-06-02 07:44:38.780878,540.658,30.60,30.01,60.61,1005,2100,1,None
2026-06-02 07:44:38.955967,540.831,31.04,29.99,61.03,1005,2100,1,None
2026-06-02 07:44:39.129449,541.006,31.33,30.18,61.51,1005,2100,1,None
2026-06-02 07:44:39.302560,541.180,37.85,29.93,67.79,1005,2100,1,None
2026-06-02 07:44:39.477944,541.353,34.87,29.70,64.58,1005,2100,1,None
2026-06-02 07:44:39.649765,541.528,30.31,29.77,60.08,1005,2100,1,None
2026-06-02 07:44:39.821458,541.700,30.92,30.20,61.11,1005,2100,1,None
2026-06-02 07:44:39.998635,541.872,30.55,30.31,60.86,945,2100,1,None
2026-06-02 07:44:40.172736,542.049,30.19,29.38,59.57,945,2100,1,None
2026-06-02 07:44:40.373009,542.223,30.81,29.33,60.14,915,2100,1,None
2026-06-02 07:44:40.546040,542.423,30.02,28.97,58.99,915,2100,1,None
2026-06-02 07:44:40.723200,542.596,30.87,28.93,59.80,915,2100,1,None
2026-06-02 07:44:40.897253,542.773,31.49,28.60,60.09,915,2100,1,None
2026-06-02 07:44:41.070605,542.948,29.95,29.30,59.25,975,2100,1,None
2026-06-02 07:44:41.263830,543.121,30.15,29.57,59.71,975,2100,1,None
2026-06-02 07:44:41.438345,543.314,31.54,29.44,60.98,975,2100,1,None
2026-06-02 07:44:41.612337,543.489,30.28,29.34,59.62,975,2100,1,None
2026-06-02 07:44:41.785781,543.663,30.21,29.42,59.63,975,2100,1,None
2026-06-02 07:44:41.962405,543.836,30.28,29.39,59.68,975,2100,1,None
2026-06-02 07:44:42.134854,544.013,31.05,29.61,60.66,975,2100,1,None
2026-06-02 07:44:42.308006,544.185,30.16,30.38,60.54,1035,2100,1,None
2026-06-02 07:44:42.484607,544.358,32.02,30.16,62.18,1035,2100,1,None
2026-06-02 07:44:42.658061,544.535,29.69,30.29,59.98,1035,2100,1,None
2026-06-02 07:44:42.830033,544.708,30.76,30.12,60.88,1035,2100,1,None
2026-06-02 07:44:43.022187,544.881,31.87,30.19,62.07,1035,2100,1,None
2026-06-02 07:44:43.193654,545.072,32.86,30.35,63.21,1035,2100,1,None
2026-06-02 07:44:43.369236,545.244,32.26,30.32,62.58,1035,2100,1,None
2026-06-02 07:44:43.542519,545.420,30.52,30.43,60.95,1035,2100,1,None
2026-06-02 07:44:43.713676,545.593,29.71,30.23,59.94,1035,2100,1,None
2026-06-02 07:44:43.889313,545.764,31.10,30.40,61.50,1035,2100,1,None
2026-06-02 07:44:44.060370,545.940,30.59,30.20,60.79,1035,2100,1,None
2026-06-02 07:44:44.233101,546.111,31.02,30.20,61.22,1035,2100,1,None
2026-06-02 07:44:44.409425,546.283,32.30,30.15,62.45,1035,2100,1,None
2026-06-02 07:44:44.580875,546.460,31.00,30.26,61.26,1035,2100,1,None
2026-06-02 07:44:44.754536,546.631,30.17,30.14,60.31,1035,2100,1,None
2026-06-02 07:44:44.946050,546.805,30.66,30.07,60.73,1035,2100,1,None
2026-06-02 07:44:45.117802,546.996,29.76,30.11,59.87,1035,2100,1,None
2026-06-02 07:44:45.293644,547.168,29.63,30.25,59.88,1035,2100,1,None
2026-06-02 07:44:45.465828,547.344,31.25,30.27,61.52,975,2100,1,None
2026-06-02 07:44:45.639753,547.516,29.68,29.29,58.97,975,2100,1,None
2026-06-02 07:44:45.816129,547.690,31.29,29.12,60.41,945,2100,1,None
2026-06-02 07:44:45.993467,547.866,30.54,28.89,59.43,945,2100,1,None
2026-06-02 07:44:46.170531,548.044,30.46,28.80,59.26,945,2100,1,None
2026-06-02 07:44:46.344192,548.221,29.99,28.68,58.67,945,2100,1,None
2026-06-02 07:44:46.516150,548.394,30.49,29.10,59.59,975,2100,1,None
2026-06-02 07:44:46.694437,548.566,31.56,29.32,60.88,975,2100,1,None
2026-06-02 07:44:46.867927,548.745,33.77,29.43,63.20,975,2100,1,None
2026-06-02 07:44:47.042795,548.918,36.70,29.16,65.87,975,2100,1,None
2026-06-02 07:44:47.223335,549.093,30.99,29.32,60.31,975,2100,1,None
2026-06-02 07:44:47.402477,549.274,31.04,29.46,60.49,975,2100,1,None
2026-06-02 07:44:47.575185,549.453,31.07,29.64,60.70,975,2100,1,None
2026-06-02 07:44:47.746700,549.625,30.21,30.35,60.56,1035,2100,1,None
2026-06-02 07:44:47.923684,549.797,30.60,30.44,61.04,1035,2100,1,None
2026-06-02 07:44:48.094866,549.974,30.38,30.14,60.52,1035,2100,1,None
2026-06-02 07:44:48.267024,550.145,31.17,29.72,60.89,1035,2100,1,None
2026-06-02 07:44:48.442957,550.317,32.50,29.89,62.39,1035,2100,1,None
2026-06-02 07:44:48.618725,550.493,30.79,30.03,60.82,1035,2100,1,None
2026-06-02 07:44:48.793523,550.669,30.01,29.97,59.98,1035,2100,1,None
2026-06-02 07:44:48.980828,550.844,29.86,29.96,59.81,1035,2100,1,None
2026-06-02 07:44:49.154770,551.031,30.28,29.98,60.26,1035,2100,1,None
2026-06-02 07:44:49.334506,551.205,30.22,30.20,60.41,1035,2100,1,None
2026-06-02 07:44:49.508753,551.385,32.96,29.86,62.83,975,2100,1,None
2026-06-02 07:44:49.683574,551.559,30.18,29.13,59.30,975,2100,1,None
2026-06-02 07:44:49.856660,551.734,30.97,28.80,59.77,975,2100,1,None
2026-06-02 07:44:50.033632,551.907,30.78,28.72,59.50,945,2100,1,None
2026-06-02 07:44:50.206330,552.084,30.64,28.67,59.31,945,2100,1,None
2026-06-02 07:44:50.380364,552.257,30.93,29.62,60.55,1005,2100,1,None
2026-06-02 07:44:50.556234,552.431,31.00,29.25,60.25,1005,2100,1,None
2026-06-02 07:44:50.728820,552.607,31.84,29.50,61.33,1005,2100,1,None
2026-06-02 07:44:50.901168,552.779,31.11,29.18,60.29,1005,2100,1,None
2026-06-02 07:44:51.077804,552.951,29.47,29.18,58.65,1005,2100,1,None
2026-06-02 07:44:51.251489,553.128,30.45,29.40,59.84,1005,2100,1,None
2026-06-02 07:44:51.427982,553.302,31.79,29.14,60.93,1005,2100,1,None
2026-06-02 07:44:51.618366,553.478,30.54,29.51,60.05,1005,2100,1,None
2026-06-02 07:44:51.794940,553.669,29.41,29.40,58.81,1005,2100,1,None
2026-06-02 07:44:51.984022,553.845,30.51,29.34,59.84,1005,2100,1,None
2026-06-02 07:44:52.161409,554.034,30.24,29.04,59.28,945,2100,1,None
2026-06-02 07:44:52.336047,554.212,30.37,28.57,58.94,945,2100,1,None
2026-06-02 07:44:52.512708,554.386,31.46,28.35,59.81,945,2100,1,None
2026-06-02 07:44:52.706754,554.563,31.09,28.18,59.27,915,2100,1,None
2026-06-02 07:44:52.901389,554.757,30.64,28.20,58.84,915,2100,1,None
2026-06-02 07:44:53.079710,554.952,31.51,28.22,59.72,915,2100,1,None
2026-06-02 07:44:53.271068,555.130,30.29,28.18,58.47,915,2100,1,None
2026-06-02 07:44:53.473611,555.321,32.83,28.12,60.94,915,2100,1,None
2026-06-02 07:44:53.653597,555.524,32.04,27.61,59.65,885,2100,1,None
2026-06-02 07:44:53.826732,555.704,32.41,27.77,60.18,885,2100,1,None
2026-06-02 07:44:54.002613,555.877,31.50,29.03,60.53,975,2100,1,None
2026-06-02 07:44:54.178865,556.053,30.95,29.11,60.06,975,2100,1,None
2026-06-02 07:44:54.350972,556.229,31.18,29.30,60.48,975,2100,1,None
2026-06-02 07:44:54.527377,556.401,32.73,29.15,61.87,975,2100,1,None
2026-06-02 07:44:54.701638,556.578,31.60,28.78,60.38,975,2100,1,None
2026-06-02 07:44:54.875095,556.752,30.50,28.89,59.39,975,2100,1,None
2026-06-02 07:44:55.066916,556.925,31.13,29.14,60.27,975,2100,1,None
2026-06-02 07:44:55.243198,557.117,30.80,29.16,59.96,975,2100,1,None
2026-06-02 07:44:55.417270,557.293,31.32,29.02,60.34,975,2100,1,None
2026-06-02 07:44:55.591226,557.468,30.72,29.24,59.96,1005,2100,1,None
2026-06-02 07:44:55.768264,557.641,30.68,29.32,60.01,1005,2100,1,None
2026-06-02 07:44:55.940000,557.818,31.19,29.17,60.36,1005,2100,1,None
2026-06-02 07:44:56.113928,557.990,30.62,29.51,60.13,1005,2100,1,None
2026-06-02 07:44:56.289494,558.164,30.74,29.32,60.05,1005,2100,1,None
2026-06-02 07:44:56.464789,558.340,31.29,29.04,60.32,1005,2100,1,None
2026-06-02 07:44:56.638971,558.515,30.23,29.18,59.41,1005,2100,1,None
2026-06-02 07:44:56.816131,558.689,30.77,29.11,59.88,1005,2100,1,None
2026-06-02 07:44:56.988325,558.866,31.20,29.07,60.27,1005,2100,1,None
2026-06-02 07:44:57.162345,559.039,30.71,29.21,59.93,1005,2100,1,None
2026-06-02 07:44:57.340010,559.213,31.05,28.91,59.96,915,2100,1,None
2026-06-02 07:44:57.513097,559.390,31.84,28.14,59.98,915,2100,1,None
2026-06-02 07:44:57.690519,559.563,30.72,28.06,58.79,915,2100,1,None
2026-06-02 07:44:57.885028,559.741,30.99,28.12,59.11,915,2100,1,None
2026-06-02 07:44:58.083465,559.935,30.65,27.92,58.57,915,2100,1,None
2026-06-02 07:44:58.257726,560.134,30.34,27.68,58.02,885,2100,1,None
2026-06-02 07:44:58.435580,560.308,36.15,27.36,63.50,885,2100,1,None
2026-06-02 07:44:58.610210,560.486,30.03,27.46,57.49,885,2100,1,None
2026-06-02 07:44:58.806267,560.660,30.66,27.43,58.09,855,2100,1,None
2026-06-02 07:44:58.980345,560.857,32.13,26.80,58.93,855,2100,1,None
2026-06-02 07:44:59.160269,561.031,31.91,26.99,58.90,855,2100,1,None
2026-06-02 07:44:59.334303,561.211,30.40,27.11,57.51,855,2100,1,None
2026-06-02 07:44:59.515216,561.385,31.99,27.08,59.07,855,2100,1,None
2026-06-02 07:44:59.691703,561.565,30.35,27.22,57.57,855,2100,1,None
2026-06-02 07:44:59.867901,561.742,30.99,27.63,58.63,885,2100,1,None
2026-06-02 07:45:00.045527,561.918,31.31,27.89,59.19,885,2100,1,None
2026-06-02 07:45:00.223257,562.096,30.71,27.83,58.53,945,2100,1,None
2026-06-02 07:45:00.413717,562.274,31.21,28.59,59.81,945,2100,1,None
2026-06-02 07:45:00.590990,562.464,30.41,28.43,58.84,945,2100,1,None
2026-06-02 07:45:00.763367,562.641,30.35,28.49,58.83,945,2100,1,None
2026-06-02 07:45:00.936393,562.814,31.26,28.69,59.95,945,2100,1,None
2026-06-02 07:45:01.115785,562.987,31.01,28.59,59.60,945,2100,1,None
2026-06-02 07:45:01.288097,563.166,30.88,28.33,59.21,945,2100,1,None
2026-06-02 07:45:01.460876,563.338,31.28,29.44,60.72,1035,2100,1,None
2026-06-02 07:45:01.648117,563.511,30.59,29.40,59.99,1035,2100,1,None
2026-06-02 07:45:01.823384,563.698,31.23,29.82,61.05,1035,2100,1,None
2026-06-02 07:45:02.000959,563.874,30.77,29.73,60.49,1035,2100,1,None
2026-06-02 07:45:02.174407,564.051,33.78,29.78,63.56,1035,2100,1,None
2026-06-02 07:45:02.365461,564.225,30.28,29.98,60.27,1035,2100,1,None
2026-06-02 07:45:02.545773,564.416,31.31,29.71,61.03,1035,2100,1,None
2026-06-02 07:45:02.716996,564.596,30.08,30.00,60.08,1035,2100,1,None
2026-06-02 07:45:02.889384,564.767,30.20,29.99,60.19,1035,2100,1,None
2026-06-02 07:45:03.076795,564.940,30.29,29.96,60.25,1035,2100,1,None
2026-06-02 07:45:03.253190,565.127,30.83,29.13,59.96,975,2100,1,None
2026-06-02 07:45:03.432928,565.303,33.11,29.00,62.11,975,2100,1,None
2026-06-02 07:45:03.607388,565.483,30.07,28.95,59.01,975,2100,1,None
2026-06-02 07:45:03.799982,565.658,29.68,28.86,58.54,945,2100,1,None
2026-06-02 07:45:03.977842,565.850,30.86,28.54,59.40,945,2100,1,None
2026-06-02 07:45:04.169977,566.028,30.94,28.56,59.50,945,2100,1,None
2026-06-02 07:45:04.345313,566.220,30.94,28.62,59.57,915,2100,1,None
2026-06-02 07:45:04.521168,566.396,32.19,28.00,60.19,915,2100,1,None
2026-06-02 07:45:04.695678,566.571,30.61,28.50,59.11,945,2100,1,None
2026-06-02 07:45:04.887719,566.746,30.65,28.15,58.80,945,2100,1,None
2026-06-02 07:45:05.066335,566.938,30.60,28.36,58.96,945,2100,1,None
2026-06-02 07:45:05.239255,567.117,31.59,28.43,60.03,945,2100,1,None
2026-06-02 07:45:05.415142,567.290,30.91,28.40,59.31,945,2100,1,None
2026-06-02 07:45:05.606625,567.465,31.01,28.22,59.24,945,2100,1,None
2026-06-02 07:45:05.782354,567.657,29.97,28.48,58.45,945,2100,1,None
2026-06-02 07:45:05.959409,567.833,31.86,28.26,60.11,945,2100,1,None
2026-06-02 07:45:06.137321,568.010,31.18,28.49,59.67,945,2100,1,None
2026-06-02 07:45:06.326926,568.188,31.05,28.48,59.52,945,2100,1,None
2026-06-02 07:45:06.501861,568.377,34.44,28.33,62.77,945,2100,1,None
2026-06-02 07:45:06.680812,568.552,29.05,28.04,57.09,945,2100,1,None
2026-06-02 07:45:06.858915,568.731,31.37,28.32,59.69,915,2100,1,None
2026-06-02 07:45:07.032095,568.909,31.08,27.75,58.83,915,2100,1,None
2026-06-02 07:45:07.207422,569.082,31.18,27.95,59.13,915,2100,1,None
2026-06-02 07:45:07.386459,569.258,30.44,27.72,58.17,915,2100,1,None
2026-06-02 07:45:07.565625,569.437,32.23,27.84,60.07,915,2100,1,None
2026-06-02 07:45:07.742229,569.616,31.03,27.84,58.86,915,2100,1,None
2026-06-02 07:45:07.916364,569.792,31.17,28.23,59.40,915,2100,1,None
2026-06-02 07:45:08.089986,569.967,31.05,28.31,59.36,945,2100,1,None
2026-06-02 07:45:08.266329,570.140,31.36,28.24,59.60,945,2100,1,None
2026-06-02 07:45:08.440470,570.317,31.41,28.34,59.75,945,2100,1,None
2026-06-02 07:45:08.614385,570.491,30.36,28.25,58.61,945,2100,1,None
2026-06-02 07:45:08.791118,570.665,30.64,28.31,58.95,945,2100,1,None
2026-06-02 07:45:08.964742,570.841,39.62,28.92,68.54,945,2100,1,None
2026-06-02 07:45:09.138186,571.015,31.68,28.41,60.09,945,2100,1,None
2026-06-02 07:45:09.314650,571.188,30.69,28.99,59.68,945,2100,1,None
2026-06-02 07:45:09.488607,571.365,33.26,29.04,62.30,945,2100,1,None
2026-06-02 07:45:09.662321,571.539,29.94,28.46,58.40,945,2100,1,None
2026-06-02 07:45:09.839432,571.713,33.46,28.50,61.97,915,2100,1,None
2026-06-02 07:45:10.013587,571.890,30.71,28.01,58.72,885,2100,1,None
2026-06-02 07:45:10.192924,572.064,30.85,27.72,58.57,885,2100,1,None
2026-06-02 07:45:10.384922,572.243,30.73,27.83,58.56,885,2100,1,None
2026-06-02 07:45:10.580953,572.435,32.03,27.80,59.83,885,2100,1,None
2026-06-02 07:45:10.757452,572.631,30.95,27.26,58.21,885,2100,1,None
2026-06-02 07:45:10.953294,572.808,30.24,27.91,58.16,885,2100,1,None
2026-06-02 07:45:11.127720,573.004,30.65,28.10,58.74,885,2100,1,None
2026-06-02 07:45:11.306230,573.178,31.87,28.02,59.89,855,2100,1,None
2026-06-02 07:45:11.481457,573.356,33.02,27.32,60.33,855,2100,1,None
2026-06-02 07:45:11.659282,573.532,29.98,27.14,57.12,855,2100,1,None
2026-06-02 07:45:11.835477,573.710,30.65,27.52,58.17,855,2100,1,None
2026-06-02 07:45:12.012346,573.886,30.95,27.04,57.99,855,2100,1,None
2026-06-02 07:45:12.190224,574.063,30.66,27.22,57.88,855,2100,1,None
2026-06-02 07:45:12.367058,574.240,30.81,27.76,58.57,885,2100,1,None
2026-06-02 07:45:12.558314,574.417,32.47,27.85,60.31,885,2100,1,None
2026-06-02 07:45:12.736181,574.609,30.64,27.78,58.42,885,2100,1,None
2026-06-02 07:45:12.910217,574.786,30.74,27.98,58.72,885,2100,1,None
2026-06-02 07:45:13.083829,574.960,30.06,27.82,57.88,885,2100,1,None
2026-06-02 07:45:13.261528,575.134,30.45,27.44,57.89,885,2100,1,None
2026-06-02 07:45:13.436881,575.312,31.98,27.32,59.30,885,2100,1,None
2026-06-02 07:45:13.611945,575.487,33.89,27.48,61.36,885,2100,1,None
2026-06-02 07:45:13.787793,575.662,35.65,27.64,63.28,885,2100,1,None
2026-06-02 07:45:13.962450,575.838,30.76,28.64,59.40,945,2100,1,None
2026-06-02 07:45:14.139916,576.013,30.53,28.36,58.88,945,2100,1,None
2026-06-02 07:45:14.312185,576.190,30.82,28.41,59.23,945,2100,1,None
2026-06-02 07:45:14.486786,576.362,31.72,28.59,60.31,945,2100,1,None
2026-06-02 07:45:14.665233,576.537,30.92,28.12,59.05,945,2100,1,None
2026-06-02 07:45:14.838429,576.715,32.50,28.08,60.58,945,2100,1,None
2026-06-02 07:45:15.014382,576.889,32.39,28.33,60.72,945,2100,1,None
2026-06-02 07:45:15.207791,577.065,30.94,28.57,59.50,945,2100,1,None
2026-06-02 07:45:15.383649,577.258,31.69,28.47,60.16,945,2100,1,None
2026-06-02 07:45:15.556262,577.434,32.07,28.22,60.29,945,2100,1,None
2026-06-02 07:45:15.729528,577.606,30.96,28.24,59.20,915,2100,1,None
2026-06-02 07:45:15.904881,577.780,32.23,28.37,60.60,915,2100,1,None
2026-06-02 07:45:16.099636,577.955,31.06,28.16,59.22,885,2100,1,None
2026-06-02 07:45:16.278695,578.150,30.65,27.72,58.37,885,2100,1,None
2026-06-02 07:45:16.452098,578.329,30.36,27.60,57.96,885,2100,1,None
2026-06-02 07:45:16.648493,578.502,30.16,27.44,57.60,885,2100,1,None
2026-06-02 07:45:16.824748,578.699,30.27,27.44,57.71,885,2100,1,None
2026-06-02 07:45:17.002088,578.875,31.03,27.82,58.85,915,2100,1,None
2026-06-02 07:45:17.175324,579.052,30.44,27.78,58.23,915,2100,1,None
2026-06-02 07:45:17.350693,579.226,31.36,27.79,59.15,915,2100,1,None
2026-06-02 07:45:17.529549,579.401,33.32,27.94,61.27,915,2100,1,None
2026-06-02 07:45:17.702392,579.580,30.84,28.11,58.95,915,2100,1,None
2026-06-02 07:45:17.876097,579.753,31.13,28.12,59.25,915,2100,1,None
2026-06-02 07:45:18.066220,579.926,31.04,28.16,59.19,915,2100,1,None
2026-06-02 07:45:18.243572,580.116,30.79,27.97,58.77,915,2100,1,None
2026-06-02 07:45:18.421289,580.294,33.29,28.17,61.45,915,2100,1,None
2026-06-02 07:45:18.598433,580.472,30.90,29.75,60.65,1005,2100,1,None
2026-06-02 07:45:18.771471,580.649,31.01,29.47,60.48,1005,2100,1,None
2026-06-02 07:45:18.945592,580.822,31.94,29.76,61.70,1005,2100,1,None
2026-06-02 07:45:19.121274,580.996,31.12,29.45,60.56,1005,2100,1,None
2026-06-02 07:45:19.294246,581.172,31.92,29.47,61.40,1005,2100,1,None
2026-06-02 07:45:19.468117,581.344,33.93,29.58,63.51,1005,2100,1,None
2026-06-02 07:45:19.643314,581.518,30.54,29.22,59.76,1005,2100,1,None
2026-06-02 07:45:19.817229,581.694,31.57,29.20,60.77,1005,2100,1,None
2026-06-02 07:45:19.993889,581.867,30.85,29.12,59.97,1005,2100,1,None
2026-06-02 07:45:20.168909,582.044,30.42,29.30,59.72,1005,2100,1,None
2026-06-02 07:45:20.346222,582.219,30.48,29.28,59.77,975,2100,1,None
2026-06-02 07:45:20.520628,582.396,34.62,28.99,63.61,975,2100,1,None
2026-06-02 07:45:20.697030,582.571,30.02,29.15,59.17,945,2100,1,None
2026-06-02 07:45:20.881843,582.747,30.30,28.81,59.12,945,2100,1,None
2026-06-02 07:45:21.058551,582.932,34.06,28.63,62.69,945,2100,1,None
2026-06-02 07:45:21.231779,583.109,34.36,28.38,62.74,945,2100,1,None
2026-06-02 07:45:21.407382,583.282,30.45,28.46,58.91,945,2100,1,None
2026-06-02 07:45:21.583495,583.458,33.84,28.50,62.34,945,2100,1,None
2026-06-02 07:45:21.757248,583.634,30.43,28.35,58.78,945,2100,1,None
2026-06-02 07:45:21.931926,583.808,30.18,28.56,58.74,945,2100,1,None
2026-06-02 07:45:22.108350,583.982,30.55,28.46,59.01,945,2100,1,None
2026-06-02 07:45:22.281000,584.159,31.24,28.24,59.48,945,2100,1,None
2026-06-02 07:45:22.455873,584.331,30.12,28.36,58.49,945,2100,1,None
2026-06-02 07:45:22.652753,584.506,30.78,28.30,59.07,945,2100,1,None
2026-06-02 07:45:22.825530,584.703,30.50,28.10,58.60,945,2100,1,None
2026-06-02 07:45:23.002429,584.876,30.59,28.02,58.61,945,2100,1,None
2026-06-02 07:45:23.175609,585.053,31.44,28.30,59.73,915,2100,1,None
2026-06-02 07:45:23.352338,585.226,31.19,27.93,59.12,915,2100,1,None
2026-06-02 07:45:23.549048,585.403,31.41,27.88,59.28,885,2100,1,None
2026-06-02 07:45:23.728406,585.599,30.33,27.23,57.56,885,2100,1,None
2026-06-02 07:45:23.902747,585.779,30.71,26.89,57.60,885,2100,1,None
2026-06-02 07:45:24.082880,585.953,30.77,27.18,57.95,885,2100,1,None
2026-06-02 07:45:24.257041,586.133,31.11,27.23,58.34,885,2100,1,None
2026-06-02 07:45:24.432836,586.307,30.24,28.72,58.96,975,2100,1,None
2026-06-02 07:45:24.624490,586.483,30.35,28.37,58.72,975,2100,1,None
2026-06-02 07:45:24.799015,586.675,30.05,28.62,58.67,975,2100,1,None
2026-06-02 07:45:24.971533,586.849,31.04,28.54,59.58,975,2100,1,None
2026-06-02 07:45:25.144073,587.022,31.54,28.66,60.20,975,2100,1,None
2026-06-02 07:45:25.322036,587.194,30.47,28.85,59.32,975,2100,1,None
2026-06-02 07:45:25.495600,587.372,30.45,28.78,59.22,975,2100,1,None
2026-06-02 07:45:25.670021,587.546,29.91,28.58,58.49,975,2100,1,None
2026-06-02 07:45:25.863457,587.720,31.10,28.78,59.88,975,2100,1,None
2026-06-02 07:45:26.037890,587.914,30.49,28.32,58.81,975,2100,1,None
2026-06-02 07:45:26.215560,588.088,31.03,28.32,59.35,945,2100,1,None
2026-06-02 07:45:26.410428,588.266,30.30,28.09,58.38,945,2100,1,None
2026-06-02 07:45:26.582712,588.461,31.52,28.21,59.73,945,2100,1,None
2026-06-02 07:45:26.760470,588.633,30.74,28.48,59.22,915,2100,1,None
2026-06-02 07:45:26.935462,588.811,32.08,27.85,59.94,915,2100,1,None
2026-06-02 07:45:27.114739,588.986,31.04,27.99,59.03,915,2100,1,None
2026-06-02 07:45:27.287508,589.165,29.96,27.78,57.74,915,2100,1,None
2026-06-02 07:45:27.462293,589.338,31.29,28.25,59.54,945,2100,1,None
2026-06-02 07:45:27.641195,589.513,31.20,28.23,59.43,945,2100,1,None
2026-06-02 07:45:27.813464,589.691,30.53,27.93,58.46,945,2100,1,None
2026-06-02 07:45:27.987152,589.864,30.94,28.23,59.18,945,2100,1,None
2026-06-02 07:45:28.176877,590.037,30.80,28.22,59.02,945,2100,1,None
2026-06-02 07:45:28.354174,590.227,31.26,28.49,59.75,945,2100,1,None
2026-06-02 07:45:28.531438,590.404,31.56,28.30,59.86,945,2100,1,None
2026-06-02 07:45:28.709793,590.582,30.95,28.16,59.11,945,2100,1,None
2026-06-02 07:45:28.882626,590.760,31.65,28.08,59.73,945,2100,1,None
2026-06-02 07:45:29.055679,590.933,30.69,28.64,59.33,1005,2100,1,None
2026-06-02 07:45:29.243759,591.106,30.67,29.11,59.78,1005,2100,1,None
2026-06-02 07:45:29.417412,591.294,30.38,28.88,59.26,1005,2100,1,None
2026-06-02 07:45:29.600191,591.468,33.60,28.86,62.46,1005,2100,1,None
2026-06-02 07:45:29.773948,591.650,30.96,28.93,59.89,1005,2100,1,None
2026-06-02 07:45:29.949856,591.824,29.96,28.74,58.70,1005,2100,1,None
2026-06-02 07:45:30.123627,592.000,30.01,28.74,58.75,1005,2100,1,None
2026-06-02 07:45:30.298612,592.174,30.03,28.78,58.81,1005,2100,1,None
2026-06-02 07:45:30.473993,592.349,29.95,28.93,58.88,1005,2100,1,None
2026-06-02 07:45:30.647641,592.524,30.10,28.96,59.06,1005,2100,1,None
2026-06-02 07:45:30.823144,592.698,31.76,28.46,60.22,945,2100,1,None
2026-06-02 07:45:30.996965,592.873,30.78,28.27,59.04,945,2100,1,None
2026-06-02 07:45:31.169622,593.047,30.88,28.24,59.11,945,2100,1,None
2026-06-02 07:45:31.348639,593.220,29.99,28.17,58.16,945,2100,1,None
2026-06-02 07:45:31.522014,593.399,32.00,27.87,59.87,915,2100,1,None
2026-06-02 07:45:31.696051,593.572,30.52,29.14,59.66,1005,2100,1,None
2026-06-02 07:45:31.888405,593.746,30.65,29.51,60.16,1005,2100,1,None
2026-06-02 07:45:32.068790,593.939,30.94,29.35,60.28,1005,2100,1,None
2026-06-02 07:45:32.241395,594.119,30.94,28.80,59.74,1005,2100,1,None
2026-06-02 07:45:32.417120,594.292,30.74,28.73,59.48,1005,2100,1,None
2026-06-02 07:45:32.610797,594.467,34.17,28.89,63.06,1005,2100,1,None
2026-06-02 07:45:32.786918,594.661,31.98,29.04,61.02,1005,2100,1,None
2026-06-02 07:45:32.960592,594.837,31.50,29.14,60.63,1005,2100,1,None
2026-06-02 07:45:33.135057,595.011,30.96,29.42,60.39,1005,2100,1,None
2026-06-02 07:45:33.310759,595.185,30.59,29.26,59.85,1005,2100,1,None
2026-06-02 07:45:33.484323,595.361,32.00,29.43,61.43,975,2100,1,None
2026-06-02 07:45:33.660565,595.535,30.47,28.48,58.96,945,2100,1,None
2026-06-02 07:45:33.850071,595.711,30.60,28.08,58.68,945,2100,1,None
2026-06-02 07:45:34.024938,595.900,30.92,28.30,59.22,945,2100,1,None
2026-06-02 07:45:34.208080,596.075,30.77,28.15,58.92,915,2100,1,None
2026-06-02 07:45:34.387627,596.258,30.97,27.78,58.74,915,2100,1,None
2026-06-02 07:45:34.561137,596.438,31.61,27.83,59.44,915,2100,1,None
2026-06-02 07:45:34.737149,596.611,29.88,28.86,58.75,1005,2100,1,None
2026-06-02 07:45:34.912257,596.787,29.65,28.45,58.09,1005,2100,1,None
2026-06-02 07:45:35.083963,596.963,31.73,28.83,60.55,1005,2100,1,None
2026-06-02 07:45:35.260087,597.134,30.53,29.15,59.68,1005,2100,1,None
2026-06-02 07:45:35.433638,597.310,30.22,29.01,59.24,1005,2100,1,None
2026-06-02 07:45:35.605333,597.484,33.47,29.12,62.59,1005,2100,1,None
2026-06-02 07:45:35.798810,597.656,31.69,28.98,60.67,1005,2100,1,None
2026-06-02 07:45:35.970465,597.849,30.98,29.38,60.36,1005,2100,1,None
2026-06-02 07:45:36.146439,598.021,30.76,29.04,59.79,1005,2100,1,None
2026-06-02 07:45:36.320827,598.197,30.84,29.21,60.05,1005,2100,1,None
2026-06-02 07:45:36.497021,598.371,32.71,29.43,62.14,945,2100,1,None
2026-06-02 07:45:36.688492,598.547,44.82,28.46,73.28,915,2100,1,None
2026-06-02 07:45:36.867481,598.739,44.76,28.03,72.79,915,2100,1,None
2026-06-02 07:45:37.040223,598.918,31.69,28.08,59.76,915,2100,1,None
2026-06-02 07:45:37.216996,599.090,31.21,28.00,59.21,915,2100,1,None
2026-06-02 07:45:37.412316,599.267,30.86,27.54,58.40,915,2100,1,None
2026-06-02 07:45:37.590801,599.463,32.09,28.11,60.20,915,2100,1,None
2026-06-02 07:45:37.763877,599.641,31.06,27.77,58.83,915,2100,1,None
2026-06-02 07:45:37.936757,599.814,29.97,28.08,58.04,975,2100,1,None
2026-06-02 07:45:38.125664,599.987,30.32,28.70,59.02,975,2100,1,None
2026-06-02 07:45:38.299816,600.176,30.51,28.54,59.05,975,2100,1,None
2026-06-02 07:45:38.481368,600.350,30.10,28.46,58.55,975,2100,1,None
2026-06-02 07:45:38.657842,600.532,32.55,28.81,61.36,975,2100,1,None
2026-06-02 07:45:38.830468,600.708,30.88,29.17,60.04,975,2100,1,None
2026-06-02 07:45:39.004635,600.881,30.86,28.78,59.64,975,2100,1,None
2026-06-02 07:45:39.197597,601.055,30.93,28.48,59.41,975,2100,1,None
2026-06-02 07:45:39.369828,601.248,30.35,28.65,59.00,975,2100,1,None
2026-06-02 07:45:39.547524,601.420,32.04,28.60,60.64,975,2100,1,None
2026-06-02 07:45:39.720279,601.598,30.69,28.59,59.27,915,2100,1,None
2026-06-02 07:45:39.893523,601.771,31.26,27.67,58.93,915,2100,1,None
2026-06-02 07:45:40.071937,601.944,30.97,27.67,58.64,915,2100,1,None
2026-06-02 07:45:40.245049,602.122,32.58,27.40,59.98,915,2100,1,None
2026-06-02 07:45:40.422686,602.295,30.37,27.32,57.69,915,2100,1,None
2026-06-02 07:45:40.617236,602.473,31.56,26.86,58.42,885,2100,1,None
2026-06-02 07:45:40.794890,602.668,30.13,27.22,57.35,885,2100,1,None
2026-06-02 07:45:40.968245,602.845,30.88,27.46,58.33,885,2100,1,None
2026-06-02 07:45:41.142694,603.019,30.80,27.56,58.36,885,2100,1,None
2026-06-02 07:45:41.334451,603.193,30.47,27.42,57.89,855,2100,1,None
2026-06-02 07:45:41.533213,603.385,30.82,26.91,57.74,855,2100,1,None
2026-06-02 07:45:41.707073,603.584,31.52,26.93,58.45,855,2100,1,None
2026-06-02 07:45:41.886065,603.757,30.71,27.08,57.79,855,2100,1,None
2026-06-02 07:45:42.059895,603.936,30.30,27.11,57.41,855,2100,1,None
2026-06-02 07:45:42.237396,604.110,30.93,26.93,57.86,855,2100,1,None
2026-06-02 07:45:42.413483,604.288,30.81,27.14,57.95,855,2100,1,None
2026-06-02 07:45:42.589970,604.464,31.70,28.24,59.94,945,2100,1,None
2026-06-02 07:45:42.780703,604.640,41.47,28.41,69.88,945,2100,1,None
2026-06-02 07:45:42.958637,604.831,31.17,28.35,59.52,945,2100,1,None
2026-06-02 07:45:43.130852,605.009,30.71,28.51,59.22,945,2100,1,None
2026-06-02 07:45:43.305326,605.181,30.08,28.40,58.48,945,2100,1,None
2026-06-02 07:45:43.498594,605.356,30.67,28.21,58.88,945,2100,1,None
2026-06-02 07:45:43.673174,605.549,35.70,28.38,64.09,945,2100,1,None
2026-06-02 07:45:43.849193,605.723,30.80,28.39,59.19,945,2100,1,None
2026-06-02 07:45:44.024280,605.899,32.52,28.59,61.11,945,2100,1,None
2026-06-02 07:45:44.213629,606.075,31.48,28.04,59.52,945,2100,1,None
2026-06-02 07:45:44.388975,606.264,32.17,28.28,60.44,915,2100,1,None
2026-06-02 07:45:44.570112,606.439,31.33,27.80,59.12,915,2100,1,None
2026-06-02 07:45:44.747374,606.620,29.59,27.85,57.44,915,2100,1,None
2026-06-02 07:45:44.920410,606.798,30.44,27.88,58.32,915,2100,1,None
2026-06-02 07:45:45.095308,606.971,30.75,27.94,58.69,915,2100,1,None
2026-06-02 07:45:45.294098,607.146,30.47,27.98,58.44,885,2100,1,None
2026-06-02 07:45:45.472961,607.344,31.71,27.70,59.42,885,2100,1,None
2026-06-02 07:45:45.646141,607.523,32.31,27.36,59.67,885,2100,1,None
2026-06-02 07:45:45.822412,607.696,31.43,28.38,59.81,945,2100,1,None
2026-06-02 07:45:45.996041,607.873,30.85,28.42,59.27,945,2100,1,None
2026-06-02 07:45:46.168062,608.046,30.69,28.43,59.12,945,2100,1,None
2026-06-02 07:45:46.344045,608.218,30.70,28.37,59.08,945,2100,1,None
2026-06-02 07:45:46.516540,608.394,30.08,28.39,58.47,945,2100,1,None
2026-06-02 07:45:46.689212,608.567,31.34,28.44,59.77,945,2100,1,None
2026-06-02 07:45:46.867467,608.739,30.62,28.50,59.13,945,2100,1,None
2026-06-02 07:45:47.039863,608.918,30.78,28.15,58.93,945,2100,1,None
2026-06-02 07:45:47.210912,609.090,30.50,28.70,59.20,1035,2100,1,None
2026-06-02 07:45:47.386723,609.261,29.95,29.71,59.66,1035,2100,1,None
2026-06-02 07:45:47.558385,609.437,30.04,29.84,59.88,1035,2100,1,None
2026-06-02 07:45:47.730768,609.609,30.14,29.55,59.69,1035,2100,1,None
2026-06-02 07:45:47.905518,609.781,33.86,29.66,63.53,1035,2100,1,None
2026-06-02 07:45:48.079350,609.956,30.68,30.03,60.71,1035,2100,1,None
2026-06-02 07:45:48.250976,610.130,30.75,29.81,60.56,1035,2100,1,None
2026-06-02 07:45:48.426674,610.301,32.24,29.68,61.92,1035,2100,1,None
2026-06-02 07:45:48.599868,610.477,31.13,29.58,60.71,1035,2100,1,None
2026-06-02 07:45:48.770852,610.650,29.76,29.81,59.57,1035,2100,1,None
2026-06-02 07:45:48.947257,610.821,30.22,29.88,60.10,975,2100,1,None
2026-06-02 07:45:49.120392,610.997,30.58,29.13,59.71,945,2100,1,None
2026-06-02 07:45:49.295520,611.171,30.46,28.49,58.96,945,2100,1,None
2026-06-02 07:45:49.489553,611.346,30.29,28.50,58.79,945,2100,1,None
2026-06-02 07:45:49.686800,611.540,33.48,28.39,61.87,945,2100,1,None
2026-06-02 07:45:49.858932,611.737,30.42,28.32,58.74,945,2100,1,None
2026-06-02 07:45:50.035362,611.909,31.03,28.61,59.64,945,2100,1,None
2026-06-02 07:45:50.208544,612.086,31.61,28.65,60.26,945,2100,1,None
2026-06-02 07:45:50.383474,612.259,30.05,28.63,58.69,915,2100,1,None
2026-06-02 07:45:50.576824,612.434,30.78,28.47,59.25,915,2100,1,None
2026-06-02 07:45:50.752122,612.627,29.98,28.15,58.13,915,2100,1,None
2026-06-02 07:45:50.929486,612.802,30.20,27.86,58.06,915,2100,1,None
2026-06-02 07:45:51.105144,612.980,30.75,27.82,58.57,915,2100,1,None
2026-06-02 07:45:51.283744,613.155,30.91,28.19,59.10,915,2100,1,None
2026-06-02 07:45:51.456531,613.334,30.92,28.20,59.12,915,2100,1,None
2026-06-02 07:45:51.629164,613.507,33.28,28.22,61.50,915,2100,1,None
2026-06-02 07:45:51.807278,613.679,31.49,28.11,59.59,915,2100,1,None
2026-06-02 07:45:51.980125,613.857,31.48,28.31,59.79,915,2100,1,None
2026-06-02 07:45:52.155917,614.030,31.33,28.14,59.47,915,2100,1,None
2026-06-02 07:45:52.349270,614.206,30.34,28.13,58.47,915,2100,1,None
2026-06-02 07:45:52.555759,614.400,29.66,28.01,57.66,915,2100,1,None
2026-06-02 07:45:52.735976,614.606,31.34,27.31,58.65,855,2100,1,None
2026-06-02 07:45:52.910593,614.786,30.83,27.06,57.89,855,2100,1,None
2026-06-02 07:45:53.086888,614.961,29.60,28.84,58.44,975,2100,1,None
2026-06-02 07:45:53.262377,615.137,30.15,28.50,58.65,975,2100,1,None
2026-06-02 07:45:53.436812,615.313,32.16,28.55,60.72,975,2100,1,None
2026-06-02 07:45:53.626795,615.487,31.60,28.77,60.38,975,2100,1,None
2026-06-02 07:45:53.802183,615.677,30.30,28.79,59.08,975,2100,1,None
2026-06-02 07:45:53.979982,615.852,30.67,28.63,59.30,975,2100,1,None
2026-06-02 07:45:54.157300,616.030,30.56,28.86,59.42,975,2100,1,None
2026-06-02 07:45:54.351172,616.208,31.12,28.70,59.82,975,2100,1,None
2026-06-02 07:45:54.528177,616.401,31.77,28.87,60.63,975,2100,1,None
2026-06-02 07:45:54.700543,616.578,31.19,28.78,59.97,975,2100,1,None
2026-06-02 07:45:54.874471,616.751,30.97,28.94,59.91,1005,2100,1,None
2026-06-02 07:45:55.051159,616.925,30.64,29.32,59.96,1005,2100,1,None
2026-06-02 07:45:55.222663,617.101,30.24,29.42,59.66,1005,2100,1,None
2026-06-02 07:45:55.396675,617.273,32.01,28.99,61.00,1005,2100,1,None
2026-06-02 07:45:55.573025,617.447,29.96,29.13,59.09,1005,2100,1,None
2026-06-02 07:45:55.745637,617.623,31.90,29.09,60.98,1005,2100,1,None
2026-06-02 07:45:55.917988,617.796,30.44,29.25,59.69,1005,2100,1,None
2026-06-02 07:45:56.093091,617.968,29.44,29.62,59.06,1005,2100,1,None
2026-06-02 07:45:56.266046,618.143,30.51,29.31,59.81,1005,2100,1,None
2026-06-02 07:45:56.438336,618.316,31.43,29.47,60.90,1005,2100,1,None
2026-06-02 07:45:56.613216,618.489,31.08,28.74,59.82,945,2100,1,None
2026-06-02 07:45:56.805013,618.663,29.72,28.25,57.97,945,2100,1,None
2026-06-02 07:45:56.983257,618.855,31.61,28.43,60.04,915,2100,1,None
2026-06-02 07:45:57.157216,619.033,30.33,27.85,58.18,915,2100,1,None
2026-06-02 07:45:57.331776,619.208,30.71,27.93,58.64,915,2100,1,None
2026-06-02 07:45:57.507877,619.382,30.62,28.00,58.62,915,2100,1,None
2026-06-02 07:45:57.682178,619.558,33.15,28.12,61.27,915,2100,1,None
2026-06-02 07:45:57.857728,619.732,30.77,27.96,58.73,915,2100,1,None
2026-06-02 07:45:58.036556,619.908,30.10,27.95,58.05,885,2100,1,None
2026-06-02 07:45:58.210093,620.087,31.07,28.05,59.11,885,2100,1,None
2026-06-02 07:45:58.385863,620.260,32.57,27.97,60.54,885,2100,1,None
2026-06-02 07:45:58.565305,620.436,30.54,27.74,58.27,885,2100,1,None
2026-06-02 07:45:58.743735,620.616,30.95,27.75,58.69,915,2100,1,None
2026-06-02 07:45:58.934931,620.794,30.06,27.88,57.94,915,2100,1,None
2026-06-02 07:45:59.110061,620.985,30.17,27.77,57.94,915,2100,1,None
2026-06-02 07:45:59.286845,621.160,33.53,27.81,61.34,915,2100,1,None
2026-06-02 07:45:59.462270,621.337,30.81,27.86,58.67,915,2100,1,None
2026-06-02 07:45:59.654908,621.513,30.94,28.36,59.31,915,2100,1,None
2026-06-02 07:45:59.831767,621.705,30.84,28.33,59.16,915,2100,1,None
2026-06-02 07:46:00.004926,621.882,31.07,28.27,59.34,915,2100,1,None
2026-06-02 07:46:00.177836,622.055,30.77,28.30,59.08,915,2100,1,None
2026-06-02 07:46:00.356432,622.228,30.55,28.10,58.65,915,2100,1,None
2026-06-02 07:46:00.530037,622.407,30.39,27.52,57.91,885,2100,1,None
2026-06-02 07:46:00.705734,622.580,30.86,27.54,58.40,915,2100,1,None
2026-06-02 07:46:00.899152,622.756,30.14,27.88,58.02,915,2100,1,None
2026-06-02 07:46:01.091830,622.949,30.71,28.00,58.71,915,2100,1,None
2026-06-02 07:46:01.265009,623.142,30.54,27.64,58.18,915,2100,1,None
2026-06-02 07:46:01.443123,623.315,30.62,27.52,58.14,915,2100,1,None
2026-06-02 07:46:01.616172,623.493,31.41,27.82,59.22,915,2100,1,None
2026-06-02 07:46:01.791277,623.666,30.04,27.92,57.96,915,2100,1,None
2026-06-02 07:46:01.987034,623.842,29.80,28.07,57.87,915,2100,1,None
2026-06-02 07:46:02.163739,624.037,30.59,28.39,58.97,915,2100,1,None
2026-06-02 07:46:02.338856,624.214,30.77,28.11,58.89,915,2100,1,None
2026-06-02 07:46:02.514885,624.389,30.04,28.10,58.14,915,2100,1,None
2026-06-02 07:46:02.707031,624.565,33.28,27.93,61.21,885,2100,1,None
2026-06-02 07:46:02.903066,624.757,30.77,27.81,58.58,885,2100,1,None
2026-06-02 07:46:03.078230,624.953,34.36,27.62,61.98,885,2100,1,None
2026-06-02 07:46:03.277282,625.128,31.42,27.84,59.27,855,2100,1,None
2026-06-02 07:46:03.452126,625.328,31.91,27.38,59.29,855,2100,1,None
2026-06-02 07:46:03.645649,625.502,32.66,27.53,60.19,855,2100,1,None
2026-06-02 07:46:03.823469,625.696,32.50,27.24,59.74,855,2100,1,None
2026-06-02 07:46:03.997552,625.874,31.21,27.33,58.54,855,2100,1,None
2026-06-02 07:46:04.170058,626.048,30.55,29.04,59.60,975,2100,1,None
2026-06-02 07:46:04.347637,626.220,31.07,29.17,60.23,975,2100,1,None
2026-06-02 07:46:04.519602,626.398,30.74,29.13,59.86,975,2100,1,None
2026-06-02 07:46:04.694385,626.570,32.39,28.81,61.20,975,2100,1,None
2026-06-02 07:46:04.883330,626.745,31.18,28.93,60.10,975,2100,1,None
2026-06-02 07:46:05.058327,626.934,30.83,28.67,59.50,975,2100,1,None
2026-06-02 07:46:05.248267,627.109,30.33,28.99,59.32,975,2100,1,None
2026-06-02 07:46:05.423412,627.299,30.78,28.76,59.55,975,2100,1,None
2026-06-02 07:46:05.598137,627.474,30.60,28.69,59.29,975,2100,1,None
2026-06-02 07:46:05.769622,627.648,31.00,29.13,60.13,1005,2100,1,None
2026-06-02 07:46:05.947361,627.820,30.72,29.18,59.90,1005,2100,1,None
2026-06-02 07:46:06.121157,627.998,30.34,29.11,59.45,1005,2100,1,None
2026-06-02 07:46:06.297822,628.171,30.11,28.75,58.87,1005,2100,1,None
2026-06-02 07:46:06.486842,628.348,30.05,28.38,58.43,1005,2100,1,None
2026-06-02 07:46:06.662644,628.537,32.92,28.60,61.52,1005,2100,1,None
2026-06-02 07:46:06.839740,628.713,33.90,28.82,62.72,1005,2100,1,None
2026-06-02 07:46:07.015744,628.890,31.48,28.78,60.25,1005,2100,1,None
2026-06-02 07:46:07.191234,629.066,30.55,28.66,59.21,1005,2100,1,None
2026-06-02 07:46:07.362577,629.241,31.20,29.00,60.20,1005,2100,1,None
2026-06-02 07:46:07.538655,629.413,31.35,29.32,60.66,1005,2100,1,None
2026-06-02 07:46:07.711452,629.589,31.97,28.76,60.72,1005,2100,1,None
2026-06-02 07:46:07.882643,629.762,32.34,28.90,61.24,1005,2100,1,None
2026-06-02 07:46:08.057853,629.933,31.27,29.11,60.38,1005,2100,1,None
2026-06-02 07:46:08.230257,630.108,30.97,29.23,60.20,1005,2100,1,None
2026-06-02 07:46:08.402159,630.281,32.38,29.25,61.63,1005,2100,1,None
2026-06-02 07:46:08.578796,630.452,30.49,29.56,60.04,1005,2100,1,None
2026-06-02 07:46:08.750335,630.629,32.21,29.41,61.62,1005,2100,1,None
2026-06-02 07:46:08.924866,630.801,30.83,29.19,60.02,1005,2100,1,None
2026-06-02 07:46:09.099346,630.975,31.05,29.12,60.17,945,2100,1,None
2026-06-02 07:46:09.282245,631.150,31.01,28.39,59.40,945,2100,1,None
2026-06-02 07:46:09.457462,631.333,30.33,28.60,58.93,945,2100,1,None
2026-06-02 07:46:09.632237,631.508,30.84,28.35,59.19,945,2100,1,None
2026-06-02 07:46:09.803914,631.683,30.98,28.82,59.80,975,2100,1,None
2026-06-02 07:46:09.980614,631.854,30.23,29.03,59.25,975,2100,1,None
2026-06-02 07:46:10.155131,632.031,30.52,29.03,59.55,975,2100,1,None
2026-06-02 07:46:10.328154,632.205,30.73,29.39,60.13,975,2100,1,None
2026-06-02 07:46:10.517032,632.378,31.43,29.06,60.49,975,2100,1,None
2026-06-02 07:46:10.692080,632.567,34.36,28.95,63.32,975,2100,1,None
2026-06-02 07:46:10.870519,632.742,31.66,28.99,60.64,975,2100,1,None
2026-06-02 07:46:11.048647,632.921,30.32,28.81,59.13,975,2100,1,None
2026-06-02 07:46:11.223534,633.099,30.88,28.58,59.45,975,2100,1,None
2026-06-02 07:46:11.396419,633.274,30.62,28.71,59.34,1035,2100,1,None
2026-06-02 07:46:11.586610,633.447,30.42,29.52,59.94,1035,2100,1,None
2026-06-02 07:46:11.762940,633.637,31.49,29.47,60.96,1035,2100,1,None
2026-06-02 07:46:11.935715,633.813,35.95,29.49,65.44,1035,2100,1,None
2026-06-02 07:46:12.108918,633.986,32.18,29.58,61.75,1035,2100,1,None
2026-06-02 07:46:12.283757,634.159,30.03,29.43,59.46,1035,2100,1,None
2026-06-02 07:46:12.454989,634.334,29.56,29.43,59.00,1035,2100,1,None
2026-06-02 07:46:12.625694,634.505,30.30,29.65,59.95,1035,2100,1,None
2026-06-02 07:46:12.802551,634.676,35.47,29.74,65.21,1035,2100,1,None
2026-06-02 07:46:12.975815,634.853,30.93,29.58,60.51,1035,2100,1,None
2026-06-02 07:46:13.149665,635.026,30.47,29.34,59.81,1005,2100,1,None
2026-06-02 07:46:13.340796,635.200,31.15,28.85,60.00,975,2100,1,None
2026-06-02 07:46:13.515857,635.391,30.77,28.26,59.03,975,2100,1,None
2026-06-02 07:46:13.692281,635.566,31.54,28.72,60.27,975,2100,1,None
2026-06-02 07:46:13.866308,635.743,30.37,28.73,59.10,975,2100,1,None
2026-06-02 07:46:14.038716,635.917,30.40,28.47,58.87,945,2100,1,None
2026-06-02 07:46:14.215716,636.089,30.14,28.35,58.49,945,2100,1,None
2026-06-02 07:46:14.392270,636.266,30.35,28.49,58.84,945,2100,1,None
2026-06-02 07:46:14.570929,636.443,33.71,28.41,62.12,945,2100,1,None
2026-06-02 07:46:14.748244,636.621,31.54,28.24,59.78,945,2100,1,None
2026-06-02 07:46:14.921187,636.799,31.19,28.57,59.77,915,2100,1,None
2026-06-02 07:46:15.099122,636.971,29.83,27.86,57.70,915,2100,1,None
2026-06-02 07:46:15.292133,637.149,31.50,27.94,59.44,915,2100,1,None
2026-06-02 07:46:15.467788,637.342,30.53,27.85,58.38,915,2100,1,None
2026-06-02 07:46:15.643034,637.518,29.86,28.00,57.86,915,2100,1,None
2026-06-02 07:46:15.815793,637.693,31.00,28.01,59.01,915,2100,1,None
2026-06-02 07:46:16.012235,637.866,30.70,28.06,58.76,915,2100,1,None
2026-06-02 07:46:16.187157,638.063,30.31,28.02,58.33,915,2100,1,None
2026-06-02 07:46:16.364895,638.237,30.80,27.87,58.66,915,2100,1,None
2026-06-02 07:46:16.541875,638.415,30.60,28.03,58.63,915,2100,1,None
2026-06-02 07:46:16.720875,638.592,31.45,28.14,59.59,915,2100,1,None
2026-06-02 07:46:16.898781,638.771,30.57,28.05,58.62,915,2100,1,None
2026-06-02 07:46:17.076668,638.949,29.72,28.85,58.57,1005,2100,1,None
2026-06-02 07:46:17.248440,639.127,30.19,28.70,58.89,1005,2100,1,None
2026-06-02 07:46:17.420702,639.299,29.98,28.41,58.39,1005,2100,1,None
2026-06-02 07:46:17.597024,639.471,32.01,28.30,60.31,1005,2100,1,None
2026-06-02 07:46:17.768519,639.647,31.36,28.85,60.21,1005,2100,1,None
2026-06-02 07:46:17.942416,639.819,29.67,28.92,58.59,1005,2100,1,None
2026-06-02 07:46:18.118148,639.993,30.42,28.81,59.23,1005,2100,1,None
2026-06-02 07:46:18.290323,640.168,32.16,28.93,61.08,1005,2100,1,None
2026-06-02 07:46:18.462402,640.341,30.46,28.89,59.35,1005,2100,1,None
2026-06-02 07:46:18.638409,640.513,30.17,29.06,59.23,1005,2100,1,None
2026-06-02 07:46:18.811177,640.689,30.27,28.88,59.14,975,2100,1,None
2026-06-02 07:46:18.984880,640.861,30.92,28.62,59.54,975,2100,1,None
2026-06-02 07:46:19.178512,641.035,30.12,28.45,58.57,975,2100,1,None
2026-06-02 07:46:19.351947,641.229,29.50,28.27,57.78,945,2100,1,None
2026-06-02 07:46:19.547291,641.402,30.38,28.13,58.50,945,2100,1,None
2026-06-02 07:46:19.722507,641.598,31.33,27.90,59.23,945,2100,1,None
2026-06-02 07:46:19.900868,641.773,30.61,27.75,58.37,945,2100,1,None
2026-06-02 07:46:20.073581,641.951,31.14,27.83,58.97,945,2100,1,None
2026-06-02 07:46:20.247510,642.124,31.42,27.98,59.40,945,2100,1,None
2026-06-02 07:46:20.440106,642.298,30.63,27.69,58.32,915,2100,1,None
2026-06-02 07:46:20.618713,642.490,30.40,27.56,57.95,915,2100,1,None
2026-06-02 07:46:20.792671,642.669,30.65,27.71,58.37,915,2100,1,None
2026-06-02 07:46:20.970234,642.843,31.67,27.70,59.36,915,2100,1,None
2026-06-02 07:46:21.166923,643.020,30.03,27.83,57.86,915,2100,1,None
2026-06-02 07:46:21.345408,643.217,30.78,27.38,58.16,885,2100,1,None
2026-06-02 07:46:21.520617,643.396,31.25,27.48,58.73,915,2100,1,None
2026-06-02 07:46:21.697298,643.571,30.96,28.69,59.65,1005,2100,1,None
2026-06-02 07:46:21.868988,643.748,31.03,28.54,59.58,1005,2100,1,None
2026-06-02 07:46:22.041374,643.919,31.59,29.07,60.66,1005,2100,1,None
2026-06-02 07:46:22.216638,644.092,32.81,29.04,61.85,1005,2100,1,None
2026-06-02 07:46:22.390506,644.267,30.92,29.05,59.97,1005,2100,1,None
2026-06-02 07:46:22.564286,644.441,30.02,29.13,59.15,1005,2100,1,None
2026-06-02 07:46:22.739507,644.615,31.35,28.76,60.12,1005,2100,1,None
2026-06-02 07:46:22.913607,644.790,30.38,28.45,58.83,1005,2100,1,None
2026-06-02 07:46:23.086001,644.964,31.29,28.83,60.12,1005,2100,1,None
2026-06-02 07:46:23.279054,645.136,31.21,28.85,60.06,1005,2100,1,None
2026-06-02 07:46:23.452925,645.329,31.91,28.78,60.69,945,2100,1,None
2026-06-02 07:46:23.628701,645.503,30.39,28.11,58.50,945,2100,1,None
2026-06-02 07:46:23.801964,645.679,31.16,27.91,59.07,945,2100,1,None
2026-06-02 07:46:23.979593,645.852,31.00,27.85,58.85,945,2100,1,None
2026-06-02 07:46:24.157372,646.030,30.13,27.39,57.52,915,2100,1,None
2026-06-02 07:46:24.330179,646.208,30.46,27.81,58.27,915,2100,1,None
2026-06-02 07:46:24.504389,646.380,30.71,27.91,58.62,945,2100,1,None
2026-06-02 07:46:24.694218,646.555,30.33,28.10,58.42,945,2100,1,None
2026-06-02 07:46:24.869322,646.744,30.50,28.04,58.54,945,2100,1,None
2026-06-02 07:46:25.048856,646.920,30.31,27.83,58.14,945,2100,1,None
2026-06-02 07:46:25.223151,647.099,30.43,28.11,58.53,945,2100,1,None
2026-06-02 07:46:25.397673,647.273,30.34,28.16,58.50,945,2100,1,None
2026-06-02 07:46:25.571929,647.448,30.79,28.15,58.94,945,2100,1,None
2026-06-02 07:46:25.766057,647.622,33.45,28.17,61.62,945,2100,1,None
2026-06-02 07:46:25.939347,647.816,32.39,28.23,60.61,945,2100,1,None
2026-06-02 07:46:26.117349,647.990,30.65,27.99,58.65,945,2100,1,None
2026-06-02 07:46:26.290677,648.168,29.94,27.61,57.55,915,2100,1,None
2026-06-02 07:46:26.467654,648.341,29.81,27.57,57.38,915,2100,1,None
2026-06-02 07:46:26.663698,648.518,30.07,27.21,57.28,885,2100,1,None
2026-06-02 07:46:26.863418,648.714,30.40,26.85,57.26,885,2100,1,None
2026-06-02 07:46:27.045829,648.914,31.71,26.85,58.56,885,2100,1,None
2026-06-02 07:46:27.218954,649.096,32.69,27.02,59.70,885,2100,1,None
2026-06-02 07:46:27.397368,649.269,32.35,27.06,59.40,885,2100,1,None
2026-06-02 07:46:27.591775,649.448,29.86,26.95,56.81,885,2100,1,None
2026-06-02 07:46:27.771157,649.642,32.33,27.23,59.55,885,2100,1,None
2026-06-02 07:46:27.945250,649.821,32.51,27.10,59.61,885,2100,1,None
2026-06-02 07:46:28.121600,649.996,30.76,27.19,57.95,885,2100,1,None
2026-06-02 07:46:28.317713,650.172,30.34,26.98,57.32,855,2100,1,None
2026-06-02 07:46:28.497189,650.368,32.15,26.74,58.90,855,2100,1,None
2026-06-02 07:46:28.670959,650.547,30.87,27.18,58.06,855,2100,1,None
2026-06-02 07:46:28.847017,650.721,31.59,27.08,58.66,855,2100,1,None
2026-06-02 07:46:29.024610,650.897,31.08,27.12,58.20,855,2100,1,None
2026-06-02 07:46:29.199564,651.075,32.13,26.68,58.81,855,2100,1,None
2026-06-02 07:46:29.391939,651.250,31.35,26.77,58.11,855,2100,1,None
2026-06-02 07:46:29.568614,651.442,30.84,26.80,57.64,855,2100,1,None
2026-06-02 07:46:29.744445,651.619,37.18,26.76,63.95,855,2100,1,None
2026-06-02 07:46:29.918959,651.795,32.21,26.61,58.82,855,2100,1,None
2026-06-02 07:46:30.113596,651.969,30.40,27.00,57.40,855,2100,1,None
2026-06-02 07:46:30.312320,652.164,30.75,26.82,57.57,855,2100,1,None
2026-06-02 07:46:30.492550,652.363,29.92,26.93,56.85,855,2100,1,None
2026-06-02 07:46:30.684577,652.543,30.66,26.64,57.30,855,2100,1,None
2026-06-02 07:46:30.861096,652.735,30.33,26.82,57.15,855,2100,1,None
2026-06-02 07:46:31.042624,652.911,30.72,26.91,57.63,825,2100,1,None
2026-06-02 07:46:31.222943,653.093,30.04,25.64,55.67,825,2100,1,None
2026-06-02 07:46:31.397227,653.273,30.43,25.45,55.88,825,2100,1,None
2026-06-02 07:46:31.573449,653.447,30.16,26.63,56.79,975,2100,1,None
2026-06-02 07:46:31.747709,653.624,31.22,28.42,59.64,975,2100,1,None
2026-06-02 07:46:31.919797,653.798,29.70,28.41,58.10,975,2100,1,None
2026-06-02 07:46:32.096340,653.970,29.54,28.35,57.88,975,2100,1,None
2026-06-02 07:46:32.270555,654.147,30.50,28.41,58.91,975,2100,1,None
2026-06-02 07:46:32.444243,654.321,30.98,28.63,59.61,975,2100,1,None
2026-06-02 07:46:32.638254,654.495,31.16,28.37,59.53,975,2100,1,None
2026-06-02 07:46:32.811228,654.689,33.56,28.18,61.73,975,2100,1,None
2026-06-02 07:46:32.987303,654.861,30.43,28.18,58.61,975,2100,1,None
2026-06-02 07:46:33.159183,655.038,30.88,28.59,59.47,975,2100,1,None
2026-06-02 07:46:33.331574,655.209,30.64,28.23,58.86,915,2100,1,None
2026-06-02 07:46:33.508295,655.382,31.47,27.41,58.88,915,2100,1,None
2026-06-02 07:46:33.683987,655.559,31.22,27.67,58.89,915,2100,1,None
2026-06-02 07:46:33.857117,655.734,30.38,27.38,57.76,915,2100,1,None
2026-06-02 07:46:34.033855,655.907,31.02,27.54,58.56,915,2100,1,None
2026-06-02 07:46:34.208670,656.084,29.88,26.82,56.70,885,2100,1,None
2026-06-02 07:46:34.385425,656.259,30.15,27.42,57.57,945,2100,1,None
2026-06-02 07:46:34.574934,656.436,31.06,27.80,58.85,945,2100,1,None
2026-06-02 07:46:34.752014,656.625,33.28,27.93,61.21,945,2100,1,None
2026-06-02 07:46:34.925695,656.802,30.79,28.17,58.95,945,2100,1,None
2026-06-02 07:46:35.099186,656.976,30.77,28.13,58.90,945,2100,1,None
2026-06-02 07:46:35.275563,657.149,31.73,27.93,59.66,945,2100,1,None
2026-06-02 07:46:35.447820,657.326,30.78,28.23,59.00,945,2100,1,None
2026-06-02 07:46:35.619427,657.498,31.03,28.99,60.02,1005,2100,1,None
2026-06-02 07:46:35.796283,657.670,33.85,28.49,62.34,1005,2100,1,None
2026-06-02 07:46:35.967986,657.847,31.04,28.91,59.95,1005,2100,1,None
2026-06-02 07:46:36.141662,658.018,30.89,28.66,59.55,1005,2100,1,None
2026-06-02 07:46:36.317160,658.192,30.92,28.97,59.89,1005,2100,1,None
2026-06-02 07:46:36.490215,658.367,45.63,28.92,74.55,1005,2100,1,None
2026-06-02 07:46:36.663696,658.540,54.15,29.09,83.25,1005,2100,1,None
2026-06-02 07:46:36.838706,658.714,32.69,28.79,61.48,1005,2100,1,None
2026-06-02 07:46:37.010414,658.889,30.58,28.59,59.17,1005,2100,1,None
2026-06-02 07:46:37.182063,659.061,29.86,28.29,58.15,1005,2100,1,None
2026-06-02 07:46:37.359564,659.232,31.11,28.39,59.50,945,2100,1,None
2026-06-02 07:46:37.534088,659.410,30.43,28.13,58.55,945,2100,1,None
2026-06-02 07:46:37.710445,659.584,29.97,28.10,58.08,915,2100,1,None
2026-06-02 07:46:37.905096,659.761,32.16,27.80,59.96,915,2100,1,None
2026-06-02 07:46:38.083358,659.955,31.27,27.49,58.75,915,2100,1,None
2026-06-02 07:46:38.258334,660.134,31.07,27.63,58.70,915,2100,1,None
2026-06-02 07:46:38.435054,660.309,33.31,28.61,61.92,975,2100,1,None
2026-06-02 07:46:38.606936,660.485,31.16,28.42,59.58,975,2100,1,None
2026-06-02 07:46:38.781316,660.657,30.78,28.37,59.15,975,2100,1,None
2026-06-02 07:46:38.974167,660.832,30.50,28.25,58.75,975,2100,1,None
2026-06-02 07:46:39.146194,661.024,30.78,28.43,59.21,975,2100,1,None
2026-06-02 07:46:39.322883,661.196,32.46,28.02,60.48,975,2100,1,None
2026-06-02 07:46:39.495012,661.373,33.78,28.59,62.37,975,2100,1,None
2026-06-02 07:46:39.669224,661.545,30.20,28.51,58.72,975,2100,1,None
2026-06-02 07:46:39.846036,661.719,31.26,28.11,59.37,975,2100,1,None
2026-06-02 07:46:40.018500,661.896,29.90,27.97,57.87,975,2100,1,None
2026-06-02 07:46:40.193774,662.069,30.75,27.90,58.65,915,2100,1,None
2026-06-02 07:46:40.372113,662.244,30.54,27.62,58.15,915,2100,1,None
2026-06-02 07:46:40.544992,662.422,30.97,27.54,58.51,915,2100,1,None
2026-06-02 07:46:40.723686,662.595,30.08,27.74,57.81,915,2100,1,None
2026-06-02 07:46:40.903667,662.774,30.94,27.70,58.64,915,2100,1,None
2026-06-02 07:46:41.081642,662.954,30.28,27.86,58.14,915,2100,1,None
2026-06-02 07:46:41.254676,663.132,31.28,27.76,59.04,915,2100,1,None
2026-06-02 07:46:41.429941,663.305,30.84,27.84,58.68,915,2100,1,None
2026-06-02 07:46:41.624342,663.480,47.85,27.68,75.53,915,2100,1,None
2026-06-02 07:46:41.799145,663.675,49.52,27.63,77.14,915,2100,1,None
2026-06-02 07:46:41.974471,663.849,46.30,27.27,73.56,915,2100,1,None
2026-06-02 07:46:42.149384,664.025,31.98,27.29,59.27,915,2100,1,None
2026-06-02 07:46:42.346437,664.200,32.14,27.22,59.36,915,2100,1,None
2026-06-02 07:46:42.519884,664.397,32.01,27.32,59.32,915,2100,1,None
2026-06-02 07:46:42.696799,664.570,31.68,27.19,58.87,915,2100,1,None
2026-06-02 07:46:42.869879,664.747,32.21,27.33,59.53,915,2100,1,None
2026-06-02 07:46:43.045650,664.920,30.36,27.39,57.74,945,2100,1,None
2026-06-02 07:46:43.239759,665.096,30.25,27.86,58.11,945,2100,1,None
2026-06-02 07:46:43.414497,665.290,31.14,27.94,59.08,945,2100,1,None
2026-06-02 07:46:43.589091,665.465,30.60,27.70,58.30,945,2100,1,None
2026-06-02 07:46:43.764167,665.639,30.83,27.59,58.42,945,2100,1,None
2026-06-02 07:46:43.941781,665.814,30.30,27.76,58.06,945,2100,1,None
2026-06-02 07:46:44.115472,665.992,30.18,27.53,57.71,945,2100,1,None
2026-06-02 07:46:44.287605,666.166,30.92,28.02,58.93,975,2100,1,None
2026-06-02 07:46:44.464281,666.338,31.14,28.41,59.55,975,2100,1,None
2026-06-02 07:46:44.636409,666.515,30.29,28.34,58.63,975,2100,1,None
2026-06-02 07:46:44.811045,666.687,30.59,28.50,59.09,975,2100,1,None
2026-06-02 07:46:44.987593,666.861,34.01,28.39,62.40,975,2100,1,None
2026-06-02 07:46:45.159671,667.038,31.11,28.63,59.74,975,2100,1,None
2026-06-02 07:46:45.334535,667.210,29.83,28.85,58.68,975,2100,1,None
2026-06-02 07:46:45.510939,667.385,30.28,28.54,58.81,975,2100,1,None
2026-06-02 07:46:45.682793,667.561,30.51,28.42,58.94,975,2100,1,None
2026-06-02 07:46:45.856229,667.733,39.64,28.70,68.34,975,2100,1,None
2026-06-02 07:46:46.032870,667.906,40.29,28.17,68.46,915,2100,1,None
2026-06-02 07:46:46.207853,668.083,30.07,27.46,57.53,915,2100,1,None
2026-06-02 07:46:46.383048,668.258,30.62,27.61,58.23,915,2100,1,None
2026-06-02 07:46:46.577835,668.433,31.00,27.60,58.60,885,2100,1,None
2026-06-02 07:46:46.758163,668.628,30.42,27.02,57.45,885,2100,1,None
2026-06-02 07:46:46.932525,668.808,36.13,26.84,62.97,885,2100,1,None
2026-06-02 07:46:47.107778,668.983,32.82,28.29,61.11,975,2100,1,None
2026-06-02 07:46:47.296274,669.158,29.63,28.13,57.76,975,2100,1,None
2026-06-02 07:46:47.472927,669.347,29.55,28.28,57.84,975,2100,1,None
2026-06-02 07:46:47.650272,669.523,30.04,28.00,58.04,975,2100,1,None
2026-06-02 07:46:47.824516,669.700,32.12,28.29,60.41,975,2100,1,None
2026-06-02 07:46:47.999791,669.875,36.69,28.23,64.92,975,2100,1,None
2026-06-02 07:46:48.176982,670.050,30.58,28.56,59.14,975,2100,1,None
2026-06-02 07:46:48.365644,670.227,30.32,28.21,58.54,975,2100,1,None
2026-06-02 07:46:48.541909,670.416,30.25,28.24,58.49,975,2100,1,None
2026-06-02 07:46:48.720322,670.592,45.51,28.61,74.12,975,2100,1,None
2026-06-02 07:46:48.894232,670.771,43.36,28.47,71.84,975,2100,1,None
2026-06-02 07:46:49.069295,670.944,40.77,28.33,69.09,975,2100,1,None
2026-06-02 07:46:49.242642,671.120,33.04,28.39,61.43,945,2100,1,None
2026-06-02 07:46:49.419320,671.293,30.96,27.86,58.81,945,2100,1,None
2026-06-02 07:46:49.592577,671.470,30.51,28.06,58.57,945,2100,1,None
2026-06-02 07:46:49.766596,671.643,30.89,27.82,58.71,945,2100,1,None
2026-06-02 07:46:49.943653,671.817,32.20,27.96,60.16,945,2100,1,None
2026-06-02 07:46:50.117683,671.994,32.16,27.95,60.10,945,2100,1,None
2026-06-02 07:46:50.292297,672.168,31.01,27.87,58.88,915,2100,1,None
2026-06-02 07:46:50.469189,672.343,30.12,27.60,57.73,915,2100,1,None
2026-06-02 07:46:50.643064,672.519,30.21,27.67,57.88,915,2100,1,None
2026-06-02 07:46:50.820920,672.693,30.42,27.54,57.96,915,2100,1,None
2026-06-02 07:46:51.020026,672.871,31.10,27.53,58.63,885,2100,1,None
2026-06-02 07:46:51.197222,673.070,30.82,27.39,58.21,885,2100,1,None
2026-06-02 07:46:51.370793,673.247,30.68,27.52,58.21,885,2100,1,None
2026-06-02 07:46:51.543247,673.421,30.83,28.68,59.51,975,2100,1,None
2026-06-02 07:46:51.720289,673.594,30.93,29.01,59.95,975,2100,1,None
2026-06-02 07:46:51.892590,673.771,31.38,28.50,59.88,975,2100,1,None
2026-06-02 07:46:52.066992,673.943,31.14,29.07,60.21,975,2100,1,None
2026-06-02 07:46:52.258498,674.117,31.07,28.79,59.86,975,2100,1,None
2026-06-02 07:46:52.431801,674.309,30.08,28.75,58.84,975,2100,1,None
2026-06-02 07:46:52.607534,674.482,32.33,28.75,61.08,975,2100,1,None
2026-06-02 07:46:52.780245,674.658,30.74,28.68,59.41,975,2100,1,None
2026-06-02 07:46:52.952619,674.831,29.87,29.49,59.36,1035,2100,1,None
2026-06-02 07:46:53.129032,675.003,30.15,29.53,59.68,1035,2100,1,None
2026-06-02 07:46:53.304502,675.179,30.89,29.43,60.32,1035,2100,1,None
2026-06-02 07:46:53.475678,675.355,31.51,29.46,60.97,1035,2100,1,None
2026-06-02 07:46:53.651298,675.526,30.86,29.34,60.20,1035,2100,1,None
2026-06-02 07:46:53.823694,675.702,31.13,29.28,60.40,1035,2100,1,None
2026-06-02 07:46:53.994750,675.874,30.75,29.37,60.12,1035,2100,1,None
2026-06-02 07:46:54.169712,676.045,31.04,29.48,60.51,1035,2100,1,None
2026-06-02 07:46:54.342313,676.220,30.84,29.39,60.23,1035,2100,1,None
2026-06-02 07:46:54.513669,676.393,30.36,29.16,59.52,1035,2100,1,None
2026-06-02 07:46:54.689622,676.564,30.55,28.81,59.37,945,2100,1,None
2026-06-02 07:46:54.862842,676.740,30.65,28.06,58.71,945,2100,1,None
2026-06-02 07:46:55.037372,676.913,30.38,28.07,58.45,945,2100,1,None
2026-06-02 07:46:55.216224,677.088,31.10,28.52,59.63,945,2100,1,None
2026-06-02 07:46:55.389779,677.267,30.90,27.63,58.53,915,2100,1,None
2026-06-02 07:46:55.564290,677.440,30.81,27.91,58.72,975,2100,1,None
2026-06-02 07:46:55.739273,677.615,31.17,28.78,59.95,975,2100,1,None
2026-06-02 07:46:55.910940,677.789,30.94,28.50,59.44,975,2100,1,None
2026-06-02 07:46:56.086545,677.961,30.94,28.38,59.32,975,2100,1,None
2026-06-02 07:46:56.259107,678.137,32.34,28.72,61.07,975,2100,1,None
2026-06-02 07:46:56.430963,678.309,38.61,28.45,67.06,975,2100,1,None
2026-06-02 07:46:56.608016,678.481,31.19,28.33,59.53,975,2100,1,None
2026-06-02 07:46:56.779858,678.658,30.67,28.05,58.72,975,2100,1,None
2026-06-02 07:46:56.954422,678.830,30.57,28.33,58.90,975,2100,1,None
2026-06-02 07:46:57.132290,679.005,29.95,28.00,57.95,975,2100,1,None
2026-06-02 07:46:57.304623,679.182,30.40,27.64,58.04,945,2100,1,None
2026-06-02 07:46:57.478914,679.355,30.17,27.43,57.60,945,2100,1,None
2026-06-02 07:46:57.671312,679.529,30.33,27.62,57.96,945,2100,1,None
2026-06-02 07:46:57.860964,679.722,30.18,27.18,57.36,915,2100,1,None
2026-06-02 07:46:58.035580,679.911,30.35,27.10,57.45,915,2100,1,None
2026-06-02 07:46:58.212886,680.086,30.32,28.46,58.78,975,2100,1,None
2026-06-02 07:46:58.387087,680.263,32.58,28.55,61.13,975,2100,1,None
2026-06-02 07:46:58.562094,680.437,30.61,28.53,59.14,975,2100,1,None
2026-06-02 07:46:58.752533,680.612,30.49,28.53,59.02,975,2100,1,None
2026-06-02 07:46:58.927837,680.803,30.06,28.35,58.41,975,2100,1,None
2026-06-02 07:46:59.101183,680.978,30.33,28.33,58.66,975,2100,1,None
2026-06-02 07:46:59.276031,681.151,30.42,28.61,59.02,975,2100,1,None
2026-06-02 07:46:59.453239,681.326,30.58,28.18,58.76,975,2100,1,None
2026-06-02 07:46:59.625297,681.504,30.88,28.72,59.59,975,2100,1,None
2026-06-02 07:46:59.800093,681.676,30.39,28.83,59.22,1005,2100,1,None
2026-06-02 07:46:59.976409,681.850,31.46,28.51,59.97,1005,2100,1,None
2026-06-02 07:47:00.147817,682.027,31.00,28.90,59.90,1005,2100,1,None
2026-06-02 07:47:00.321008,682.198,31.25,29.08,60.32,1005,2100,1,None
2026-06-02 07:47:00.497045,682.371,30.25,29.24,59.49,1005,2100,1,None
2026-06-02 07:47:00.669314,682.547,30.66,29.18,59.84,1005,2100,1,None
2026-06-02 07:47:00.841850,682.720,30.50,29.14,59.63,1005,2100,1,None
2026-06-02 07:47:01.017787,682.892,30.90,29.09,59.99,1005,2100,1,None
2026-06-02 07:47:01.191195,683.068,30.76,28.92,59.68,1005,2100,1,None
2026-06-02 07:47:01.362797,683.241,30.06,28.79,58.84,1005,2100,1,None
2026-06-02 07:47:01.540454,683.413,30.35,28.36,58.72,945,2100,1,None
2026-06-02 07:47:01.715746,683.591,30.60,27.91,58.51,915,2100,1,None
2026-06-02 07:47:01.893916,683.766,31.11,27.86,58.97,915,2100,1,None
2026-06-02 07:47:02.067694,683.944,29.82,27.70,57.51,915,2100,1,None
2026-06-02 07:47:02.240818,684.118,30.32,27.89,58.21,915,2100,1,None
2026-06-02 07:47:02.420310,684.291,30.04,27.85,57.88,915,2100,1,None
2026-06-02 07:47:02.593312,684.471,31.47,27.82,59.29,915,2100,1,None
2026-06-02 07:47:02.769469,684.644,31.23,27.70,58.93,915,2100,1,None
2026-06-02 07:47:02.966399,684.820,30.21,27.55,57.76,915,2100,1,None
2026-06-02 07:47:03.145989,685.017,30.37,27.37,57.74,885,2100,1,None
2026-06-02 07:47:03.319893,685.196,32.21,27.24,59.45,885,2100,1,None
2026-06-02 07:47:03.500315,685.370,30.71,27.73,58.44,885,2100,1,None
2026-06-02 07:47:03.675506,685.551,29.98,27.29,57.26,885,2100,1,None
2026-06-02 07:47:03.847894,685.726,31.98,28.22,60.20,945,2100,1,None
2026-06-02 07:47:04.026190,685.898,34.02,27.89,61.92,945,2100,1,None
2026-06-02 07:47:04.200483,686.076,31.38,28.19,59.56,945,2100,1,None
2026-06-02 07:47:04.374652,686.251,30.42,28.05,58.47,945,2100,1,None
2026-06-02 07:47:04.564237,686.425,30.01,28.09,58.10,945,2100,1,None
2026-06-02 07:47:04.741056,686.615,30.00,28.02,58.01,945,2100,1,None
2026-06-02 07:47:04.916952,686.791,30.45,28.07,58.52,945,2100,1,None
2026-06-02 07:47:05.111978,686.967,30.87,28.02,58.89,945,2100,1,None
2026-06-02 07:47:05.287175,687.162,30.61,28.11,58.71,945,2100,1,None
2026-06-02 07:47:05.465716,687.337,30.46,28.10,58.55,945,2100,1,None
2026-06-02 07:47:05.639512,687.516,30.80,27.92,58.72,915,2100,1,None
2026-06-02 07:47:05.817851,687.690,30.11,27.76,57.88,915,2100,1,None
2026-06-02 07:47:05.993155,687.868,31.07,27.70,58.77,915,2100,1,None
2026-06-02 07:47:06.170947,688.043,30.91,27.67,58.57,915,2100,1,None
2026-06-02 07:47:06.362901,688.221,30.90,27.77,58.67,885,2100,1,None
2026-06-02 07:47:06.539230,688.413,30.35,27.12,57.46,885,2100,1,None
2026-06-02 07:47:06.718242,688.590,30.56,27.11,57.67,885,2100,1,None
2026-06-02 07:47:06.896795,688.769,30.58,26.80,57.38,885,2100,1,None
2026-06-02 07:47:07.070705,688.947,29.99,26.44,56.43,855,2100,1,None
2026-06-02 07:47:07.245329,689.121,29.78,27.01,56.80,945,2100,1,None
2026-06-02 07:47:07.435187,689.296,30.05,28.09,58.14,945,2100,1,None
2026-06-02 07:47:07.611400,689.485,30.78,28.31,59.09,945,2100,1,None
2026-06-02 07:47:07.789159,689.662,31.11,28.04,59.15,945,2100,1,None
2026-06-02 07:47:07.965739,689.839,30.91,28.04,58.95,945,2100,1,None
2026-06-02 07:47:08.158854,690.016,30.78,27.92,58.69,945,2100,1,None
2026-06-02 07:47:08.353192,690.209,30.93,27.93,58.86,945,2100,1,None
2026-06-02 07:47:08.526785,690.403,31.33,28.01,59.34,945,2100,1,None
2026-06-02 07:47:08.703621,690.577,30.33,28.08,58.41,945,2100,1,None
2026-06-02 07:47:08.875802,690.754,30.87,27.71,58.58,945,2100,1,None
2026-06-02 07:47:09.047947,690.926,30.29,27.68,57.97,945,2100,1,None
2026-06-02 07:47:09.244383,691.098,30.32,27.77,58.09,915,2100,1,None
2026-06-02 07:47:09.421781,691.295,30.15,27.45,57.60,915,2100,1,None
2026-06-02 07:47:09.597778,691.472,30.62,27.31,57.93,915,2100,1,None
2026-06-02 07:47:09.789264,691.648,30.84,27.76,58.60,915,2100,1,None
2026-06-02 07:47:09.965829,691.840,30.55,27.95,58.51,885,2100,1,None
2026-06-02 07:47:10.139842,692.016,30.73,27.54,58.27,885,2100,1,None
2026-06-02 07:47:10.318674,692.190,30.75,27.44,58.19,885,2100,1,None
2026-06-02 07:47:10.510972,692.369,30.65,27.36,58.01,885,2100,1,None
2026-06-02 07:47:10.690855,692.561,30.65,27.64,58.28,885,2100,1,None
2026-06-02 07:47:10.863811,692.741,31.58,27.53,59.11,885,2100,1,None
2026-06-02 07:47:11.039972,692.914,30.71,27.35,58.06,885,2100,1,None
2026-06-02 07:47:11.217287,693.090,30.33,27.33,57.66,855,2100,1,None
2026-06-02 07:47:11.395948,693.268,31.63,26.94,58.57,855,2100,1,None
2026-06-02 07:47:11.590374,693.446,32.32,27.16,59.49,855,2100,1,None
2026-06-02 07:47:11.773199,693.641,31.32,27.07,58.40,855,2100,1,None
2026-06-02 07:47:11.947798,693.823,31.02,26.97,57.99,855,2100,1,None
2026-06-02 07:47:12.125625,693.998,29.79,28.26,58.05,945,2100,1,None
2026-06-02 07:47:12.298302,694.176,29.49,28.17,57.66,945,2100,1,None
2026-06-02 07:47:12.470660,694.349,30.18,28.41,58.59,945,2100,1,None
2026-06-02 07:47:12.648595,694.521,30.10,28.24,58.34,945,2100,1,None
2026-06-02 07:47:12.821385,694.699,30.22,28.45,58.67,945,2100,1,None
2026-06-02 07:47:12.995185,694.872,30.92,28.34,59.27,945,2100,1,None
2026-06-02 07:47:13.187089,695.045,30.85,28.19,59.04,945,2100,1,None
2026-06-02 07:47:13.362746,695.237,31.26,28.04,59.30,945,2100,1,None
2026-06-02 07:47:13.539201,695.413,31.20,28.02,59.22,945,2100,1,None
2026-06-02 07:47:13.710932,695.589,32.54,28.23,60.77,975,2100,1,None
2026-06-02 07:47:13.890241,695.761,29.84,28.25,58.08,975,2100,1,None
2026-06-02 07:47:14.063680,695.941,29.83,28.21,58.04,975,2100,1,None
2026-06-02 07:47:14.235333,696.114,29.79,28.24,58.04,975,2100,1,None
2026-06-02 07:47:14.428276,696.286,30.59,28.47,59.06,975,2100,1,None
2026-06-02 07:47:14.600594,696.479,30.57,28.27,58.84,975,2100,1,None
2026-06-02 07:47:14.778434,696.651,31.51,28.37,59.88,975,2100,1,None
2026-06-02 07:47:14.950292,696.829,31.31,28.52,59.83,975,2100,1,None
2026-06-02 07:47:15.121987,697.001,30.42,28.80,59.22,1005,2100,1,None
2026-06-02 07:47:15.301648,697.172,29.32,29.02,58.34,1005,2100,1,None
2026-06-02 07:47:15.475557,697.352,32.94,29.35,62.29,1005,2100,1,None
2026-06-02 07:47:15.650849,697.526,30.58,28.93,59.51,1005,2100,1,None
2026-06-02 07:47:15.827503,697.701,30.03,29.12,59.16,1005,2100,1,None
2026-06-02 07:47:16.004914,697.878,31.11,28.98,60.08,1005,2100,1,None
2026-06-02 07:47:16.193689,698.055,30.49,28.98,59.47,1005,2100,1,None
2026-06-02 07:47:16.368552,698.244,30.80,29.12,59.92,1005,2100,1,None
2026-06-02 07:47:16.550350,698.419,30.57,29.17,59.74,1005,2100,1,None
2026-06-02 07:47:16.726080,698.601,29.96,29.51,59.48,1005,2100,1,None
2026-06-02 07:47:16.898131,698.776,29.36,29.18,58.53,975,2100,1,None
2026-06-02 07:47:17.072915,698.948,29.58,28.59,58.17,945,2100,1,None
2026-06-02 07:47:17.270561,699.123,29.45,28.53,57.98,945,2100,1,None
2026-06-02 07:47:17.443623,699.321,30.34,28.36,58.69,945,2100,1,None
2026-06-02 07:47:17.621591,699.494,30.73,28.04,58.77,915,2100,1,None
2026-06-02 07:47:17.795754,699.672,30.95,27.37,58.32,915,2100,1,None
2026-06-02 07:47:17.969017,699.846,30.35,27.84,58.19,945,2100,1,None
2026-06-02 07:47:18.161065,700.019,29.41,27.83,57.25,945,2100,1,None
2026-06-02 07:47:18.335731,700.211,29.92,28.05,57.97,945,2100,1,None
2026-06-02 07:47:18.511041,700.386,30.75,27.97,58.72,945,2100,1,None
2026-06-02 07:47:18.685428,700.561,30.41,27.99,58.40,945,2100,1,None
2026-06-02 07:47:18.875318,700.736,30.94,27.70,58.64,945,2100,1,None
2026-06-02 07:47:19.050088,700.926,30.19,28.20,58.39,945,2100,1,None
2026-06-02 07:47:19.230447,701.100,32.80,28.27,61.06,945,2100,1,None
2026-06-02 07:47:19.410418,701.281,30.85,28.06,58.91,945,2100,1,None
2026-06-02 07:47:19.584913,701.461,30.62,27.97,58.59,945,2100,1,None
2026-06-02 07:47:19.762113,701.635,31.31,28.16,59.47,975,2100,1,None
2026-06-02 07:47:19.936472,701.812,30.22,28.35,58.57,975,2100,1,None
2026-06-02 07:47:20.108539,701.987,30.27,28.31,58.58,975,2100,1,None
2026-06-02 07:47:20.285137,702.159,29.83,28.23,58.06,975,2100,1,None
2026-06-02 07:47:20.459019,702.335,30.42,28.56,58.98,975,2100,1,None
2026-06-02 07:47:20.631068,702.509,30.26,29.08,59.34,975,2100,1,None
2026-06-02 07:47:20.808100,702.681,31.00,28.39,59.40,975,2100,1,None
2026-06-02 07:47:20.982036,702.858,30.34,28.51,58.85,975,2100,1,None
2026-06-02 07:47:21.153855,703.032,30.76,28.36,59.13,975,2100,1,None
2026-06-02 07:47:21.329839,703.204,29.99,28.32,58.31,975,2100,1,None
2026-06-02 07:47:21.503229,703.380,30.39,27.96,58.35,945,2100,1,None
2026-06-02 07:47:21.677073,703.554,30.36,27.59,57.95,945,2100,1,None
2026-06-02 07:47:21.854318,703.727,31.00,27.87,58.87,915,2100,1,None
2026-06-02 07:47:22.028275,703.905,30.97,27.61,58.58,915,2100,1,None
2026-06-02 07:47:22.202487,704.079,37.96,27.94,65.90,945,2100,1,None
2026-06-02 07:47:22.396279,704.253,52.55,28.14,80.69,945,2100,1,None
2026-06-02 07:47:22.571756,704.447,33.50,27.84,61.33,945,2100,1,None
2026-06-02 07:47:22.744873,704.622,36.97,28.32,65.29,945,2100,1,None
2026-06-02 07:47:22.919521,704.795,38.25,28.18,66.43,945,2100,1,None
2026-06-02 07:47:23.097126,704.970,34.57,27.95,62.52,945,2100,1,None
2026-06-02 07:47:23.270699,705.147,30.62,28.06,58.68,945,2100,1,None
2026-06-02 07:47:23.447811,705.321,32.64,28.05,60.69,945,2100,1,None
2026-06-02 07:47:23.642450,705.498,35.93,27.82,63.75,945,2100,1,None
2026-06-02 07:47:23.818512,705.693,30.51,27.98,58.49,945,2100,1,None
2026-06-02 07:47:23.993111,705.869,31.46,27.60,59.06,885,2100,1,None
2026-06-02 07:47:24.170187,706.043,35.25,26.95,62.20,885,2100,1,None
2026-06-02 07:47:24.361595,706.220,33.27,27.44,60.71,885,2100,1,None
2026-06-02 07:47:24.557195,706.412,31.36,27.44,58.80,885,2100,1,None
2026-06-02 07:47:24.733575,706.608,34.89,27.21,62.10,855,2100,1,None
2026-06-02 07:47:24.913260,706.784,50.53,26.61,77.14,855,2100,1,None
2026-06-02 07:47:25.090001,706.964,39.82,26.91,66.73,855,2100,1,None
2026-06-02 07:47:25.272890,707.140,30.91,26.75,57.66,855,2100,1,None
2026-06-02 07:47:25.466305,707.323,30.93,26.77,57.70,855,2100,1,None
2026-06-02 07:47:25.641747,707.517,33.52,27.14,60.66,855,2100,1,None
2026-06-02 07:47:25.814673,707.692,42.91,27.51,70.42,885,2100,1,None
2026-06-02 07:47:25.989712,707.865,32.24,27.81,60.05,945,2100,1,None
2026-06-02 07:47:26.184700,708.040,31.80,28.18,59.98,945,2100,1,None
2026-06-02 07:47:26.361226,708.235,30.96,28.00,58.96,945,2100,1,None
2026-06-02 07:47:26.534699,708.412,31.00,28.17,59.17,945,2100,1,None
2026-06-02 07:47:26.709777,708.585,33.45,28.53,61.98,945,2100,1,None
2026-06-02 07:47:26.887010,708.760,39.98,28.08,68.05,945,2100,1,None
2026-06-02 07:47:27.059158,708.937,37.80,27.72,65.52,945,2100,1,None
2026-06-02 07:47:27.233050,709.109,53.66,28.62,82.28,975,2100,1,None
2026-06-02 07:47:27.409281,709.283,35.79,28.74,64.54,975,2100,1,None
2026-06-02 07:47:27.581648,709.460,30.79,28.70,59.49,975,2100,1,None
2026-06-02 07:47:27.755602,709.632,30.62,28.35,58.97,975,2100,1,None
2026-06-02 07:47:27.931519,709.806,30.39,28.32,58.70,975,2100,1,None
2026-06-02 07:47:28.105001,709.982,30.43,28.19,58.61,975,2100,1,None
2026-06-02 07:47:28.279593,710.155,30.14,28.48,58.61,975,2100,1,None
2026-06-02 07:47:28.455279,710.330,32.61,28.57,61.17,975,2100,1,None
2026-06-02 07:47:28.629186,710.505,30.70,28.49,59.18,975,2100,1,None
2026-06-02 07:47:28.804290,710.679,29.95,28.64,58.59,975,2100,1,None
2026-06-02 07:47:28.996726,710.855,30.84,27.94,58.78,915,2100,1,None
2026-06-02 07:47:29.174959,711.047,30.75,27.66,58.40,915,2100,1,None
2026-06-02 07:47:29.349820,711.225,30.54,27.51,58.05,915,2100,1,None
2026-06-02 07:47:29.545210,711.400,30.16,27.69,57.85,915,2100,1,None
2026-06-02 07:47:29.718789,711.595,30.31,27.62,57.94,915,2100,1,None
2026-06-02 07:47:29.899221,711.769,30.11,27.67,57.79,915,2100,1,None
2026-06-02 07:47:30.074153,711.949,30.14,27.40,57.54,885,2100,1,None
2026-06-02 07:47:30.249899,712.124,30.18,27.93,58.11,975,2100,1,None
2026-06-02 07:47:30.422897,712.300,30.40,28.17,58.57,975,2100,1,None
2026-06-02 07:47:30.596729,712.473,32.23,28.46,60.69,975,2100,1,None
2026-06-02 07:47:30.772364,712.647,32.77,28.60,61.37,975,2100,1,None
2026-06-02 07:47:30.945445,712.823,30.59,28.64,59.23,975,2100,1,None
2026-06-02 07:47:31.124185,712.996,30.13,28.47,58.61,975,2100,1,None
2026-06-02 07:47:31.314472,713.174,31.19,28.41,59.59,975,2100,1,None
2026-06-02 07:47:31.489744,713.365,31.13,28.52,59.65,975,2100,1,None
2026-06-02 07:47:31.667051,713.540,30.93,28.45,59.38,975,2100,1,None
2026-06-02 07:47:31.839649,713.717,29.99,28.58,58.57,975,2100,1,None
2026-06-02 07:47:32.031777,713.890,30.73,28.82,59.55,975,2100,1,None
2026-06-02 07:47:32.207234,714.082,30.65,28.73,59.37,975,2100,1,None
2026-06-02 07:47:32.380737,714.258,31.50,28.83,60.33,975,2100,1,None
2026-06-02 07:47:32.555096,714.431,30.98,28.89,59.87,975,2100,1,None
2026-06-02 07:47:32.732131,714.605,30.11,28.80,58.91,975,2100,1,None
2026-06-02 07:47:32.903958,714.782,30.53,28.73,59.26,975,2100,1,None
2026-06-02 07:47:33.077938,714.954,30.73,28.56,59.29,975,2100,1,None
2026-06-02 07:47:33.254020,715.128,30.99,28.59,59.58,975,2100,1,None
2026-06-02 07:47:33.428131,715.304,31.33,28.70,60.02,975,2100,1,None
2026-06-02 07:47:33.604125,715.478,31.14,28.55,59.69,945,2100,1,None
2026-06-02 07:47:33.793849,715.654,30.96,28.61,59.57,945,2100,1,None
2026-06-02 07:47:33.969271,715.844,30.90,28.52,59.41,945,2100,1,None
2026-06-02 07:47:34.151878,716.020,30.97,28.27,59.24,915,2100,1,None
2026-06-02 07:47:34.350729,716.202,30.76,27.72,58.48,915,2100,1,None
2026-06-02 07:47:34.524297,716.401,34.47,27.61,62.08,915,2100,1,None
2026-06-02 07:47:34.701871,716.575,30.11,27.90,58.01,915,2100,1,None
2026-06-02 07:47:34.876598,716.752,30.71,27.77,58.48,915,2100,1,None
2026-06-02 07:47:35.055821,716.927,31.22,27.99,59.21,915,2100,1,None
2026-06-02 07:47:35.229463,717.106,30.53,27.75,58.28,915,2100,1,None
2026-06-02 07:47:35.403058,717.280,30.12,27.91,58.04,915,2100,1,None
2026-06-02 07:47:35.582526,717.453,29.88,27.93,57.81,885,2100,1,None
2026-06-02 07:47:35.756196,717.633,30.23,27.56,57.79,885,2100,1,None
2026-06-02 07:47:35.934780,717.806,30.36,27.28,57.64,885,2100,1,None
2026-06-02 07:47:36.111049,717.985,30.23,27.62,57.85,885,2100,1,None
2026-06-02 07:47:36.287007,718.161,29.60,27.95,57.56,975,2100,1,None
2026-06-02 07:47:36.475923,718.337,30.48,28.94,59.42,975,2100,1,None
2026-06-02 07:47:36.652174,718.526,46.50,28.88,75.38,975,2100,1,None
2026-06-02 07:47:36.826125,718.702,35.30,29.01,64.31,975,2100,1,None
2026-06-02 07:47:36.999768,718.876,30.65,29.23,59.88,975,2100,1,None
2026-06-02 07:47:37.175324,719.050,30.84,28.90,59.74,975,2100,1,None
2026-06-02 07:47:37.348162,719.226,30.56,28.81,59.37,975,2100,1,None
2026-06-02 07:47:37.520321,719.398,30.23,28.97,59.20,975,2100,1,None
2026-06-02 07:47:37.697648,719.571,30.90,28.77,59.67,975,2100,1,None
2026-06-02 07:47:37.869849,719.748,32.11,28.54,60.65,975,2100,1,None
2026-06-02 07:47:38.044461,719.920,30.79,28.38,59.17,945,2100,1,None
2026-06-02 07:47:38.220591,720.095,34.12,27.99,62.11,915,2100,1,None
2026-06-02 07:47:38.399900,720.271,33.53,27.74,61.28,915,2100,1,None
2026-06-02 07:47:38.594468,720.450,31.29,27.89,59.18,915,2100,1,None
2026-06-02 07:47:38.772994,720.645,30.91,28.23,59.14,915,2100,1,None
2026-06-02 07:47:38.972472,720.823,30.64,27.96,58.61,915,2100,1,None
2026-06-02 07:47:39.145765,721.023,30.71,27.78,58.50,915,2100,1,None
2026-06-02 07:47:39.323960,721.196,29.71,28.07,57.78,915,2100,1,None
2026-06-02 07:47:39.497646,721.374,30.68,27.82,58.50,915,2100,1,None
2026-06-02 07:47:39.671044,721.548,31.11,27.75,58.86,885,2100,1,None
2026-06-02 07:47:39.867792,721.721,30.11,27.68,57.79,885,2100,1,None
2026-06-02 07:47:40.041628,721.918,31.12,26.98,58.10,885,2100,1,None
2026-06-02 07:47:40.223035,722.092,30.09,26.87,56.96,855,2100,1,None
2026-06-02 07:47:40.396696,722.273,30.24,26.48,56.73,855,2100,1,None
2026-06-02 07:47:40.576471,722.447,30.81,26.70,57.52,855,2100,1,None
2026-06-02 07:47:40.750397,722.627,40.17,27.14,67.31,855,2100,1,None
2026-06-02 07:47:40.927464,722.801,31.08,27.56,58.63,975,2100,1,None
2026-06-02 07:47:41.100316,722.978,30.23,28.63,58.86,975,2100,1,None
2026-06-02 07:47:41.272244,723.151,30.14,28.46,58.60,975,2100,1,None
2026-06-02 07:47:41.449478,723.323,30.18,27.96,58.14,975,2100,1,None
2026-06-02 07:47:41.622320,723.500,30.11,28.21,58.32,975,2100,1,None
2026-06-02 07:47:41.796632,723.673,30.23,28.46,58.69,975,2100,1,None
2026-06-02 07:47:41.973881,723.847,31.85,28.45,60.30,975,2100,1,None
2026-06-02 07:47:42.145572,724.024,34.51,28.36,62.87,975,2100,1,None
2026-06-02 07:47:42.320167,724.196,29.64,28.46,58.11,975,2100,1,None
2026-06-02 07:47:42.496726,724.370,29.78,28.57,58.35,975,2100,1,None
2026-06-02 07:47:42.669931,724.547,29.55,28.40,57.95,945,2100,1,None
2026-06-02 07:47:42.844003,724.720,30.18,27.81,57.99,945,2100,1,None
2026-06-02 07:47:43.038691,724.894,30.74,27.75,58.50,915,2100,1,None
2026-06-02 07:47:43.214865,725.089,29.60,27.27,56.87,915,2100,1,None
2026-06-02 07:47:43.391408,725.265,31.94,27.33,59.26,915,2100,1,None
2026-06-02 07:47:43.564179,725.442,29.79,27.10,56.88,915,2100,1,None
2026-06-02 07:47:43.737305,725.614,29.61,27.82,57.43,975,2100,1,None
2026-06-02 07:47:43.915077,725.788,30.40,28.13,58.54,975,2100,1,None
2026-06-02 07:47:44.087498,725.965,29.42,28.20,57.63,975,2100,1,None
2026-06-02 07:47:44.260389,726.138,30.24,28.16,58.40,975,2100,1,None
2026-06-02 07:47:44.437324,726.311,29.89,28.51,58.40,975,2100,1,None
2026-06-02 07:47:44.610354,726.488,30.19,28.68,58.88,975,2100,1,None
2026-06-02 07:47:44.784542,726.661,33.60,28.61,62.21,975,2100,1,None
2026-06-02 07:47:44.961545,726.835,31.03,28.48,59.50,975,2100,1,None
2026-06-02 07:47:45.136430,727.012,29.94,28.59,58.53,975,2100,1,None
2026-06-02 07:47:45.311427,727.187,30.45,28.60,59.05,975,2100,1,None
2026-06-02 07:47:45.502003,727.362,30.15,28.24,58.39,915,2100,1,None
2026-06-02 07:47:45.699352,727.552,30.59,27.75,58.34,915,2100,1,None
2026-06-02 07:47:45.874958,727.750,33.49,27.36,60.85,915,2100,1,None
2026-06-02 07:47:46.069162,727.925,32.70,27.30,59.99,915,2100,1,None
2026-06-02 07:47:46.245478,728.119,29.67,27.51,57.18,915,2100,1,None
2026-06-02 07:47:46.441732,728.296,30.37,27.68,58.04,915,2100,1,None
2026-06-02 07:47:46.616446,728.492,29.71,27.16,56.87,885,2100,1,None
2026-06-02 07:47:46.793932,728.667,30.55,27.05,57.60,885,2100,1,None
2026-06-02 07:47:46.969432,728.844,31.34,26.93,58.26,885,2100,1,None
2026-06-02 07:47:47.148397,729.020,29.97,26.97,56.94,885,2100,1,None
2026-06-02 07:47:47.321638,729.199,30.05,27.12,57.17,885,2100,1,None
2026-06-02 07:47:47.496656,729.372,30.40,26.84,57.24,885,2100,1,None
2026-06-02 07:47:47.693393,729.547,31.95,26.92,58.87,855,2100,1,None
2026-06-02 07:47:47.872259,729.744,30.89,26.48,57.37,885,2100,1,None
2026-06-02 07:47:48.047120,729.923,30.49,27.08,57.57,885,2100,1,None
2026-06-02 07:47:48.240903,730.097,30.64,27.49,58.13,915,2100,1,None
2026-06-02 07:47:48.415485,730.291,32.18,27.46,59.64,915,2100,1,None
2026-06-02 07:47:48.610909,730.466,29.91,27.34,57.25,915,2100,1,None
2026-06-02 07:47:48.784163,730.661,30.03,27.72,57.75,915,2100,1,None
2026-06-02 07:47:48.963004,730.834,30.57,27.82,58.38,915,2100,1,None
2026-06-02 07:47:49.135988,731.013,30.26,27.88,58.14,915,2100,1,None
2026-06-02 07:47:49.310363,731.186,30.70,27.88,58.58,915,2100,1,None
2026-06-02 07:47:49.508421,731.361,31.41,27.59,59.00,915,2100,1,None
2026-06-02 07:47:49.687137,731.559,31.82,27.83,59.64,915,2100,1,None
2026-06-02 07:47:49.861607,731.737,31.81,27.48,59.29,915,2100,1,None
2026-06-02 07:47:50.037046,731.912,30.62,27.43,58.06,915,2100,1,None
2026-06-02 07:47:50.214926,732.087,31.29,27.69,58.98,915,2100,1,None
2026-06-02 07:47:50.391024,732.265,30.98,27.51,58.50,915,2100,1,None
2026-06-02 07:47:50.582398,732.441,31.03,27.20,58.23,885,2100,1,None
2026-06-02 07:47:50.761331,732.633,30.63,27.31,57.94,885,2100,1,None
2026-06-02 07:47:50.936265,732.812,30.70,27.27,57.97,885,2100,1,None
2026-06-02 07:47:51.113935,732.987,30.61,27.17,57.79,855,2100,1,None
2026-06-02 07:47:51.289960,733.164,29.95,26.52,56.47,855,2100,1,None
2026-06-02 07:47:51.468496,733.340,30.89,26.92,57.80,855,2100,1,None
2026-06-02 07:47:51.646581,733.519,30.27,26.97,57.24,855,2100,1,None
2026-06-02 07:47:51.824048,733.697,31.53,27.75,59.28,975,2100,1,None
2026-06-02 07:47:51.996488,733.874,30.47,28.81,59.27,975,2100,1,None
2026-06-02 07:47:52.169262,734.047,30.59,28.74,59.32,975,2100,1,None
2026-06-02 07:47:52.346051,734.220,30.96,28.58,59.54,975,2100,1,None
2026-06-02 07:47:52.517883,734.396,30.42,28.75,59.17,975,2100,1,None
2026-06-02 07:47:52.692291,734.568,30.55,28.97,59.52,975,2100,1,None
2026-06-02 07:47:52.868221,734.743,30.44,28.76,59.20,975,2100,1,None
2026-06-02 07:47:53.041584,734.919,31.75,28.44,60.19,975,2100,1,None
2026-06-02 07:47:53.215837,735.092,31.85,28.46,60.31,975,2100,1,None
2026-06-02 07:47:53.391693,735.266,32.56,28.35,60.91,975,2100,1,None
2026-06-02 07:47:53.565755,735.442,32.83,28.24,61.07,945,2100,1,None
2026-06-02 07:47:53.741048,735.616,30.74,28.24,58.98,945,2100,1,None
2026-06-02 07:47:53.919722,735.791,31.12,28.09,59.21,915,2100,1,None
2026-06-02 07:47:54.093093,735.970,29.74,27.90,57.65,915,2100,1,None
2026-06-02 07:47:54.270335,736.143,29.91,27.69,57.60,915,2100,1,None
2026-06-02 07:47:54.465037,736.321,31.14,28.07,59.22,915,2100,1,None
2026-06-02 07:47:54.641484,736.515,32.18,27.66,59.84,915,2100,1,None
2026-06-02 07:47:54.815600,736.692,30.50,27.80,58.30,915,2100,1,None
2026-06-02 07:47:54.990788,736.866,30.55,27.90,58.46,915,2100,1,None
2026-06-02 07:47:55.191745,737.041,30.79,27.48,58.27,885,2100,1,None
2026-06-02 07:47:55.366643,737.242,30.59,27.33,57.92,885,2100,1,None
2026-06-02 07:47:55.542349,737.417,30.34,27.17,57.51,885,2100,1,None
2026-06-02 07:47:55.722166,737.593,30.19,27.48,57.67,855,2100,1,None
2026-06-02 07:47:55.899716,737.772,30.92,26.58,57.51,855,2100,1,None
2026-06-02 07:47:56.073311,737.950,30.53,26.79,57.32,855,2100,1,None
2026-06-02 07:47:56.249742,738.124,30.73,27.63,58.36,1005,2100,1,None
2026-06-02 07:47:56.422038,738.300,30.92,28.85,59.77,1005,2100,1,None
2026-06-02 07:47:56.595058,738.472,31.52,28.67,60.19,1005,2100,1,None
2026-06-02 07:47:56.771353,738.645,31.72,28.82,60.54,1005,2100,1,None
2026-06-02 07:47:56.945022,738.822,30.74,28.84,59.58,1005,2100,1,None
2026-06-02 07:47:57.116584,738.995,30.22,28.80,59.02,1005,2100,1,None
2026-06-02 07:47:57.292635,739.167,29.88,28.64,58.52,1005,2100,1,None
2026-06-02 07:47:57.466128,739.343,31.95,28.63,60.59,1005,2100,1,None
2026-06-02 07:47:57.637734,739.516,30.84,28.75,59.59,1005,2100,1,None
2026-06-02 07:47:57.812905,739.688,31.27,28.64,59.92,1005,2100,1,None
2026-06-02 07:47:57.985630,739.863,32.20,28.20,60.40,915,2100,1,None
2026-06-02 07:47:58.159211,740.036,30.90,27.56,58.46,915,2100,1,None
2026-06-02 07:47:58.359559,740.209,29.89,27.87,57.75,915,2100,1,None
2026-06-02 07:47:58.534941,740.410,30.19,27.66,57.85,915,2100,1,None
2026-06-02 07:47:58.727389,740.585,30.61,27.58,58.19,915,2100,1,None
2026-06-02 07:47:58.903336,740.778,31.58,27.56,59.14,915,2100,1,None
2026-06-02 07:47:59.081422,740.954,30.00,27.80,57.80,915,2100,1,None
2026-06-02 07:47:59.275555,741.132,30.14,27.67,57.82,915,2100,1,None
2026-06-02 07:47:59.449168,741.326,30.57,27.69,58.27,885,2100,1,None
2026-06-02 07:47:59.629008,741.499,31.95,27.96,59.91,885,2100,1,None
2026-06-02 07:47:59.803501,741.679,30.44,27.50,57.94,885,2100,1,None
2026-06-02 07:47:59.982785,741.854,30.28,27.50,57.79,855,2100,1,None
2026-06-02 07:48:00.156975,742.033,30.57,26.77,57.34,855,2100,1,None
2026-06-02 07:48:00.337012,742.207,31.15,26.65,57.79,855,2100,1,None
2026-06-02 07:48:00.510902,742.387,30.65,26.50,57.15,855,2100,1,None
2026-06-02 07:48:00.703897,742.561,30.81,27.16,57.97,975,2100,1,None
2026-06-02 07:48:00.878400,742.754,30.74,28.51,59.25,975,2100,1,None
2026-06-02 07:48:01.055155,742.929,30.93,28.61,59.54,975,2100,1,None
2026-06-02 07:48:01.228261,743.105,33.24,28.62,61.86,975,2100,1,None
2026-06-02 07:48:01.402095,743.279,30.38,28.85,59.23,975,2100,1,None
2026-06-02 07:48:01.577979,743.452,30.81,28.64,59.45,975,2100,1,None
2026-06-02 07:48:01.752266,743.628,31.14,28.77,59.91,975,2100,1,None
2026-06-02 07:48:01.927830,743.803,30.35,28.92,59.27,975,2100,1,None
2026-06-02 07:48:02.116665,743.978,30.32,28.84,59.17,975,2100,1,None
2026-06-02 07:48:02.290843,744.167,29.73,28.40,58.13,975,2100,1,None
2026-06-02 07:48:02.471291,744.341,29.85,28.10,57.95,915,2100,1,None
2026-06-02 07:48:02.646538,744.522,30.33,27.75,58.08,915,2100,1,None
2026-06-02 07:48:02.819893,744.697,30.80,27.65,58.45,915,2100,1,None
2026-06-02 07:48:02.994669,744.870,32.37,27.80,60.18,915,2100,1,None
2026-06-02 07:48:03.200216,745.045,32.17,27.93,60.11,915,2100,1,None
2026-06-02 07:48:03.376951,745.250,33.22,27.16,60.39,885,2100,1,None
2026-06-02 07:48:03.550295,745.427,30.80,27.25,58.05,885,2100,1,None
2026-06-02 07:48:03.724587,745.601,31.59,27.97,59.56,975,2100,1,None
2026-06-02 07:48:03.920284,745.775,30.12,28.64,58.76,975,2100,1,None
2026-06-02 07:48:04.092276,745.971,30.29,28.67,58.96,975,2100,1,None
2026-06-02 07:48:04.268533,746.143,29.81,28.50,58.31,975,2100,1,None
2026-06-02 07:48:04.441096,746.319,31.09,28.68,59.77,975,2100,1,None
2026-06-02 07:48:04.614291,746.491,30.73,28.68,59.41,975,2100,1,None
2026-06-02 07:48:04.792592,746.665,30.93,28.63,59.56,975,2100,1,None
2026-06-02 07:48:04.964786,746.843,32.02,28.97,60.98,975,2100,1,None
2026-06-02 07:48:05.136506,747.015,30.01,29.32,59.33,1005,2100,1,None
2026-06-02 07:48:05.314494,747.187,29.87,29.44,59.31,1005,2100,1,None
2026-06-02 07:48:05.486157,747.365,29.76,29.14,58.90,1005,2100,1,None
2026-06-02 07:48:05.660752,747.536,29.99,29.30,59.29,1005,2100,1,None
2026-06-02 07:48:05.837612,747.711,31.76,29.40,61.16,1005,2100,1,None
2026-06-02 07:48:06.009104,747.888,31.12,29.52,60.64,1005,2100,1,None
2026-06-02 07:48:06.183431,748.059,30.56,29.21,59.76,1005,2100,1,None
2026-06-02 07:48:06.375821,748.234,29.88,28.84,58.72,1005,2100,1,None
2026-06-02 07:48:06.547986,748.426,30.64,29.04,59.68,1005,2100,1,None
2026-06-02 07:48:06.725120,748.598,30.94,29.08,60.03,1005,2100,1,None
2026-06-02 07:48:06.898214,748.775,31.61,28.76,60.37,945,2100,1,None
2026-06-02 07:48:07.070624,748.948,31.60,28.04,59.64,945,2100,1,None
2026-06-02 07:48:07.248630,749.121,30.21,28.13,58.34,915,2100,1,None
2026-06-02 07:48:07.421488,749.299,30.69,28.06,58.74,915,2100,1,None
2026-06-02 07:48:07.597845,749.472,30.64,27.86,58.51,915,2100,1,None
2026-06-02 07:48:07.791435,749.648,30.70,27.71,58.41,915,2100,1,None
2026-06-02 07:48:07.966553,749.842,30.48,27.73,58.21,915,2100,1,None
2026-06-02 07:48:08.140725,750.017,30.27,27.67,57.94,915,2100,1,None
2026-06-02 07:48:08.316315,750.191,29.82,27.91,57.74,915,2100,1,None
2026-06-02 07:48:08.493573,750.367,30.83,27.88,58.70,885,2100,1,None
2026-06-02 07:48:08.668001,750.544,30.96,27.82,58.78,885,2100,1,None
2026-06-02 07:48:08.844191,750.718,33.52,27.75,61.27,885,2100,1,None
2026-06-02 07:48:09.026235,750.894,30.47,27.62,58.10,855,2100,1,None
2026-06-02 07:48:09.199997,751.076,30.84,27.19,58.03,855,2100,1,None
2026-06-02 07:48:09.376453,751.250,31.01,28.89,59.89,975,2100,1,None
2026-06-02 07:48:09.550251,751.427,30.82,29.34,60.16,975,2100,1,None
2026-06-02 07:48:09.727755,751.601,30.88,28.87,59.75,975,2100,1,None
2026-06-02 07:48:09.917200,751.778,29.53,29.08,58.61,975,2100,1,None
2026-06-02 07:48:10.093964,751.968,30.01,28.84,58.85,975,2100,1,None
2026-06-02 07:48:10.271125,752.144,29.87,29.16,59.03,975,2100,1,None
2026-06-02 07:48:10.445597,752.321,30.61,28.62,59.23,975,2100,1,None
2026-06-02 07:48:10.620258,752.496,30.33,28.82,59.14,975,2100,1,None
2026-06-02 07:48:10.792941,752.671,30.92,28.90,59.82,975,2100,1,None
2026-06-02 07:48:10.970089,752.843,31.53,28.78,60.31,975,2100,1,None
2026-06-02 07:48:11.145959,753.020,30.66,28.62,59.28,915,2100,1,None
2026-06-02 07:48:11.321954,753.196,29.73,27.99,57.73,915,2100,1,None
2026-06-02 07:48:11.512696,753.372,30.25,27.62,57.87,885,2100,1,None
2026-06-02 07:48:11.688130,753.563,30.14,27.35,57.49,885,2100,1,None
2026-06-02 07:48:11.869001,753.738,30.11,27.28,57.39,885,2100,1,None
2026-06-02 07:48:12.049322,753.919,30.57,27.57,58.14,855,2100,1,None
2026-06-02 07:48:12.223529,754.100,30.75,26.78,57.53,855,2100,1,None
2026-06-02 07:48:12.399434,754.274,30.85,28.25,59.10,945,2100,1,None
2026-06-02 07:48:12.574863,754.450,32.86,28.15,61.02,945,2100,1,None
2026-06-02 07:48:12.747371,754.625,32.24,28.07,60.30,945,2100,1,None
2026-06-02 07:48:12.925064,754.798,30.74,28.07,58.81,945,2100,1,None
2026-06-02 07:48:13.099746,754.975,30.17,28.17,58.35,945,2100,1,None
2026-06-02 07:48:13.272730,755.150,29.83,27.93,57.75,945,2100,1,None
2026-06-02 07:48:13.463881,755.323,31.61,27.99,59.60,945,2100,1,None
2026-06-02 07:48:13.640634,755.514,29.92,28.08,58.00,945,2100,1,None
2026-06-02 07:48:13.815300,755.691,31.16,28.12,59.28,945,2100,1,None
2026-06-02 07:48:13.989173,755.866,30.74,28.31,59.05,1005,2100,1,None
2026-06-02 07:48:14.176885,756.039,30.30,28.74,59.04,1005,2100,1,None
2026-06-02 07:48:14.352814,756.227,29.71,28.59,58.30,1005,2100,1,None
2026-06-02 07:48:14.531438,756.403,32.13,28.90,61.03,1005,2100,1,None
2026-06-02 07:48:14.705450,756.582,29.95,28.90,58.85,1005,2100,1,None
2026-06-02 07:48:14.879755,756.756,30.00,28.99,58.99,1005,2100,1,None
2026-06-02 07:48:15.053623,756.930,30.04,28.80,58.84,1005,2100,1,None
2026-06-02 07:48:15.228615,757.104,29.94,29.00,58.94,1005,2100,1,None
2026-06-02 07:48:15.401552,757.279,30.39,29.11,59.50,1005,2100,1,None
2026-06-02 07:48:15.573655,757.452,31.21,28.90,60.11,1005,2100,1,None
2026-06-02 07:48:15.750778,757.624,30.69,28.59,59.28,945,2100,1,None
2026-06-02 07:48:15.925342,757.801,31.30,28.36,59.66,945,2100,1,None
2026-06-02 07:48:16.100167,757.976,31.80,27.99,59.79,945,2100,1,None
2026-06-02 07:48:16.296714,758.150,32.22,28.39,60.62,915,2100,1,None
2026-06-02 07:48:16.494038,758.347,33.99,27.54,61.53,915,2100,1,None
2026-06-02 07:48:16.669962,758.544,30.58,27.77,58.35,915,2100,1,None
2026-06-02 07:48:16.848059,758.720,30.28,27.52,57.79,915,2100,1,None
2026-06-02 07:48:17.021996,758.898,31.19,27.47,58.66,915,2100,1,None
2026-06-02 07:48:17.197535,759.072,30.81,27.93,58.74,915,2100,1,None
2026-06-02 07:48:17.375026,759.248,30.76,28.09,58.85,915,2100,1,None
2026-06-02 07:48:17.550041,759.425,30.71,27.87,58.57,915,2100,1,None
2026-06-02 07:48:17.742844,759.600,30.55,27.85,58.40,885,2100,1,None
2026-06-02 07:48:17.920333,759.793,29.86,27.47,57.34,885,2100,1,None
2026-06-02 07:48:18.096799,759.971,30.12,26.92,57.04,885,2100,1,None
2026-06-02 07:48:18.274706,760.147,30.74,27.08,57.82,885,2100,1,None
2026-06-02 07:48:18.448359,760.325,33.12,26.95,60.07,885,2100,1,None
2026-06-02 07:48:18.625128,760.499,29.50,27.66,57.16,975,2100,1,None
2026-06-02 07:48:18.814534,760.675,30.15,28.09,58.24,975,2100,1,None
2026-06-02 07:48:18.991283,760.865,30.96,28.55,59.50,975,2100,1,None
2026-06-02 07:48:19.164391,761.041,30.17,28.46,58.63,975,2100,1,None
2026-06-02 07:48:19.342654,761.215,30.04,28.80,58.84,975,2100,1,None
2026-06-02 07:48:19.533255,761.393,30.05,28.51,58.56,975,2100,1,None
2026-06-02 07:48:19.707913,761.583,30.20,28.52,58.72,975,2100,1,None
2026-06-02 07:48:19.882808,761.758,31.00,28.78,59.78,975,2100,1,None
2026-06-02 07:48:20.056658,761.933,30.13,28.55,58.68,975,2100,1,None
2026-06-02 07:48:20.248491,762.107,34.87,28.66,63.53,975,2100,1,None
2026-06-02 07:48:20.422403,762.299,30.28,28.58,58.86,975,2100,1,None
2026-06-02 07:48:20.599644,762.473,30.00,28.36,58.36,975,2100,1,None
2026-06-02 07:48:20.772167,762.650,30.76,28.55,59.31,975,2100,1,None
2026-06-02 07:48:20.946551,762.822,31.16,28.85,60.01,975,2100,1,None
2026-06-02 07:48:21.123456,762.997,29.77,28.80,58.56,975,2100,1,None
2026-06-02 07:48:21.295598,763.174,29.82,28.60,58.42,975,2100,1,None
2026-06-02 07:48:21.469718,763.346,30.27,28.78,59.06,975,2100,1,None
2026-06-02 07:48:21.646003,763.520,30.70,28.99,59.69,975,2100,1,None
2026-06-02 07:48:21.819807,763.696,30.02,28.92,58.93,975,2100,1,None
2026-06-02 07:48:21.994269,763.870,30.97,28.29,59.26,945,2100,1,None
2026-06-02 07:48:22.170563,764.045,30.62,28.03,58.65,945,2100,1,None
2026-06-02 07:48:22.344209,764.221,30.00,28.38,58.38,945,2100,1,None
2026-06-02 07:48:22.524245,764.394,30.36,28.32,58.69,945,2100,1,None
2026-06-02 07:48:22.719599,764.575,30.48,27.87,58.35,915,2100,1,None
2026-06-02 07:48:22.896864,764.770,30.58,27.81,58.39,915,2100,1,None
2026-06-02 07:48:23.071922,764.947,29.42,27.97,57.39,915,2100,1,None
2026-06-02 07:48:23.248490,765.122,29.84,28.15,57.99,915,2100,1,None
2026-06-02 07:48:23.440022,765.299,30.61,28.13,58.74,915,2100,1,None
2026-06-02 07:48:23.619668,765.490,43.42,27.86,71.28,915,2100,1,None
2026-06-02 07:48:23.793219,765.670,31.02,27.72,58.74,915,2100,1,None
2026-06-02 07:48:23.971410,765.843,31.69,27.89,59.57,885,2100,1,None
2026-06-02 07:48:24.163356,766.022,32.28,27.28,59.56,885,2100,1,None
2026-06-02 07:48:24.374298,766.214,29.87,27.09,56.96,885,2100,1,None
2026-06-02 07:48:24.556531,766.425,30.18,26.69,56.87,915,2100,1,None
2026-06-02 07:48:24.730518,766.607,30.01,27.56,57.57,915,2100,1,None
2026-06-02 07:48:24.907987,766.781,30.53,28.02,58.55,945,2100,1,None
2026-06-02 07:48:25.082353,766.958,30.07,28.04,58.11,945,2100,1,None
2026-06-02 07:48:25.255168,767.133,31.08,28.07,59.15,945,2100,1,None
2026-06-02 07:48:25.432335,767.305,30.15,27.83,57.99,945,2100,1,None
2026-06-02 07:48:25.606450,767.483,30.93,28.28,59.21,945,2100,1,None
2026-06-02 07:48:25.779055,767.657,30.18,28.18,58.36,945,2100,1,None
2026-06-02 07:48:25.955967,767.829,31.01,28.27,59.28,945,2100,1,None
2026-06-02 07:48:26.130209,768.006,30.60,28.30,58.91,945,2100,1,None
2026-06-02 07:48:26.302111,768.180,30.48,28.54,59.02,1005,2100,1,None
2026-06-02 07:48:26.477389,768.352,28.88,28.82,57.70,1005,2100,1,None
2026-06-02 07:48:26.648918,768.528,31.19,28.81,60.00,1005,2100,1,None
2026-06-02 07:48:26.821569,768.699,30.84,29.02,59.85,1005,2100,1,None
2026-06-02 07:48:26.999128,768.872,30.90,29.23,60.13,1005,2100,1,None
2026-06-02 07:48:27.170996,769.049,30.47,29.28,59.74,1005,2100,1,None
2026-06-02 07:48:27.342837,769.221,30.89,29.11,60.00,1005,2100,1,None
2026-06-02 07:48:27.519133,769.393,30.10,29.04,59.14,1005,2100,1,None
2026-06-02 07:48:27.690636,769.569,30.69,28.89,59.59,1005,2100,1,None
2026-06-02 07:48:27.863759,769.741,33.35,28.77,62.12,1005,2100,1,None
2026-06-02 07:48:28.040516,769.914,31.20,28.06,59.26,915,2100,1,None
2026-06-02 07:48:28.214768,770.091,30.25,27.23,57.48,915,2100,1,None
2026-06-02 07:48:28.391089,770.265,31.22,27.35,58.57,915,2100,1,None
2026-06-02 07:48:28.583340,770.441,30.70,27.35,58.06,915,2100,1,None
2026-06-02 07:48:28.762000,770.634,30.00,27.27,57.27,915,2100,1,None
2026-06-02 07:48:28.937082,770.812,29.76,27.16,56.91,915,2100,1,None
2026-06-02 07:48:29.108760,770.987,29.75,27.74,57.49,975,2100,1,None
2026-06-02 07:48:29.288552,771.159,30.24,28.11,58.35,975,2100,1,None
2026-06-02 07:48:29.462252,771.339,29.66,28.08,57.75,975,2100,1,None
2026-06-02 07:48:29.637050,771.513,31.45,28.26,59.71,975,2100,1,None
2026-06-02 07:48:29.816605,771.687,30.49,28.11,58.61,975,2100,1,None
2026-06-02 07:48:29.997400,771.867,30.58,28.04,58.61,975,2100,1,None
2026-06-02 07:48:30.171380,772.048,30.58,28.28,58.86,975,2100,1,None
2026-06-02 07:48:30.342649,772.222,29.86,28.72,58.58,1035,2100,1,None
2026-06-02 07:48:30.518535,772.393,29.76,28.63,58.38,1035,2100,1,None
2026-06-02 07:48:30.691535,772.569,30.60,28.70,59.29,1035,2100,1,None
2026-06-02 07:48:30.862716,772.742,34.22,29.09,63.31,1035,2100,1,None
2026-06-02 07:48:31.037348,772.913,37.05,29.10,66.15,1035,2100,1,None
2026-06-02 07:48:31.208713,773.088,35.89,28.98,64.87,1035,2100,1,None
2026-06-02 07:48:31.380473,773.259,39.53,29.06,68.60,1035,2100,1,None
2026-06-02 07:48:31.553655,773.431,35.30,29.12,64.42,1035,2100,1,None
2026-06-02 07:48:31.742138,773.604,40.01,29.23,69.24,1035,2100,1,None
2026-06-02 07:48:31.915668,773.792,34.88,29.35,64.23,1035,2100,1,None
2026-06-02 07:48:32.093494,773.966,30.79,28.98,59.77,975,2100,1,None
2026-06-02 07:48:32.266972,774.144,31.53,28.56,60.09,975,2100,1,None
2026-06-02 07:48:32.443585,774.317,30.95,28.30,59.26,945,2100,1,None
2026-06-02 07:48:32.618702,774.494,30.39,28.38,58.77,945,2100,1,None
2026-06-02 07:48:32.794545,774.669,31.25,28.26,59.51,945,2100,1,None
2026-06-02 07:48:32.984759,774.845,32.54,27.73,60.27,945,2100,1,None
2026-06-02 07:48:33.161804,775.035,30.96,27.99,58.95,945,2100,1,None
2026-06-02 07:48:33.354305,775.212,30.59,27.64,58.23,945,2100,1,None
2026-06-02 07:48:33.535261,775.405,31.10,27.59,58.69,915,2100,1,None
2026-06-02 07:48:33.707814,775.586,30.34,27.26,57.60,915,2100,1,None
2026-06-02 07:48:33.884506,775.758,30.44,27.53,57.97,915,2100,1,None
2026-06-02 07:48:34.057407,775.935,29.66,27.51,57.17,915,2100,1,None
2026-06-02 07:48:34.234467,776.108,29.58,27.48,57.06,885,2100,1,None
2026-06-02 07:48:34.427261,776.285,29.44,27.29,56.73,885,2100,1,None
2026-06-02 07:48:34.604220,776.477,29.32,27.33,56.66,885,2100,1,None
2026-06-02 07:48:34.777821,776.654,29.39,27.30,56.69,885,2100,1,None
2026-06-02 07:48:34.952162,776.828,29.69,28.31,57.99,975,2100,1,None
2026-06-02 07:48:35.129167,777.002,30.95,28.88,59.83,975,2100,1,None
2026-06-02 07:48:35.300899,777.179,30.88,28.64,59.52,975,2100,1,None
2026-06-02 07:48:35.475679,777.351,32.91,28.56,61.47,975,2100,1,None
2026-06-02 07:48:35.651890,777.526,30.07,28.76,58.83,975,2100,1,None
2026-06-02 07:48:35.825153,777.702,31.24,28.98,60.22,975,2100,1,None
2026-06-02 07:48:35.999697,777.875,31.28,28.66,59.94,975,2100,1,None
2026-06-02 07:48:36.172400,778.050,31.07,28.79,59.86,975,2100,1,None
2026-06-02 07:48:36.346105,778.223,31.30,29.04,60.34,975,2100,1,None
2026-06-02 07:48:36.524446,778.396,32.25,29.19,61.44,975,2100,1,None
2026-06-02 07:48:36.697859,778.575,37.59,28.39,65.97,915,2100,1,None
2026-06-02 07:48:36.873983,778.748,31.29,27.91,59.20,915,2100,1,None
2026-06-02 07:48:37.072980,778.924,30.65,27.59,58.24,915,2100,1,None
2026-06-02 07:48:37.270298,779.123,30.08,27.98,58.07,915,2100,1,None
2026-06-02 07:48:37.448579,779.321,30.30,27.55,57.85,885,2100,1,None
2026-06-02 07:48:37.621738,779.499,30.72,27.58,58.30,885,2100,1,None
2026-06-02 07:48:37.798763,779.672,30.63,28.26,58.89,945,2100,1,None
2026-06-02 07:48:37.989686,779.849,31.50,28.46,59.95,945,2100,1,None
2026-06-02 07:48:38.164279,780.040,30.59,28.57,59.16,945,2100,1,None
2026-06-02 07:48:38.340987,780.215,30.38,28.23,58.60,945,2100,1,None
2026-06-02 07:48:38.515643,780.391,30.34,28.34,58.68,945,2100,1,None
2026-06-02 07:48:38.705834,780.566,29.81,28.21,58.02,945,2100,1,None
2026-06-02 07:48:38.883669,780.756,33.49,28.32,61.81,945,2100,1,None
2026-06-02 07:48:39.057406,780.934,31.86,28.51,60.37,945,2100,1,None
2026-06-02 07:48:39.233165,781.108,33.12,28.34,61.46,945,2100,1,None
2026-06-02 07:48:39.411301,781.283,32.56,27.96,60.52,945,2100,1,None
2026-06-02 07:48:39.583792,781.462,31.62,28.07,59.68,945,2100,1,None
2026-06-02 07:48:39.761303,781.634,32.53,28.30,60.83,945,2100,1,None
2026-06-02 07:48:39.933621,781.812,33.24,28.20,61.44,945,2100,1,None
2026-06-02 07:48:40.106630,781.984,31.95,28.36,60.31,915,2100,1,None
2026-06-02 07:48:40.285489,782.157,31.71,27.49,59.20,915,2100,1,None
2026-06-02 07:48:40.463021,782.336,31.87,27.75,59.62,915,2100,1,None
2026-06-02 07:48:40.639672,782.513,33.40,28.25,61.65,945,2100,1,None
2026-06-02 07:48:40.828840,782.690,34.52,28.54,63.05,945,2100,1,None
2026-06-02 07:48:41.003651,782.879,32.85,28.50,61.35,945,2100,1,None
2026-06-02 07:48:41.181282,783.054,31.60,28.63,60.23,945,2100,1,None
2026-06-02 07:48:41.356248,783.232,32.01,28.20,60.21,945,2100,1,None
2026-06-02 07:48:41.530438,783.407,32.26,28.30,60.56,945,2100,1,None
2026-06-02 07:48:41.703704,783.581,31.59,28.39,59.98,945,2100,1,None
2026-06-02 07:48:41.880142,783.754,35.80,28.30,64.10,945,2100,1,None
2026-06-02 07:48:42.052486,783.930,33.18,28.23,61.41,945,2100,1,None
2026-06-02 07:48:42.224083,784.103,44.73,28.25,72.98,1005,2100,1,None
2026-06-02 07:48:42.408355,784.274,43.51,28.86,72.37,1005,2100,1,None
2026-06-02 07:48:42.616350,784.459,32.50,40.84,73.34,1200,2100,1,None
2026-06-02 07:48:42.780414,784.667,33.63,77.03,110.65,1905,2100,1,None
2026-06-02 07:48:42.946727,784.831,40.45,92.07,132.52,1905,2100,1,None
2026-06-02 07:48:43.113422,784.997,34.02,92.41,126.43,1905,2100,1,None
2026-06-02 07:48:43.280113,785.164,28.78,92.41,121.19,1905,2100,1,None
2026-06-02 07:48:43.444937,785.330,29.58,92.39,121.97,1905,2100,1,None
2026-06-02 07:48:43.622322,785.495,28.67,92.40,121.07,1905,2100,1,None
2026-06-02 07:48:43.786838,785.673,29.99,92.47,122.46,1905,2100,1,None
2026-06-02 07:48:43.951623,785.837,29.53,92.53,122.05,1905,2100,1,None
2026-06-02 07:48:44.120695,786.002,30.08,92.53,122.61,1905,2100,1,None
2026-06-02 07:48:44.286450,786.171,30.78,92.38,123.16,1905,2100,1,None
2026-06-02 07:48:44.451155,786.337,29.20,92.40,121.60,1905,2100,1,None
2026-06-02 07:48:44.618665,786.501,30.03,74.34,104.37,1335,2100,1,None
