request_num,total time
1,19.72745680809021
2,18.521506547927856
3,18.31942844390869
4,18.35838007926941
5,19.681430339813232
6,19.600521564483643
7,20.20570206642151
8,20.16291379928589
9,19.77750253677368
10,20.000842571258545
11,20.470611333847046
12,20.358007192611694
13,20.115456104278564
14,20.289164543151855
15,19.66469669342041
16,20.207967042922974
17,19.981423139572144
18,20.190635442733765
19,20.49612832069397
20,20.416290521621704
