request_num,total time
1,19.53732395172119
2,20.329488039016724
3,20.074594974517822
4,21.279967546463013
5,21.17307758331299
6,20.894623517990112
7,20.24174737930298
8,21.18651032447815
9,21.656141996383667
10,21.47180438041687
