request_num,total time
1,2050.727417230606
2,1870.0165338516235
3,2562.4792959690094
