request_num,total time
1,30.923874378204346
2,30.562233686447144
3,30.168906450271606
4,31.755034685134888
5,31.424818992614746
6,32.39003610610962
7,31.36186695098877
8,32.19779443740845
9,32.03282070159912
10,31.851611614227295
11,32.68559551239014
12,32.7022488117218
13,32.198532819747925
14,25.70051383972168
15,20.740074634552002
16,21.30375051498413
17,21.071744918823242
18,21.5994393825531
19,21.35763382911682
20,21.634541511535645
